class,recall,precision,threshold,average_precision,generated_by,version,generated_on
Doctors_0_1,1.0,0.24029574861367836,0.002318409038707614,0.9651903460910934,AVISTA,1.0.7,2026-09-19T19:09:15
Doctors_0_1,1.0,0.24074074074074073,0.0045186723582446575,0.9651903460910934,AVISTA,1.0.7,2026-09-19T19:09:15
Doctors_0_1,1.0,0.24118738404452691,0.005465942434966564,0.9651903460910934,AVISTA,1.0.7,2026-09-19T19:09:15
Doctors_0_1,1.0,0.241635687732342,0.005564582999795675,0.9651903460910934,AVISTA,1.0.7,2026-09-19T19:09:15
Doctors_0_1,1.0,0.24208566108007448,0.0060389041900634766,0.9651903460910934,AVISTA,1.0.7,2026-09-19T19:09:15
Doctors_0_1,1.0,0.24253731343283583,0.006482044700533152,0.9651903460910934,AVISTA,1.0.7,2026-09-19T19:09:15
Doctors_0_1,1.0,0.24299065420560748,0.007388007827103138,0.9651903460910934,AVISTA,1.0.7,2026-09-19T19:09:15
Doctors_0_1,1.0,0.24344569288389514,0.008286166936159134,0.9651903460910934,AVISTA,1.0.7,2026-09-19T19:09:15
Doctors_0_1,1.0,0.24390243902439024,0.009246925823390484,0.9651903460910934,AVISTA,1.0.7,2026-09-19T19:09:15
Doctors_0_1,1.0,0.24436090225563908,0.009911066852509975,0.9651903460910934,AVISTA,1.0.7,2026-09-19T19:09:15
Doctors_0_1,1.0,0.2448210922787194,0.010295331478118896,0.9651903460910934,AVISTA,1.0.7,2026-09-19T19:09:15
Doctors_0_1,1.0,0.24528301886792453,0.010777125135064125,0.9651903460910934,AVISTA,1.0.7,2026-09-19T19:09:15
Doctors_0_1,1.0,0.24574669187145556,0.010882016271352768,0.9651903460910934,AVISTA,1.0.7,2026-09-19T19:09:15
Doctors_0_1,1.0,0.24621212121212122,0.011331403627991676,0.9651903460910934,AVISTA,1.0.7,2026-09-19T19:09:15
Doctors_0_1,1.0,0.24667931688804554,0.011394577100872993,0.9651903460910934,AVISTA,1.0.7,2026-09-19T19:09:15
Doctors_0_1,1.0,0.24714828897338403,0.011720296926796436,0.9651903460910934,AVISTA,1.0.7,2026-09-19T19:09:15
Doctors_0_1,1.0,0.24761904761904763,0.011908509768545628,0.9651903460910934,AVISTA,1.0.7,2026-09-19T19:09:15
Doctors_0_1,1.0,0.2480916030534351,0.011981108225882053,0.9651903460910934,AVISTA,1.0.7,2026-09-19T19:09:15
Doctors_0_1,1.0,0.248565965583174,0.012198694050312042,0.9651903460910934,AVISTA,1.0.7,2026-09-19T19:09:15
Doctors_0_1,1.0,0.24904214559386972,0.012298109009861946,0.9651903460910934,AVISTA,1.0.7,2026-09-19T19:09:15
Doctors_0_1,1.0,0.2495201535508637,0.012395872734487057,0.9651903460910934,AVISTA,1.0.7,2026-09-19T19:09:15
Doctors_0_1,1.0,0.25,0.01275873463600874,0.9651903460910934,AVISTA,1.0.7,2026-09-19T19:09:15
Doctors_0_1,1.0,0.2504816955684008,0.012957473285496235,0.9651903460910934,AVISTA,1.0.7,2026-09-19T19:09:15
Doctors_0_1,1.0,0.25096525096525096,0.013018789701163769,0.9651903460910934,AVISTA,1.0.7,2026-09-19T19:09:15
Doctors_0_1,1.0,0.2514506769825919,0.013795117847621441,0.9651903460910934,AVISTA,1.0.7,2026-09-19T19:09:15
Doctors_0_1,1.0,0.25193798449612403,0.014365548267960548,0.9651903460910934,AVISTA,1.0.7,2026-09-19T19:09:15
Doctors_0_1,1.0,0.2524271844660194,0.015146768651902676,0.9651903460910934,AVISTA,1.0.7,2026-09-19T19:09:15
Doctors_0_1,1.0,0.2529182879377432,0.015265941619873047,0.9651903460910934,AVISTA,1.0.7,2026-09-19T19:09:15
Doctors_0_1,1.0,0.253411306042885,0.015653053298592567,0.9651903460910934,AVISTA,1.0.7,2026-09-19T19:09:15
Doctors_0_1,1.0,0.25390625,0.01596064493060112,0.9651903460910934,AVISTA,1.0.7,2026-09-19T19:09:15
Doctors_0_1,1.0,0.25440313111545987,0.016011396422982216,0.9651903460910934,AVISTA,1.0.7,2026-09-19T19:09:15
Doctors_0_1,1.0,0.2549019607843137,0.01616964489221573,0.9651903460910934,AVISTA,1.0.7,2026-09-19T19:09:15
Doctors_0_1,1.0,0.2554027504911591,0.016970576718449593,0.9651903460910934,AVISTA,1.0.7,2026-09-19T19:09:15
Doctors_0_1,1.0,0.2559055118110236,0.01715843565762043,0.9651903460910934,AVISTA,1.0.7,2026-09-19T19:09:15
Doctors_0_1,1.0,0.2564102564102564,0.01791328936815262,0.9651903460910934,AVISTA,1.0.7,2026-09-19T19:09:15
Doctors_0_1,1.0,0.25691699604743085,0.018230680376291275,0.9651903460910934,AVISTA,1.0.7,2026-09-19T19:09:15
Doctors_0_1,1.0,0.25742574257425743,0.01853662170469761,0.9651903460910934,AVISTA,1.0.7,2026-09-19T19:09:15
Doctors_0_1,1.0,0.25793650793650796,0.01964138075709343,0.9651903460910934,AVISTA,1.0.7,2026-09-19T19:09:15
Doctors_0_1,1.0,0.2584493041749503,0.019696228206157684,0.9651903460910934,AVISTA,1.0.7,2026-09-19T19:09:15
Doctors_0_1,1.0,0.2589641434262948,0.019721483811736107,0.9651903460910934,AVISTA,1.0.7,2026-09-19T19:09:15
Doctors_0_1,1.0,0.25948103792415167,0.019810771569609642,0.9651903460910934,AVISTA,1.0.7,2026-09-19T19:09:15
Doctors_0_1,1.0,0.26,0.020326683297753334,0.9651903460910934,AVISTA,1.0.7,2026-09-19T19:09:15
Doctors_0_1,1.0,0.2605210420841683,0.020345419645309448,0.9651903460910934,AVISTA,1.0.7,2026-09-19T19:09:15
Doctors_0_1,1.0,0.26104417670682734,0.02187510021030903,0.9651903460910934,AVISTA,1.0.7,2026-09-19T19:09:15
Doctors_0_1,1.0,0.26156941649899396,0.022159548476338387,0.9651903460910934,AVISTA,1.0.7,2026-09-19T19:09:15
Doctors_0_1,1.0,0.2620967741935484,0.022521356120705605,0.9651903460910934,AVISTA,1.0.7,2026-09-19T19:09:15
Doctors_0_1,1.0,0.26262626262626265,0.022617029026150703,0.9651903460910934,AVISTA,1.0.7,2026-09-19T19:09:15
Doctors_0_1,1.0,0.2631578947368421,0.023040184751152992,0.9651903460910934,AVISTA,1.0.7,2026-09-19T19:09:15
Doctors_0_1,1.0,0.26369168356997974,0.023082926869392395,0.9651903460910934,AVISTA,1.0.7,2026-09-19T19:09:15
Doctors_0_1,1.0,0.26422764227642276,0.02308759279549122,0.9651903460910934,AVISTA,1.0.7,2026-09-19T19:09:15
Doctors_0_1,1.0,0.26476578411405294,0.02318325638771057,0.9651903460910934,AVISTA,1.0.7,2026-09-19T19:09:15
Doctors_0_1,1.0,0.2653061224489796,0.0233993548899889,0.9651903460910934,AVISTA,1.0.7,2026-09-19T19:09:15
Doctors_0_1,1.0,0.2658486707566462,0.023571420460939407,0.9651903460910934,AVISTA,1.0.7,2026-09-19T19:09:15
Doctors_0_1,1.0,0.26639344262295084,0.02378080226480961,0.9651903460910934,AVISTA,1.0.7,2026-09-19T19:09:15
Doctors_0_1,1.0,0.2669404517453799,0.023851914331316948,0.9651903460910934,AVISTA,1.0.7,2026-09-19T19:09:15
Doctors_0_1,1.0,0.2674897119341564,0.023901058360934258,0.9651903460910934,AVISTA,1.0.7,2026-09-19T19:09:15
Doctors_0_1,1.0,0.26804123711340205,0.024039210751652718,0.9651903460910934,AVISTA,1.0.7,2026-09-19T19:09:15
Doctors_0_1,1.0,0.26859504132231404,0.02407064661383629,0.9651903460910934,AVISTA,1.0.7,2026-09-19T19:09:15
Doctors_0_1,1.0,0.2691511387163561,0.024337710812687874,0.9651903460910934,AVISTA,1.0.7,2026-09-19T19:09:15
Doctors_0_1,1.0,0.2697095435684647,0.0248236246407032,0.9651903460910934,AVISTA,1.0.7,2026-09-19T19:09:15
Doctors_0_1,1.0,0.2702702702702703,0.02589854970574379,0.9651903460910934,AVISTA,1.0.7,2026-09-19T19:09:15
Doctors_0_1,1.0,0.27139874739039666,0.025926493108272552,0.9651903460910934,AVISTA,1.0.7,2026-09-19T19:09:15
Doctors_0_1,1.0,0.2719665271966527,0.02596052922308445,0.9651903460910934,AVISTA,1.0.7,2026-09-19T19:09:15
Doctors_0_1,1.0,0.27253668763102723,0.02601507678627968,0.9651903460910934,AVISTA,1.0.7,2026-09-19T19:09:15
Doctors_0_1,1.0,0.27310924369747897,0.026041382923722267,0.9651903460910934,AVISTA,1.0.7,2026-09-19T19:09:15
Doctors_0_1,1.0,0.2736842105263158,0.026258068159222603,0.9651903460910934,AVISTA,1.0.7,2026-09-19T19:09:15
Doctors_0_1,1.0,0.2742616033755274,0.026307176798582077,0.9651903460910934,AVISTA,1.0.7,2026-09-19T19:09:15
Doctors_0_1,1.0,0.2748414376321353,0.02655920572578907,0.9651903460910934,AVISTA,1.0.7,2026-09-19T19:09:15
Doctors_0_1,1.0,0.2754237288135593,0.026994070038199425,0.9651903460910934,AVISTA,1.0.7,2026-09-19T19:09:15
Doctors_0_1,1.0,0.2760084925690021,0.026999857276678085,0.9651903460910934,AVISTA,1.0.7,2026-09-19T19:09:15
Doctors_0_1,1.0,0.2765957446808511,0.027379123494029045,0.9651903460910934,AVISTA,1.0.7,2026-09-19T19:09:15
Doctors_0_1,1.0,0.2771855010660981,0.02742009423673153,0.9651903460910934,AVISTA,1.0.7,2026-09-19T19:09:15
Doctors_0_1,1.0,0.2777777777777778,0.027902919799089432,0.9651903460910934,AVISTA,1.0.7,2026-09-19T19:09:15
Doctors_0_1,1.0,0.278372591006424,0.028648946434259415,0.9651903460910934,AVISTA,1.0.7,2026-09-19T19:09:15
Doctors_0_1,1.0,0.27896995708154504,0.028855446726083755,0.9651903460910934,AVISTA,1.0.7,2026-09-19T19:09:15
Doctors_0_1,1.0,0.27956989247311825,0.029523685574531555,0.9651903460910934,AVISTA,1.0.7,2026-09-19T19:09:15
Doctors_0_1,1.0,0.2801724137931034,0.03066561557352543,0.9651903460910934,AVISTA,1.0.7,2026-09-19T19:09:15
Doctors_0_1,1.0,0.28077753779697623,0.030869223177433014,0.9651903460910934,AVISTA,1.0.7,2026-09-19T19:09:15
Doctors_0_1,1.0,0.2813852813852814,0.03139505907893181,0.9651903460910934,AVISTA,1.0.7,2026-09-19T19:09:15
Doctors_0_1,1.0,0.28199566160520606,0.03148487210273743,0.9651903460910934,AVISTA,1.0.7,2026-09-19T19:09:15
Doctors_0_1,1.0,0.2826086956521739,0.0315144881606102,0.9651903460910934,AVISTA,1.0.7,2026-09-19T19:09:15
Doctors_0_1,1.0,0.28322440087145967,0.031617172062397,0.9651903460910934,AVISTA,1.0.7,2026-09-19T19:09:15
Doctors_0_1,1.0,0.2850877192982456,0.03204543516039848,0.9651903460910934,AVISTA,1.0.7,2026-09-19T19:09:15
Doctors_0_1,1.0,0.2857142857142857,0.03211243078112602,0.9651903460910934,AVISTA,1.0.7,2026-09-19T19:09:15
Doctors_0_1,1.0,0.28634361233480177,0.03228772431612015,0.9651903460910934,AVISTA,1.0.7,2026-09-19T19:09:15
Doctors_0_1,1.0,0.2869757174392936,0.03258727490901947,0.9651903460910934,AVISTA,1.0.7,2026-09-19T19:09:15
Doctors_0_1,1.0,0.28761061946902655,0.032673582434654236,0.9651903460910934,AVISTA,1.0.7,2026-09-19T19:09:15
Doctors_0_1,1.0,0.28824833702882485,0.03392113745212555,0.9651903460910934,AVISTA,1.0.7,2026-09-19T19:09:15
Doctors_0_1,1.0,0.28888888888888886,0.0339445136487484,0.9651903460910934,AVISTA,1.0.7,2026-09-19T19:09:15
Doctors_0_1,1.0,0.289532293986637,0.034050557762384415,0.9651903460910934,AVISTA,1.0.7,2026-09-19T19:09:15
Doctors_0_1,1.0,0.29017857142857145,0.034431904554367065,0.9651903460910934,AVISTA,1.0.7,2026-09-19T19:09:15
Doctors_0_1,1.0,0.29082774049217003,0.03459782898426056,0.9651903460910934,AVISTA,1.0.7,2026-09-19T19:09:15
Doctors_0_1,1.0,0.2914798206278027,0.034628547728061676,0.9651903460910934,AVISTA,1.0.7,2026-09-19T19:09:15
Doctors_0_1,1.0,0.29213483146067415,0.0350741408765316,0.9651903460910934,AVISTA,1.0.7,2026-09-19T19:09:15
Doctors_0_1,1.0,0.2927927927927928,0.035715728998184204,0.9651903460910934,AVISTA,1.0.7,2026-09-19T19:09:15
Doctors_0_1,1.0,0.29345372460496616,0.035774197429418564,0.9651903460910934,AVISTA,1.0.7,2026-09-19T19:09:15
Doctors_0_1,1.0,0.29411764705882354,0.03625534102320671,0.9651903460910934,AVISTA,1.0.7,2026-09-19T19:09:15
Doctors_0_1,1.0,0.2947845804988662,0.03679284080862999,0.9651903460910934,AVISTA,1.0.7,2026-09-19T19:09:15
Doctors_0_1,1.0,0.29545454545454547,0.03696255013346672,0.9651903460910934,AVISTA,1.0.7,2026-09-19T19:09:15
Doctors_0_1,1.0,0.296127562642369,0.0372457392513752,0.9651903460910934,AVISTA,1.0.7,2026-09-19T19:09:15
Doctors_0_1,1.0,0.2968036529680365,0.037833914160728455,0.9651903460910934,AVISTA,1.0.7,2026-09-19T19:09:15
Doctors_0_1,1.0,0.2974828375286041,0.03789863362908363,0.9651903460910934,AVISTA,1.0.7,2026-09-19T19:09:15
Doctors_0_1,1.0,0.2981651376146789,0.038458749651908875,0.9651903460910934,AVISTA,1.0.7,2026-09-19T19:09:15
Doctors_0_1,1.0,0.2988505747126437,0.0385623425245285,0.9651903460910934,AVISTA,1.0.7,2026-09-19T19:09:15
Doctors_0_1,1.0,0.2995391705069124,0.038590431213378906,0.9651903460910934,AVISTA,1.0.7,2026-09-19T19:09:15
Doctors_0_1,1.0,0.3002309468822171,0.03875110298395157,0.9651903460910934,AVISTA,1.0.7,2026-09-19T19:09:15
Doctors_0_1,1.0,0.30092592592592593,0.03933466970920563,0.9651903460910934,AVISTA,1.0.7,2026-09-19T19:09:15
Doctors_0_1,1.0,0.30162412993039445,0.03936008736491203,0.9651903460910934,AVISTA,1.0.7,2026-09-19T19:09:15
Doctors_0_1,1.0,0.3023255813953488,0.03944988548755646,0.9651903460910934,AVISTA,1.0.7,2026-09-19T19:09:15
Doctors_0_1,1.0,0.30303030303030304,0.03963810205459595,0.9651903460910934,AVISTA,1.0.7,2026-09-19T19:09:15
Doctors_0_1,1.0,0.3037383177570093,0.04053785651922226,0.9651903460910934,AVISTA,1.0.7,2026-09-19T19:09:15
Doctors_0_1,1.0,0.3044496487119438,0.04094579815864563,0.9651903460910934,AVISTA,1.0.7,2026-09-19T19:09:15
Doctors_0_1,1.0,0.3051643192488263,0.04173558950424194,0.9651903460910934,AVISTA,1.0.7,2026-09-19T19:09:15
Doctors_0_1,1.0,0.3058823529411765,0.04175183176994324,0.9651903460910934,AVISTA,1.0.7,2026-09-19T19:09:15
Doctors_0_1,1.0,0.30660377358490565,0.042000774294137955,0.9651903460910934,AVISTA,1.0.7,2026-09-19T19:09:15
Doctors_0_1,1.0,0.3073286052009456,0.042127419263124466,0.9651903460910934,AVISTA,1.0.7,2026-09-19T19:09:15
Doctors_0_1,1.0,0.3080568720379147,0.042295314371585846,0.9651903460910934,AVISTA,1.0.7,2026-09-19T19:09:15
Doctors_0_1,1.0,0.3087885985748218,0.042535603046417236,0.9651903460910934,AVISTA,1.0.7,2026-09-19T19:09:15
Doctors_0_1,1.0,0.30952380952380953,0.04267138987779617,0.9651903460910934,AVISTA,1.0.7,2026-09-19T19:09:15
Doctors_0_1,1.0,0.31026252983293556,0.0433458611369133,0.9651903460910934,AVISTA,1.0.7,2026-09-19T19:09:15
Doctors_0_1,1.0,0.31100478468899523,0.043940454721450806,0.9651903460910934,AVISTA,1.0.7,2026-09-19T19:09:15
Doctors_0_1,1.0,0.3117505995203837,0.04398294910788536,0.9651903460910934,AVISTA,1.0.7,2026-09-19T19:09:15
Doctors_0_1,1.0,0.3125,0.0439860038459301,0.9651903460910934,AVISTA,1.0.7,2026-09-19T19:09:15
Doctors_0_1,1.0,0.3132530120481928,0.04437727481126785,0.9651903460910934,AVISTA,1.0.7,2026-09-19T19:09:15
Doctors_0_1,1.0,0.3140096618357488,0.04440277814865112,0.9651903460910934,AVISTA,1.0.7,2026-09-19T19:09:15
Doctors_0_1,1.0,0.31476997578692495,0.04542273283004761,0.9651903460910934,AVISTA,1.0.7,2026-09-19T19:09:15
Doctors_0_1,1.0,0.3155339805825243,0.0455402135848999,0.9651903460910934,AVISTA,1.0.7,2026-09-19T19:09:15
Doctors_0_1,1.0,0.31630170316301703,0.0456172414124012,0.9651903460910934,AVISTA,1.0.7,2026-09-19T19:09:15
Doctors_0_1,1.0,0.3170731707317073,0.0458122119307518,0.9651903460910934,AVISTA,1.0.7,2026-09-19T19:09:15
Doctors_0_1,1.0,0.31784841075794623,0.04631223902106285,0.9651903460910934,AVISTA,1.0.7,2026-09-19T19:09:15
Doctors_0_1,1.0,0.31862745098039214,0.04689653962850571,0.9651903460910934,AVISTA,1.0.7,2026-09-19T19:09:15
Doctors_0_1,1.0,0.3194103194103194,0.04781144857406616,0.9651903460910934,AVISTA,1.0.7,2026-09-19T19:09:15
Doctors_0_1,1.0,0.32019704433497537,0.04837067052721977,0.9651903460910934,AVISTA,1.0.7,2026-09-19T19:09:15
Doctors_0_1,1.0,0.32098765432098764,0.048374731093645096,0.9651903460910934,AVISTA,1.0.7,2026-09-19T19:09:15
Doctors_0_1,1.0,0.3217821782178218,0.04913272708654404,0.9651903460910934,AVISTA,1.0.7,2026-09-19T19:09:15
Doctors_0_1,1.0,0.3225806451612903,0.049473948776721954,0.9651903460910934,AVISTA,1.0.7,2026-09-19T19:09:15
Doctors_0_1,1.0,0.32338308457711445,0.0497959665954113,0.9651903460910934,AVISTA,1.0.7,2026-09-19T19:09:15
Doctors_0_1,1.0,0.32418952618453867,0.050069354474544525,0.9651903460910934,AVISTA,1.0.7,2026-09-19T19:09:15
Doctors_0_1,1.0,0.325,0.050199564546346664,0.9651903460910934,AVISTA,1.0.7,2026-09-19T19:09:15
Doctors_0_1,1.0,0.3258145363408521,0.05023481696844101,0.9651903460910934,AVISTA,1.0.7,2026-09-19T19:09:15
Doctors_0_1,1.0,0.32663316582914576,0.05060626566410065,0.9651903460910934,AVISTA,1.0.7,2026-09-19T19:09:15
Doctors_0_1,1.0,0.327455919395466,0.05063431337475777,0.9651903460910934,AVISTA,1.0.7,2026-09-19T19:09:15
Doctors_0_1,1.0,0.3282828282828283,0.05139446258544922,0.9651903460910934,AVISTA,1.0.7,2026-09-19T19:09:15
Doctors_0_1,1.0,0.3291139240506329,0.051954757422208786,0.9651903460910934,AVISTA,1.0.7,2026-09-19T19:09:15
Doctors_0_1,1.0,0.3299492385786802,0.05255807191133499,0.9651903460910934,AVISTA,1.0.7,2026-09-19T19:09:15
Doctors_0_1,1.0,0.33163265306122447,0.05295385420322418,0.9651903460910934,AVISTA,1.0.7,2026-09-19T19:09:15
Doctors_0_1,1.0,0.33248081841432225,0.053533293306827545,0.9651903460910934,AVISTA,1.0.7,2026-09-19T19:09:15
Doctors_0_1,1.0,0.3333333333333333,0.05383874103426933,0.9651903460910934,AVISTA,1.0.7,2026-09-19T19:09:15
Doctors_0_1,1.0,0.3341902313624679,0.05392441526055336,0.9651903460910934,AVISTA,1.0.7,2026-09-19T19:09:15
Doctors_0_1,1.0,0.33505154639175255,0.0549258328974247,0.9651903460910934,AVISTA,1.0.7,2026-09-19T19:09:15
Doctors_0_1,1.0,0.3359173126614987,0.055034294724464417,0.9651903460910934,AVISTA,1.0.7,2026-09-19T19:09:15
Doctors_0_1,1.0,0.33678756476683935,0.05698423460125923,0.9651903460910934,AVISTA,1.0.7,2026-09-19T19:09:15
Doctors_0_1,1.0,0.33766233766233766,0.05701160430908203,0.9651903460910934,AVISTA,1.0.7,2026-09-19T19:09:15
Doctors_0_1,1.0,0.3385416666666667,0.059266023337841034,0.9651903460910934,AVISTA,1.0.7,2026-09-19T19:09:15
Doctors_0_1,1.0,0.3394255874673629,0.06024425849318504,0.9651903460910934,AVISTA,1.0.7,2026-09-19T19:09:15
Doctors_0_1,1.0,0.3403141361256545,0.06024798005819321,0.9651903460910934,AVISTA,1.0.7,2026-09-19T19:09:15
Doctors_0_1,1.0,0.34120734908136485,0.06082843244075775,0.9651903460910934,AVISTA,1.0.7,2026-09-19T19:09:15
Doctors_0_1,1.0,0.34210526315789475,0.060946736484766006,0.9651903460910934,AVISTA,1.0.7,2026-09-19T19:09:15
Doctors_0_1,1.0,0.34300791556728233,0.06250187754631042,0.9651903460910934,AVISTA,1.0.7,2026-09-19T19:09:15
Doctors_0_1,1.0,0.3439153439153439,0.06298051029443741,0.9651903460910934,AVISTA,1.0.7,2026-09-19T19:09:15
Doctors_0_1,1.0,0.3448275862068966,0.06340689212083817,0.9651903460910934,AVISTA,1.0.7,2026-09-19T19:09:15
Doctors_0_1,1.0,0.34574468085106386,0.06574765592813492,0.9651903460910934,AVISTA,1.0.7,2026-09-19T19:09:15
Doctors_0_1,1.0,0.3466666666666667,0.06577538698911667,0.9651903460910934,AVISTA,1.0.7,2026-09-19T19:09:15
Doctors_0_1,1.0,0.34759358288770054,0.06631669402122498,0.9651903460910934,AVISTA,1.0.7,2026-09-19T19:09:15
Doctors_0_1,1.0,0.3485254691689008,0.06632158905267715,0.9651903460910934,AVISTA,1.0.7,2026-09-19T19:09:15
Doctors_0_1,1.0,0.34946236559139787,0.06753158569335938,0.9651903460910934,AVISTA,1.0.7,2026-09-19T19:09:15
Doctors_0_1,1.0,0.3504043126684636,0.06792209297418594,0.9651903460910934,AVISTA,1.0.7,2026-09-19T19:09:15
Doctors_0_1,1.0,0.3523035230352303,0.06850533932447433,0.9651903460910934,AVISTA,1.0.7,2026-09-19T19:09:15
Doctors_0_1,1.0,0.3532608695652174,0.06969454884529114,0.9651903460910934,AVISTA,1.0.7,2026-09-19T19:09:15
Doctors_0_1,1.0,0.3551912568306011,0.06969491392374039,0.9651903460910934,AVISTA,1.0.7,2026-09-19T19:09:15
Doctors_0_1,1.0,0.3561643835616438,0.0702228769659996,0.9651903460910934,AVISTA,1.0.7,2026-09-19T19:09:15
Doctors_0_1,1.0,0.35714285714285715,0.07046405225992203,0.9651903460910934,AVISTA,1.0.7,2026-09-19T19:09:15
Doctors_0_1,1.0,0.3581267217630854,0.07047249376773834,0.9651903460910934,AVISTA,1.0.7,2026-09-19T19:09:15
Doctors_0_1,1.0,0.362116991643454,0.07119184732437134,0.9651903460910934,AVISTA,1.0.7,2026-09-19T19:09:15
Doctors_0_1,1.0,0.36312849162011174,0.07210096716880798,0.9651903460910934,AVISTA,1.0.7,2026-09-19T19:09:15
Doctors_0_1,1.0,0.3641456582633053,0.07222940027713776,0.9651903460910934,AVISTA,1.0.7,2026-09-19T19:09:15
Doctors_0_1,1.0,0.3651685393258427,0.07270168513059616,0.9651903460910934,AVISTA,1.0.7,2026-09-19T19:09:15
Doctors_0_1,1.0,0.36619718309859156,0.07331185042858124,0.9651903460910934,AVISTA,1.0.7,2026-09-19T19:09:15
Doctors_0_1,1.0,0.3672316384180791,0.07377660274505615,0.9651903460910934,AVISTA,1.0.7,2026-09-19T19:09:15
Doctors_0_1,1.0,0.36827195467422097,0.07413766533136368,0.9651903460910934,AVISTA,1.0.7,2026-09-19T19:09:15
Doctors_0_1,1.0,0.3693181818181818,0.07428307831287384,0.9651903460910934,AVISTA,1.0.7,2026-09-19T19:09:15
Doctors_0_1,1.0,0.37037037037037035,0.07593847811222076,0.9651903460910934,AVISTA,1.0.7,2026-09-19T19:09:15
Doctors_0_1,1.0,0.37142857142857144,0.07602785527706146,0.9651903460910934,AVISTA,1.0.7,2026-09-19T19:09:15
Doctors_0_1,1.0,0.37249283667621774,0.0763680636882782,0.9651903460910934,AVISTA,1.0.7,2026-09-19T19:09:15
Doctors_0_1,1.0,0.3735632183908046,0.07643617689609528,0.9651903460910934,AVISTA,1.0.7,2026-09-19T19:09:15
Doctors_0_1,1.0,0.3746397694524496,0.07663868367671967,0.9651903460910934,AVISTA,1.0.7,2026-09-19T19:09:15
Doctors_0_1,1.0,0.37572254335260113,0.07697662711143494,0.9651903460910934,AVISTA,1.0.7,2026-09-19T19:09:15
Doctors_0_1,1.0,0.37681159420289856,0.07739011198282242,0.9651903460910934,AVISTA,1.0.7,2026-09-19T19:09:15
Doctors_0_1,1.0,0.37790697674418605,0.07792630046606064,0.9651903460910934,AVISTA,1.0.7,2026-09-19T19:09:15
Doctors_0_1,1.0,0.38011695906432746,0.07815076410770416,0.9651903460910934,AVISTA,1.0.7,2026-09-19T19:09:15
Doctors_0_1,1.0,0.3812316715542522,0.07864689826965332,0.9651903460910934,AVISTA,1.0.7,2026-09-19T19:09:15
Doctors_0_1,1.0,0.38235294117647056,0.07946506887674332,0.9651903460910934,AVISTA,1.0.7,2026-09-19T19:09:15
Doctors_0_1,1.0,0.3834808259587021,0.08042865246534348,0.9651903460910934,AVISTA,1.0.7,2026-09-19T19:09:15
Doctors_0_1,1.0,0.38461538461538464,0.0808500200510025,0.9651903460910934,AVISTA,1.0.7,2026-09-19T19:09:15
Doctors_0_1,1.0,0.3857566765578635,0.08109503984451294,0.9651903460910934,AVISTA,1.0.7,2026-09-19T19:09:15
Doctors_0_1,1.0,0.3869047619047619,0.0812126025557518,0.9651903460910934,AVISTA,1.0.7,2026-09-19T19:09:15
Doctors_0_1,1.0,0.3880597014925373,0.08199950307607651,0.9651903460910934,AVISTA,1.0.7,2026-09-19T19:09:15
Doctors_0_1,1.0,0.38922155688622756,0.08243798464536667,0.9651903460910934,AVISTA,1.0.7,2026-09-19T19:09:15
Doctors_0_1,1.0,0.39039039039039036,0.08267765492200851,0.9651903460910934,AVISTA,1.0.7,2026-09-19T19:09:15
Doctors_0_1,1.0,0.39156626506024095,0.08306072652339935,0.9651903460910934,AVISTA,1.0.7,2026-09-19T19:09:15
Doctors_0_1,1.0,0.39274924471299094,0.08322948962450027,0.9651903460910934,AVISTA,1.0.7,2026-09-19T19:09:15
Doctors_0_1,1.0,0.3939393939393939,0.08393543213605881,0.9651903460910934,AVISTA,1.0.7,2026-09-19T19:09:15
Doctors_0_1,1.0,0.3951367781155015,0.08398842811584473,0.9651903460910934,AVISTA,1.0.7,2026-09-19T19:09:15
Doctors_0_1,1.0,0.39634146341463417,0.0844186320900917,0.9651903460910934,AVISTA,1.0.7,2026-09-19T19:09:15
Doctors_0_1,1.0,0.39755351681957185,0.0846245288848877,0.9651903460910934,AVISTA,1.0.7,2026-09-19T19:09:15
Doctors_0_1,1.0,0.3987730061349693,0.0846976712346077,0.9651903460910934,AVISTA,1.0.7,2026-09-19T19:09:15
Doctors_0_1,1.0,0.4012345679012346,0.08501861244440079,0.9651903460910934,AVISTA,1.0.7,2026-09-19T19:09:15
Doctors_0_1,1.0,0.4024767801857585,0.08587463200092316,0.9651903460910934,AVISTA,1.0.7,2026-09-19T19:09:15
Doctors_0_1,1.0,0.40372670807453415,0.0859055370092392,0.9651903460910934,AVISTA,1.0.7,2026-09-19T19:09:15
Doctors_0_1,1.0,0.40498442367601245,0.0862213596701622,0.9651903460910934,AVISTA,1.0.7,2026-09-19T19:09:15
Doctors_0_1,1.0,0.40625,0.0862545520067215,0.9651903460910934,AVISTA,1.0.7,2026-09-19T19:09:15
Doctors_0_1,1.0,0.40752351097178685,0.08776716887950897,0.9651903460910934,AVISTA,1.0.7,2026-09-19T19:09:15
Doctors_0_1,1.0,0.4088050314465409,0.08797192573547363,0.9651903460910934,AVISTA,1.0.7,2026-09-19T19:09:15
Doctors_0_1,1.0,0.41009463722397477,0.08890873193740845,0.9651903460910934,AVISTA,1.0.7,2026-09-19T19:09:15
Doctors_0_1,1.0,0.41139240506329117,0.08939477056264877,0.9651903460910934,AVISTA,1.0.7,2026-09-19T19:09:15
Doctors_0_1,1.0,0.4126984126984127,0.09008537977933884,0.9651903460910934,AVISTA,1.0.7,2026-09-19T19:09:15
Doctors_0_1,1.0,0.4140127388535032,0.09008760750293732,0.9651903460910934,AVISTA,1.0.7,2026-09-19T19:09:15
Doctors_0_1,1.0,0.41533546325878595,0.09053366631269455,0.9651903460910934,AVISTA,1.0.7,2026-09-19T19:09:15
Doctors_0_1,1.0,0.4166666666666667,0.09418026357889175,0.9651903460910934,AVISTA,1.0.7,2026-09-19T19:09:15
Doctors_0_1,1.0,0.4180064308681672,0.0947243943810463,0.9651903460910934,AVISTA,1.0.7,2026-09-19T19:09:15
Doctors_0_1,1.0,0.41935483870967744,0.09508007019758224,0.9651903460910934,AVISTA,1.0.7,2026-09-19T19:09:15
Doctors_0_1,1.0,0.42071197411003236,0.09512918442487717,0.9651903460910934,AVISTA,1.0.7,2026-09-19T19:09:15
Doctors_0_1,1.0,0.42207792207792205,0.09573499858379364,0.9651903460910934,AVISTA,1.0.7,2026-09-19T19:09:15
Doctors_0_1,1.0,0.4234527687296417,0.09710176289081573,0.9651903460910934,AVISTA,1.0.7,2026-09-19T19:09:15
Doctors_0_1,1.0,0.42483660130718953,0.09893622249364853,0.9651903460910934,AVISTA,1.0.7,2026-09-19T19:09:15
Doctors_0_1,1.0,0.4262295081967213,0.09909824281930923,0.9651903460910934,AVISTA,1.0.7,2026-09-19T19:09:15
Doctors_0_1,1.0,0.4276315789473684,0.09928140789270401,0.9651903460910934,AVISTA,1.0.7,2026-09-19T19:09:15
Doctors_0_1,1.0,0.429042904290429,0.10312853753566742,0.9651903460910934,AVISTA,1.0.7,2026-09-19T19:09:15
Doctors_0_1,1.0,0.4304635761589404,0.10350202023983002,0.9651903460910934,AVISTA,1.0.7,2026-09-19T19:09:15
Doctors_0_1,1.0,0.4318936877076412,0.10506535321474075,0.9651903460910934,AVISTA,1.0.7,2026-09-19T19:09:15
Doctors_0_1,1.0,0.43333333333333335,0.10510575026273727,0.9651903460910934,AVISTA,1.0.7,2026-09-19T19:09:15
Doctors_0_1,1.0,0.43478260869565216,0.10545907914638519,0.9651903460910934,AVISTA,1.0.7,2026-09-19T19:09:15
Doctors_0_1,1.0,0.436241610738255,0.10572298616170883,0.9651903460910934,AVISTA,1.0.7,2026-09-19T19:09:15
Doctors_0_1,1.0,0.4377104377104377,0.10633372515439987,0.9651903460910934,AVISTA,1.0.7,2026-09-19T19:09:15
Doctors_0_1,1.0,0.4391891891891892,0.10637181997299194,0.9651903460910934,AVISTA,1.0.7,2026-09-19T19:09:15
Doctors_0_1,1.0,0.4406779661016949,0.10758606344461441,0.9651903460910934,AVISTA,1.0.7,2026-09-19T19:09:15
Doctors_0_1,1.0,0.4421768707482993,0.10763958096504211,0.9651903460910934,AVISTA,1.0.7,2026-09-19T19:09:15
Doctors_0_1,1.0,0.44368600682593856,0.10806960612535477,0.9651903460910934,AVISTA,1.0.7,2026-09-19T19:09:15
Doctors_0_1,1.0,0.4452054794520548,0.10807768255472183,0.9651903460910934,AVISTA,1.0.7,2026-09-19T19:09:15
Doctors_0_1,1.0,0.44673539518900346,0.10809177905321121,0.9651903460910934,AVISTA,1.0.7,2026-09-19T19:09:15
Doctors_0_1,1.0,0.4482758620689655,0.10857587307691574,0.9651903460910934,AVISTA,1.0.7,2026-09-19T19:09:15
Doctors_0_1,1.0,0.44982698961937717,0.10952232778072357,0.9651903460910934,AVISTA,1.0.7,2026-09-19T19:09:15
Doctors_0_1,1.0,0.4513888888888889,0.10960298776626587,0.9651903460910934,AVISTA,1.0.7,2026-09-19T19:09:15
Doctors_0_1,1.0,0.4529616724738676,0.11112080514431,0.9651903460910934,AVISTA,1.0.7,2026-09-19T19:09:15
Doctors_0_1,1.0,0.45614035087719296,0.11139141768217087,0.9651903460910934,AVISTA,1.0.7,2026-09-19T19:09:15
Doctors_0_1,1.0,0.45774647887323944,0.11149150878190994,0.9651903460910934,AVISTA,1.0.7,2026-09-19T19:09:15
Doctors_0_1,1.0,0.4626334519572954,0.11193186789751053,0.9651903460910934,AVISTA,1.0.7,2026-09-19T19:09:15
Doctors_0_1,1.0,0.4642857142857143,0.11312338709831238,0.9651903460910934,AVISTA,1.0.7,2026-09-19T19:09:15
Doctors_0_1,1.0,0.4659498207885305,0.11317994445562363,0.9651903460910934,AVISTA,1.0.7,2026-09-19T19:09:15
Doctors_0_1,1.0,0.4676258992805755,0.11327067762613297,0.9651903460910934,AVISTA,1.0.7,2026-09-19T19:09:15
Doctors_0_1,1.0,0.4693140794223827,0.1133556216955185,0.9651903460910934,AVISTA,1.0.7,2026-09-19T19:09:15
Doctors_0_1,1.0,0.47101449275362317,0.11372709274291992,0.9651903460910934,AVISTA,1.0.7,2026-09-19T19:09:15
Doctors_0_1,1.0,0.4727272727272727,0.11382932215929031,0.9651903460910934,AVISTA,1.0.7,2026-09-19T19:09:15
Doctors_0_1,1.0,0.4744525547445255,0.11412208527326584,0.9651903460910934,AVISTA,1.0.7,2026-09-19T19:09:15
Doctors_0_1,1.0,0.47794117647058826,0.11540477722883224,0.9651903460910934,AVISTA,1.0.7,2026-09-19T19:09:15
Doctors_0_1,1.0,0.48148148148148145,0.11541642248630524,0.9651903460910934,AVISTA,1.0.7,2026-09-19T19:09:15
Doctors_0_1,1.0,0.483271375464684,0.11585459113121033,0.9651903460910934,AVISTA,1.0.7,2026-09-19T19:09:15
Doctors_0_1,1.0,0.48507462686567165,0.11678534746170044,0.9651903460910934,AVISTA,1.0.7,2026-09-19T19:09:15
Doctors_0_1,1.0,0.4868913857677903,0.11693430691957474,0.9651903460910934,AVISTA,1.0.7,2026-09-19T19:09:15
Doctors_0_1,1.0,0.48872180451127817,0.11709710210561752,0.9651903460910934,AVISTA,1.0.7,2026-09-19T19:09:15
Doctors_0_1,1.0,0.49429657794676807,0.1178864911198616,0.9651903460910934,AVISTA,1.0.7,2026-09-19T19:09:15
Doctors_0_1,1.0,0.49808429118773945,0.1189093291759491,0.9651903460910934,AVISTA,1.0.7,2026-09-19T19:09:15
Doctors_0_1,1.0,0.5,0.1201939806342125,0.9651903460910934,AVISTA,1.0.7,2026-09-19T19:09:15
Doctors_0_1,1.0,0.5019305019305019,0.12162806838750839,0.9651903460910934,AVISTA,1.0.7,2026-09-19T19:09:15
Doctors_0_1,1.0,0.5038759689922481,0.12169725447893143,0.9651903460910934,AVISTA,1.0.7,2026-09-19T19:09:15
Doctors_0_1,1.0,0.5058365758754864,0.12218634784221649,0.9651903460910934,AVISTA,1.0.7,2026-09-19T19:09:15
Doctors_0_1,1.0,0.5078125,0.12289023399353027,0.9651903460910934,AVISTA,1.0.7,2026-09-19T19:09:15
Doctors_0_1,1.0,0.5098039215686274,0.12545759975910187,0.9651903460910934,AVISTA,1.0.7,2026-09-19T19:09:15
Doctors_0_1,1.0,0.5118110236220472,0.12595917284488678,0.9651903460910934,AVISTA,1.0.7,2026-09-19T19:09:15
Doctors_0_1,1.0,0.5138339920948617,0.1287270188331604,0.9651903460910934,AVISTA,1.0.7,2026-09-19T19:09:15
Doctors_0_1,1.0,0.5158730158730159,0.12957574427127838,0.9651903460910934,AVISTA,1.0.7,2026-09-19T19:09:15
Doctors_0_1,1.0,0.5179282868525896,0.12958228588104248,0.9651903460910934,AVISTA,1.0.7,2026-09-19T19:09:15
Doctors_0_1,1.0,0.52,0.13251346349716187,0.9651903460910934,AVISTA,1.0.7,2026-09-19T19:09:15
Doctors_0_1,1.0,0.5220883534136547,0.13427415490150452,0.9651903460910934,AVISTA,1.0.7,2026-09-19T19:09:15
Doctors_0_1,1.0,0.5241935483870968,0.13494013249874115,0.9651903460910934,AVISTA,1.0.7,2026-09-19T19:09:15
Doctors_0_1,1.0,0.5263157894736842,0.13527421653270721,0.9651903460910934,AVISTA,1.0.7,2026-09-19T19:09:15
Doctors_0_1,1.0,0.5284552845528455,0.1360578089952469,0.9651903460910934,AVISTA,1.0.7,2026-09-19T19:09:15
Doctors_0_1,1.0,0.5306122448979592,0.13610024750232697,0.9651903460910934,AVISTA,1.0.7,2026-09-19T19:09:15
Doctors_0_1,1.0,0.5327868852459017,0.1380971372127533,0.9651903460910934,AVISTA,1.0.7,2026-09-19T19:09:15
Doctors_0_1,1.0,0.5349794238683128,0.13838298618793488,0.9651903460910934,AVISTA,1.0.7,2026-09-19T19:09:15
Doctors_0_1,1.0,0.5371900826446281,0.13869331777095795,0.9651903460910934,AVISTA,1.0.7,2026-09-19T19:09:15
Doctors_0_1,1.0,0.5394190871369294,0.13898642361164093,0.9651903460910934,AVISTA,1.0.7,2026-09-19T19:09:15
Doctors_0_1,1.0,0.5416666666666666,0.14329715073108673,0.9651903460910934,AVISTA,1.0.7,2026-09-19T19:09:15
Doctors_0_1,1.0,0.5439330543933054,0.143477663397789,0.9651903460910934,AVISTA,1.0.7,2026-09-19T19:09:15
Doctors_0_1,1.0,0.5462184873949579,0.14423584938049316,0.9651903460910934,AVISTA,1.0.7,2026-09-19T19:09:15
Doctors_0_1,1.0,0.5485232067510548,0.1444590538740158,0.9651903460910934,AVISTA,1.0.7,2026-09-19T19:09:15
Doctors_0_1,1.0,0.5508474576271186,0.14488585293293,0.9651903460910934,AVISTA,1.0.7,2026-09-19T19:09:15
Doctors_0_1,1.0,0.5531914893617021,0.14652252197265625,0.9651903460910934,AVISTA,1.0.7,2026-09-19T19:09:15
Doctors_0_1,1.0,0.5555555555555556,0.1484071910381317,0.9651903460910934,AVISTA,1.0.7,2026-09-19T19:09:15
Doctors_0_1,1.0,0.5579399141630901,0.1485070139169693,0.9651903460910934,AVISTA,1.0.7,2026-09-19T19:09:15
Doctors_0_1,1.0,0.5603448275862069,0.14878757297992706,0.9651903460910934,AVISTA,1.0.7,2026-09-19T19:09:15
Doctors_0_1,1.0,0.5627705627705628,0.15095670521259308,0.9651903460910934,AVISTA,1.0.7,2026-09-19T19:09:15
Doctors_0_1,1.0,0.5652173913043478,0.15106262266635895,0.9651903460910934,AVISTA,1.0.7,2026-09-19T19:09:15
Doctors_0_1,1.0,0.5676855895196506,0.15147945284843445,0.9651903460910934,AVISTA,1.0.7,2026-09-19T19:09:15
Doctors_0_1,1.0,0.5701754385964912,0.15408506989479065,0.9651903460910934,AVISTA,1.0.7,2026-09-19T19:09:15
Doctors_0_1,1.0,0.5726872246696035,0.15518933534622192,0.9651903460910934,AVISTA,1.0.7,2026-09-19T19:09:15
Doctors_0_1,1.0,0.5752212389380531,0.15530376136302948,0.9651903460910934,AVISTA,1.0.7,2026-09-19T19:09:15
Doctors_0_1,1.0,0.5777777777777777,0.15693113207817078,0.9651903460910934,AVISTA,1.0.7,2026-09-19T19:09:15
Doctors_0_1,1.0,0.5803571428571429,0.15814682841300964,0.9651903460910934,AVISTA,1.0.7,2026-09-19T19:09:15
Doctors_0_1,1.0,0.5829596412556054,0.16005608439445496,0.9651903460910934,AVISTA,1.0.7,2026-09-19T19:09:15
Doctors_0_1,1.0,0.5855855855855856,0.1618288904428482,0.9651903460910934,AVISTA,1.0.7,2026-09-19T19:09:15
Doctors_0_1,1.0,0.5909090909090909,0.16188712418079376,0.9651903460910934,AVISTA,1.0.7,2026-09-19T19:09:15
Doctors_0_1,1.0,0.593607305936073,0.1625741422176361,0.9651903460910934,AVISTA,1.0.7,2026-09-19T19:09:15
Doctors_0_1,1.0,0.5963302752293578,0.16343027353286743,0.9651903460910934,AVISTA,1.0.7,2026-09-19T19:09:15
Doctors_0_1,0.9923076923076923,0.602803738317757,0.16505837440490723,0.9651903460910934,AVISTA,1.0.7,2026-09-19T19:09:15
Doctors_0_1,0.9923076923076923,0.6056338028169014,0.1655609905719757,0.9651903460910934,AVISTA,1.0.7,2026-09-19T19:09:15
Doctors_0_1,0.9923076923076923,0.6084905660377359,0.1659538596868515,0.9651903460910934,AVISTA,1.0.7,2026-09-19T19:09:15
Doctors_0_1,0.9923076923076923,0.6113744075829384,0.16724875569343567,0.9651903460910934,AVISTA,1.0.7,2026-09-19T19:09:15
Doctors_0_1,0.9923076923076923,0.6142857142857143,0.17034488916397095,0.9651903460910934,AVISTA,1.0.7,2026-09-19T19:09:15
Doctors_0_1,0.9923076923076923,0.6172248803827751,0.17040541768074036,0.9651903460910934,AVISTA,1.0.7,2026-09-19T19:09:15
Doctors_0_1,0.9923076923076923,0.6201923076923077,0.17059381306171417,0.9651903460910934,AVISTA,1.0.7,2026-09-19T19:09:15
Doctors_0_1,0.9923076923076923,0.6231884057971014,0.1712082028388977,0.9651903460910934,AVISTA,1.0.7,2026-09-19T19:09:15
Doctors_0_1,0.9923076923076923,0.6262135922330098,0.1718415468931198,0.9651903460910934,AVISTA,1.0.7,2026-09-19T19:09:15
Doctors_0_1,0.9923076923076923,0.6292682926829268,0.17579463124275208,0.9651903460910934,AVISTA,1.0.7,2026-09-19T19:09:15
Doctors_0_1,0.9846153846153847,0.6368159203980099,0.17776890099048615,0.9651903460910934,AVISTA,1.0.7,2026-09-19T19:09:15
Doctors_0_1,0.9846153846153847,0.64,0.17828048765659332,0.9651903460910934,AVISTA,1.0.7,2026-09-19T19:09:15
Doctors_0_1,0.9846153846153847,0.6432160804020101,0.17981205880641937,0.9651903460910934,AVISTA,1.0.7,2026-09-19T19:09:15
Doctors_0_1,0.9846153846153847,0.6464646464646465,0.1825246661901474,0.9651903460910934,AVISTA,1.0.7,2026-09-19T19:09:15
Doctors_0_1,0.9846153846153847,0.649746192893401,0.182949960231781,0.9651903460910934,AVISTA,1.0.7,2026-09-19T19:09:15
Doctors_0_1,0.9846153846153847,0.6530612244897959,0.18439070880413055,0.9651903460910934,AVISTA,1.0.7,2026-09-19T19:09:15
Doctors_0_1,0.9846153846153847,0.6564102564102564,0.18675215542316437,0.9651903460910934,AVISTA,1.0.7,2026-09-19T19:09:15
Doctors_0_1,0.9846153846153847,0.6597938144329897,0.18775275349617004,0.9651903460910934,AVISTA,1.0.7,2026-09-19T19:09:15
Doctors_0_1,0.9846153846153847,0.6632124352331606,0.18902307748794556,0.9651903460910934,AVISTA,1.0.7,2026-09-19T19:09:15
Doctors_0_1,0.9769230769230769,0.6614583333333334,0.19087474048137665,0.9651903460910934,AVISTA,1.0.7,2026-09-19T19:09:15
Doctors_0_1,0.9769230769230769,0.6684210526315789,0.19136877357959747,0.9651903460910934,AVISTA,1.0.7,2026-09-19T19:09:15
Doctors_0_1,0.9769230769230769,0.671957671957672,0.19569458067417145,0.9651903460910934,AVISTA,1.0.7,2026-09-19T19:09:15
Doctors_0_1,0.9769230769230769,0.675531914893617,0.19641348719596863,0.9651903460910934,AVISTA,1.0.7,2026-09-19T19:09:15
Doctors_0_1,0.9769230769230769,0.679144385026738,0.19768652319908142,0.9651903460910934,AVISTA,1.0.7,2026-09-19T19:09:15
Doctors_0_1,0.9692307692307692,0.6810810810810811,0.1981002241373062,0.9651903460910934,AVISTA,1.0.7,2026-09-19T19:09:15
Doctors_0_1,0.9692307692307692,0.6847826086956522,0.20241636037826538,0.9651903460910934,AVISTA,1.0.7,2026-09-19T19:09:15
Doctors_0_1,0.9615384615384616,0.6906077348066298,0.20241780579090118,0.9651903460910934,AVISTA,1.0.7,2026-09-19T19:09:15
Doctors_0_1,0.9615384615384616,0.6944444444444444,0.20249970257282257,0.9651903460910934,AVISTA,1.0.7,2026-09-19T19:09:15
Doctors_0_1,0.9615384615384616,0.6983240223463687,0.20362579822540283,0.9651903460910934,AVISTA,1.0.7,2026-09-19T19:09:15
Doctors_0_1,0.9615384615384616,0.7062146892655368,0.2040918469429016,0.9651903460910934,AVISTA,1.0.7,2026-09-19T19:09:15
Doctors_0_1,0.9615384615384616,0.7102272727272727,0.2045406997203827,0.9651903460910934,AVISTA,1.0.7,2026-09-19T19:09:15
Doctors_0_1,0.9615384615384616,0.7142857142857143,0.21894600987434387,0.9651903460910934,AVISTA,1.0.7,2026-09-19T19:09:15
Doctors_0_1,0.9615384615384616,0.7183908045977011,0.2205207198858261,0.9651903460910934,AVISTA,1.0.7,2026-09-19T19:09:15
Doctors_0_1,0.9615384615384616,0.7225433526011561,0.22648540139198303,0.9651903460910934,AVISTA,1.0.7,2026-09-19T19:09:15
Doctors_0_1,0.9615384615384616,0.7267441860465116,0.22896602749824524,0.9651903460910934,AVISTA,1.0.7,2026-09-19T19:09:15
Doctors_0_1,0.9615384615384616,0.7309941520467836,0.23034587502479553,0.9651903460910934,AVISTA,1.0.7,2026-09-19T19:09:15
Doctors_0_1,0.9615384615384616,0.7352941176470589,0.23493658006191254,0.9651903460910934,AVISTA,1.0.7,2026-09-19T19:09:15
Doctors_0_1,0.9615384615384616,0.7396449704142012,0.23498165607452393,0.9651903460910934,AVISTA,1.0.7,2026-09-19T19:09:15
Doctors_0_1,0.9615384615384616,0.7440476190476191,0.23589372634887695,0.9651903460910934,AVISTA,1.0.7,2026-09-19T19:09:15
Doctors_0_1,0.9615384615384616,0.7485029940119761,0.2360323667526245,0.9651903460910934,AVISTA,1.0.7,2026-09-19T19:09:15
Doctors_0_1,0.9615384615384616,0.7530120481927711,0.2363540232181549,0.9651903460910934,AVISTA,1.0.7,2026-09-19T19:09:15
Doctors_0_1,0.9615384615384616,0.7575757575757576,0.23905561864376068,0.9651903460910934,AVISTA,1.0.7,2026-09-19T19:09:15
Doctors_0_1,0.9615384615384616,0.7621951219512195,0.2420177161693573,0.9651903460910934,AVISTA,1.0.7,2026-09-19T19:09:15
Doctors_0_1,0.9615384615384616,0.7668711656441718,0.244164377450943,0.9651903460910934,AVISTA,1.0.7,2026-09-19T19:09:15
Doctors_0_1,0.9615384615384616,0.7716049382716049,0.24660278856754303,0.9651903460910934,AVISTA,1.0.7,2026-09-19T19:09:15
Doctors_0_1,0.9538461538461539,0.775,0.24926595389842987,0.9651903460910934,AVISTA,1.0.7,2026-09-19T19:09:15
Doctors_0_1,0.9538461538461539,0.779874213836478,0.25070133805274963,0.9651903460910934,AVISTA,1.0.7,2026-09-19T19:09:15
Doctors_0_1,0.9461538461538461,0.7884615384615384,0.2510468065738678,0.9651903460910934,AVISTA,1.0.7,2026-09-19T19:09:15
Doctors_0_1,0.9461538461538461,0.7935483870967742,0.2544723153114319,0.9651903460910934,AVISTA,1.0.7,2026-09-19T19:09:15
Doctors_0_1,0.9384615384615385,0.8026315789473685,0.25693240761756897,0.9651903460910934,AVISTA,1.0.7,2026-09-19T19:09:15
Doctors_0_1,0.9384615384615385,0.8079470198675497,0.25743451714515686,0.9651903460910934,AVISTA,1.0.7,2026-09-19T19:09:15
Doctors_0_1,0.9307692307692308,0.8066666666666666,0.2597406208515167,0.9651903460910934,AVISTA,1.0.7,2026-09-19T19:09:15
Doctors_0_1,0.9230769230769231,0.8053691275167785,0.2621268332004547,0.9651903460910934,AVISTA,1.0.7,2026-09-19T19:09:15
Doctors_0_1,0.9230769230769231,0.8108108108108109,0.26232704520225525,0.9651903460910934,AVISTA,1.0.7,2026-09-19T19:09:15
Doctors_0_1,0.9230769230769231,0.8163265306122449,0.2663126587867737,0.9651903460910934,AVISTA,1.0.7,2026-09-19T19:09:15
Doctors_0_1,0.9230769230769231,0.8275862068965517,0.2692795395851135,0.9651903460910934,AVISTA,1.0.7,2026-09-19T19:09:15
Doctors_0_1,0.9230769230769231,0.8333333333333334,0.27221813797950745,0.9651903460910934,AVISTA,1.0.7,2026-09-19T19:09:15
Doctors_0_1,0.9153846153846154,0.8321678321678322,0.27613475918769836,0.9651903460910934,AVISTA,1.0.7,2026-09-19T19:09:15
Doctors_0_1,0.9153846153846154,0.8380281690140845,0.2810368239879608,0.9651903460910934,AVISTA,1.0.7,2026-09-19T19:09:15
Doctors_0_1,0.9153846153846154,0.8439716312056738,0.28334224224090576,0.9651903460910934,AVISTA,1.0.7,2026-09-19T19:09:15
Doctors_0_1,0.9076923076923077,0.8428571428571429,0.2846810221672058,0.9651903460910934,AVISTA,1.0.7,2026-09-19T19:09:15
Doctors_0_1,0.9076923076923077,0.8489208633093526,0.2863345742225647,0.9651903460910934,AVISTA,1.0.7,2026-09-19T19:09:15
Doctors_0_1,0.9076923076923077,0.855072463768116,0.28690463304519653,0.9651903460910934,AVISTA,1.0.7,2026-09-19T19:09:15
Doctors_0_1,0.9076923076923077,0.8613138686131386,0.28719648718833923,0.9651903460910934,AVISTA,1.0.7,2026-09-19T19:09:15
Doctors_0_1,0.9076923076923077,0.8676470588235294,0.293241411447525,0.9651903460910934,AVISTA,1.0.7,2026-09-19T19:09:15
Doctors_0_1,0.9,0.8731343283582089,0.29558065533638,0.9651903460910934,AVISTA,1.0.7,2026-09-19T19:09:15
Doctors_0_1,0.9,0.8796992481203008,0.2963657081127167,0.9651903460910934,AVISTA,1.0.7,2026-09-19T19:09:15
Doctors_0_1,0.8923076923076924,0.8787878787878788,0.3091946840286255,0.9651903460910934,AVISTA,1.0.7,2026-09-19T19:09:15
Doctors_0_1,0.8923076923076924,0.8854961832061069,0.3092983067035675,0.9651903460910934,AVISTA,1.0.7,2026-09-19T19:09:15
Doctors_0_1,0.8923076923076924,0.8923076923076924,0.31019607186317444,0.9651903460910934,AVISTA,1.0.7,2026-09-19T19:09:15
Doctors_0_1,0.8846153846153846,0.8984375,0.31502774357795715,0.9651903460910934,AVISTA,1.0.7,2026-09-19T19:09:15
Doctors_0_1,0.8769230769230769,0.912,0.3155737817287445,0.9651903460910934,AVISTA,1.0.7,2026-09-19T19:09:15
Doctors_0_1,0.8692307692307693,0.9112903225806451,0.316818505525589,0.9651903460910934,AVISTA,1.0.7,2026-09-19T19:09:15
Doctors_0_1,0.8615384615384616,0.9180327868852459,0.33334872126579285,0.9651903460910934,AVISTA,1.0.7,2026-09-19T19:09:15
Doctors_0_1,0.8615384615384616,0.9256198347107438,0.34219276905059814,0.9651903460910934,AVISTA,1.0.7,2026-09-19T19:09:15
Doctors_0_1,0.8538461538461538,0.925,0.34708061814308167,0.9651903460910934,AVISTA,1.0.7,2026-09-19T19:09:15
Doctors_0_1,0.8461538461538461,0.9322033898305084,0.360357403755188,0.9651903460910934,AVISTA,1.0.7,2026-09-19T19:09:15
Doctors_0_1,0.8461538461538461,0.9401709401709402,0.36565425992012024,0.9651903460910934,AVISTA,1.0.7,2026-09-19T19:09:15
Doctors_0_1,0.8461538461538461,0.9482758620689655,0.36793214082717896,0.9651903460910934,AVISTA,1.0.7,2026-09-19T19:09:15
Doctors_0_1,0.8384615384615385,0.9478260869565217,0.3794970214366913,0.9651903460910934,AVISTA,1.0.7,2026-09-19T19:09:15
Doctors_0_1,0.8384615384615385,0.956140350877193,0.385799765586853,0.9651903460910934,AVISTA,1.0.7,2026-09-19T19:09:15
Doctors_0_1,0.8307692307692308,0.9642857142857143,0.38591521978378296,0.9651903460910934,AVISTA,1.0.7,2026-09-19T19:09:15
Doctors_0_1,0.823076923076923,0.963963963963964,0.3881140649318695,0.9651903460910934,AVISTA,1.0.7,2026-09-19T19:09:15
Doctors_0_1,0.8153846153846154,0.9636363636363636,0.3907328248023987,0.9651903460910934,AVISTA,1.0.7,2026-09-19T19:09:15
Doctors_0_1,0.8076923076923077,0.963302752293578,0.39139822125434875,0.9651903460910934,AVISTA,1.0.7,2026-09-19T19:09:15
Doctors_0_1,0.7923076923076923,0.9716981132075472,0.39695417881011963,0.9651903460910934,AVISTA,1.0.7,2026-09-19T19:09:15
Doctors_0_1,0.7846153846153846,0.9714285714285714,0.4051368534564972,0.9651903460910934,AVISTA,1.0.7,2026-09-19T19:09:15
Doctors_0_1,0.7769230769230769,0.9711538461538461,0.4101133942604065,0.9651903460910934,AVISTA,1.0.7,2026-09-19T19:09:15
Doctors_0_1,0.7692307692307693,0.970873786407767,0.41111525893211365,0.9651903460910934,AVISTA,1.0.7,2026-09-19T19:09:15
Doctors_0_1,0.7615384615384615,0.9705882352941176,0.415321946144104,0.9651903460910934,AVISTA,1.0.7,2026-09-19T19:09:15
Doctors_0_1,0.7538461538461538,0.9702970297029703,0.4261379837989807,0.9651903460910934,AVISTA,1.0.7,2026-09-19T19:09:15
Doctors_0_1,0.7461538461538462,0.97,0.4418673515319824,0.9651903460910934,AVISTA,1.0.7,2026-09-19T19:09:15
Doctors_0_1,0.7384615384615385,0.9696969696969697,0.44900035858154297,0.9651903460910934,AVISTA,1.0.7,2026-09-19T19:09:15
Doctors_0_1,0.7307692307692307,0.9693877551020408,0.46712249517440796,0.9651903460910934,AVISTA,1.0.7,2026-09-19T19:09:15
Doctors_0_1,0.7153846153846154,0.9893617021276596,0.4736330211162567,0.9651903460910934,AVISTA,1.0.7,2026-09-19T19:09:15
Doctors_0_1,0.7076923076923077,0.989247311827957,0.48960328102111816,0.9651903460910934,AVISTA,1.0.7,2026-09-19T19:09:15
Doctors_0_1,0.7,0.9891304347826086,0.4912068247795105,0.9651903460910934,AVISTA,1.0.7,2026-09-19T19:09:15
Doctors_0_1,0.6923076923076923,0.989010989010989,0.5001099705696106,0.9651903460910934,AVISTA,1.0.7,2026-09-19T19:09:15
Doctors_0_1,0.6846153846153846,0.9888888888888889,0.5026348233222961,0.9651903460910934,AVISTA,1.0.7,2026-09-19T19:09:15
Doctors_0_1,0.676923076923077,1.0,0.5169331431388855,0.9651903460910934,AVISTA,1.0.7,2026-09-19T19:09:15
Doctors_0_1,0.6692307692307692,1.0,0.5182961225509644,0.9651903460910934,AVISTA,1.0.7,2026-09-19T19:09:15
Doctors_0_1,0.6615384615384615,1.0,0.5293908715248108,0.9651903460910934,AVISTA,1.0.7,2026-09-19T19:09:15
Doctors_0_1,0.6538461538461539,1.0,0.5323613882064819,0.9651903460910934,AVISTA,1.0.7,2026-09-19T19:09:15
Doctors_0_1,0.6461538461538462,1.0,0.5361854434013367,0.9651903460910934,AVISTA,1.0.7,2026-09-19T19:09:15
Doctors_0_1,0.6384615384615384,1.0,0.5484124422073364,0.9651903460910934,AVISTA,1.0.7,2026-09-19T19:09:15
Doctors_0_1,0.6307692307692307,1.0,0.5727890133857727,0.9651903460910934,AVISTA,1.0.7,2026-09-19T19:09:15
Doctors_0_1,0.6230769230769231,1.0,0.5810737013816833,0.9651903460910934,AVISTA,1.0.7,2026-09-19T19:09:15
Doctors_0_1,0.6153846153846154,1.0,0.5850086212158203,0.9651903460910934,AVISTA,1.0.7,2026-09-19T19:09:15
Doctors_0_1,0.6076923076923076,1.0,0.5866864919662476,0.9651903460910934,AVISTA,1.0.7,2026-09-19T19:09:15
Doctors_0_1,0.6,1.0,0.5870523452758789,0.9651903460910934,AVISTA,1.0.7,2026-09-19T19:09:15
Doctors_0_1,0.5923076923076923,1.0,0.6041840314865112,0.9651903460910934,AVISTA,1.0.7,2026-09-19T19:09:15
Doctors_0_1,0.5846153846153846,1.0,0.6064447164535522,0.9651903460910934,AVISTA,1.0.7,2026-09-19T19:09:15
Doctors_0_1,0.5769230769230769,1.0,0.6136752367019653,0.9651903460910934,AVISTA,1.0.7,2026-09-19T19:09:15
Doctors_0_1,0.5692307692307692,1.0,0.6237501502037048,0.9651903460910934,AVISTA,1.0.7,2026-09-19T19:09:15
Doctors_0_1,0.5615384615384615,1.0,0.6308004856109619,0.9651903460910934,AVISTA,1.0.7,2026-09-19T19:09:15
Doctors_0_1,0.5538461538461539,1.0,0.6599024534225464,0.9651903460910934,AVISTA,1.0.7,2026-09-19T19:09:15
Doctors_0_1,0.5461538461538461,1.0,0.6655846238136292,0.9651903460910934,AVISTA,1.0.7,2026-09-19T19:09:15
Doctors_0_1,0.5384615384615384,1.0,0.6708749532699585,0.9651903460910934,AVISTA,1.0.7,2026-09-19T19:09:15
Doctors_0_1,0.5307692307692308,1.0,0.6726454496383667,0.9651903460910934,AVISTA,1.0.7,2026-09-19T19:09:15
Doctors_0_1,0.5230769230769231,1.0,0.6748653054237366,0.9651903460910934,AVISTA,1.0.7,2026-09-19T19:09:15
Doctors_0_1,0.5153846153846153,1.0,0.6803083419799805,0.9651903460910934,AVISTA,1.0.7,2026-09-19T19:09:15
Doctors_0_1,0.5076923076923077,1.0,0.6845384836196899,0.9651903460910934,AVISTA,1.0.7,2026-09-19T19:09:15
Doctors_0_1,0.5,1.0,0.6927705407142639,0.9651903460910934,AVISTA,1.0.7,2026-09-19T19:09:15
Doctors_0_1,0.49230769230769234,1.0,0.6948118805885315,0.9651903460910934,AVISTA,1.0.7,2026-09-19T19:09:15
Doctors_0_1,0.4846153846153846,1.0,0.697791576385498,0.9651903460910934,AVISTA,1.0.7,2026-09-19T19:09:15
Doctors_0_1,0.47692307692307695,1.0,0.7099450826644897,0.9651903460910934,AVISTA,1.0.7,2026-09-19T19:09:15
Doctors_0_1,0.46923076923076923,1.0,0.7248510718345642,0.9651903460910934,AVISTA,1.0.7,2026-09-19T19:09:15
Doctors_0_1,0.46153846153846156,1.0,0.7350817918777466,0.9651903460910934,AVISTA,1.0.7,2026-09-19T19:09:15
Doctors_0_1,0.45384615384615384,1.0,0.74062579870224,0.9651903460910934,AVISTA,1.0.7,2026-09-19T19:09:15
Doctors_0_1,0.4461538461538462,1.0,0.7519431710243225,0.9651903460910934,AVISTA,1.0.7,2026-09-19T19:09:15
Doctors_0_1,0.43846153846153846,1.0,0.7609859108924866,0.9651903460910934,AVISTA,1.0.7,2026-09-19T19:09:15
Doctors_0_1,0.4307692307692308,1.0,0.769845724105835,0.9651903460910934,AVISTA,1.0.7,2026-09-19T19:09:15
Doctors_0_1,0.4230769230769231,1.0,0.7731231451034546,0.9651903460910934,AVISTA,1.0.7,2026-09-19T19:09:15
Doctors_0_1,0.4153846153846154,1.0,0.7758254408836365,0.9651903460910934,AVISTA,1.0.7,2026-09-19T19:09:15
Doctors_0_1,0.4076923076923077,1.0,0.7820595502853394,0.9651903460910934,AVISTA,1.0.7,2026-09-19T19:09:15
Doctors_0_1,0.4,1.0,0.7914754748344421,0.9651903460910934,AVISTA,1.0.7,2026-09-19T19:09:15
Doctors_0_1,0.3923076923076923,1.0,0.8066818714141846,0.9651903460910934,AVISTA,1.0.7,2026-09-19T19:09:15
Doctors_0_1,0.38461538461538464,1.0,0.8087023496627808,0.9651903460910934,AVISTA,1.0.7,2026-09-19T19:09:15
Doctors_0_1,0.3769230769230769,1.0,0.8219353556632996,0.9651903460910934,AVISTA,1.0.7,2026-09-19T19:09:15
Doctors_0_1,0.36923076923076925,1.0,0.8246560096740723,0.9651903460910934,AVISTA,1.0.7,2026-09-19T19:09:15
Doctors_0_1,0.36153846153846153,1.0,0.8343629240989685,0.9651903460910934,AVISTA,1.0.7,2026-09-19T19:09:15
Doctors_0_1,0.35384615384615387,1.0,0.8371500968933105,0.9651903460910934,AVISTA,1.0.7,2026-09-19T19:09:15
Doctors_0_1,0.34615384615384615,1.0,0.8389018774032593,0.9651903460910934,AVISTA,1.0.7,2026-09-19T19:09:15
Doctors_0_1,0.3384615384615385,1.0,0.843091607093811,0.9651903460910934,AVISTA,1.0.7,2026-09-19T19:09:15
Doctors_0_1,0.33076923076923076,1.0,0.8462468385696411,0.9651903460910934,AVISTA,1.0.7,2026-09-19T19:09:15
Doctors_0_1,0.3230769230769231,1.0,0.8468897342681885,0.9651903460910934,AVISTA,1.0.7,2026-09-19T19:09:15
Doctors_0_1,0.3153846153846154,1.0,0.8544309139251709,0.9651903460910934,AVISTA,1.0.7,2026-09-19T19:09:15
Doctors_0_1,0.3076923076923077,1.0,0.8702824115753174,0.9651903460910934,AVISTA,1.0.7,2026-09-19T19:09:15
Doctors_0_1,0.3,1.0,0.8857904076576233,0.9651903460910934,AVISTA,1.0.7,2026-09-19T19:09:15
Doctors_0_1,0.2923076923076923,1.0,0.8954246640205383,0.9651903460910934,AVISTA,1.0.7,2026-09-19T19:09:15
Doctors_0_1,0.2846153846153846,1.0,0.9012425541877747,0.9651903460910934,AVISTA,1.0.7,2026-09-19T19:09:15
Doctors_0_1,0.27692307692307694,1.0,0.9046071171760559,0.9651903460910934,AVISTA,1.0.7,2026-09-19T19:09:15
Doctors_0_1,0.2692307692307692,1.0,0.9202649593353271,0.9651903460910934,AVISTA,1.0.7,2026-09-19T19:09:15
Doctors_0_1,0.26153846153846155,1.0,0.930907666683197,0.9651903460910934,AVISTA,1.0.7,2026-09-19T19:09:15
Doctors_0_1,0.25384615384615383,1.0,0.9345253705978394,0.9651903460910934,AVISTA,1.0.7,2026-09-19T19:09:15
Doctors_0_1,0.24615384615384617,1.0,0.9434679746627808,0.9651903460910934,AVISTA,1.0.7,2026-09-19T19:09:15
Doctors_0_1,0.23846153846153847,1.0,0.9438565373420715,0.9651903460910934,AVISTA,1.0.7,2026-09-19T19:09:15
Doctors_0_1,0.23076923076923078,1.0,0.9442853331565857,0.9651903460910934,AVISTA,1.0.7,2026-09-19T19:09:15
Doctors_0_1,0.2230769230769231,1.0,0.9459876418113708,0.9651903460910934,AVISTA,1.0.7,2026-09-19T19:09:15
Doctors_0_1,0.2153846153846154,1.0,0.9465294480323792,0.9651903460910934,AVISTA,1.0.7,2026-09-19T19:09:15
Doctors_0_1,0.2076923076923077,1.0,0.9478411078453064,0.9651903460910934,AVISTA,1.0.7,2026-09-19T19:09:15
Doctors_0_1,0.2,1.0,0.9486376047134399,0.9651903460910934,AVISTA,1.0.7,2026-09-19T19:09:15
Doctors_0_1,0.19230769230769232,1.0,0.9516233205795288,0.9651903460910934,AVISTA,1.0.7,2026-09-19T19:09:15
Doctors_0_1,0.18461538461538463,1.0,0.9556623101234436,0.9651903460910934,AVISTA,1.0.7,2026-09-19T19:09:15
Doctors_0_1,0.17692307692307693,1.0,0.9610922336578369,0.9651903460910934,AVISTA,1.0.7,2026-09-19T19:09:15
Doctors_0_1,0.16923076923076924,1.0,0.9618490934371948,0.9651903460910934,AVISTA,1.0.7,2026-09-19T19:09:15
Doctors_0_1,0.16153846153846155,1.0,0.9627350568771362,0.9651903460910934,AVISTA,1.0.7,2026-09-19T19:09:15
Doctors_0_1,0.15384615384615385,1.0,0.9679530262947083,0.9651903460910934,AVISTA,1.0.7,2026-09-19T19:09:15
Doctors_0_1,0.14615384615384616,1.0,0.972019612789154,0.9651903460910934,AVISTA,1.0.7,2026-09-19T19:09:15
Doctors_0_1,0.13846153846153847,1.0,0.9736467003822327,0.9651903460910934,AVISTA,1.0.7,2026-09-19T19:09:15
Doctors_0_1,0.13076923076923078,1.0,0.9755697250366211,0.9651903460910934,AVISTA,1.0.7,2026-09-19T19:09:15
Doctors_0_1,0.12307692307692308,1.0,0.976375162601471,0.9651903460910934,AVISTA,1.0.7,2026-09-19T19:09:15
Doctors_0_1,0.11538461538461539,1.0,0.976547122001648,0.9651903460910934,AVISTA,1.0.7,2026-09-19T19:09:15
Doctors_0_1,0.1076923076923077,1.0,0.9773637056350708,0.9651903460910934,AVISTA,1.0.7,2026-09-19T19:09:15
Doctors_0_1,0.1,1.0,0.9780819416046143,0.9651903460910934,AVISTA,1.0.7,2026-09-19T19:09:15
Doctors_0_1,0.09230769230769231,1.0,0.9805251955986023,0.9651903460910934,AVISTA,1.0.7,2026-09-19T19:09:15
Doctors_0_1,0.08461538461538462,1.0,0.9835303425788879,0.9651903460910934,AVISTA,1.0.7,2026-09-19T19:09:15
Doctors_0_1,0.07692307692307693,1.0,0.9844356179237366,0.9651903460910934,AVISTA,1.0.7,2026-09-19T19:09:15
Doctors_0_1,0.06923076923076923,1.0,0.9865880608558655,0.9651903460910934,AVISTA,1.0.7,2026-09-19T19:09:15
Doctors_0_1,0.06153846153846154,1.0,0.9879953265190125,0.9651903460910934,AVISTA,1.0.7,2026-09-19T19:09:15
Doctors_0_1,0.05384615384615385,1.0,0.9882944822311401,0.9651903460910934,AVISTA,1.0.7,2026-09-19T19:09:15
Doctors_0_1,0.046153846153846156,1.0,0.9943757057189941,0.9651903460910934,AVISTA,1.0.7,2026-09-19T19:09:15
Doctors_0_1,0.038461538461538464,1.0,0.9958997368812561,0.9651903460910934,AVISTA,1.0.7,2026-09-19T19:09:15
Doctors_0_1,0.03076923076923077,1.0,0.996008038520813,0.9651903460910934,AVISTA,1.0.7,2026-09-19T19:09:15
Doctors_0_1,0.023076923076923078,1.0,0.9961557984352112,0.9651903460910934,AVISTA,1.0.7,2026-09-19T19:09:15
Doctors_0_1,0.015384615384615385,1.0,0.9977260231971741,0.9651903460910934,AVISTA,1.0.7,2026-09-19T19:09:15
Doctors_0_1,0.007692307692307693,1.0,0.9985706806182861,0.9651903460910934,AVISTA,1.0.7,2026-09-19T19:09:15
Doctors_0_1,0.0,1.0,0.9985706806182861,0.9651903460910934,AVISTA,1.0.7,2026-09-19T19:09:15
Doctors_2_3,1.0,0.4805914972273567,0.0005587934283539653,0.9805122089624244,AVISTA,1.0.7,2026-09-19T19:09:15
Doctors_2_3,1.0,0.48148148148148145,0.0009223730303347111,0.9805122089624244,AVISTA,1.0.7,2026-09-19T19:09:15
Doctors_2_3,1.0,0.48237476808905383,0.002276101615279913,0.9805122089624244,AVISTA,1.0.7,2026-09-19T19:09:15
Doctors_2_3,1.0,0.483271375464684,0.002383746672421694,0.9805122089624244,AVISTA,1.0.7,2026-09-19T19:09:15
Doctors_2_3,1.0,0.48417132216014896,0.002581350039690733,0.9805122089624244,AVISTA,1.0.7,2026-09-19T19:09:15
Doctors_2_3,1.0,0.48507462686567165,0.003387946868315339,0.9805122089624244,AVISTA,1.0.7,2026-09-19T19:09:15
Doctors_2_3,1.0,0.48598130841121495,0.004673902876675129,0.9805122089624244,AVISTA,1.0.7,2026-09-19T19:09:15
Doctors_2_3,1.0,0.4868913857677903,0.008030143566429615,0.9805122089624244,AVISTA,1.0.7,2026-09-19T19:09:15
Doctors_2_3,1.0,0.4878048780487805,0.008918112143874168,0.9805122089624244,AVISTA,1.0.7,2026-09-19T19:09:15
Doctors_2_3,1.0,0.48872180451127817,0.009422235190868378,0.9805122089624244,AVISTA,1.0.7,2026-09-19T19:09:15
Doctors_2_3,1.0,0.4896421845574388,0.010453801602125168,0.9805122089624244,AVISTA,1.0.7,2026-09-19T19:09:15
Doctors_2_3,1.0,0.49056603773584906,0.013358235359191895,0.9805122089624244,AVISTA,1.0.7,2026-09-19T19:09:15
Doctors_2_3,1.0,0.4914933837429111,0.014440669678151608,0.9805122089624244,AVISTA,1.0.7,2026-09-19T19:09:15
Doctors_2_3,1.0,0.49242424242424243,0.014618132263422012,0.9805122089624244,AVISTA,1.0.7,2026-09-19T19:09:15
Doctors_2_3,1.0,0.49335863377609107,0.01661830022931099,0.9805122089624244,AVISTA,1.0.7,2026-09-19T19:09:15
Doctors_2_3,1.0,0.49429657794676807,0.019839737564325333,0.9805122089624244,AVISTA,1.0.7,2026-09-19T19:09:15
Doctors_2_3,1.0,0.49523809523809526,0.019997613504529,0.9805122089624244,AVISTA,1.0.7,2026-09-19T19:09:15
Doctors_2_3,1.0,0.4961832061068702,0.0209677554666996,0.9805122089624244,AVISTA,1.0.7,2026-09-19T19:09:15
Doctors_2_3,1.0,0.497131931166348,0.021121684461832047,0.9805122089624244,AVISTA,1.0.7,2026-09-19T19:09:15
Doctors_2_3,1.0,0.49808429118773945,0.021306252107024193,0.9805122089624244,AVISTA,1.0.7,2026-09-19T19:09:15
Doctors_2_3,1.0,0.4990403071017274,0.023262731730937958,0.9805122089624244,AVISTA,1.0.7,2026-09-19T19:09:15
Doctors_2_3,1.0,0.5,0.02408662997186184,0.9805122089624244,AVISTA,1.0.7,2026-09-19T19:09:15
Doctors_2_3,1.0,0.5009633911368016,0.0267978273332119,0.9805122089624244,AVISTA,1.0.7,2026-09-19T19:09:15
Doctors_2_3,1.0,0.5019305019305019,0.02803748846054077,0.9805122089624244,AVISTA,1.0.7,2026-09-19T19:09:15
Doctors_2_3,1.0,0.5029013539651838,0.029768163338303566,0.9805122089624244,AVISTA,1.0.7,2026-09-19T19:09:15
Doctors_2_3,1.0,0.5038759689922481,0.03166690468788147,0.9805122089624244,AVISTA,1.0.7,2026-09-19T19:09:15
Doctors_2_3,1.0,0.5048543689320388,0.032290514558553696,0.9805122089624244,AVISTA,1.0.7,2026-09-19T19:09:15
Doctors_2_3,1.0,0.5058365758754864,0.0350596122443676,0.9805122089624244,AVISTA,1.0.7,2026-09-19T19:09:15
Doctors_2_3,1.0,0.50682261208577,0.03575710207223892,0.9805122089624244,AVISTA,1.0.7,2026-09-19T19:09:15
Doctors_2_3,1.0,0.5078125,0.03585520014166832,0.9805122089624244,AVISTA,1.0.7,2026-09-19T19:09:15
Doctors_2_3,1.0,0.5088062622309197,0.03602296859025955,0.9805122089624244,AVISTA,1.0.7,2026-09-19T19:09:15
Doctors_2_3,1.0,0.5098039215686274,0.038181599229574203,0.9805122089624244,AVISTA,1.0.7,2026-09-19T19:09:15
Doctors_2_3,1.0,0.5108055009823183,0.04366644471883774,0.9805122089624244,AVISTA,1.0.7,2026-09-19T19:09:15
Doctors_2_3,1.0,0.5118110236220472,0.04536621645092964,0.9805122089624244,AVISTA,1.0.7,2026-09-19T19:09:15
Doctors_2_3,1.0,0.5128205128205128,0.04579177498817444,0.9805122089624244,AVISTA,1.0.7,2026-09-19T19:09:15
Doctors_2_3,1.0,0.5138339920948617,0.04890339449048042,0.9805122089624244,AVISTA,1.0.7,2026-09-19T19:09:15
Doctors_2_3,1.0,0.5148514851485149,0.051996249705553055,0.9805122089624244,AVISTA,1.0.7,2026-09-19T19:09:15
Doctors_2_3,1.0,0.5158730158730159,0.053957223892211914,0.9805122089624244,AVISTA,1.0.7,2026-09-19T19:09:15
Doctors_2_3,1.0,0.5168986083499006,0.05399104952812195,0.9805122089624244,AVISTA,1.0.7,2026-09-19T19:09:15
Doctors_2_3,1.0,0.5179282868525896,0.057311199605464935,0.9805122089624244,AVISTA,1.0.7,2026-09-19T19:09:15
Doctors_2_3,1.0,0.5189620758483033,0.057776324450969696,0.9805122089624244,AVISTA,1.0.7,2026-09-19T19:09:15
Doctors_2_3,1.0,0.52,0.06147792190313339,0.9805122089624244,AVISTA,1.0.7,2026-09-19T19:09:15
Doctors_2_3,1.0,0.5210420841683366,0.06340088695287704,0.9805122089624244,AVISTA,1.0.7,2026-09-19T19:09:15
Doctors_2_3,1.0,0.5220883534136547,0.0682801902294159,0.9805122089624244,AVISTA,1.0.7,2026-09-19T19:09:15
Doctors_2_3,1.0,0.5231388329979879,0.07252758741378784,0.9805122089624244,AVISTA,1.0.7,2026-09-19T19:09:15
Doctors_2_3,1.0,0.5241935483870968,0.07257534563541412,0.9805122089624244,AVISTA,1.0.7,2026-09-19T19:09:15
Doctors_2_3,1.0,0.5252525252525253,0.0732877179980278,0.9805122089624244,AVISTA,1.0.7,2026-09-19T19:09:15
Doctors_2_3,1.0,0.5263157894736842,0.07362179458141327,0.9805122089624244,AVISTA,1.0.7,2026-09-19T19:09:15
Doctors_2_3,1.0,0.5273833671399595,0.07532301545143127,0.9805122089624244,AVISTA,1.0.7,2026-09-19T19:09:15
Doctors_2_3,1.0,0.5284552845528455,0.07572787255048752,0.9805122089624244,AVISTA,1.0.7,2026-09-19T19:09:15
Doctors_2_3,1.0,0.5295315682281059,0.07796750217676163,0.9805122089624244,AVISTA,1.0.7,2026-09-19T19:09:15
Doctors_2_3,1.0,0.5306122448979592,0.07882699370384216,0.9805122089624244,AVISTA,1.0.7,2026-09-19T19:09:15
Doctors_2_3,1.0,0.5316973415132924,0.07902419567108154,0.9805122089624244,AVISTA,1.0.7,2026-09-19T19:09:15
Doctors_2_3,1.0,0.5327868852459017,0.07965384423732758,0.9805122089624244,AVISTA,1.0.7,2026-09-19T19:09:15
Doctors_2_3,1.0,0.5338809034907598,0.08055151998996735,0.9805122089624244,AVISTA,1.0.7,2026-09-19T19:09:15
Doctors_2_3,1.0,0.5349794238683128,0.08891934156417847,0.9805122089624244,AVISTA,1.0.7,2026-09-19T19:09:15
Doctors_2_3,1.0,0.5360824742268041,0.09153047204017639,0.9805122089624244,AVISTA,1.0.7,2026-09-19T19:09:15
Doctors_2_3,1.0,0.5371900826446281,0.09197252243757248,0.9805122089624244,AVISTA,1.0.7,2026-09-19T19:09:15
Doctors_2_3,1.0,0.5383022774327122,0.09231365472078323,0.9805122089624244,AVISTA,1.0.7,2026-09-19T19:09:15
Doctors_2_3,1.0,0.5394190871369294,0.09532370418310165,0.9805122089624244,AVISTA,1.0.7,2026-09-19T19:09:15
Doctors_2_3,1.0,0.5405405405405406,0.09599048644304276,0.9805122089624244,AVISTA,1.0.7,2026-09-19T19:09:15
Doctors_2_3,1.0,0.5416666666666666,0.09888248890638351,0.9805122089624244,AVISTA,1.0.7,2026-09-19T19:09:15
Doctors_2_3,1.0,0.5427974947807933,0.09987559914588928,0.9805122089624244,AVISTA,1.0.7,2026-09-19T19:09:15
Doctors_2_3,1.0,0.5439330543933054,0.10058502107858658,0.9805122089624244,AVISTA,1.0.7,2026-09-19T19:09:15
Doctors_2_3,1.0,0.5450733752620545,0.10140500962734222,0.9805122089624244,AVISTA,1.0.7,2026-09-19T19:09:15
Doctors_2_3,1.0,0.5462184873949579,0.10239708423614502,0.9805122089624244,AVISTA,1.0.7,2026-09-19T19:09:15
Doctors_2_3,1.0,0.5473684210526316,0.10362283140420914,0.9805122089624244,AVISTA,1.0.7,2026-09-19T19:09:15
Doctors_2_3,1.0,0.5485232067510548,0.10437416285276413,0.9805122089624244,AVISTA,1.0.7,2026-09-19T19:09:15
Doctors_2_3,1.0,0.5496828752642706,0.1059895008802414,0.9805122089624244,AVISTA,1.0.7,2026-09-19T19:09:15
Doctors_2_3,1.0,0.5508474576271186,0.10756299644708633,0.9805122089624244,AVISTA,1.0.7,2026-09-19T19:09:15
Doctors_2_3,1.0,0.5520169851380042,0.10828572511672974,0.9805122089624244,AVISTA,1.0.7,2026-09-19T19:09:15
Doctors_2_3,1.0,0.5531914893617021,0.10900751501321793,0.9805122089624244,AVISTA,1.0.7,2026-09-19T19:09:15
Doctors_2_3,1.0,0.5543710021321961,0.11230004578828812,0.9805122089624244,AVISTA,1.0.7,2026-09-19T19:09:15
Doctors_2_3,1.0,0.5555555555555556,0.11256008595228195,0.9805122089624244,AVISTA,1.0.7,2026-09-19T19:09:15
Doctors_2_3,1.0,0.5579399141630901,0.11264172941446304,0.9805122089624244,AVISTA,1.0.7,2026-09-19T19:09:15
Doctors_2_3,1.0,0.5591397849462365,0.11405005306005478,0.9805122089624244,AVISTA,1.0.7,2026-09-19T19:09:15
Doctors_2_3,1.0,0.5603448275862069,0.11728399991989136,0.9805122089624244,AVISTA,1.0.7,2026-09-19T19:09:15
Doctors_2_3,1.0,0.5615550755939525,0.11802224069833755,0.9805122089624244,AVISTA,1.0.7,2026-09-19T19:09:15
Doctors_2_3,1.0,0.5627705627705628,0.11846555024385452,0.9805122089624244,AVISTA,1.0.7,2026-09-19T19:09:15
Doctors_2_3,1.0,0.5639913232104121,0.11890425533056259,0.9805122089624244,AVISTA,1.0.7,2026-09-19T19:09:15
Doctors_2_3,1.0,0.5652173913043478,0.12231994420289993,0.9805122089624244,AVISTA,1.0.7,2026-09-19T19:09:15
Doctors_2_3,1.0,0.5664488017429193,0.12339629977941513,0.9805122089624244,AVISTA,1.0.7,2026-09-19T19:09:15
Doctors_2_3,1.0,0.5676855895196506,0.1246759295463562,0.9805122089624244,AVISTA,1.0.7,2026-09-19T19:09:15
Doctors_2_3,1.0,0.5689277899343544,0.1250191032886505,0.9805122089624244,AVISTA,1.0.7,2026-09-19T19:09:15
Doctors_2_3,1.0,0.5714285714285714,0.12658293545246124,0.9805122089624244,AVISTA,1.0.7,2026-09-19T19:09:15
Doctors_2_3,1.0,0.5726872246696035,0.1266573667526245,0.9805122089624244,AVISTA,1.0.7,2026-09-19T19:09:15
Doctors_2_3,1.0,0.5739514348785872,0.1303025335073471,0.9805122089624244,AVISTA,1.0.7,2026-09-19T19:09:15
Doctors_2_3,1.0,0.5752212389380531,0.13367247581481934,0.9805122089624244,AVISTA,1.0.7,2026-09-19T19:09:15
Doctors_2_3,1.0,0.5764966740576497,0.1351155787706375,0.9805122089624244,AVISTA,1.0.7,2026-09-19T19:09:15
Doctors_2_3,1.0,0.5777777777777777,0.13891728222370148,0.9805122089624244,AVISTA,1.0.7,2026-09-19T19:09:15
Doctors_2_3,1.0,0.579064587973274,0.13981373608112335,0.9805122089624244,AVISTA,1.0.7,2026-09-19T19:09:15
Doctors_2_3,1.0,0.5803571428571429,0.13992346823215485,0.9805122089624244,AVISTA,1.0.7,2026-09-19T19:09:15
Doctors_2_3,1.0,0.5816554809843401,0.14124268293380737,0.9805122089624244,AVISTA,1.0.7,2026-09-19T19:09:15
Doctors_2_3,1.0,0.5829596412556054,0.14127135276794434,0.9805122089624244,AVISTA,1.0.7,2026-09-19T19:09:15
Doctors_2_3,1.0,0.5842696629213483,0.14595980942249298,0.9805122089624244,AVISTA,1.0.7,2026-09-19T19:09:15
Doctors_2_3,1.0,0.5855855855855856,0.1488214135169983,0.9805122089624244,AVISTA,1.0.7,2026-09-19T19:09:15
Doctors_2_3,1.0,0.5869074492099323,0.1489216685295105,0.9805122089624244,AVISTA,1.0.7,2026-09-19T19:09:15
Doctors_2_3,1.0,0.5882352941176471,0.14988091588020325,0.9805122089624244,AVISTA,1.0.7,2026-09-19T19:09:15
Doctors_2_3,1.0,0.5895691609977324,0.150862917304039,0.9805122089624244,AVISTA,1.0.7,2026-09-19T19:09:15
Doctors_2_3,1.0,0.5909090909090909,0.15266573429107666,0.9805122089624244,AVISTA,1.0.7,2026-09-19T19:09:15
Doctors_2_3,1.0,0.592255125284738,0.15307532250881195,0.9805122089624244,AVISTA,1.0.7,2026-09-19T19:09:15
Doctors_2_3,1.0,0.593607305936073,0.1533518135547638,0.9805122089624244,AVISTA,1.0.7,2026-09-19T19:09:15
Doctors_2_3,1.0,0.5949656750572082,0.15484561026096344,0.9805122089624244,AVISTA,1.0.7,2026-09-19T19:09:15
Doctors_2_3,1.0,0.5963302752293578,0.15645140409469604,0.9805122089624244,AVISTA,1.0.7,2026-09-19T19:09:15
Doctors_2_3,1.0,0.5977011494252874,0.1574782282114029,0.9805122089624244,AVISTA,1.0.7,2026-09-19T19:09:15
Doctors_2_3,1.0,0.5990783410138248,0.15869668126106262,0.9805122089624244,AVISTA,1.0.7,2026-09-19T19:09:15
Doctors_2_3,1.0,0.6004618937644342,0.15915925800800323,0.9805122089624244,AVISTA,1.0.7,2026-09-19T19:09:15
Doctors_2_3,1.0,0.6018518518518519,0.16061928868293762,0.9805122089624244,AVISTA,1.0.7,2026-09-19T19:09:15
Doctors_2_3,1.0,0.6032482598607889,0.16158270835876465,0.9805122089624244,AVISTA,1.0.7,2026-09-19T19:09:15
Doctors_2_3,1.0,0.6046511627906976,0.16174042224884033,0.9805122089624244,AVISTA,1.0.7,2026-09-19T19:09:15
Doctors_2_3,1.0,0.6060606060606061,0.16251587867736816,0.9805122089624244,AVISTA,1.0.7,2026-09-19T19:09:15
Doctors_2_3,1.0,0.6074766355140186,0.1694863736629486,0.9805122089624244,AVISTA,1.0.7,2026-09-19T19:09:15
Doctors_2_3,1.0,0.6088992974238876,0.16986483335494995,0.9805122089624244,AVISTA,1.0.7,2026-09-19T19:09:15
Doctors_2_3,1.0,0.6103286384976526,0.17028690874576569,0.9805122089624244,AVISTA,1.0.7,2026-09-19T19:09:15
Doctors_2_3,1.0,0.611764705882353,0.17684714496135712,0.9805122089624244,AVISTA,1.0.7,2026-09-19T19:09:15
Doctors_2_3,1.0,0.6132075471698113,0.17686958611011505,0.9805122089624244,AVISTA,1.0.7,2026-09-19T19:09:15
Doctors_2_3,1.0,0.6146572104018913,0.1775282770395279,0.9805122089624244,AVISTA,1.0.7,2026-09-19T19:09:15
Doctors_2_3,1.0,0.6161137440758294,0.17763566970825195,0.9805122089624244,AVISTA,1.0.7,2026-09-19T19:09:15
Doctors_2_3,1.0,0.6175771971496437,0.1804077923297882,0.9805122089624244,AVISTA,1.0.7,2026-09-19T19:09:15
Doctors_2_3,1.0,0.6190476190476191,0.18064440786838531,0.9805122089624244,AVISTA,1.0.7,2026-09-19T19:09:15
Doctors_2_3,1.0,0.6205250596658711,0.1845964640378952,0.9805122089624244,AVISTA,1.0.7,2026-09-19T19:09:15
Doctors_2_3,1.0,0.6220095693779905,0.18832966685295105,0.9805122089624244,AVISTA,1.0.7,2026-09-19T19:09:15
Doctors_2_3,1.0,0.6235011990407674,0.19084098935127258,0.9805122089624244,AVISTA,1.0.7,2026-09-19T19:09:15
Doctors_2_3,1.0,0.625,0.19157610833644867,0.9805122089624244,AVISTA,1.0.7,2026-09-19T19:09:15
Doctors_2_3,1.0,0.6265060240963856,0.19164441525936127,0.9805122089624244,AVISTA,1.0.7,2026-09-19T19:09:15
Doctors_2_3,1.0,0.6280193236714976,0.1919863522052765,0.9805122089624244,AVISTA,1.0.7,2026-09-19T19:09:15
Doctors_2_3,1.0,0.6295399515738499,0.1935693323612213,0.9805122089624244,AVISTA,1.0.7,2026-09-19T19:09:15
Doctors_2_3,1.0,0.6310679611650486,0.19490766525268555,0.9805122089624244,AVISTA,1.0.7,2026-09-19T19:09:15
Doctors_2_3,1.0,0.6326034063260341,0.1949145793914795,0.9805122089624244,AVISTA,1.0.7,2026-09-19T19:09:15
Doctors_2_3,1.0,0.6341463414634146,0.1958632469177246,0.9805122089624244,AVISTA,1.0.7,2026-09-19T19:09:15
Doctors_2_3,1.0,0.6356968215158925,0.19625432789325714,0.9805122089624244,AVISTA,1.0.7,2026-09-19T19:09:15
Doctors_2_3,1.0,0.6372549019607843,0.198884978890419,0.9805122089624244,AVISTA,1.0.7,2026-09-19T19:09:15
Doctors_2_3,1.0,0.6388206388206388,0.20053544640541077,0.9805122089624244,AVISTA,1.0.7,2026-09-19T19:09:15
Doctors_2_3,1.0,0.6403940886699507,0.2027600109577179,0.9805122089624244,AVISTA,1.0.7,2026-09-19T19:09:15
Doctors_2_3,1.0,0.6419753086419753,0.2027713507413864,0.9805122089624244,AVISTA,1.0.7,2026-09-19T19:09:15
Doctors_2_3,1.0,0.6435643564356436,0.20541849732398987,0.9805122089624244,AVISTA,1.0.7,2026-09-19T19:09:15
Doctors_2_3,1.0,0.6451612903225806,0.2090529352426529,0.9805122089624244,AVISTA,1.0.7,2026-09-19T19:09:15
Doctors_2_3,1.0,0.6467661691542289,0.21119676530361176,0.9805122089624244,AVISTA,1.0.7,2026-09-19T19:09:15
Doctors_2_3,1.0,0.6483790523690773,0.21207433938980103,0.9805122089624244,AVISTA,1.0.7,2026-09-19T19:09:15
Doctors_2_3,1.0,0.65,0.21299204230308533,0.9805122089624244,AVISTA,1.0.7,2026-09-19T19:09:15
Doctors_2_3,1.0,0.6516290726817042,0.21332113444805145,0.9805122089624244,AVISTA,1.0.7,2026-09-19T19:09:15
Doctors_2_3,1.0,0.6532663316582915,0.21847501397132874,0.9805122089624244,AVISTA,1.0.7,2026-09-19T19:09:15
Doctors_2_3,1.0,0.654911838790932,0.21988990902900696,0.9805122089624244,AVISTA,1.0.7,2026-09-19T19:09:15
Doctors_2_3,1.0,0.6565656565656566,0.2230970859527588,0.9805122089624244,AVISTA,1.0.7,2026-09-19T19:09:15
Doctors_2_3,1.0,0.6582278481012658,0.22323180735111237,0.9805122089624244,AVISTA,1.0.7,2026-09-19T19:09:15
Doctors_2_3,1.0,0.6598984771573604,0.2232549488544464,0.9805122089624244,AVISTA,1.0.7,2026-09-19T19:09:15
Doctors_2_3,1.0,0.6615776081424937,0.2241707146167755,0.9805122089624244,AVISTA,1.0.7,2026-09-19T19:09:15
Doctors_2_3,1.0,0.6632653061224489,0.2244839370250702,0.9805122089624244,AVISTA,1.0.7,2026-09-19T19:09:15
Doctors_2_3,1.0,0.6649616368286445,0.22513392567634583,0.9805122089624244,AVISTA,1.0.7,2026-09-19T19:09:15
Doctors_2_3,1.0,0.6683804627249358,0.22562645375728607,0.9805122089624244,AVISTA,1.0.7,2026-09-19T19:09:15
Doctors_2_3,1.0,0.6701030927835051,0.22596679627895355,0.9805122089624244,AVISTA,1.0.7,2026-09-19T19:09:15
Doctors_2_3,1.0,0.6718346253229974,0.2281554639339447,0.9805122089624244,AVISTA,1.0.7,2026-09-19T19:09:15
Doctors_2_3,1.0,0.6735751295336787,0.231367826461792,0.9805122089624244,AVISTA,1.0.7,2026-09-19T19:09:15
Doctors_2_3,1.0,0.6753246753246753,0.2314765304327011,0.9805122089624244,AVISTA,1.0.7,2026-09-19T19:09:15
Doctors_2_3,1.0,0.6770833333333334,0.23193609714508057,0.9805122089624244,AVISTA,1.0.7,2026-09-19T19:09:15
Doctors_2_3,1.0,0.6788511749347258,0.23264260590076447,0.9805122089624244,AVISTA,1.0.7,2026-09-19T19:09:15
Doctors_2_3,1.0,0.680628272251309,0.2327931970357895,0.9805122089624244,AVISTA,1.0.7,2026-09-19T19:09:15
Doctors_2_3,1.0,0.6824146981627297,0.2336796224117279,0.9805122089624244,AVISTA,1.0.7,2026-09-19T19:09:15
Doctors_2_3,1.0,0.6842105263157895,0.23523564636707306,0.9805122089624244,AVISTA,1.0.7,2026-09-19T19:09:15
Doctors_2_3,1.0,0.6860158311345647,0.23534394800662994,0.9805122089624244,AVISTA,1.0.7,2026-09-19T19:09:15
Doctors_2_3,1.0,0.6878306878306878,0.23574797809123993,0.9805122089624244,AVISTA,1.0.7,2026-09-19T19:09:15
Doctors_2_3,1.0,0.6896551724137931,0.2384624034166336,0.9805122089624244,AVISTA,1.0.7,2026-09-19T19:09:15
Doctors_2_3,1.0,0.6914893617021277,0.24187692999839783,0.9805122089624244,AVISTA,1.0.7,2026-09-19T19:09:15
Doctors_2_3,1.0,0.6933333333333334,0.24297651648521423,0.9805122089624244,AVISTA,1.0.7,2026-09-19T19:09:15
Doctors_2_3,1.0,0.6951871657754011,0.2441546618938446,0.9805122089624244,AVISTA,1.0.7,2026-09-19T19:09:15
Doctors_2_3,1.0,0.6970509383378016,0.24525554478168488,0.9805122089624244,AVISTA,1.0.7,2026-09-19T19:09:15
Doctors_2_3,1.0,0.6989247311827957,0.24526095390319824,0.9805122089624244,AVISTA,1.0.7,2026-09-19T19:09:15
Doctors_2_3,1.0,0.7008086253369272,0.2487131655216217,0.9805122089624244,AVISTA,1.0.7,2026-09-19T19:09:15
Doctors_2_3,1.0,0.7027027027027027,0.2536911070346832,0.9805122089624244,AVISTA,1.0.7,2026-09-19T19:09:15
Doctors_2_3,1.0,0.7046070460704607,0.2537602186203003,0.9805122089624244,AVISTA,1.0.7,2026-09-19T19:09:15
Doctors_2_3,1.0,0.7065217391304348,0.25755271315574646,0.9805122089624244,AVISTA,1.0.7,2026-09-19T19:09:15
Doctors_2_3,1.0,0.7084468664850136,0.2590084969997406,0.9805122089624244,AVISTA,1.0.7,2026-09-19T19:09:15
Doctors_2_3,1.0,0.7103825136612022,0.25976040959358215,0.9805122089624244,AVISTA,1.0.7,2026-09-19T19:09:15
Doctors_2_3,1.0,0.7142857142857143,0.2602885365486145,0.9805122089624244,AVISTA,1.0.7,2026-09-19T19:09:15
Doctors_2_3,1.0,0.7162534435261708,0.26584145426750183,0.9805122089624244,AVISTA,1.0.7,2026-09-19T19:09:15
Doctors_2_3,1.0,0.7182320441988951,0.26654279232025146,0.9805122089624244,AVISTA,1.0.7,2026-09-19T19:09:15
Doctors_2_3,1.0,0.7202216066481995,0.26811474561691284,0.9805122089624244,AVISTA,1.0.7,2026-09-19T19:09:15
Doctors_2_3,1.0,0.7222222222222222,0.27247485518455505,0.9805122089624244,AVISTA,1.0.7,2026-09-19T19:09:15
Doctors_2_3,1.0,0.724233983286908,0.2752689719200134,0.9805122089624244,AVISTA,1.0.7,2026-09-19T19:09:15
Doctors_2_3,1.0,0.7262569832402235,0.277655690908432,0.9805122089624244,AVISTA,1.0.7,2026-09-19T19:09:15
Doctors_2_3,1.0,0.7282913165266106,0.27819520235061646,0.9805122089624244,AVISTA,1.0.7,2026-09-19T19:09:15
Doctors_2_3,1.0,0.7303370786516854,0.27836424112319946,0.9805122089624244,AVISTA,1.0.7,2026-09-19T19:09:15
Doctors_2_3,1.0,0.7323943661971831,0.2834495007991791,0.9805122089624244,AVISTA,1.0.7,2026-09-19T19:09:15
Doctors_2_3,1.0,0.7344632768361582,0.28377845883369446,0.9805122089624244,AVISTA,1.0.7,2026-09-19T19:09:15
Doctors_2_3,1.0,0.7365439093484419,0.2841626703739166,0.9805122089624244,AVISTA,1.0.7,2026-09-19T19:09:15
Doctors_2_3,1.0,0.7386363636363636,0.2883823812007904,0.9805122089624244,AVISTA,1.0.7,2026-09-19T19:09:15
Doctors_2_3,1.0,0.7407407407407407,0.2935813367366791,0.9805122089624244,AVISTA,1.0.7,2026-09-19T19:09:15
Doctors_2_3,1.0,0.7428571428571429,0.29614686965942383,0.9805122089624244,AVISTA,1.0.7,2026-09-19T19:09:15
Doctors_2_3,0.9961538461538462,0.7463976945244957,0.2966214120388031,0.9805122089624244,AVISTA,1.0.7,2026-09-19T19:09:15
Doctors_2_3,0.9961538461538462,0.7485549132947977,0.29741260409355164,0.9805122089624244,AVISTA,1.0.7,2026-09-19T19:09:15
Doctors_2_3,0.9961538461538462,0.7507246376811594,0.30077698826789856,0.9805122089624244,AVISTA,1.0.7,2026-09-19T19:09:15
Doctors_2_3,0.9961538461538462,0.752906976744186,0.30301809310913086,0.9805122089624244,AVISTA,1.0.7,2026-09-19T19:09:15
Doctors_2_3,0.9961538461538462,0.7551020408163265,0.3033897876739502,0.9805122089624244,AVISTA,1.0.7,2026-09-19T19:09:15
Doctors_2_3,0.9961538461538462,0.7573099415204678,0.30595922470092773,0.9805122089624244,AVISTA,1.0.7,2026-09-19T19:09:15
Doctors_2_3,0.9961538461538462,0.7595307917888563,0.30698731541633606,0.9805122089624244,AVISTA,1.0.7,2026-09-19T19:09:15
Doctors_2_3,0.9961538461538462,0.7617647058823529,0.30854207277297974,0.9805122089624244,AVISTA,1.0.7,2026-09-19T19:09:15
Doctors_2_3,0.9961538461538462,0.7640117994100295,0.3127903938293457,0.9805122089624244,AVISTA,1.0.7,2026-09-19T19:09:15
Doctors_2_3,0.9961538461538462,0.7662721893491125,0.31833523511886597,0.9805122089624244,AVISTA,1.0.7,2026-09-19T19:09:15
Doctors_2_3,0.9961538461538462,0.7685459940652819,0.3184620141983032,0.9805122089624244,AVISTA,1.0.7,2026-09-19T19:09:15
Doctors_2_3,0.9961538461538462,0.7731343283582089,0.3211861848831177,0.9805122089624244,AVISTA,1.0.7,2026-09-19T19:09:15
Doctors_2_3,0.9961538461538462,0.7754491017964071,0.32197991013526917,0.9805122089624244,AVISTA,1.0.7,2026-09-19T19:09:15
Doctors_2_3,0.9961538461538462,0.7777777777777778,0.32358574867248535,0.9805122089624244,AVISTA,1.0.7,2026-09-19T19:09:15
Doctors_2_3,0.9961538461538462,0.7801204819277109,0.3242625296115875,0.9805122089624244,AVISTA,1.0.7,2026-09-19T19:09:15
Doctors_2_3,0.9961538461538462,0.7824773413897281,0.3248630166053772,0.9805122089624244,AVISTA,1.0.7,2026-09-19T19:09:15
Doctors_2_3,0.9961538461538462,0.7848484848484848,0.32593315839767456,0.9805122089624244,AVISTA,1.0.7,2026-09-19T19:09:15
Doctors_2_3,0.9961538461538462,0.7872340425531915,0.34141257405281067,0.9805122089624244,AVISTA,1.0.7,2026-09-19T19:09:15
Doctors_2_3,0.9961538461538462,0.7896341463414634,0.3461190462112427,0.9805122089624244,AVISTA,1.0.7,2026-09-19T19:09:15
Doctors_2_3,0.9961538461538462,0.7920489296636085,0.3464663326740265,0.9805122089624244,AVISTA,1.0.7,2026-09-19T19:09:15
Doctors_2_3,0.9961538461538462,0.7944785276073619,0.34656935930252075,0.9805122089624244,AVISTA,1.0.7,2026-09-19T19:09:15
Doctors_2_3,0.9961538461538462,0.796923076923077,0.348454087972641,0.9805122089624244,AVISTA,1.0.7,2026-09-19T19:09:15
Doctors_2_3,0.9923076923076923,0.7987616099071208,0.3558441996574402,0.9805122089624244,AVISTA,1.0.7,2026-09-19T19:09:15
Doctors_2_3,0.9923076923076923,0.8012422360248447,0.35746437311172485,0.9805122089624244,AVISTA,1.0.7,2026-09-19T19:09:15
Doctors_2_3,0.9923076923076923,0.8037383177570093,0.3610076308250427,0.9805122089624244,AVISTA,1.0.7,2026-09-19T19:09:15
Doctors_2_3,0.9923076923076923,0.80625,0.3637988269329071,0.9805122089624244,AVISTA,1.0.7,2026-09-19T19:09:15
Doctors_2_3,0.9923076923076923,0.8113207547169812,0.3709269165992737,0.9805122089624244,AVISTA,1.0.7,2026-09-19T19:09:15
Doctors_2_3,0.9923076923076923,0.8138801261829653,0.3723945915699005,0.9805122089624244,AVISTA,1.0.7,2026-09-19T19:09:15
Doctors_2_3,0.9923076923076923,0.8164556962025317,0.373811274766922,0.9805122089624244,AVISTA,1.0.7,2026-09-19T19:09:15
Doctors_2_3,0.9923076923076923,0.819047619047619,0.37823984026908875,0.9805122089624244,AVISTA,1.0.7,2026-09-19T19:09:15
Doctors_2_3,0.9923076923076923,0.821656050955414,0.38293763995170593,0.9805122089624244,AVISTA,1.0.7,2026-09-19T19:09:15
Doctors_2_3,0.9923076923076923,0.8242811501597445,0.38730815052986145,0.9805122089624244,AVISTA,1.0.7,2026-09-19T19:09:15
Doctors_2_3,0.9884615384615385,0.8290322580645161,0.39733999967575073,0.9805122089624244,AVISTA,1.0.7,2026-09-19T19:09:15
Doctors_2_3,0.9884615384615385,0.8317152103559871,0.4003192186355591,0.9805122089624244,AVISTA,1.0.7,2026-09-19T19:09:15
Doctors_2_3,0.9884615384615385,0.8344155844155844,0.40142905712127686,0.9805122089624244,AVISTA,1.0.7,2026-09-19T19:09:15
Doctors_2_3,0.9884615384615385,0.8371335504885994,0.4041599929332733,0.9805122089624244,AVISTA,1.0.7,2026-09-19T19:09:15
Doctors_2_3,0.9884615384615385,0.8398692810457516,0.4074594974517822,0.9805122089624244,AVISTA,1.0.7,2026-09-19T19:09:15
Doctors_2_3,0.9884615384615385,0.8426229508196721,0.4151095151901245,0.9805122089624244,AVISTA,1.0.7,2026-09-19T19:09:15
Doctors_2_3,0.9846153846153847,0.847682119205298,0.41961002349853516,0.9805122089624244,AVISTA,1.0.7,2026-09-19T19:09:15
Doctors_2_3,0.9846153846153847,0.8504983388704319,0.42119482159614563,0.9805122089624244,AVISTA,1.0.7,2026-09-19T19:09:15
Doctors_2_3,0.9846153846153847,0.8533333333333334,0.4220597445964813,0.9805122089624244,AVISTA,1.0.7,2026-09-19T19:09:15
Doctors_2_3,0.9807692307692307,0.8528428093645485,0.4247436225414276,0.9805122089624244,AVISTA,1.0.7,2026-09-19T19:09:15
Doctors_2_3,0.9807692307692307,0.8557046979865772,0.4265938997268677,0.9805122089624244,AVISTA,1.0.7,2026-09-19T19:09:15
Doctors_2_3,0.9807692307692307,0.8585858585858586,0.4284587502479553,0.9805122089624244,AVISTA,1.0.7,2026-09-19T19:09:15
Doctors_2_3,0.9807692307692307,0.8614864864864865,0.4301341474056244,0.9805122089624244,AVISTA,1.0.7,2026-09-19T19:09:15
Doctors_2_3,0.9769230769230769,0.8698630136986302,0.43041589856147766,0.9805122089624244,AVISTA,1.0.7,2026-09-19T19:09:15
Doctors_2_3,0.9730769230769231,0.8784722222222222,0.43166083097457886,0.9805122089624244,AVISTA,1.0.7,2026-09-19T19:09:15
Doctors_2_3,0.9730769230769231,0.8815331010452961,0.43599072098731995,0.9805122089624244,AVISTA,1.0.7,2026-09-19T19:09:15
Doctors_2_3,0.9730769230769231,0.8846153846153846,0.4373115301132202,0.9805122089624244,AVISTA,1.0.7,2026-09-19T19:09:15
Doctors_2_3,0.9692307692307692,0.8842105263157894,0.4435519874095917,0.9805122089624244,AVISTA,1.0.7,2026-09-19T19:09:15
Doctors_2_3,0.9692307692307692,0.8873239436619719,0.44420501589775085,0.9805122089624244,AVISTA,1.0.7,2026-09-19T19:09:15
Doctors_2_3,0.9692307692307692,0.8904593639575972,0.44656333327293396,0.9805122089624244,AVISTA,1.0.7,2026-09-19T19:09:15
Doctors_2_3,0.9692307692307692,0.8936170212765957,0.4517360031604767,0.9805122089624244,AVISTA,1.0.7,2026-09-19T19:09:15
Doctors_2_3,0.9653846153846154,0.8932384341637011,0.4529140591621399,0.9805122089624244,AVISTA,1.0.7,2026-09-19T19:09:15
Doctors_2_3,0.9653846153846154,0.8964285714285715,0.45531126856803894,0.9805122089624244,AVISTA,1.0.7,2026-09-19T19:09:15
Doctors_2_3,0.9653846153846154,0.899641577060932,0.4573381543159485,0.9805122089624244,AVISTA,1.0.7,2026-09-19T19:09:15
Doctors_2_3,0.9653846153846154,0.9028776978417267,0.45737919211387634,0.9805122089624244,AVISTA,1.0.7,2026-09-19T19:09:15
Doctors_2_3,0.9615384615384616,0.9090909090909091,0.4596315920352936,0.9805122089624244,AVISTA,1.0.7,2026-09-19T19:09:15
Doctors_2_3,0.9576923076923077,0.9087591240875912,0.4617190659046173,0.9805122089624244,AVISTA,1.0.7,2026-09-19T19:09:15
Doctors_2_3,0.9538461538461539,0.9084249084249084,0.462287962436676,0.9805122089624244,AVISTA,1.0.7,2026-09-19T19:09:15
Doctors_2_3,0.9538461538461539,0.9117647058823529,0.47768428921699524,0.9805122089624244,AVISTA,1.0.7,2026-09-19T19:09:15
Doctors_2_3,0.9538461538461539,0.915129151291513,0.47888055443763733,0.9805122089624244,AVISTA,1.0.7,2026-09-19T19:09:15
Doctors_2_3,0.95,0.9216417910447762,0.4840286672115326,0.9805122089624244,AVISTA,1.0.7,2026-09-19T19:09:15
Doctors_2_3,0.95,0.9250936329588015,0.4853156805038452,0.9805122089624244,AVISTA,1.0.7,2026-09-19T19:09:15
Doctors_2_3,0.9461538461538461,0.9283018867924528,0.4869765341281891,0.9805122089624244,AVISTA,1.0.7,2026-09-19T19:09:15
Doctors_2_3,0.9384615384615385,0.9277566539923955,0.49054786562919617,0.9805122089624244,AVISTA,1.0.7,2026-09-19T19:09:15
Doctors_2_3,0.9307692307692308,0.9272030651340997,0.4959838092327118,0.9805122089624244,AVISTA,1.0.7,2026-09-19T19:09:15
Doctors_2_3,0.9307692307692308,0.9343629343629344,0.49921363592147827,0.9805122089624244,AVISTA,1.0.7,2026-09-19T19:09:15
Doctors_2_3,0.926923076923077,0.9341085271317829,0.4994489550590515,0.9805122089624244,AVISTA,1.0.7,2026-09-19T19:09:15
Doctors_2_3,0.926923076923077,0.9377431906614786,0.5053734183311462,0.9805122089624244,AVISTA,1.0.7,2026-09-19T19:09:15
Doctors_2_3,0.9230769230769231,0.9375,0.50958251953125,0.9805122089624244,AVISTA,1.0.7,2026-09-19T19:09:15
Doctors_2_3,0.9192307692307692,0.9372549019607843,0.5127862095832825,0.9805122089624244,AVISTA,1.0.7,2026-09-19T19:09:15
Doctors_2_3,0.9192307692307692,0.9409448818897638,0.5141919255256653,0.9805122089624244,AVISTA,1.0.7,2026-09-19T19:09:15
Doctors_2_3,0.9153846153846154,0.9407114624505929,0.5154682993888855,0.9805122089624244,AVISTA,1.0.7,2026-09-19T19:09:15
Doctors_2_3,0.9153846153846154,0.9444444444444444,0.5206576585769653,0.9805122089624244,AVISTA,1.0.7,2026-09-19T19:09:15
Doctors_2_3,0.9115384615384615,0.9442231075697212,0.523008406162262,0.9805122089624244,AVISTA,1.0.7,2026-09-19T19:09:15
Doctors_2_3,0.9076923076923077,0.944,0.5408012270927429,0.9805122089624244,AVISTA,1.0.7,2026-09-19T19:09:15
Doctors_2_3,0.9038461538461539,0.9437751004016064,0.5412673950195312,0.9805122089624244,AVISTA,1.0.7,2026-09-19T19:09:15
Doctors_2_3,0.9,0.9473684210526315,0.5432453751564026,0.9805122089624244,AVISTA,1.0.7,2026-09-19T19:09:15
Doctors_2_3,0.8961538461538462,0.9471544715447154,0.553948163986206,0.9805122089624244,AVISTA,1.0.7,2026-09-19T19:09:15
Doctors_2_3,0.8923076923076924,0.9469387755102041,0.5557262897491455,0.9805122089624244,AVISTA,1.0.7,2026-09-19T19:09:15
Doctors_2_3,0.8846153846153846,0.9543568464730291,0.5588335990905762,0.9805122089624244,AVISTA,1.0.7,2026-09-19T19:09:15
Doctors_2_3,0.8807692307692307,0.9541666666666667,0.5601913928985596,0.9805122089624244,AVISTA,1.0.7,2026-09-19T19:09:15
Doctors_2_3,0.8769230769230769,0.9539748953974896,0.5604785680770874,0.9805122089624244,AVISTA,1.0.7,2026-09-19T19:09:15
Doctors_2_3,0.8769230769230769,0.957983193277311,0.5713898539543152,0.9805122089624244,AVISTA,1.0.7,2026-09-19T19:09:15
Doctors_2_3,0.8730769230769231,0.9578059071729957,0.5746432542800903,0.9805122089624244,AVISTA,1.0.7,2026-09-19T19:09:15
Doctors_2_3,0.8730769230769231,0.961864406779661,0.5755183100700378,0.9805122089624244,AVISTA,1.0.7,2026-09-19T19:09:15
Doctors_2_3,0.8692307692307693,0.9617021276595744,0.5756336450576782,0.9805122089624244,AVISTA,1.0.7,2026-09-19T19:09:15
Doctors_2_3,0.8653846153846154,0.9615384615384616,0.5777875185012817,0.9805122089624244,AVISTA,1.0.7,2026-09-19T19:09:15
Doctors_2_3,0.8615384615384616,0.9613733905579399,0.5873246788978577,0.9805122089624244,AVISTA,1.0.7,2026-09-19T19:09:15
Doctors_2_3,0.8576923076923076,0.9612068965517241,0.5892943143844604,0.9805122089624244,AVISTA,1.0.7,2026-09-19T19:09:15
Doctors_2_3,0.8538461538461538,0.961038961038961,0.591131329536438,0.9805122089624244,AVISTA,1.0.7,2026-09-19T19:09:15
Doctors_2_3,0.85,0.9608695652173913,0.5929285287857056,0.9805122089624244,AVISTA,1.0.7,2026-09-19T19:09:15
Doctors_2_3,0.8461538461538461,0.9606986899563319,0.5946295261383057,0.9805122089624244,AVISTA,1.0.7,2026-09-19T19:09:15
Doctors_2_3,0.8461538461538461,0.9649122807017544,0.5966927409172058,0.9805122089624244,AVISTA,1.0.7,2026-09-19T19:09:15
Doctors_2_3,0.8423076923076923,0.9690265486725663,0.6063039302825928,0.9805122089624244,AVISTA,1.0.7,2026-09-19T19:09:15
Doctors_2_3,0.8346153846153846,0.96875,0.6063067317008972,0.9805122089624244,AVISTA,1.0.7,2026-09-19T19:09:15
Doctors_2_3,0.8307692307692308,0.968609865470852,0.6066833734512329,0.9805122089624244,AVISTA,1.0.7,2026-09-19T19:09:15
Doctors_2_3,0.8269230769230769,0.9684684684684685,0.6075199246406555,0.9805122089624244,AVISTA,1.0.7,2026-09-19T19:09:15
Doctors_2_3,0.823076923076923,0.9683257918552036,0.6100915670394897,0.9805122089624244,AVISTA,1.0.7,2026-09-19T19:09:15
Doctors_2_3,0.8192307692307692,0.9681818181818181,0.6110672354698181,0.9805122089624244,AVISTA,1.0.7,2026-09-19T19:09:15
Doctors_2_3,0.8153846153846154,0.9680365296803652,0.6110900640487671,0.9805122089624244,AVISTA,1.0.7,2026-09-19T19:09:15
Doctors_2_3,0.8115384615384615,0.9678899082568807,0.6225666999816895,0.9805122089624244,AVISTA,1.0.7,2026-09-19T19:09:15
Doctors_2_3,0.8076923076923077,0.967741935483871,0.6319862008094788,0.9805122089624244,AVISTA,1.0.7,2026-09-19T19:09:15
Doctors_2_3,0.8038461538461539,0.9675925925925926,0.6331427693367004,0.9805122089624244,AVISTA,1.0.7,2026-09-19T19:09:15
Doctors_2_3,0.8,0.9674418604651163,0.6347132921218872,0.9805122089624244,AVISTA,1.0.7,2026-09-19T19:09:15
Doctors_2_3,0.7961538461538461,0.9672897196261683,0.6406140923500061,0.9805122089624244,AVISTA,1.0.7,2026-09-19T19:09:15
Doctors_2_3,0.7884615384615384,0.9669811320754716,0.6463409066200256,0.9805122089624244,AVISTA,1.0.7,2026-09-19T19:09:15
Doctors_2_3,0.7846153846153846,0.9714285714285714,0.6512085199356079,0.9805122089624244,AVISTA,1.0.7,2026-09-19T19:09:15
Doctors_2_3,0.7807692307692308,0.9712918660287081,0.6535488963127136,0.9805122089624244,AVISTA,1.0.7,2026-09-19T19:09:15
Doctors_2_3,0.7769230769230769,0.9758454106280193,0.6535578370094299,0.9805122089624244,AVISTA,1.0.7,2026-09-19T19:09:15
Doctors_2_3,0.7730769230769231,0.9757281553398058,0.6568031311035156,0.9805122089624244,AVISTA,1.0.7,2026-09-19T19:09:15
Doctors_2_3,0.7692307692307693,0.975609756097561,0.6577496528625488,0.9805122089624244,AVISTA,1.0.7,2026-09-19T19:09:15
Doctors_2_3,0.7615384615384615,0.9753694581280788,0.6588914394378662,0.9805122089624244,AVISTA,1.0.7,2026-09-19T19:09:15
Doctors_2_3,0.7576923076923077,0.9752475247524752,0.6655402779579163,0.9805122089624244,AVISTA,1.0.7,2026-09-19T19:09:15
Doctors_2_3,0.7538461538461538,0.9751243781094527,0.6672676801681519,0.9805122089624244,AVISTA,1.0.7,2026-09-19T19:09:15
Doctors_2_3,0.7461538461538462,0.9797979797979798,0.6697499752044678,0.9805122089624244,AVISTA,1.0.7,2026-09-19T19:09:15
Doctors_2_3,0.7423076923076923,0.9796954314720813,0.669888973236084,0.9805122089624244,AVISTA,1.0.7,2026-09-19T19:09:15
Doctors_2_3,0.7384615384615385,0.9795918367346939,0.6754754781723022,0.9805122089624244,AVISTA,1.0.7,2026-09-19T19:09:15
Doctors_2_3,0.7346153846153847,0.9794871794871794,0.6762933135032654,0.9805122089624244,AVISTA,1.0.7,2026-09-19T19:09:15
Doctors_2_3,0.7307692307692307,0.979381443298969,0.6771218180656433,0.9805122089624244,AVISTA,1.0.7,2026-09-19T19:09:15
Doctors_2_3,0.7269230769230769,0.9792746113989638,0.6787417531013489,0.9805122089624244,AVISTA,1.0.7,2026-09-19T19:09:15
Doctors_2_3,0.7230769230769231,0.9791666666666666,0.680079996585846,0.9805122089624244,AVISTA,1.0.7,2026-09-19T19:09:15
Doctors_2_3,0.7192307692307692,0.9790575916230366,0.6867063641548157,0.9805122089624244,AVISTA,1.0.7,2026-09-19T19:09:15
Doctors_2_3,0.7153846153846154,0.9789473684210527,0.6908047795295715,0.9805122089624244,AVISTA,1.0.7,2026-09-19T19:09:15
Doctors_2_3,0.7115384615384616,0.9788359788359788,0.6924318075180054,0.9805122089624244,AVISTA,1.0.7,2026-09-19T19:09:15
Doctors_2_3,0.7076923076923077,0.9787234042553191,0.6951608657836914,0.9805122089624244,AVISTA,1.0.7,2026-09-19T19:09:15
Doctors_2_3,0.7038461538461539,0.9786096256684492,0.7017897963523865,0.9805122089624244,AVISTA,1.0.7,2026-09-19T19:09:15
Doctors_2_3,0.7,0.978494623655914,0.701835572719574,0.9805122089624244,AVISTA,1.0.7,2026-09-19T19:09:15
Doctors_2_3,0.6961538461538461,0.9783783783783784,0.7070058584213257,0.9805122089624244,AVISTA,1.0.7,2026-09-19T19:09:15
Doctors_2_3,0.6923076923076923,0.9782608695652174,0.7093350291252136,0.9805122089624244,AVISTA,1.0.7,2026-09-19T19:09:15
Doctors_2_3,0.6884615384615385,0.9781420765027322,0.7158127427101135,0.9805122089624244,AVISTA,1.0.7,2026-09-19T19:09:15
Doctors_2_3,0.6846153846153846,0.978021978021978,0.7164397239685059,0.9805122089624244,AVISTA,1.0.7,2026-09-19T19:09:15
Doctors_2_3,0.6807692307692308,0.9779005524861878,0.7184198498725891,0.9805122089624244,AVISTA,1.0.7,2026-09-19T19:09:15
Doctors_2_3,0.676923076923077,0.9777777777777777,0.7189472317695618,0.9805122089624244,AVISTA,1.0.7,2026-09-19T19:09:15
Doctors_2_3,0.6730769230769231,0.9776536312849162,0.7198874354362488,0.9805122089624244,AVISTA,1.0.7,2026-09-19T19:09:15
Doctors_2_3,0.6730769230769231,0.9831460674157303,0.7199770212173462,0.9805122089624244,AVISTA,1.0.7,2026-09-19T19:09:15
Doctors_2_3,0.6692307692307692,0.9830508474576272,0.7201084494590759,0.9805122089624244,AVISTA,1.0.7,2026-09-19T19:09:15
Doctors_2_3,0.6653846153846154,0.9829545454545454,0.7218152284622192,0.9805122089624244,AVISTA,1.0.7,2026-09-19T19:09:15
Doctors_2_3,0.6615384615384615,0.9828571428571429,0.7232520580291748,0.9805122089624244,AVISTA,1.0.7,2026-09-19T19:09:15
Doctors_2_3,0.6576923076923077,0.9827586206896551,0.7243413925170898,0.9805122089624244,AVISTA,1.0.7,2026-09-19T19:09:15
Doctors_2_3,0.6538461538461539,0.9826589595375722,0.7251321077346802,0.9805122089624244,AVISTA,1.0.7,2026-09-19T19:09:15
Doctors_2_3,0.65,0.9825581395348837,0.725324809551239,0.9805122089624244,AVISTA,1.0.7,2026-09-19T19:09:15
Doctors_2_3,0.65,0.9883040935672515,0.7282603979110718,0.9805122089624244,AVISTA,1.0.7,2026-09-19T19:09:15
Doctors_2_3,0.6461538461538462,0.9882352941176471,0.7287083864212036,0.9805122089624244,AVISTA,1.0.7,2026-09-19T19:09:15
Doctors_2_3,0.6423076923076924,0.9881656804733728,0.7297414541244507,0.9805122089624244,AVISTA,1.0.7,2026-09-19T19:09:15
Doctors_2_3,0.6384615384615384,0.9880952380952381,0.7303576469421387,0.9805122089624244,AVISTA,1.0.7,2026-09-19T19:09:15
Doctors_2_3,0.6346153846153846,0.9880239520958084,0.7309529781341553,0.9805122089624244,AVISTA,1.0.7,2026-09-19T19:09:15
Doctors_2_3,0.6307692307692307,0.9879518072289156,0.7325475811958313,0.9805122089624244,AVISTA,1.0.7,2026-09-19T19:09:15
Doctors_2_3,0.6269230769230769,0.9878787878787879,0.7325925827026367,0.9805122089624244,AVISTA,1.0.7,2026-09-19T19:09:15
Doctors_2_3,0.6230769230769231,0.9878048780487805,0.7338721752166748,0.9805122089624244,AVISTA,1.0.7,2026-09-19T19:09:15
Doctors_2_3,0.6192307692307693,0.9877300613496932,0.735331118106842,0.9805122089624244,AVISTA,1.0.7,2026-09-19T19:09:15
Doctors_2_3,0.6153846153846154,0.9876543209876543,0.7365161180496216,0.9805122089624244,AVISTA,1.0.7,2026-09-19T19:09:15
Doctors_2_3,0.6115384615384616,0.9875776397515528,0.7372459769248962,0.9805122089624244,AVISTA,1.0.7,2026-09-19T19:09:15
Doctors_2_3,0.6076923076923076,0.9875,0.7379233837127686,0.9805122089624244,AVISTA,1.0.7,2026-09-19T19:09:15
Doctors_2_3,0.6038461538461538,0.9874213836477987,0.7387736439704895,0.9805122089624244,AVISTA,1.0.7,2026-09-19T19:09:15
Doctors_2_3,0.6,0.9873417721518988,0.7394046187400818,0.9805122089624244,AVISTA,1.0.7,2026-09-19T19:09:15
Doctors_2_3,0.5961538461538461,0.9872611464968153,0.7400692105293274,0.9805122089624244,AVISTA,1.0.7,2026-09-19T19:09:15
Doctors_2_3,0.5923076923076923,0.9871794871794872,0.7423192262649536,0.9805122089624244,AVISTA,1.0.7,2026-09-19T19:09:15
Doctors_2_3,0.5884615384615385,0.9870967741935484,0.7437814474105835,0.9805122089624244,AVISTA,1.0.7,2026-09-19T19:09:15
Doctors_2_3,0.5846153846153846,0.987012987012987,0.7465105652809143,0.9805122089624244,AVISTA,1.0.7,2026-09-19T19:09:15
Doctors_2_3,0.5807692307692308,0.9869281045751634,0.7475072145462036,0.9805122089624244,AVISTA,1.0.7,2026-09-19T19:09:15
Doctors_2_3,0.5769230769230769,0.9868421052631579,0.748382031917572,0.9805122089624244,AVISTA,1.0.7,2026-09-19T19:09:15
Doctors_2_3,0.573076923076923,0.9867549668874173,0.7485625147819519,0.9805122089624244,AVISTA,1.0.7,2026-09-19T19:09:15
Doctors_2_3,0.5692307692307692,0.9866666666666667,0.7503481507301331,0.9805122089624244,AVISTA,1.0.7,2026-09-19T19:09:15
Doctors_2_3,0.5653846153846154,0.9865771812080537,0.7526405453681946,0.9805122089624244,AVISTA,1.0.7,2026-09-19T19:09:15
Doctors_2_3,0.5615384615384615,0.9864864864864865,0.754423975944519,0.9805122089624244,AVISTA,1.0.7,2026-09-19T19:09:15
Doctors_2_3,0.5576923076923077,0.9863945578231292,0.7546811103820801,0.9805122089624244,AVISTA,1.0.7,2026-09-19T19:09:15
Doctors_2_3,0.5461538461538461,0.9861111111111112,0.7564560770988464,0.9805122089624244,AVISTA,1.0.7,2026-09-19T19:09:15
Doctors_2_3,0.5423076923076923,0.986013986013986,0.7573827505111694,0.9805122089624244,AVISTA,1.0.7,2026-09-19T19:09:15
Doctors_2_3,0.5384615384615384,0.9859154929577465,0.7575430274009705,0.9805122089624244,AVISTA,1.0.7,2026-09-19T19:09:15
Doctors_2_3,0.5346153846153846,0.9858156028368794,0.7608302235603333,0.9805122089624244,AVISTA,1.0.7,2026-09-19T19:09:15
Doctors_2_3,0.5307692307692308,0.9857142857142858,0.7609275579452515,0.9805122089624244,AVISTA,1.0.7,2026-09-19T19:09:15
Doctors_2_3,0.5269230769230769,0.9856115107913669,0.762848436832428,0.9805122089624244,AVISTA,1.0.7,2026-09-19T19:09:15
Doctors_2_3,0.5230769230769231,0.9855072463768116,0.7632622122764587,0.9805122089624244,AVISTA,1.0.7,2026-09-19T19:09:15
Doctors_2_3,0.5192307692307693,0.9854014598540146,0.767409086227417,0.9805122089624244,AVISTA,1.0.7,2026-09-19T19:09:15
Doctors_2_3,0.5115384615384615,0.9925373134328358,0.7716472148895264,0.9805122089624244,AVISTA,1.0.7,2026-09-19T19:09:15
Doctors_2_3,0.5076923076923077,0.9924812030075187,0.7731813192367554,0.9805122089624244,AVISTA,1.0.7,2026-09-19T19:09:15
Doctors_2_3,0.5038461538461538,0.9924242424242424,0.7733837962150574,0.9805122089624244,AVISTA,1.0.7,2026-09-19T19:09:15
Doctors_2_3,0.5,0.9923664122137404,0.775438666343689,0.9805122089624244,AVISTA,1.0.7,2026-09-19T19:09:15
Doctors_2_3,0.49615384615384617,0.9923076923076923,0.7758830785751343,0.9805122089624244,AVISTA,1.0.7,2026-09-19T19:09:15
Doctors_2_3,0.49230769230769234,0.9922480620155039,0.7784744501113892,0.9805122089624244,AVISTA,1.0.7,2026-09-19T19:09:15
Doctors_2_3,0.48846153846153845,0.9921875,0.7806143760681152,0.9805122089624244,AVISTA,1.0.7,2026-09-19T19:09:15
Doctors_2_3,0.4846153846153846,0.9921259842519685,0.7806163430213928,0.9805122089624244,AVISTA,1.0.7,2026-09-19T19:09:15
Doctors_2_3,0.47307692307692306,1.0,0.7822446823120117,0.9805122089624244,AVISTA,1.0.7,2026-09-19T19:09:15
Doctors_2_3,0.46923076923076923,1.0,0.7836260795593262,0.9805122089624244,AVISTA,1.0.7,2026-09-19T19:09:15
Doctors_2_3,0.4653846153846154,1.0,0.7844262719154358,0.9805122089624244,AVISTA,1.0.7,2026-09-19T19:09:15
Doctors_2_3,0.46153846153846156,1.0,0.7844460606575012,0.9805122089624244,AVISTA,1.0.7,2026-09-19T19:09:15
Doctors_2_3,0.4576923076923077,1.0,0.7845566272735596,0.9805122089624244,AVISTA,1.0.7,2026-09-19T19:09:15
Doctors_2_3,0.45384615384615384,1.0,0.7846413254737854,0.9805122089624244,AVISTA,1.0.7,2026-09-19T19:09:15
Doctors_2_3,0.45,1.0,0.7887459397315979,0.9805122089624244,AVISTA,1.0.7,2026-09-19T19:09:15
Doctors_2_3,0.4461538461538462,1.0,0.791236937046051,0.9805122089624244,AVISTA,1.0.7,2026-09-19T19:09:15
Doctors_2_3,0.4423076923076923,1.0,0.7925248742103577,0.9805122089624244,AVISTA,1.0.7,2026-09-19T19:09:15
Doctors_2_3,0.43846153846153846,1.0,0.7941310405731201,0.9805122089624244,AVISTA,1.0.7,2026-09-19T19:09:15
Doctors_2_3,0.4346153846153846,1.0,0.7946007251739502,0.9805122089624244,AVISTA,1.0.7,2026-09-19T19:09:15
Doctors_2_3,0.4307692307692308,1.0,0.795200765132904,0.9805122089624244,AVISTA,1.0.7,2026-09-19T19:09:15
Doctors_2_3,0.4230769230769231,1.0,0.7964263558387756,0.9805122089624244,AVISTA,1.0.7,2026-09-19T19:09:15
Doctors_2_3,0.41923076923076924,1.0,0.7969430088996887,0.9805122089624244,AVISTA,1.0.7,2026-09-19T19:09:15
Doctors_2_3,0.4153846153846154,1.0,0.798382580280304,0.9805122089624244,AVISTA,1.0.7,2026-09-19T19:09:15
Doctors_2_3,0.4115384615384615,1.0,0.8005426526069641,0.9805122089624244,AVISTA,1.0.7,2026-09-19T19:09:15
Doctors_2_3,0.4076923076923077,1.0,0.8017544746398926,0.9805122089624244,AVISTA,1.0.7,2026-09-19T19:09:15
Doctors_2_3,0.40384615384615385,1.0,0.8023425936698914,0.9805122089624244,AVISTA,1.0.7,2026-09-19T19:09:15
Doctors_2_3,0.4,1.0,0.803263247013092,0.9805122089624244,AVISTA,1.0.7,2026-09-19T19:09:15
Doctors_2_3,0.39615384615384613,1.0,0.8054649233818054,0.9805122089624244,AVISTA,1.0.7,2026-09-19T19:09:15
Doctors_2_3,0.3923076923076923,1.0,0.806117594242096,0.9805122089624244,AVISTA,1.0.7,2026-09-19T19:09:15
Doctors_2_3,0.38846153846153847,1.0,0.8063209056854248,0.9805122089624244,AVISTA,1.0.7,2026-09-19T19:09:15
Doctors_2_3,0.38461538461538464,1.0,0.8067392110824585,0.9805122089624244,AVISTA,1.0.7,2026-09-19T19:09:15
Doctors_2_3,0.38076923076923075,1.0,0.8071447014808655,0.9805122089624244,AVISTA,1.0.7,2026-09-19T19:09:15
Doctors_2_3,0.3769230769230769,1.0,0.8084504008293152,0.9805122089624244,AVISTA,1.0.7,2026-09-19T19:09:15
Doctors_2_3,0.3730769230769231,1.0,0.8108873963356018,0.9805122089624244,AVISTA,1.0.7,2026-09-19T19:09:15
Doctors_2_3,0.36923076923076925,1.0,0.8124868273735046,0.9805122089624244,AVISTA,1.0.7,2026-09-19T19:09:15
Doctors_2_3,0.36538461538461536,1.0,0.8154265284538269,0.9805122089624244,AVISTA,1.0.7,2026-09-19T19:09:15
Doctors_2_3,0.36153846153846153,1.0,0.8163368701934814,0.9805122089624244,AVISTA,1.0.7,2026-09-19T19:09:15
Doctors_2_3,0.3576923076923077,1.0,0.8177406787872314,0.9805122089624244,AVISTA,1.0.7,2026-09-19T19:09:15
Doctors_2_3,0.35384615384615387,1.0,0.8194514513015747,0.9805122089624244,AVISTA,1.0.7,2026-09-19T19:09:15
Doctors_2_3,0.35,1.0,0.8199339509010315,0.9805122089624244,AVISTA,1.0.7,2026-09-19T19:09:15
Doctors_2_3,0.34615384615384615,1.0,0.8202962875366211,0.9805122089624244,AVISTA,1.0.7,2026-09-19T19:09:15
Doctors_2_3,0.3423076923076923,1.0,0.8207749128341675,0.9805122089624244,AVISTA,1.0.7,2026-09-19T19:09:15
Doctors_2_3,0.3384615384615385,1.0,0.8216995000839233,0.9805122089624244,AVISTA,1.0.7,2026-09-19T19:09:15
Doctors_2_3,0.33076923076923076,1.0,0.8217802047729492,0.9805122089624244,AVISTA,1.0.7,2026-09-19T19:09:15
Doctors_2_3,0.3269230769230769,1.0,0.8226597309112549,0.9805122089624244,AVISTA,1.0.7,2026-09-19T19:09:15
Doctors_2_3,0.3230769230769231,1.0,0.8241410851478577,0.9805122089624244,AVISTA,1.0.7,2026-09-19T19:09:15
Doctors_2_3,0.3192307692307692,1.0,0.82491534948349,0.9805122089624244,AVISTA,1.0.7,2026-09-19T19:09:15
Doctors_2_3,0.3153846153846154,1.0,0.8255351781845093,0.9805122089624244,AVISTA,1.0.7,2026-09-19T19:09:15
Doctors_2_3,0.31153846153846154,1.0,0.8272390961647034,0.9805122089624244,AVISTA,1.0.7,2026-09-19T19:09:15
Doctors_2_3,0.3076923076923077,1.0,0.8283026218414307,0.9805122089624244,AVISTA,1.0.7,2026-09-19T19:09:15
Doctors_2_3,0.3038461538461538,1.0,0.8323312997817993,0.9805122089624244,AVISTA,1.0.7,2026-09-19T19:09:15
Doctors_2_3,0.3,1.0,0.8328860998153687,0.9805122089624244,AVISTA,1.0.7,2026-09-19T19:09:15
Doctors_2_3,0.29615384615384616,1.0,0.8339300751686096,0.9805122089624244,AVISTA,1.0.7,2026-09-19T19:09:15
Doctors_2_3,0.2923076923076923,1.0,0.8375729322433472,0.9805122089624244,AVISTA,1.0.7,2026-09-19T19:09:15
Doctors_2_3,0.28846153846153844,1.0,0.839203417301178,0.9805122089624244,AVISTA,1.0.7,2026-09-19T19:09:15
Doctors_2_3,0.2846153846153846,1.0,0.8413242101669312,0.9805122089624244,AVISTA,1.0.7,2026-09-19T19:09:15
Doctors_2_3,0.28076923076923077,1.0,0.8414120674133301,0.9805122089624244,AVISTA,1.0.7,2026-09-19T19:09:15
Doctors_2_3,0.27692307692307694,1.0,0.8426046371459961,0.9805122089624244,AVISTA,1.0.7,2026-09-19T19:09:15
Doctors_2_3,0.27307692307692305,1.0,0.8435346484184265,0.9805122089624244,AVISTA,1.0.7,2026-09-19T19:09:15
Doctors_2_3,0.2692307692307692,1.0,0.8461849689483643,0.9805122089624244,AVISTA,1.0.7,2026-09-19T19:09:15
Doctors_2_3,0.2653846153846154,1.0,0.8476282358169556,0.9805122089624244,AVISTA,1.0.7,2026-09-19T19:09:15
Doctors_2_3,0.26153846153846155,1.0,0.8488317728042603,0.9805122089624244,AVISTA,1.0.7,2026-09-19T19:09:15
Doctors_2_3,0.25769230769230766,1.0,0.8493174314498901,0.9805122089624244,AVISTA,1.0.7,2026-09-19T19:09:15
Doctors_2_3,0.25384615384615383,1.0,0.8534393310546875,0.9805122089624244,AVISTA,1.0.7,2026-09-19T19:09:15
Doctors_2_3,0.25,1.0,0.8537282943725586,0.9805122089624244,AVISTA,1.0.7,2026-09-19T19:09:15
Doctors_2_3,0.24615384615384617,1.0,0.8548239469528198,0.9805122089624244,AVISTA,1.0.7,2026-09-19T19:09:15
Doctors_2_3,0.2423076923076923,1.0,0.855013906955719,0.9805122089624244,AVISTA,1.0.7,2026-09-19T19:09:15
Doctors_2_3,0.23846153846153847,1.0,0.8554502129554749,0.9805122089624244,AVISTA,1.0.7,2026-09-19T19:09:15
Doctors_2_3,0.23461538461538461,1.0,0.8557627201080322,0.9805122089624244,AVISTA,1.0.7,2026-09-19T19:09:15
Doctors_2_3,0.23076923076923078,1.0,0.8566134572029114,0.9805122089624244,AVISTA,1.0.7,2026-09-19T19:09:15
Doctors_2_3,0.22692307692307692,1.0,0.8634974956512451,0.9805122089624244,AVISTA,1.0.7,2026-09-19T19:09:15
Doctors_2_3,0.2230769230769231,1.0,0.8671866059303284,0.9805122089624244,AVISTA,1.0.7,2026-09-19T19:09:15
Doctors_2_3,0.21923076923076923,1.0,0.8676161170005798,0.9805122089624244,AVISTA,1.0.7,2026-09-19T19:09:15
Doctors_2_3,0.2153846153846154,1.0,0.8710206151008606,0.9805122089624244,AVISTA,1.0.7,2026-09-19T19:09:15
Doctors_2_3,0.21153846153846154,1.0,0.8728253245353699,0.9805122089624244,AVISTA,1.0.7,2026-09-19T19:09:15
Doctors_2_3,0.2076923076923077,1.0,0.8742840886116028,0.9805122089624244,AVISTA,1.0.7,2026-09-19T19:09:15
Doctors_2_3,0.2,1.0,0.8766344785690308,0.9805122089624244,AVISTA,1.0.7,2026-09-19T19:09:15
Doctors_2_3,0.19615384615384615,1.0,0.8774334788322449,0.9805122089624244,AVISTA,1.0.7,2026-09-19T19:09:15
Doctors_2_3,0.19230769230769232,1.0,0.8776771426200867,0.9805122089624244,AVISTA,1.0.7,2026-09-19T19:09:15
Doctors_2_3,0.18846153846153846,1.0,0.8798224329948425,0.9805122089624244,AVISTA,1.0.7,2026-09-19T19:09:15
Doctors_2_3,0.18461538461538463,1.0,0.8808686137199402,0.9805122089624244,AVISTA,1.0.7,2026-09-19T19:09:15
Doctors_2_3,0.18076923076923077,1.0,0.8817172050476074,0.9805122089624244,AVISTA,1.0.7,2026-09-19T19:09:15
Doctors_2_3,0.17692307692307693,1.0,0.8828623294830322,0.9805122089624244,AVISTA,1.0.7,2026-09-19T19:09:15
Doctors_2_3,0.17307692307692307,1.0,0.8830962181091309,0.9805122089624244,AVISTA,1.0.7,2026-09-19T19:09:15
Doctors_2_3,0.16923076923076924,1.0,0.8835644721984863,0.9805122089624244,AVISTA,1.0.7,2026-09-19T19:09:15
Doctors_2_3,0.16538461538461538,1.0,0.8851624727249146,0.9805122089624244,AVISTA,1.0.7,2026-09-19T19:09:15
Doctors_2_3,0.16153846153846155,1.0,0.8915191888809204,0.9805122089624244,AVISTA,1.0.7,2026-09-19T19:09:15
Doctors_2_3,0.1576923076923077,1.0,0.8920835852622986,0.9805122089624244,AVISTA,1.0.7,2026-09-19T19:09:15
Doctors_2_3,0.15384615384615385,1.0,0.8934535980224609,0.9805122089624244,AVISTA,1.0.7,2026-09-19T19:09:15
Doctors_2_3,0.15,1.0,0.8937463164329529,0.9805122089624244,AVISTA,1.0.7,2026-09-19T19:09:15
Doctors_2_3,0.14615384615384616,1.0,0.8953098058700562,0.9805122089624244,AVISTA,1.0.7,2026-09-19T19:09:15
Doctors_2_3,0.1423076923076923,1.0,0.8958870768547058,0.9805122089624244,AVISTA,1.0.7,2026-09-19T19:09:15
Doctors_2_3,0.13846153846153847,1.0,0.8962172865867615,0.9805122089624244,AVISTA,1.0.7,2026-09-19T19:09:15
Doctors_2_3,0.1346153846153846,1.0,0.8972588181495667,0.9805122089624244,AVISTA,1.0.7,2026-09-19T19:09:15
Doctors_2_3,0.13076923076923078,1.0,0.8982531428337097,0.9805122089624244,AVISTA,1.0.7,2026-09-19T19:09:15
Doctors_2_3,0.12692307692307692,1.0,0.8984168767929077,0.9805122089624244,AVISTA,1.0.7,2026-09-19T19:09:15
Doctors_2_3,0.12307692307692308,1.0,0.8985412120819092,0.9805122089624244,AVISTA,1.0.7,2026-09-19T19:09:15
Doctors_2_3,0.11923076923076924,1.0,0.8989794254302979,0.9805122089624244,AVISTA,1.0.7,2026-09-19T19:09:15
Doctors_2_3,0.11538461538461539,1.0,0.8999395370483398,0.9805122089624244,AVISTA,1.0.7,2026-09-19T19:09:15
Doctors_2_3,0.11153846153846154,1.0,0.9014154076576233,0.9805122089624244,AVISTA,1.0.7,2026-09-19T19:09:15
Doctors_2_3,0.1076923076923077,1.0,0.9034010171890259,0.9805122089624244,AVISTA,1.0.7,2026-09-19T19:09:15
Doctors_2_3,0.10384615384615385,1.0,0.9089456796646118,0.9805122089624244,AVISTA,1.0.7,2026-09-19T19:09:15
Doctors_2_3,0.1,1.0,0.9099307656288147,0.9805122089624244,AVISTA,1.0.7,2026-09-19T19:09:15
Doctors_2_3,0.09615384615384616,1.0,0.9099452495574951,0.9805122089624244,AVISTA,1.0.7,2026-09-19T19:09:15
Doctors_2_3,0.09230769230769231,1.0,0.9109444618225098,0.9805122089624244,AVISTA,1.0.7,2026-09-19T19:09:15
Doctors_2_3,0.08846153846153847,1.0,0.9131955504417419,0.9805122089624244,AVISTA,1.0.7,2026-09-19T19:09:15
Doctors_2_3,0.08461538461538462,1.0,0.9138154983520508,0.9805122089624244,AVISTA,1.0.7,2026-09-19T19:09:15
Doctors_2_3,0.07692307692307693,1.0,0.9148797392845154,0.9805122089624244,AVISTA,1.0.7,2026-09-19T19:09:15
Doctors_2_3,0.07307692307692308,1.0,0.9148979783058167,0.9805122089624244,AVISTA,1.0.7,2026-09-19T19:09:15
Doctors_2_3,0.06923076923076923,1.0,0.9203272461891174,0.9805122089624244,AVISTA,1.0.7,2026-09-19T19:09:15
Doctors_2_3,0.06538461538461539,1.0,0.9224187731742859,0.9805122089624244,AVISTA,1.0.7,2026-09-19T19:09:15
Doctors_2_3,0.06153846153846154,1.0,0.9236176609992981,0.9805122089624244,AVISTA,1.0.7,2026-09-19T19:09:15
Doctors_2_3,0.057692307692307696,1.0,0.9240617156028748,0.9805122089624244,AVISTA,1.0.7,2026-09-19T19:09:15
Doctors_2_3,0.05384615384615385,1.0,0.9262351393699646,0.9805122089624244,AVISTA,1.0.7,2026-09-19T19:09:15
Doctors_2_3,0.05,1.0,0.9270954132080078,0.9805122089624244,AVISTA,1.0.7,2026-09-19T19:09:15
Doctors_2_3,0.046153846153846156,1.0,0.931797206401825,0.9805122089624244,AVISTA,1.0.7,2026-09-19T19:09:15
Doctors_2_3,0.04230769230769231,1.0,0.931950032711029,0.9805122089624244,AVISTA,1.0.7,2026-09-19T19:09:15
Doctors_2_3,0.038461538461538464,1.0,0.934235692024231,0.9805122089624244,AVISTA,1.0.7,2026-09-19T19:09:15
Doctors_2_3,0.03461538461538462,1.0,0.9386357069015503,0.9805122089624244,AVISTA,1.0.7,2026-09-19T19:09:15
Doctors_2_3,0.03076923076923077,1.0,0.9390533566474915,0.9805122089624244,AVISTA,1.0.7,2026-09-19T19:09:15
Doctors_2_3,0.026923076923076925,1.0,0.9451132416725159,0.9805122089624244,AVISTA,1.0.7,2026-09-19T19:09:15
Doctors_2_3,0.023076923076923078,1.0,0.9464735984802246,0.9805122089624244,AVISTA,1.0.7,2026-09-19T19:09:15
Doctors_2_3,0.019230769230769232,1.0,0.9497731328010559,0.9805122089624244,AVISTA,1.0.7,2026-09-19T19:09:15
Doctors_2_3,0.015384615384615385,1.0,0.951888382434845,0.9805122089624244,AVISTA,1.0.7,2026-09-19T19:09:15
Doctors_2_3,0.011538461538461539,1.0,0.9530956149101257,0.9805122089624244,AVISTA,1.0.7,2026-09-19T19:09:15
Doctors_2_3,0.007692307692307693,1.0,0.9634864330291748,0.9805122089624244,AVISTA,1.0.7,2026-09-19T19:09:15
Doctors_2_3,0.0038461538461538464,1.0,0.9726967811584473,0.9805122089624244,AVISTA,1.0.7,2026-09-19T19:09:15
Doctors_2_3,0.0,1.0,0.9726967811584473,0.9805122089624244,AVISTA,1.0.7,2026-09-19T19:09:15
Doctors_4_Plus,1.0,0.27911275415896486,0.0008705389918759465,0.9628610760902914,AVISTA,1.0.7,2026-09-19T19:09:15
Doctors_4_Plus,1.0,0.2796296296296296,0.0012628106633201241,0.9628610760902914,AVISTA,1.0.7,2026-09-19T19:09:15
Doctors_4_Plus,1.0,0.28014842300556586,0.0013516494072973728,0.9628610760902914,AVISTA,1.0.7,2026-09-19T19:09:15
Doctors_4_Plus,1.0,0.28066914498141265,0.0016082336660474539,0.9628610760902914,AVISTA,1.0.7,2026-09-19T19:09:15
Doctors_4_Plus,1.0,0.2811918063314711,0.0018240947974845767,0.9628610760902914,AVISTA,1.0.7,2026-09-19T19:09:15
Doctors_4_Plus,1.0,0.28171641791044777,0.0022363862954080105,0.9628610760902914,AVISTA,1.0.7,2026-09-19T19:09:15
Doctors_4_Plus,1.0,0.2822429906542056,0.0027965374756604433,0.9628610760902914,AVISTA,1.0.7,2026-09-19T19:09:15
Doctors_4_Plus,1.0,0.28277153558052437,0.002856466919183731,0.9628610760902914,AVISTA,1.0.7,2026-09-19T19:09:15
Doctors_4_Plus,1.0,0.28330206378986866,0.003090557409450412,0.9628610760902914,AVISTA,1.0.7,2026-09-19T19:09:15
Doctors_4_Plus,1.0,0.28383458646616544,0.0036272548604756594,0.9628610760902914,AVISTA,1.0.7,2026-09-19T19:09:15
Doctors_4_Plus,1.0,0.2843691148775895,0.003974475432187319,0.9628610760902914,AVISTA,1.0.7,2026-09-19T19:09:15
Doctors_4_Plus,1.0,0.2849056603773585,0.0039896974340081215,0.9628610760902914,AVISTA,1.0.7,2026-09-19T19:09:15
Doctors_4_Plus,1.0,0.28544423440453687,0.004009526688605547,0.9628610760902914,AVISTA,1.0.7,2026-09-19T19:09:15
Doctors_4_Plus,1.0,0.2859848484848485,0.004220282658934593,0.9628610760902914,AVISTA,1.0.7,2026-09-19T19:09:15
Doctors_4_Plus,1.0,0.286527514231499,0.005570652894675732,0.9628610760902914,AVISTA,1.0.7,2026-09-19T19:09:15
Doctors_4_Plus,1.0,0.2870722433460076,0.005860419012606144,0.9628610760902914,AVISTA,1.0.7,2026-09-19T19:09:15
Doctors_4_Plus,1.0,0.2876190476190476,0.0060158418491482735,0.9628610760902914,AVISTA,1.0.7,2026-09-19T19:09:15
Doctors_4_Plus,1.0,0.2881679389312977,0.006646289955824614,0.9628610760902914,AVISTA,1.0.7,2026-09-19T19:09:15
Doctors_4_Plus,1.0,0.2887189292543021,0.0068587372079491615,0.9628610760902914,AVISTA,1.0.7,2026-09-19T19:09:15
Doctors_4_Plus,1.0,0.289272030651341,0.007031561341136694,0.9628610760902914,AVISTA,1.0.7,2026-09-19T19:09:15
Doctors_4_Plus,1.0,0.28982725527831094,0.007240087725222111,0.9628610760902914,AVISTA,1.0.7,2026-09-19T19:09:15
Doctors_4_Plus,1.0,0.2903846153846154,0.008245696313679218,0.9628610760902914,AVISTA,1.0.7,2026-09-19T19:09:15
Doctors_4_Plus,1.0,0.2909441233140655,0.008559754118323326,0.9628610760902914,AVISTA,1.0.7,2026-09-19T19:09:15
Doctors_4_Plus,1.0,0.2915057915057915,0.009012228809297085,0.9628610760902914,AVISTA,1.0.7,2026-09-19T19:09:15
Doctors_4_Plus,1.0,0.29206963249516443,0.009812095202505589,0.9628610760902914,AVISTA,1.0.7,2026-09-19T19:09:15
Doctors_4_Plus,1.0,0.2926356589147287,0.010195056907832623,0.9628610760902914,AVISTA,1.0.7,2026-09-19T19:09:15
Doctors_4_Plus,1.0,0.29320388349514565,0.011661499738693237,0.9628610760902914,AVISTA,1.0.7,2026-09-19T19:09:15
Doctors_4_Plus,1.0,0.29377431906614787,0.011695337481796741,0.9628610760902914,AVISTA,1.0.7,2026-09-19T19:09:15
Doctors_4_Plus,1.0,0.29434697855750486,0.012110001407563686,0.9628610760902914,AVISTA,1.0.7,2026-09-19T19:09:15
Doctors_4_Plus,1.0,0.294921875,0.01282806508243084,0.9628610760902914,AVISTA,1.0.7,2026-09-19T19:09:15
Doctors_4_Plus,1.0,0.29549902152641877,0.013178298249840736,0.9628610760902914,AVISTA,1.0.7,2026-09-19T19:09:15
Doctors_4_Plus,1.0,0.296078431372549,0.013478401117026806,0.9628610760902914,AVISTA,1.0.7,2026-09-19T19:09:15
Doctors_4_Plus,1.0,0.2966601178781925,0.013624599203467369,0.9628610760902914,AVISTA,1.0.7,2026-09-19T19:09:15
Doctors_4_Plus,1.0,0.297244094488189,0.016303639858961105,0.9628610760902914,AVISTA,1.0.7,2026-09-19T19:09:15
Doctors_4_Plus,1.0,0.2978303747534517,0.01633414253592491,0.9628610760902914,AVISTA,1.0.7,2026-09-19T19:09:15
Doctors_4_Plus,1.0,0.2984189723320158,0.016489939764142036,0.9628610760902914,AVISTA,1.0.7,2026-09-19T19:09:15
Doctors_4_Plus,1.0,0.2996031746031746,0.017256369814276695,0.9628610760902914,AVISTA,1.0.7,2026-09-19T19:09:15
Doctors_4_Plus,1.0,0.30019880715705766,0.01771344058215618,0.9628610760902914,AVISTA,1.0.7,2026-09-19T19:09:15
Doctors_4_Plus,1.0,0.300796812749004,0.0186003390699625,0.9628610760902914,AVISTA,1.0.7,2026-09-19T19:09:15
Doctors_4_Plus,1.0,0.3013972055888224,0.01916102133691311,0.9628610760902914,AVISTA,1.0.7,2026-09-19T19:09:15
Doctors_4_Plus,1.0,0.302,0.020124536007642746,0.9628610760902914,AVISTA,1.0.7,2026-09-19T19:09:15
Doctors_4_Plus,1.0,0.3026052104208417,0.020194848999381065,0.9628610760902914,AVISTA,1.0.7,2026-09-19T19:09:15
Doctors_4_Plus,1.0,0.3032128514056225,0.02050904370844364,0.9628610760902914,AVISTA,1.0.7,2026-09-19T19:09:15
Doctors_4_Plus,1.0,0.3038229376257545,0.020647946745157242,0.9628610760902914,AVISTA,1.0.7,2026-09-19T19:09:15
Doctors_4_Plus,1.0,0.30443548387096775,0.02065499685704708,0.9628610760902914,AVISTA,1.0.7,2026-09-19T19:09:15
Doctors_4_Plus,1.0,0.30505050505050507,0.022029699757695198,0.9628610760902914,AVISTA,1.0.7,2026-09-19T19:09:15
Doctors_4_Plus,1.0,0.305668016194332,0.02205759473145008,0.9628610760902914,AVISTA,1.0.7,2026-09-19T19:09:15
Doctors_4_Plus,1.0,0.30628803245436104,0.022323936223983765,0.9628610760902914,AVISTA,1.0.7,2026-09-19T19:09:15
Doctors_4_Plus,1.0,0.30691056910569103,0.02234538458287716,0.9628610760902914,AVISTA,1.0.7,2026-09-19T19:09:15
Doctors_4_Plus,1.0,0.3075356415478615,0.022509748116135597,0.9628610760902914,AVISTA,1.0.7,2026-09-19T19:09:15
Doctors_4_Plus,1.0,0.3081632653061224,0.023031476885080338,0.9628610760902914,AVISTA,1.0.7,2026-09-19T19:09:15
Doctors_4_Plus,1.0,0.30879345603271985,0.02328515239059925,0.9628610760902914,AVISTA,1.0.7,2026-09-19T19:09:15
Doctors_4_Plus,1.0,0.3094262295081967,0.023636214435100555,0.9628610760902914,AVISTA,1.0.7,2026-09-19T19:09:15
Doctors_4_Plus,1.0,0.31006160164271046,0.023763557896018028,0.9628610760902914,AVISTA,1.0.7,2026-09-19T19:09:15
Doctors_4_Plus,1.0,0.31069958847736623,0.02433929778635502,0.9628610760902914,AVISTA,1.0.7,2026-09-19T19:09:15
Doctors_4_Plus,1.0,0.311340206185567,0.024989308789372444,0.9628610760902914,AVISTA,1.0.7,2026-09-19T19:09:15
Doctors_4_Plus,1.0,0.3119834710743802,0.026392601430416107,0.9628610760902914,AVISTA,1.0.7,2026-09-19T19:09:15
Doctors_4_Plus,1.0,0.31262939958592134,0.027485042810440063,0.9628610760902914,AVISTA,1.0.7,2026-09-19T19:09:15
Doctors_4_Plus,1.0,0.3132780082987552,0.02864106558263302,0.9628610760902914,AVISTA,1.0.7,2026-09-19T19:09:15
Doctors_4_Plus,1.0,0.31392931392931395,0.029569707810878754,0.9628610760902914,AVISTA,1.0.7,2026-09-19T19:09:15
Doctors_4_Plus,1.0,0.3145833333333333,0.029919186607003212,0.9628610760902914,AVISTA,1.0.7,2026-09-19T19:09:15
Doctors_4_Plus,1.0,0.31524008350730687,0.030375860631465912,0.9628610760902914,AVISTA,1.0.7,2026-09-19T19:09:15
Doctors_4_Plus,1.0,0.3158995815899582,0.031941983848810196,0.9628610760902914,AVISTA,1.0.7,2026-09-19T19:09:15
Doctors_4_Plus,1.0,0.3165618448637317,0.03253884240984917,0.9628610760902914,AVISTA,1.0.7,2026-09-19T19:09:15
Doctors_4_Plus,1.0,0.3172268907563025,0.03320472687482834,0.9628610760902914,AVISTA,1.0.7,2026-09-19T19:09:15
Doctors_4_Plus,1.0,0.3178947368421053,0.03419775515794754,0.9628610760902914,AVISTA,1.0.7,2026-09-19T19:09:15
Doctors_4_Plus,1.0,0.31856540084388185,0.03498055785894394,0.9628610760902914,AVISTA,1.0.7,2026-09-19T19:09:15
Doctors_4_Plus,1.0,0.3192389006342495,0.03565376624464989,0.9628610760902914,AVISTA,1.0.7,2026-09-19T19:09:15
Doctors_4_Plus,1.0,0.3199152542372881,0.03580773249268532,0.9628610760902914,AVISTA,1.0.7,2026-09-19T19:09:15
Doctors_4_Plus,1.0,0.3205944798301486,0.036070629954338074,0.9628610760902914,AVISTA,1.0.7,2026-09-19T19:09:15
Doctors_4_Plus,1.0,0.32127659574468087,0.036159638315439224,0.9628610760902914,AVISTA,1.0.7,2026-09-19T19:09:15
Doctors_4_Plus,1.0,0.32196162046908317,0.036649178713560104,0.9628610760902914,AVISTA,1.0.7,2026-09-19T19:09:15
Doctors_4_Plus,1.0,0.32264957264957267,0.03684058412909508,0.9628610760902914,AVISTA,1.0.7,2026-09-19T19:09:15
Doctors_4_Plus,1.0,0.3240343347639485,0.0369785875082016,0.9628610760902914,AVISTA,1.0.7,2026-09-19T19:09:15
Doctors_4_Plus,1.0,0.3247311827956989,0.037279535084962845,0.9628610760902914,AVISTA,1.0.7,2026-09-19T19:09:15
Doctors_4_Plus,1.0,0.3254310344827586,0.03768419101834297,0.9628610760902914,AVISTA,1.0.7,2026-09-19T19:09:15
Doctors_4_Plus,1.0,0.326133909287257,0.038726940751075745,0.9628610760902914,AVISTA,1.0.7,2026-09-19T19:09:15
Doctors_4_Plus,1.0,0.3268398268398268,0.03973031044006348,0.9628610760902914,AVISTA,1.0.7,2026-09-19T19:09:15
Doctors_4_Plus,1.0,0.3275488069414317,0.039843734353780746,0.9628610760902914,AVISTA,1.0.7,2026-09-19T19:09:15
Doctors_4_Plus,1.0,0.3282608695652174,0.04009869322180748,0.9628610760902914,AVISTA,1.0.7,2026-09-19T19:09:15
Doctors_4_Plus,1.0,0.3289760348583878,0.04025803878903389,0.9628610760902914,AVISTA,1.0.7,2026-09-19T19:09:15
Doctors_4_Plus,1.0,0.3296943231441048,0.04101824387907982,0.9628610760902914,AVISTA,1.0.7,2026-09-19T19:09:15
Doctors_4_Plus,1.0,0.33114035087719296,0.04137587919831276,0.9628610760902914,AVISTA,1.0.7,2026-09-19T19:09:15
Doctors_4_Plus,1.0,0.33186813186813185,0.041496481746435165,0.9628610760902914,AVISTA,1.0.7,2026-09-19T19:09:15
Doctors_4_Plus,1.0,0.33259911894273125,0.041997116059064865,0.9628610760902914,AVISTA,1.0.7,2026-09-19T19:09:15
Doctors_4_Plus,1.0,0.3333333333333333,0.04285833239555359,0.9628610760902914,AVISTA,1.0.7,2026-09-19T19:09:15
Doctors_4_Plus,1.0,0.334070796460177,0.04358898103237152,0.9628610760902914,AVISTA,1.0.7,2026-09-19T19:09:15
Doctors_4_Plus,1.0,0.33705357142857145,0.044437479227781296,0.9628610760902914,AVISTA,1.0.7,2026-09-19T19:09:15
Doctors_4_Plus,1.0,0.3378076062639821,0.044742029160261154,0.9628610760902914,AVISTA,1.0.7,2026-09-19T19:09:15
Doctors_4_Plus,1.0,0.33856502242152464,0.045639827847480774,0.9628610760902914,AVISTA,1.0.7,2026-09-19T19:09:15
Doctors_4_Plus,1.0,0.3393258426966292,0.0457855761051178,0.9628610760902914,AVISTA,1.0.7,2026-09-19T19:09:15
Doctors_4_Plus,1.0,0.3400900900900901,0.046505171805620193,0.9628610760902914,AVISTA,1.0.7,2026-09-19T19:09:15
Doctors_4_Plus,1.0,0.34085778781038373,0.047096166759729385,0.9628610760902914,AVISTA,1.0.7,2026-09-19T19:09:15
Doctors_4_Plus,1.0,0.3416289592760181,0.04717148840427399,0.9628610760902914,AVISTA,1.0.7,2026-09-19T19:09:15
Doctors_4_Plus,1.0,0.3424036281179138,0.04743799939751625,0.9628610760902914,AVISTA,1.0.7,2026-09-19T19:09:15
Doctors_4_Plus,1.0,0.3431818181818182,0.04792781174182892,0.9628610760902914,AVISTA,1.0.7,2026-09-19T19:09:15
Doctors_4_Plus,1.0,0.3439635535307517,0.048124589025974274,0.9628610760902914,AVISTA,1.0.7,2026-09-19T19:09:15
Doctors_4_Plus,1.0,0.3447488584474886,0.04945576190948486,0.9628610760902914,AVISTA,1.0.7,2026-09-19T19:09:15
Doctors_4_Plus,1.0,0.34553775743707094,0.050618063658475876,0.9628610760902914,AVISTA,1.0.7,2026-09-19T19:09:15
Doctors_4_Plus,1.0,0.3463302752293578,0.05082566663622856,0.9628610760902914,AVISTA,1.0.7,2026-09-19T19:09:15
Doctors_4_Plus,1.0,0.3471264367816092,0.05123427137732506,0.9628610760902914,AVISTA,1.0.7,2026-09-19T19:09:15
Doctors_4_Plus,1.0,0.347926267281106,0.051726434379816055,0.9628610760902914,AVISTA,1.0.7,2026-09-19T19:09:15
Doctors_4_Plus,1.0,0.34872979214780603,0.052046794444322586,0.9628610760902914,AVISTA,1.0.7,2026-09-19T19:09:15
Doctors_4_Plus,1.0,0.34953703703703703,0.053055960685014725,0.9628610760902914,AVISTA,1.0.7,2026-09-19T19:09:15
Doctors_4_Plus,1.0,0.3503480278422274,0.05325311794877052,0.9628610760902914,AVISTA,1.0.7,2026-09-19T19:09:15
Doctors_4_Plus,1.0,0.3511627906976744,0.05359866842627525,0.9628610760902914,AVISTA,1.0.7,2026-09-19T19:09:15
Doctors_4_Plus,1.0,0.351981351981352,0.05371890962123871,0.9628610760902914,AVISTA,1.0.7,2026-09-19T19:09:15
Doctors_4_Plus,1.0,0.352803738317757,0.053877588361501694,0.9628610760902914,AVISTA,1.0.7,2026-09-19T19:09:15
Doctors_4_Plus,1.0,0.35362997658079626,0.05477462336421013,0.9628610760902914,AVISTA,1.0.7,2026-09-19T19:09:15
Doctors_4_Plus,1.0,0.3544600938967136,0.056534457951784134,0.9628610760902914,AVISTA,1.0.7,2026-09-19T19:09:15
Doctors_4_Plus,1.0,0.3552941176470588,0.05665017291903496,0.9628610760902914,AVISTA,1.0.7,2026-09-19T19:09:15
Doctors_4_Plus,1.0,0.3561320754716981,0.05692572519183159,0.9628610760902914,AVISTA,1.0.7,2026-09-19T19:09:15
Doctors_4_Plus,1.0,0.35697399527186763,0.057956762611866,0.9628610760902914,AVISTA,1.0.7,2026-09-19T19:09:15
Doctors_4_Plus,1.0,0.3578199052132701,0.05942534655332565,0.9628610760902914,AVISTA,1.0.7,2026-09-19T19:09:15
Doctors_4_Plus,1.0,0.3586698337292161,0.05992696434259415,0.9628610760902914,AVISTA,1.0.7,2026-09-19T19:09:15
Doctors_4_Plus,1.0,0.3595238095238095,0.06079656258225441,0.9628610760902914,AVISTA,1.0.7,2026-09-19T19:09:15
Doctors_4_Plus,1.0,0.360381861575179,0.06154274940490723,0.9628610760902914,AVISTA,1.0.7,2026-09-19T19:09:15
Doctors_4_Plus,1.0,0.361244019138756,0.061770424246788025,0.9628610760902914,AVISTA,1.0.7,2026-09-19T19:09:15
Doctors_4_Plus,1.0,0.36211031175059955,0.06209438294172287,0.9628610760902914,AVISTA,1.0.7,2026-09-19T19:09:15
Doctors_4_Plus,1.0,0.3629807692307692,0.0624568946659565,0.9628610760902914,AVISTA,1.0.7,2026-09-19T19:09:15
Doctors_4_Plus,1.0,0.363855421686747,0.06267097592353821,0.9628610760902914,AVISTA,1.0.7,2026-09-19T19:09:15
Doctors_4_Plus,1.0,0.3647342995169082,0.06395213305950165,0.9628610760902914,AVISTA,1.0.7,2026-09-19T19:09:15
Doctors_4_Plus,1.0,0.36561743341404357,0.06425294280052185,0.9628610760902914,AVISTA,1.0.7,2026-09-19T19:09:15
Doctors_4_Plus,1.0,0.36650485436893204,0.06570479273796082,0.9628610760902914,AVISTA,1.0.7,2026-09-19T19:09:15
Doctors_4_Plus,1.0,0.36739659367396593,0.06593163311481476,0.9628610760902914,AVISTA,1.0.7,2026-09-19T19:09:15
Doctors_4_Plus,1.0,0.36829268292682926,0.06596793979406357,0.9628610760902914,AVISTA,1.0.7,2026-09-19T19:09:15
Doctors_4_Plus,1.0,0.3691931540342298,0.06603318452835083,0.9628610760902914,AVISTA,1.0.7,2026-09-19T19:09:15
Doctors_4_Plus,1.0,0.3700980392156863,0.06618665158748627,0.9628610760902914,AVISTA,1.0.7,2026-09-19T19:09:15
Doctors_4_Plus,1.0,0.371007371007371,0.06695786863565445,0.9628610760902914,AVISTA,1.0.7,2026-09-19T19:09:15
Doctors_4_Plus,1.0,0.37192118226600984,0.06709965318441391,0.9628610760902914,AVISTA,1.0.7,2026-09-19T19:09:15
Doctors_4_Plus,1.0,0.3728395061728395,0.06760162115097046,0.9628610760902914,AVISTA,1.0.7,2026-09-19T19:09:15
Doctors_4_Plus,1.0,0.37376237623762376,0.06853315234184265,0.9628610760902914,AVISTA,1.0.7,2026-09-19T19:09:15
Doctors_4_Plus,1.0,0.3746898263027295,0.07091636210680008,0.9628610760902914,AVISTA,1.0.7,2026-09-19T19:09:15
Doctors_4_Plus,1.0,0.3756218905472637,0.07105568051338196,0.9628610760902914,AVISTA,1.0.7,2026-09-19T19:09:15
Doctors_4_Plus,1.0,0.3765586034912718,0.07120972126722336,0.9628610760902914,AVISTA,1.0.7,2026-09-19T19:09:15
Doctors_4_Plus,1.0,0.3775,0.07199519127607346,0.9628610760902914,AVISTA,1.0.7,2026-09-19T19:09:15
Doctors_4_Plus,1.0,0.37844611528822053,0.0727199986577034,0.9628610760902914,AVISTA,1.0.7,2026-09-19T19:09:15
Doctors_4_Plus,1.0,0.3793969849246231,0.07293282449245453,0.9628610760902914,AVISTA,1.0.7,2026-09-19T19:09:15
Doctors_4_Plus,1.0,0.3813131313131313,0.0737028643488884,0.9628610760902914,AVISTA,1.0.7,2026-09-19T19:09:15
Doctors_4_Plus,1.0,0.3822784810126582,0.0740136131644249,0.9628610760902914,AVISTA,1.0.7,2026-09-19T19:09:15
Doctors_4_Plus,1.0,0.383248730964467,0.07446473836898804,0.9628610760902914,AVISTA,1.0.7,2026-09-19T19:09:15
Doctors_4_Plus,1.0,0.3842239185750636,0.07538449764251709,0.9628610760902914,AVISTA,1.0.7,2026-09-19T19:09:15
Doctors_4_Plus,1.0,0.3852040816326531,0.07574718445539474,0.9628610760902914,AVISTA,1.0.7,2026-09-19T19:09:15
Doctors_4_Plus,1.0,0.38618925831202044,0.0759376734495163,0.9628610760902914,AVISTA,1.0.7,2026-09-19T19:09:15
Doctors_4_Plus,1.0,0.38817480719794345,0.07631395012140274,0.9628610760902914,AVISTA,1.0.7,2026-09-19T19:09:15
Doctors_4_Plus,1.0,0.38917525773195877,0.07666110247373581,0.9628610760902914,AVISTA,1.0.7,2026-09-19T19:09:15
Doctors_4_Plus,1.0,0.39018087855297157,0.07669775933027267,0.9628610760902914,AVISTA,1.0.7,2026-09-19T19:09:15
Doctors_4_Plus,1.0,0.3911917098445596,0.07771407067775726,0.9628610760902914,AVISTA,1.0.7,2026-09-19T19:09:15
Doctors_4_Plus,1.0,0.3922077922077922,0.07803771644830704,0.9628610760902914,AVISTA,1.0.7,2026-09-19T19:09:15
Doctors_4_Plus,1.0,0.3932291666666667,0.07827682048082352,0.9628610760902914,AVISTA,1.0.7,2026-09-19T19:09:15
Doctors_4_Plus,1.0,0.39425587467362927,0.07876370847225189,0.9628610760902914,AVISTA,1.0.7,2026-09-19T19:09:15
Doctors_4_Plus,1.0,0.39528795811518325,0.0789627805352211,0.9628610760902914,AVISTA,1.0.7,2026-09-19T19:09:15
Doctors_4_Plus,1.0,0.3963254593175853,0.07940026372671127,0.9628610760902914,AVISTA,1.0.7,2026-09-19T19:09:15
Doctors_4_Plus,1.0,0.3973684210526316,0.07970169931650162,0.9628610760902914,AVISTA,1.0.7,2026-09-19T19:09:15
Doctors_4_Plus,1.0,0.39841688654353563,0.08032543957233429,0.9628610760902914,AVISTA,1.0.7,2026-09-19T19:09:15
Doctors_4_Plus,1.0,0.3994708994708995,0.08138465136289597,0.9628610760902914,AVISTA,1.0.7,2026-09-19T19:09:15
Doctors_4_Plus,1.0,0.4005305039787798,0.08144421875476837,0.9628610760902914,AVISTA,1.0.7,2026-09-19T19:09:15
Doctors_4_Plus,1.0,0.4015957446808511,0.08209896832704544,0.9628610760902914,AVISTA,1.0.7,2026-09-19T19:09:15
Doctors_4_Plus,1.0,0.4026666666666667,0.08373327553272247,0.9628610760902914,AVISTA,1.0.7,2026-09-19T19:09:15
Doctors_4_Plus,1.0,0.4037433155080214,0.08398684859275818,0.9628610760902914,AVISTA,1.0.7,2026-09-19T19:09:15
Doctors_4_Plus,1.0,0.40482573726541554,0.0841413289308548,0.9628610760902914,AVISTA,1.0.7,2026-09-19T19:09:15
Doctors_4_Plus,1.0,0.40591397849462363,0.08565306663513184,0.9628610760902914,AVISTA,1.0.7,2026-09-19T19:09:15
Doctors_4_Plus,1.0,0.40700808625336926,0.08584708720445633,0.9628610760902914,AVISTA,1.0.7,2026-09-19T19:09:15
Doctors_4_Plus,1.0,0.4081081081081081,0.08656791597604752,0.9628610760902914,AVISTA,1.0.7,2026-09-19T19:09:15
Doctors_4_Plus,1.0,0.4092140921409214,0.08685014396905899,0.9628610760902914,AVISTA,1.0.7,2026-09-19T19:09:15
Doctors_4_Plus,1.0,0.41032608695652173,0.08844339102506638,0.9628610760902914,AVISTA,1.0.7,2026-09-19T19:09:15
Doctors_4_Plus,1.0,0.4114441416893733,0.0893867090344429,0.9628610760902914,AVISTA,1.0.7,2026-09-19T19:09:15
Doctors_4_Plus,1.0,0.412568306010929,0.0901283398270607,0.9628610760902914,AVISTA,1.0.7,2026-09-19T19:09:15
Doctors_4_Plus,1.0,0.4136986301369863,0.09032236039638519,0.9628610760902914,AVISTA,1.0.7,2026-09-19T19:09:15
Doctors_4_Plus,1.0,0.41483516483516486,0.09067713469266891,0.9628610760902914,AVISTA,1.0.7,2026-09-19T19:09:15
Doctors_4_Plus,1.0,0.4171270718232044,0.09123436361551285,0.9628610760902914,AVISTA,1.0.7,2026-09-19T19:09:15
Doctors_4_Plus,1.0,0.4182825484764543,0.09274274855852127,0.9628610760902914,AVISTA,1.0.7,2026-09-19T19:09:15
Doctors_4_Plus,1.0,0.41944444444444445,0.09411076456308365,0.9628610760902914,AVISTA,1.0.7,2026-09-19T19:09:15
Doctors_4_Plus,1.0,0.4206128133704735,0.09449215978384018,0.9628610760902914,AVISTA,1.0.7,2026-09-19T19:09:15
Doctors_4_Plus,1.0,0.42178770949720673,0.09487244486808777,0.9628610760902914,AVISTA,1.0.7,2026-09-19T19:09:15
Doctors_4_Plus,1.0,0.42296918767507,0.09625910967588425,0.9628610760902914,AVISTA,1.0.7,2026-09-19T19:09:15
Doctors_4_Plus,1.0,0.4241573033707865,0.09651559591293335,0.9628610760902914,AVISTA,1.0.7,2026-09-19T19:09:15
Doctors_4_Plus,1.0,0.4253521126760563,0.09709300100803375,0.9628610760902914,AVISTA,1.0.7,2026-09-19T19:09:15
Doctors_4_Plus,1.0,0.4265536723163842,0.09762104600667953,0.9628610760902914,AVISTA,1.0.7,2026-09-19T19:09:15
Doctors_4_Plus,1.0,0.42776203966005666,0.09775955975055695,0.9628610760902914,AVISTA,1.0.7,2026-09-19T19:09:15
Doctors_4_Plus,1.0,0.4289772727272727,0.09984832257032394,0.9628610760902914,AVISTA,1.0.7,2026-09-19T19:09:15
Doctors_4_Plus,1.0,0.43142857142857144,0.10020365566015244,0.9628610760902914,AVISTA,1.0.7,2026-09-19T19:09:15
Doctors_4_Plus,1.0,0.4326647564469914,0.10080364346504211,0.9628610760902914,AVISTA,1.0.7,2026-09-19T19:09:15
Doctors_4_Plus,1.0,0.4339080459770115,0.10114501416683197,0.9628610760902914,AVISTA,1.0.7,2026-09-19T19:09:15
Doctors_4_Plus,1.0,0.43515850144092216,0.10173743218183517,0.9628610760902914,AVISTA,1.0.7,2026-09-19T19:09:15
Doctors_4_Plus,1.0,0.43641618497109824,0.10187728703022003,0.9628610760902914,AVISTA,1.0.7,2026-09-19T19:09:15
Doctors_4_Plus,1.0,0.43768115942028984,0.10219832509756088,0.9628610760902914,AVISTA,1.0.7,2026-09-19T19:09:15
Doctors_4_Plus,1.0,0.438953488372093,0.10274334251880646,0.9628610760902914,AVISTA,1.0.7,2026-09-19T19:09:15
Doctors_4_Plus,0.9933774834437086,0.4411764705882353,0.10369802266359329,0.9628610760902914,AVISTA,1.0.7,2026-09-19T19:09:15
Doctors_4_Plus,0.9933774834437086,0.4424778761061947,0.10397633165121078,0.9628610760902914,AVISTA,1.0.7,2026-09-19T19:09:15
Doctors_4_Plus,0.9933774834437086,0.4437869822485207,0.1042342260479927,0.9628610760902914,AVISTA,1.0.7,2026-09-19T19:09:15
Doctors_4_Plus,0.9933774834437086,0.44510385756676557,0.10482706129550934,0.9628610760902914,AVISTA,1.0.7,2026-09-19T19:09:15
Doctors_4_Plus,0.9933774834437086,0.44642857142857145,0.1048617959022522,0.9628610760902914,AVISTA,1.0.7,2026-09-19T19:09:15
Doctors_4_Plus,0.9933774834437086,0.44776119402985076,0.10523106157779694,0.9628610760902914,AVISTA,1.0.7,2026-09-19T19:09:15
Doctors_4_Plus,0.9933774834437086,0.4491017964071856,0.10557547956705093,0.9628610760902914,AVISTA,1.0.7,2026-09-19T19:09:15
Doctors_4_Plus,0.9933774834437086,0.45045045045045046,0.10574553906917572,0.9628610760902914,AVISTA,1.0.7,2026-09-19T19:09:15
Doctors_4_Plus,0.9933774834437086,0.45180722891566266,0.10813736170530319,0.9628610760902914,AVISTA,1.0.7,2026-09-19T19:09:15
Doctors_4_Plus,0.9933774834437086,0.45317220543806647,0.10835428535938263,0.9628610760902914,AVISTA,1.0.7,2026-09-19T19:09:15
Doctors_4_Plus,0.9933774834437086,0.45454545454545453,0.11037837713956833,0.9628610760902914,AVISTA,1.0.7,2026-09-19T19:09:15
Doctors_4_Plus,0.9933774834437086,0.4573170731707317,0.11144090443849564,0.9628610760902914,AVISTA,1.0.7,2026-09-19T19:09:15
Doctors_4_Plus,0.9933774834437086,0.45871559633027525,0.11208457499742508,0.9628610760902914,AVISTA,1.0.7,2026-09-19T19:09:15
Doctors_4_Plus,0.9933774834437086,0.4601226993865031,0.11242180317640305,0.9628610760902914,AVISTA,1.0.7,2026-09-19T19:09:15
Doctors_4_Plus,0.9933774834437086,0.46153846153846156,0.11417888849973679,0.9628610760902914,AVISTA,1.0.7,2026-09-19T19:09:15
Doctors_4_Plus,0.9933774834437086,0.46296296296296297,0.11457677185535431,0.9628610760902914,AVISTA,1.0.7,2026-09-19T19:09:15
Doctors_4_Plus,0.9933774834437086,0.46439628482972134,0.11476492136716843,0.9628610760902914,AVISTA,1.0.7,2026-09-19T19:09:15
Doctors_4_Plus,0.9933774834437086,0.4658385093167702,0.11619942635297775,0.9628610760902914,AVISTA,1.0.7,2026-09-19T19:09:15
Doctors_4_Plus,0.9933774834437086,0.4672897196261682,0.11671143770217896,0.9628610760902914,AVISTA,1.0.7,2026-09-19T19:09:15
Doctors_4_Plus,0.9933774834437086,0.46875,0.11820997297763824,0.9628610760902914,AVISTA,1.0.7,2026-09-19T19:09:15
Doctors_4_Plus,0.9933774834437086,0.4702194357366771,0.11900786310434341,0.9628610760902914,AVISTA,1.0.7,2026-09-19T19:09:15
Doctors_4_Plus,0.9933774834437086,0.4716981132075472,0.12169264256954193,0.9628610760902914,AVISTA,1.0.7,2026-09-19T19:09:15
Doctors_4_Plus,0.9933774834437086,0.47318611987381703,0.12178599089384079,0.9628610760902914,AVISTA,1.0.7,2026-09-19T19:09:15
Doctors_4_Plus,0.9933774834437086,0.47468354430379744,0.12230561673641205,0.9628610760902914,AVISTA,1.0.7,2026-09-19T19:09:15
Doctors_4_Plus,0.9933774834437086,0.47619047619047616,0.12254166603088379,0.9628610760902914,AVISTA,1.0.7,2026-09-19T19:09:15
Doctors_4_Plus,0.9933774834437086,0.47770700636942676,0.12328694015741348,0.9628610760902914,AVISTA,1.0.7,2026-09-19T19:09:15
Doctors_4_Plus,0.9933774834437086,0.4792332268370607,0.12341516464948654,0.9628610760902914,AVISTA,1.0.7,2026-09-19T19:09:15
Doctors_4_Plus,0.9933774834437086,0.4807692307692308,0.12394760549068451,0.9628610760902914,AVISTA,1.0.7,2026-09-19T19:09:15
Doctors_4_Plus,0.9933774834437086,0.48231511254019294,0.1269017457962036,0.9628610760902914,AVISTA,1.0.7,2026-09-19T19:09:15
Doctors_4_Plus,0.9933774834437086,0.4838709677419355,0.12732502818107605,0.9628610760902914,AVISTA,1.0.7,2026-09-19T19:09:15
Doctors_4_Plus,0.9933774834437086,0.4854368932038835,0.12743449211120605,0.9628610760902914,AVISTA,1.0.7,2026-09-19T19:09:15
Doctors_4_Plus,0.9933774834437086,0.487012987012987,0.12782926857471466,0.9628610760902914,AVISTA,1.0.7,2026-09-19T19:09:15
Doctors_4_Plus,0.9933774834437086,0.48859934853420195,0.12822183966636658,0.9628610760902914,AVISTA,1.0.7,2026-09-19T19:09:15
Doctors_4_Plus,0.9933774834437086,0.4934210526315789,0.12862767279148102,0.9628610760902914,AVISTA,1.0.7,2026-09-19T19:09:15
Doctors_4_Plus,0.9933774834437086,0.49504950495049505,0.128991037607193,0.9628610760902914,AVISTA,1.0.7,2026-09-19T19:09:15
Doctors_4_Plus,0.9933774834437086,0.4966887417218543,0.1300605833530426,0.9628610760902914,AVISTA,1.0.7,2026-09-19T19:09:15
Doctors_4_Plus,0.9933774834437086,0.4983388704318937,0.13031591475009918,0.9628610760902914,AVISTA,1.0.7,2026-09-19T19:09:15
Doctors_4_Plus,0.9933774834437086,0.5033557046979866,0.13118980824947357,0.9628610760902914,AVISTA,1.0.7,2026-09-19T19:09:15
Doctors_4_Plus,0.9933774834437086,0.5050505050505051,0.1315159648656845,0.9628610760902914,AVISTA,1.0.7,2026-09-19T19:09:15
Doctors_4_Plus,0.9933774834437086,0.5067567567567568,0.13321837782859802,0.9628610760902914,AVISTA,1.0.7,2026-09-19T19:09:15
Doctors_4_Plus,0.9933774834437086,0.5084745762711864,0.13326890766620636,0.9628610760902914,AVISTA,1.0.7,2026-09-19T19:09:15
Doctors_4_Plus,0.9933774834437086,0.5102040816326531,0.13555847108364105,0.9628610760902914,AVISTA,1.0.7,2026-09-19T19:09:15
Doctors_4_Plus,0.9933774834437086,0.5119453924914675,0.13570436835289001,0.9628610760902914,AVISTA,1.0.7,2026-09-19T19:09:15
Doctors_4_Plus,0.9933774834437086,0.5136986301369864,0.1361587941646576,0.9628610760902914,AVISTA,1.0.7,2026-09-19T19:09:15
Doctors_4_Plus,0.9933774834437086,0.5154639175257731,0.13686752319335938,0.9628610760902914,AVISTA,1.0.7,2026-09-19T19:09:15
Doctors_4_Plus,0.9933774834437086,0.5172413793103449,0.13742299377918243,0.9628610760902914,AVISTA,1.0.7,2026-09-19T19:09:15
Doctors_4_Plus,0.9933774834437086,0.5190311418685121,0.13793642818927765,0.9628610760902914,AVISTA,1.0.7,2026-09-19T19:09:15
Doctors_4_Plus,0.9933774834437086,0.5208333333333334,0.13950082659721375,0.9628610760902914,AVISTA,1.0.7,2026-09-19T19:09:15
Doctors_4_Plus,0.9933774834437086,0.5226480836236934,0.14038588106632233,0.9628610760902914,AVISTA,1.0.7,2026-09-19T19:09:15
Doctors_4_Plus,0.9933774834437086,0.5244755244755245,0.14117567241191864,0.9628610760902914,AVISTA,1.0.7,2026-09-19T19:09:15
Doctors_4_Plus,0.9933774834437086,0.5263157894736842,0.1412210762500763,0.9628610760902914,AVISTA,1.0.7,2026-09-19T19:09:15
Doctors_4_Plus,0.9933774834437086,0.528169014084507,0.14194902777671814,0.9628610760902914,AVISTA,1.0.7,2026-09-19T19:09:15
Doctors_4_Plus,0.9933774834437086,0.5300353356890459,0.14415089786052704,0.9628610760902914,AVISTA,1.0.7,2026-09-19T19:09:15
Doctors_4_Plus,0.9933774834437086,0.5319148936170213,0.1465282142162323,0.9628610760902914,AVISTA,1.0.7,2026-09-19T19:09:15
Doctors_4_Plus,0.9933774834437086,0.5338078291814946,0.14742258191108704,0.9628610760902914,AVISTA,1.0.7,2026-09-19T19:09:15
Doctors_4_Plus,0.9933774834437086,0.5357142857142857,0.14803911745548248,0.9628610760902914,AVISTA,1.0.7,2026-09-19T19:09:15
Doctors_4_Plus,0.9933774834437086,0.5376344086021505,0.1502576768398285,0.9628610760902914,AVISTA,1.0.7,2026-09-19T19:09:15
Doctors_4_Plus,0.9933774834437086,0.539568345323741,0.15031585097312927,0.9628610760902914,AVISTA,1.0.7,2026-09-19T19:09:15
Doctors_4_Plus,0.9933774834437086,0.5415162454873647,0.15055274963378906,0.9628610760902914,AVISTA,1.0.7,2026-09-19T19:09:15
Doctors_4_Plus,0.9933774834437086,0.5434782608695652,0.1530180722475052,0.9628610760902914,AVISTA,1.0.7,2026-09-19T19:09:15
Doctors_4_Plus,0.9933774834437086,0.5454545454545454,0.15377092361450195,0.9628610760902914,AVISTA,1.0.7,2026-09-19T19:09:15
Doctors_4_Plus,0.9933774834437086,0.5474452554744526,0.15576016902923584,0.9628610760902914,AVISTA,1.0.7,2026-09-19T19:09:15
Doctors_4_Plus,0.9933774834437086,0.5514705882352942,0.15655392408370972,0.9628610760902914,AVISTA,1.0.7,2026-09-19T19:09:15
Doctors_4_Plus,0.9933774834437086,0.5535055350553506,0.15671657025814056,0.9628610760902914,AVISTA,1.0.7,2026-09-19T19:09:15
Doctors_4_Plus,0.9933774834437086,0.5555555555555556,0.15688371658325195,0.9628610760902914,AVISTA,1.0.7,2026-09-19T19:09:15
Doctors_4_Plus,0.9933774834437086,0.5576208178438662,0.15693552792072296,0.9628610760902914,AVISTA,1.0.7,2026-09-19T19:09:15
Doctors_4_Plus,0.9867549668874173,0.5580524344569289,0.15736526250839233,0.9628610760902914,AVISTA,1.0.7,2026-09-19T19:09:15
Doctors_4_Plus,0.9867549668874173,0.5601503759398496,0.16319981217384338,0.9628610760902914,AVISTA,1.0.7,2026-09-19T19:09:15
Doctors_4_Plus,0.9867549668874173,0.5622641509433962,0.16391940414905548,0.9628610760902914,AVISTA,1.0.7,2026-09-19T19:09:15
Doctors_4_Plus,0.9867549668874173,0.5643939393939394,0.16569672524929047,0.9628610760902914,AVISTA,1.0.7,2026-09-19T19:09:15
Doctors_4_Plus,0.9867549668874173,0.5665399239543726,0.16640248894691467,0.9628610760902914,AVISTA,1.0.7,2026-09-19T19:09:15
Doctors_4_Plus,0.9867549668874173,0.5687022900763359,0.17316538095474243,0.9628610760902914,AVISTA,1.0.7,2026-09-19T19:09:15
Doctors_4_Plus,0.9867549668874173,0.5708812260536399,0.17349684238433838,0.9628610760902914,AVISTA,1.0.7,2026-09-19T19:09:15
Doctors_4_Plus,0.9867549668874173,0.573076923076923,0.17484255135059357,0.9628610760902914,AVISTA,1.0.7,2026-09-19T19:09:15
Doctors_4_Plus,0.9867549668874173,0.5752895752895753,0.1761121302843094,0.9628610760902914,AVISTA,1.0.7,2026-09-19T19:09:15
Doctors_4_Plus,0.9867549668874173,0.5775193798449613,0.1765098124742508,0.9628610760902914,AVISTA,1.0.7,2026-09-19T19:09:15
Doctors_4_Plus,0.9867549668874173,0.5797665369649806,0.17660123109817505,0.9628610760902914,AVISTA,1.0.7,2026-09-19T19:09:15
Doctors_4_Plus,0.9867549668874173,0.58203125,0.17693790793418884,0.9628610760902914,AVISTA,1.0.7,2026-09-19T19:09:15
Doctors_4_Plus,0.9867549668874173,0.5843137254901961,0.1777387112379074,0.9628610760902914,AVISTA,1.0.7,2026-09-19T19:09:15
Doctors_4_Plus,0.9867549668874173,0.5866141732283464,0.1779235303401947,0.9628610760902914,AVISTA,1.0.7,2026-09-19T19:09:15
Doctors_4_Plus,0.9867549668874173,0.5889328063241107,0.17845456302165985,0.9628610760902914,AVISTA,1.0.7,2026-09-19T19:09:15
Doctors_4_Plus,0.9867549668874173,0.5912698412698413,0.17846529185771942,0.9628610760902914,AVISTA,1.0.7,2026-09-19T19:09:15
Doctors_4_Plus,0.9867549668874173,0.5936254980079682,0.17890316247940063,0.9628610760902914,AVISTA,1.0.7,2026-09-19T19:09:15
Doctors_4_Plus,0.9801324503311258,0.5943775100401606,0.17900727689266205,0.9628610760902914,AVISTA,1.0.7,2026-09-19T19:09:15
Doctors_4_Plus,0.9801324503311258,0.5967741935483871,0.17922687530517578,0.9628610760902914,AVISTA,1.0.7,2026-09-19T19:09:15
Doctors_4_Plus,0.9801324503311258,0.5991902834008097,0.18049485981464386,0.9628610760902914,AVISTA,1.0.7,2026-09-19T19:09:15
Doctors_4_Plus,0.9735099337748344,0.5975609756097561,0.18146240711212158,0.9628610760902914,AVISTA,1.0.7,2026-09-19T19:09:15
Doctors_4_Plus,0.9735099337748344,0.6,0.18306675553321838,0.9628610760902914,AVISTA,1.0.7,2026-09-19T19:09:15
Doctors_4_Plus,0.9735099337748344,0.6024590163934426,0.18397128582000732,0.9628610760902914,AVISTA,1.0.7,2026-09-19T19:09:15
Doctors_4_Plus,0.9735099337748344,0.6049382716049383,0.1852964162826538,0.9628610760902914,AVISTA,1.0.7,2026-09-19T19:09:15
Doctors_4_Plus,0.9735099337748344,0.6074380165289256,0.18782058358192444,0.9628610760902914,AVISTA,1.0.7,2026-09-19T19:09:15
Doctors_4_Plus,0.9735099337748344,0.6099585062240664,0.19349226355552673,0.9628610760902914,AVISTA,1.0.7,2026-09-19T19:09:15
Doctors_4_Plus,0.9735099337748344,0.6176470588235294,0.20017743110656738,0.9628610760902914,AVISTA,1.0.7,2026-09-19T19:09:15
Doctors_4_Plus,0.9735099337748344,0.620253164556962,0.2009737193584442,0.9628610760902914,AVISTA,1.0.7,2026-09-19T19:09:15
Doctors_4_Plus,0.9668874172185431,0.6239316239316239,0.20387156307697296,0.9628610760902914,AVISTA,1.0.7,2026-09-19T19:09:15
Doctors_4_Plus,0.9668874172185431,0.6266094420600858,0.20448817312717438,0.9628610760902914,AVISTA,1.0.7,2026-09-19T19:09:15
Doctors_4_Plus,0.9668874172185431,0.6320346320346321,0.20531253516674042,0.9628610760902914,AVISTA,1.0.7,2026-09-19T19:09:15
Doctors_4_Plus,0.9668874172185431,0.6347826086956522,0.20535942912101746,0.9628610760902914,AVISTA,1.0.7,2026-09-19T19:09:15
Doctors_4_Plus,0.9668874172185431,0.6375545851528385,0.2077697217464447,0.9628610760902914,AVISTA,1.0.7,2026-09-19T19:09:15
Doctors_4_Plus,0.9668874172185431,0.6403508771929824,0.21271416544914246,0.9628610760902914,AVISTA,1.0.7,2026-09-19T19:09:15
Doctors_4_Plus,0.9668874172185431,0.6431718061674009,0.21509915590286255,0.9628610760902914,AVISTA,1.0.7,2026-09-19T19:09:15
Doctors_4_Plus,0.9668874172185431,0.6460176991150443,0.21540820598602295,0.9628610760902914,AVISTA,1.0.7,2026-09-19T19:09:15
Doctors_4_Plus,0.9668874172185431,0.6488888888888888,0.2161054015159607,0.9628610760902914,AVISTA,1.0.7,2026-09-19T19:09:15
Doctors_4_Plus,0.9668874172185431,0.6517857142857143,0.21891875565052032,0.9628610760902914,AVISTA,1.0.7,2026-09-19T19:09:15
Doctors_4_Plus,0.9668874172185431,0.6547085201793722,0.2207222729921341,0.9628610760902914,AVISTA,1.0.7,2026-09-19T19:09:15
Doctors_4_Plus,0.9668874172185431,0.6576576576576577,0.2240186482667923,0.9628610760902914,AVISTA,1.0.7,2026-09-19T19:09:15
Doctors_4_Plus,0.9668874172185431,0.6606334841628959,0.22553110122680664,0.9628610760902914,AVISTA,1.0.7,2026-09-19T19:09:15
Doctors_4_Plus,0.9668874172185431,0.6636363636363637,0.2274923026561737,0.9628610760902914,AVISTA,1.0.7,2026-09-19T19:09:15
Doctors_4_Plus,0.9668874172185431,0.6666666666666666,0.22865629196166992,0.9628610760902914,AVISTA,1.0.7,2026-09-19T19:09:15
Doctors_4_Plus,0.9668874172185431,0.6697247706422018,0.22891615331172943,0.9628610760902914,AVISTA,1.0.7,2026-09-19T19:09:15
Doctors_4_Plus,0.9668874172185431,0.6728110599078341,0.23061594367027283,0.9628610760902914,AVISTA,1.0.7,2026-09-19T19:09:15
Doctors_4_Plus,0.9668874172185431,0.6759259259259259,0.2318672239780426,0.9628610760902914,AVISTA,1.0.7,2026-09-19T19:09:15
Doctors_4_Plus,0.9668874172185431,0.6822429906542056,0.2347748577594757,0.9628610760902914,AVISTA,1.0.7,2026-09-19T19:09:15
Doctors_4_Plus,0.9668874172185431,0.6854460093896714,0.23526787757873535,0.9628610760902914,AVISTA,1.0.7,2026-09-19T19:09:15
Doctors_4_Plus,0.9668874172185431,0.6886792452830188,0.23837698996067047,0.9628610760902914,AVISTA,1.0.7,2026-09-19T19:09:15
Doctors_4_Plus,0.9602649006622517,0.6872037914691943,0.24081039428710938,0.9628610760902914,AVISTA,1.0.7,2026-09-19T19:09:15
Doctors_4_Plus,0.9602649006622517,0.6904761904761905,0.24092338979244232,0.9628610760902914,AVISTA,1.0.7,2026-09-19T19:09:15
Doctors_4_Plus,0.9602649006622517,0.69377990430622,0.24153172969818115,0.9628610760902914,AVISTA,1.0.7,2026-09-19T19:09:15
Doctors_4_Plus,0.9602649006622517,0.6971153846153846,0.24249407649040222,0.9628610760902914,AVISTA,1.0.7,2026-09-19T19:09:15
Doctors_4_Plus,0.9602649006622517,0.7004830917874396,0.24679334461688995,0.9628610760902914,AVISTA,1.0.7,2026-09-19T19:09:15
Doctors_4_Plus,0.9602649006622517,0.7038834951456311,0.24747218191623688,0.9628610760902914,AVISTA,1.0.7,2026-09-19T19:09:15
Doctors_4_Plus,0.9602649006622517,0.7073170731707317,0.24887512624263763,0.9628610760902914,AVISTA,1.0.7,2026-09-19T19:09:15
Doctors_4_Plus,0.9602649006622517,0.7107843137254902,0.2529863715171814,0.9628610760902914,AVISTA,1.0.7,2026-09-19T19:09:15
Doctors_4_Plus,0.9602649006622517,0.7142857142857143,0.25655776262283325,0.9628610760902914,AVISTA,1.0.7,2026-09-19T19:09:15
Doctors_4_Plus,0.9602649006622517,0.7178217821782178,0.2585856318473816,0.9628610760902914,AVISTA,1.0.7,2026-09-19T19:09:15
Doctors_4_Plus,0.9602649006622517,0.7213930348258707,0.26139816641807556,0.9628610760902914,AVISTA,1.0.7,2026-09-19T19:09:15
Doctors_4_Plus,0.9602649006622517,0.725,0.2641262114048004,0.9628610760902914,AVISTA,1.0.7,2026-09-19T19:09:15
Doctors_4_Plus,0.9602649006622517,0.7286432160804021,0.2666471004486084,0.9628610760902914,AVISTA,1.0.7,2026-09-19T19:09:15
Doctors_4_Plus,0.9536423841059603,0.7346938775510204,0.26751288771629333,0.9628610760902914,AVISTA,1.0.7,2026-09-19T19:09:15
Doctors_4_Plus,0.9536423841059603,0.7384615384615385,0.2705036401748657,0.9628610760902914,AVISTA,1.0.7,2026-09-19T19:09:15
Doctors_4_Plus,0.9536423841059603,0.7422680412371134,0.2715068757534027,0.9628610760902914,AVISTA,1.0.7,2026-09-19T19:09:15
Doctors_4_Plus,0.9536423841059603,0.7461139896373057,0.27780017256736755,0.9628610760902914,AVISTA,1.0.7,2026-09-19T19:09:15
Doctors_4_Plus,0.9536423841059603,0.75,0.27976834774017334,0.9628610760902914,AVISTA,1.0.7,2026-09-19T19:09:15
Doctors_4_Plus,0.9536423841059603,0.7539267015706806,0.28084349632263184,0.9628610760902914,AVISTA,1.0.7,2026-09-19T19:09:15
Doctors_4_Plus,0.9470198675496688,0.7647058823529411,0.29178836941719055,0.9628610760902914,AVISTA,1.0.7,2026-09-19T19:09:15
Doctors_4_Plus,0.9470198675496688,0.7688172043010753,0.29191944003105164,0.9628610760902914,AVISTA,1.0.7,2026-09-19T19:09:15
Doctors_4_Plus,0.9403973509933775,0.7759562841530054,0.2932651937007904,0.9628610760902914,AVISTA,1.0.7,2026-09-19T19:09:15
Doctors_4_Plus,0.9403973509933775,0.7802197802197802,0.2976641356945038,0.9628610760902914,AVISTA,1.0.7,2026-09-19T19:09:15
Doctors_4_Plus,0.9337748344370861,0.7877094972067039,0.2983604669570923,0.9628610760902914,AVISTA,1.0.7,2026-09-19T19:09:15
Doctors_4_Plus,0.9337748344370861,0.7921348314606742,0.2993142306804657,0.9628610760902914,AVISTA,1.0.7,2026-09-19T19:09:15
Doctors_4_Plus,0.9337748344370861,0.7966101694915254,0.30676284432411194,0.9628610760902914,AVISTA,1.0.7,2026-09-19T19:09:15
Doctors_4_Plus,0.9271523178807947,0.7954545454545454,0.3081718385219574,0.9628610760902914,AVISTA,1.0.7,2026-09-19T19:09:15
Doctors_4_Plus,0.9271523178807947,0.8,0.3089369237422943,0.9628610760902914,AVISTA,1.0.7,2026-09-19T19:09:15
Doctors_4_Plus,0.9271523178807947,0.8045977011494253,0.3094644546508789,0.9628610760902914,AVISTA,1.0.7,2026-09-19T19:09:15
Doctors_4_Plus,0.9271523178807947,0.8092485549132948,0.3185774087905884,0.9628610760902914,AVISTA,1.0.7,2026-09-19T19:09:15
Doctors_4_Plus,0.9271523178807947,0.8187134502923976,0.3230188190937042,0.9628610760902914,AVISTA,1.0.7,2026-09-19T19:09:15
Doctors_4_Plus,0.9271523178807947,0.8235294117647058,0.32538098096847534,0.9628610760902914,AVISTA,1.0.7,2026-09-19T19:09:15
Doctors_4_Plus,0.9205298013245033,0.8273809523809523,0.3259294331073761,0.9628610760902914,AVISTA,1.0.7,2026-09-19T19:09:15
Doctors_4_Plus,0.9205298013245033,0.8323353293413174,0.32651570439338684,0.9628610760902914,AVISTA,1.0.7,2026-09-19T19:09:15
Doctors_4_Plus,0.9205298013245033,0.8373493975903614,0.3303062915802002,0.9628610760902914,AVISTA,1.0.7,2026-09-19T19:09:15
Doctors_4_Plus,0.9205298013245033,0.8424242424242424,0.3348741829395294,0.9628610760902914,AVISTA,1.0.7,2026-09-19T19:09:15
Doctors_4_Plus,0.9205298013245033,0.8475609756097561,0.33592256903648376,0.9628610760902914,AVISTA,1.0.7,2026-09-19T19:09:15
Doctors_4_Plus,0.9205298013245033,0.852760736196319,0.3384046256542206,0.9628610760902914,AVISTA,1.0.7,2026-09-19T19:09:15
Doctors_4_Plus,0.9205298013245033,0.8580246913580247,0.34059372544288635,0.9628610760902914,AVISTA,1.0.7,2026-09-19T19:09:15
Doctors_4_Plus,0.9205298013245033,0.8633540372670807,0.34312060475349426,0.9628610760902914,AVISTA,1.0.7,2026-09-19T19:09:15
Doctors_4_Plus,0.9205298013245033,0.86875,0.34419146180152893,0.9628610760902914,AVISTA,1.0.7,2026-09-19T19:09:15
Doctors_4_Plus,0.9205298013245033,0.8742138364779874,0.3501830995082855,0.9628610760902914,AVISTA,1.0.7,2026-09-19T19:09:15
Doctors_4_Plus,0.9139072847682119,0.8734177215189873,0.3532014489173889,0.9628610760902914,AVISTA,1.0.7,2026-09-19T19:09:15
Doctors_4_Plus,0.9139072847682119,0.8789808917197452,0.3653845489025116,0.9628610760902914,AVISTA,1.0.7,2026-09-19T19:09:15
Doctors_4_Plus,0.9072847682119205,0.8782051282051282,0.3673902153968811,0.9628610760902914,AVISTA,1.0.7,2026-09-19T19:09:15
Doctors_4_Plus,0.9072847682119205,0.8838709677419355,0.36782410740852356,0.9628610760902914,AVISTA,1.0.7,2026-09-19T19:09:15
Doctors_4_Plus,0.9072847682119205,0.8896103896103896,0.3691233992576599,0.9628610760902914,AVISTA,1.0.7,2026-09-19T19:09:15
Doctors_4_Plus,0.9006622516556292,0.8888888888888888,0.3753058612346649,0.9628610760902914,AVISTA,1.0.7,2026-09-19T19:09:15
Doctors_4_Plus,0.8940397350993378,0.8881578947368421,0.37826892733573914,0.9628610760902914,AVISTA,1.0.7,2026-09-19T19:09:15
Doctors_4_Plus,0.8874172185430463,0.8874172185430463,0.3803834319114685,0.9628610760902914,AVISTA,1.0.7,2026-09-19T19:09:15
Doctors_4_Plus,0.8874172185430463,0.8933333333333333,0.3920946419239044,0.9628610760902914,AVISTA,1.0.7,2026-09-19T19:09:15
Doctors_4_Plus,0.8874172185430463,0.8993288590604027,0.3976186513900757,0.9628610760902914,AVISTA,1.0.7,2026-09-19T19:09:15
Doctors_4_Plus,0.8874172185430463,0.9115646258503401,0.39805546402931213,0.9628610760902914,AVISTA,1.0.7,2026-09-19T19:09:15
Doctors_4_Plus,0.8807947019867549,0.910958904109589,0.40724271535873413,0.9628610760902914,AVISTA,1.0.7,2026-09-19T19:09:15
Doctors_4_Plus,0.8741721854304636,0.9103448275862069,0.4083877503871918,0.9628610760902914,AVISTA,1.0.7,2026-09-19T19:09:15
Doctors_4_Plus,0.8675496688741722,0.9097222222222222,0.4084928035736084,0.9628610760902914,AVISTA,1.0.7,2026-09-19T19:09:15
Doctors_4_Plus,0.8675496688741722,0.916083916083916,0.4095478355884552,0.9628610760902914,AVISTA,1.0.7,2026-09-19T19:09:15
Doctors_4_Plus,0.8675496688741722,0.9225352112676056,0.41648679971694946,0.9628610760902914,AVISTA,1.0.7,2026-09-19T19:09:15
Doctors_4_Plus,0.8609271523178808,0.9219858156028369,0.41763994097709656,0.9628610760902914,AVISTA,1.0.7,2026-09-19T19:09:15
Doctors_4_Plus,0.8543046357615894,0.9214285714285714,0.4286208748817444,0.9628610760902914,AVISTA,1.0.7,2026-09-19T19:09:15
Doctors_4_Plus,0.8543046357615894,0.9280575539568345,0.43054646253585815,0.9628610760902914,AVISTA,1.0.7,2026-09-19T19:09:15
Doctors_4_Plus,0.847682119205298,0.927536231884058,0.4385145902633667,0.9628610760902914,AVISTA,1.0.7,2026-09-19T19:09:15
Doctors_4_Plus,0.8410596026490066,0.9338235294117647,0.45224013924598694,0.9628610760902914,AVISTA,1.0.7,2026-09-19T19:09:15
Doctors_4_Plus,0.8344370860927153,0.9333333333333333,0.4552507996559143,0.9628610760902914,AVISTA,1.0.7,2026-09-19T19:09:15
Doctors_4_Plus,0.8278145695364238,0.9328358208955224,0.45546141266822815,0.9628610760902914,AVISTA,1.0.7,2026-09-19T19:09:15
Doctors_4_Plus,0.8211920529801324,0.9323308270676691,0.4589029848575592,0.9628610760902914,AVISTA,1.0.7,2026-09-19T19:09:15
Doctors_4_Plus,0.8211920529801324,0.9393939393939394,0.4620392918586731,0.9628610760902914,AVISTA,1.0.7,2026-09-19T19:09:15
Doctors_4_Plus,0.8211920529801324,0.9465648854961832,0.4623584449291229,0.9628610760902914,AVISTA,1.0.7,2026-09-19T19:09:15
Doctors_4_Plus,0.8211920529801324,0.9538461538461539,0.4661628007888794,0.9628610760902914,AVISTA,1.0.7,2026-09-19T19:09:15
Doctors_4_Plus,0.8211920529801324,0.9612403100775194,0.46753931045532227,0.9628610760902914,AVISTA,1.0.7,2026-09-19T19:09:15
Doctors_4_Plus,0.8145695364238411,0.9609375,0.47944244742393494,0.9628610760902914,AVISTA,1.0.7,2026-09-19T19:09:15
Doctors_4_Plus,0.8079470198675497,0.9606299212598425,0.4816246032714844,0.9628610760902914,AVISTA,1.0.7,2026-09-19T19:09:15
Doctors_4_Plus,0.8013245033112583,0.968,0.4824104309082031,0.9628610760902914,AVISTA,1.0.7,2026-09-19T19:09:15
Doctors_4_Plus,0.7947019867549668,0.967741935483871,0.4902990460395813,0.9628610760902914,AVISTA,1.0.7,2026-09-19T19:09:15
Doctors_4_Plus,0.7947019867549668,0.975609756097561,0.4991116225719452,0.9628610760902914,AVISTA,1.0.7,2026-09-19T19:09:15
Doctors_4_Plus,0.7748344370860927,0.9831932773109243,0.5144254565238953,0.9628610760902914,AVISTA,1.0.7,2026-09-19T19:09:15
Doctors_4_Plus,0.7682119205298014,0.9830508474576272,0.5169446468353271,0.9628610760902914,AVISTA,1.0.7,2026-09-19T19:09:15
Doctors_4_Plus,0.7615894039735099,0.9829059829059829,0.5388023853302002,0.9628610760902914,AVISTA,1.0.7,2026-09-19T19:09:15
Doctors_4_Plus,0.7549668874172185,0.9827586206896551,0.5404251217842102,0.9628610760902914,AVISTA,1.0.7,2026-09-19T19:09:15
Doctors_4_Plus,0.7483443708609272,0.9912280701754386,0.5520537495613098,0.9628610760902914,AVISTA,1.0.7,2026-09-19T19:09:15
Doctors_4_Plus,0.7417218543046358,0.9911504424778761,0.5592902898788452,0.9628610760902914,AVISTA,1.0.7,2026-09-19T19:09:15
Doctors_4_Plus,0.7350993377483444,0.9910714285714286,0.5609434247016907,0.9628610760902914,AVISTA,1.0.7,2026-09-19T19:09:15
Doctors_4_Plus,0.7284768211920529,0.990990990990991,0.5617895126342773,0.9628610760902914,AVISTA,1.0.7,2026-09-19T19:09:15
Doctors_4_Plus,0.7218543046357616,0.990909090909091,0.5683508515357971,0.9628610760902914,AVISTA,1.0.7,2026-09-19T19:09:15
Doctors_4_Plus,0.7152317880794702,0.9908256880733946,0.5713437795639038,0.9628610760902914,AVISTA,1.0.7,2026-09-19T19:09:15
Doctors_4_Plus,0.7086092715231788,0.9907407407407407,0.5742865204811096,0.9628610760902914,AVISTA,1.0.7,2026-09-19T19:09:15
Doctors_4_Plus,0.7019867549668874,0.9906542056074766,0.5788735151290894,0.9628610760902914,AVISTA,1.0.7,2026-09-19T19:09:15
Doctors_4_Plus,0.695364238410596,0.9905660377358491,0.5862865447998047,0.9628610760902914,AVISTA,1.0.7,2026-09-19T19:09:15
Doctors_4_Plus,0.6887417218543046,0.9904761904761905,0.5887547731399536,0.9628610760902914,AVISTA,1.0.7,2026-09-19T19:09:15
Doctors_4_Plus,0.6821192052980133,0.9903846153846154,0.588912308216095,0.9628610760902914,AVISTA,1.0.7,2026-09-19T19:09:15
Doctors_4_Plus,0.6754966887417219,0.9902912621359223,0.5923616290092468,0.9628610760902914,AVISTA,1.0.7,2026-09-19T19:09:15
Doctors_4_Plus,0.6622516556291391,1.0,0.6032798290252686,0.9628610760902914,AVISTA,1.0.7,2026-09-19T19:09:15
Doctors_4_Plus,0.6556291390728477,1.0,0.6036346554756165,0.9628610760902914,AVISTA,1.0.7,2026-09-19T19:09:15
Doctors_4_Plus,0.6490066225165563,1.0,0.6049492955207825,0.9628610760902914,AVISTA,1.0.7,2026-09-19T19:09:15
Doctors_4_Plus,0.6423841059602649,1.0,0.6086382865905762,0.9628610760902914,AVISTA,1.0.7,2026-09-19T19:09:15
Doctors_4_Plus,0.6357615894039735,1.0,0.6100975871086121,0.9628610760902914,AVISTA,1.0.7,2026-09-19T19:09:15
Doctors_4_Plus,0.6291390728476821,1.0,0.6223531365394592,0.9628610760902914,AVISTA,1.0.7,2026-09-19T19:09:15
Doctors_4_Plus,0.6158940397350994,1.0,0.6345015168190002,0.9628610760902914,AVISTA,1.0.7,2026-09-19T19:09:15
Doctors_4_Plus,0.609271523178808,1.0,0.6365320682525635,0.9628610760902914,AVISTA,1.0.7,2026-09-19T19:09:15
Doctors_4_Plus,0.6026490066225165,1.0,0.6390498876571655,0.9628610760902914,AVISTA,1.0.7,2026-09-19T19:09:15
Doctors_4_Plus,0.5960264900662252,1.0,0.6523541808128357,0.9628610760902914,AVISTA,1.0.7,2026-09-19T19:09:15
Doctors_4_Plus,0.5894039735099338,1.0,0.6529616713523865,0.9628610760902914,AVISTA,1.0.7,2026-09-19T19:09:15
Doctors_4_Plus,0.5827814569536424,1.0,0.6578128337860107,0.9628610760902914,AVISTA,1.0.7,2026-09-19T19:09:15
Doctors_4_Plus,0.5761589403973509,1.0,0.6606441736221313,0.9628610760902914,AVISTA,1.0.7,2026-09-19T19:09:15
Doctors_4_Plus,0.5695364238410596,1.0,0.6613244414329529,0.9628610760902914,AVISTA,1.0.7,2026-09-19T19:09:15
Doctors_4_Plus,0.5629139072847682,1.0,0.6653918027877808,0.9628610760902914,AVISTA,1.0.7,2026-09-19T19:09:15
Doctors_4_Plus,0.5562913907284768,1.0,0.6696010828018188,0.9628610760902914,AVISTA,1.0.7,2026-09-19T19:09:15
Doctors_4_Plus,0.5496688741721855,1.0,0.6777865290641785,0.9628610760902914,AVISTA,1.0.7,2026-09-19T19:09:15
Doctors_4_Plus,0.543046357615894,1.0,0.6809521913528442,0.9628610760902914,AVISTA,1.0.7,2026-09-19T19:09:15
Doctors_4_Plus,0.5364238410596026,1.0,0.6897316575050354,0.9628610760902914,AVISTA,1.0.7,2026-09-19T19:09:15
Doctors_4_Plus,0.5298013245033113,1.0,0.6970565915107727,0.9628610760902914,AVISTA,1.0.7,2026-09-19T19:09:15
Doctors_4_Plus,0.5231788079470199,1.0,0.6988641023635864,0.9628610760902914,AVISTA,1.0.7,2026-09-19T19:09:15
Doctors_4_Plus,0.5165562913907285,1.0,0.7046775221824646,0.9628610760902914,AVISTA,1.0.7,2026-09-19T19:09:15
Doctors_4_Plus,0.5099337748344371,1.0,0.7046780586242676,0.9628610760902914,AVISTA,1.0.7,2026-09-19T19:09:15
Doctors_4_Plus,0.5033112582781457,1.0,0.7089487910270691,0.9628610760902914,AVISTA,1.0.7,2026-09-19T19:09:15
Doctors_4_Plus,0.4966887417218543,1.0,0.7102574706077576,0.9628610760902914,AVISTA,1.0.7,2026-09-19T19:09:15
Doctors_4_Plus,0.4900662251655629,1.0,0.7129022479057312,0.9628610760902914,AVISTA,1.0.7,2026-09-19T19:09:15
Doctors_4_Plus,0.48344370860927155,1.0,0.7174932956695557,0.9628610760902914,AVISTA,1.0.7,2026-09-19T19:09:15
Doctors_4_Plus,0.4768211920529801,1.0,0.7204194068908691,0.9628610760902914,AVISTA,1.0.7,2026-09-19T19:09:15
Doctors_4_Plus,0.47019867549668876,1.0,0.726746678352356,0.9628610760902914,AVISTA,1.0.7,2026-09-19T19:09:15
Doctors_4_Plus,0.46357615894039733,1.0,0.7295015454292297,0.9628610760902914,AVISTA,1.0.7,2026-09-19T19:09:15
Doctors_4_Plus,0.45695364238410596,1.0,0.7316918969154358,0.9628610760902914,AVISTA,1.0.7,2026-09-19T19:09:15
Doctors_4_Plus,0.4503311258278146,1.0,0.7324844598770142,0.9628610760902914,AVISTA,1.0.7,2026-09-19T19:09:15
Doctors_4_Plus,0.44370860927152317,1.0,0.7331691980361938,0.9628610760902914,AVISTA,1.0.7,2026-09-19T19:09:15
Doctors_4_Plus,0.4370860927152318,1.0,0.7375389933586121,0.9628610760902914,AVISTA,1.0.7,2026-09-19T19:09:15
Doctors_4_Plus,0.4304635761589404,1.0,0.7386482954025269,0.9628610760902914,AVISTA,1.0.7,2026-09-19T19:09:15
Doctors_4_Plus,0.423841059602649,1.0,0.7404260635375977,0.9628610760902914,AVISTA,1.0.7,2026-09-19T19:09:15
Doctors_4_Plus,0.41721854304635764,1.0,0.7404820322990417,0.9628610760902914,AVISTA,1.0.7,2026-09-19T19:09:15
Doctors_4_Plus,0.4105960264900662,1.0,0.7483584880828857,0.9628610760902914,AVISTA,1.0.7,2026-09-19T19:09:15
Doctors_4_Plus,0.40397350993377484,1.0,0.7523849606513977,0.9628610760902914,AVISTA,1.0.7,2026-09-19T19:09:15
Doctors_4_Plus,0.3973509933774834,1.0,0.7545986175537109,0.9628610760902914,AVISTA,1.0.7,2026-09-19T19:09:15
Doctors_4_Plus,0.39072847682119205,1.0,0.7558913230895996,0.9628610760902914,AVISTA,1.0.7,2026-09-19T19:09:15
Doctors_4_Plus,0.3841059602649007,1.0,0.7570235133171082,0.9628610760902914,AVISTA,1.0.7,2026-09-19T19:09:15
Doctors_4_Plus,0.37748344370860926,1.0,0.7619844675064087,0.9628610760902914,AVISTA,1.0.7,2026-09-19T19:09:15
Doctors_4_Plus,0.3708609271523179,1.0,0.7620931267738342,0.9628610760902914,AVISTA,1.0.7,2026-09-19T19:09:15
Doctors_4_Plus,0.36423841059602646,1.0,0.763102114200592,0.9628610760902914,AVISTA,1.0.7,2026-09-19T19:09:15
Doctors_4_Plus,0.3576158940397351,1.0,0.7639654278755188,0.9628610760902914,AVISTA,1.0.7,2026-09-19T19:09:15
Doctors_4_Plus,0.3509933774834437,1.0,0.7674190998077393,0.9628610760902914,AVISTA,1.0.7,2026-09-19T19:09:15
Doctors_4_Plus,0.3443708609271523,1.0,0.7679113745689392,0.9628610760902914,AVISTA,1.0.7,2026-09-19T19:09:15
Doctors_4_Plus,0.33774834437086093,1.0,0.7685760855674744,0.9628610760902914,AVISTA,1.0.7,2026-09-19T19:09:15
Doctors_4_Plus,0.33112582781456956,1.0,0.7691264748573303,0.9628610760902914,AVISTA,1.0.7,2026-09-19T19:09:15
Doctors_4_Plus,0.32450331125827814,1.0,0.7768130898475647,0.9628610760902914,AVISTA,1.0.7,2026-09-19T19:09:15
Doctors_4_Plus,0.31788079470198677,1.0,0.780258059501648,0.9628610760902914,AVISTA,1.0.7,2026-09-19T19:09:15
Doctors_4_Plus,0.31125827814569534,1.0,0.7829144597053528,0.9628610760902914,AVISTA,1.0.7,2026-09-19T19:09:15
Doctors_4_Plus,0.304635761589404,1.0,0.7838043570518494,0.9628610760902914,AVISTA,1.0.7,2026-09-19T19:09:15
Doctors_4_Plus,0.2980132450331126,1.0,0.7901315689086914,0.9628610760902914,AVISTA,1.0.7,2026-09-19T19:09:15
Doctors_4_Plus,0.2913907284768212,1.0,0.790183961391449,0.9628610760902914,AVISTA,1.0.7,2026-09-19T19:09:15
Doctors_4_Plus,0.2847682119205298,1.0,0.793800950050354,0.9628610760902914,AVISTA,1.0.7,2026-09-19T19:09:15
Doctors_4_Plus,0.2781456953642384,1.0,0.7944740653038025,0.9628610760902914,AVISTA,1.0.7,2026-09-19T19:09:15
Doctors_4_Plus,0.271523178807947,1.0,0.803665041923523,0.9628610760902914,AVISTA,1.0.7,2026-09-19T19:09:15
Doctors_4_Plus,0.26490066225165565,1.0,0.8077517151832581,0.9628610760902914,AVISTA,1.0.7,2026-09-19T19:09:15
Doctors_4_Plus,0.2582781456953642,1.0,0.8119853138923645,0.9628610760902914,AVISTA,1.0.7,2026-09-19T19:09:15
Doctors_4_Plus,0.25165562913907286,1.0,0.8130984306335449,0.9628610760902914,AVISTA,1.0.7,2026-09-19T19:09:15
Doctors_4_Plus,0.24503311258278146,1.0,0.8203404545783997,0.9628610760902914,AVISTA,1.0.7,2026-09-19T19:09:15
Doctors_4_Plus,0.23841059602649006,1.0,0.8208119869232178,0.9628610760902914,AVISTA,1.0.7,2026-09-19T19:09:15
Doctors_4_Plus,0.23178807947019867,1.0,0.8224228620529175,0.9628610760902914,AVISTA,1.0.7,2026-09-19T19:09:15
Doctors_4_Plus,0.2185430463576159,1.0,0.825246274471283,0.9628610760902914,AVISTA,1.0.7,2026-09-19T19:09:15
Doctors_4_Plus,0.2119205298013245,1.0,0.8257813453674316,0.9628610760902914,AVISTA,1.0.7,2026-09-19T19:09:15
Doctors_4_Plus,0.2052980132450331,1.0,0.826302707195282,0.9628610760902914,AVISTA,1.0.7,2026-09-19T19:09:15
Doctors_4_Plus,0.1986754966887417,1.0,0.8282178044319153,0.9628610760902914,AVISTA,1.0.7,2026-09-19T19:09:15
Doctors_4_Plus,0.19205298013245034,1.0,0.8351881504058838,0.9628610760902914,AVISTA,1.0.7,2026-09-19T19:09:15
Doctors_4_Plus,0.18543046357615894,1.0,0.8357244729995728,0.9628610760902914,AVISTA,1.0.7,2026-09-19T19:09:15
Doctors_4_Plus,0.17880794701986755,1.0,0.838387131690979,0.9628610760902914,AVISTA,1.0.7,2026-09-19T19:09:15
Doctors_4_Plus,0.17218543046357615,1.0,0.8398109078407288,0.9628610760902914,AVISTA,1.0.7,2026-09-19T19:09:15
Doctors_4_Plus,0.16556291390728478,1.0,0.8400694727897644,0.9628610760902914,AVISTA,1.0.7,2026-09-19T19:09:15
Doctors_4_Plus,0.15894039735099338,1.0,0.8431382775306702,0.9628610760902914,AVISTA,1.0.7,2026-09-19T19:09:15
Doctors_4_Plus,0.152317880794702,1.0,0.8463911414146423,0.9628610760902914,AVISTA,1.0.7,2026-09-19T19:09:15
Doctors_4_Plus,0.1456953642384106,1.0,0.847663938999176,0.9628610760902914,AVISTA,1.0.7,2026-09-19T19:09:15
Doctors_4_Plus,0.1390728476821192,1.0,0.8493778705596924,0.9628610760902914,AVISTA,1.0.7,2026-09-19T19:09:15
Doctors_4_Plus,0.13245033112582782,1.0,0.8515704870223999,0.9628610760902914,AVISTA,1.0.7,2026-09-19T19:09:15
Doctors_4_Plus,0.12582781456953643,1.0,0.859365701675415,0.9628610760902914,AVISTA,1.0.7,2026-09-19T19:09:15
Doctors_4_Plus,0.11920529801324503,1.0,0.8614688515663147,0.9628610760902914,AVISTA,1.0.7,2026-09-19T19:09:15
Doctors_4_Plus,0.11258278145695365,1.0,0.8615413904190063,0.9628610760902914,AVISTA,1.0.7,2026-09-19T19:09:15
Doctors_4_Plus,0.09933774834437085,1.0,0.8647225499153137,0.9628610760902914,AVISTA,1.0.7,2026-09-19T19:09:15
Doctors_4_Plus,0.09271523178807947,1.0,0.8654371500015259,0.9628610760902914,AVISTA,1.0.7,2026-09-19T19:09:15
Doctors_4_Plus,0.08609271523178808,1.0,0.8691145777702332,0.9628610760902914,AVISTA,1.0.7,2026-09-19T19:09:15
Doctors_4_Plus,0.07947019867549669,1.0,0.8698391914367676,0.9628610760902914,AVISTA,1.0.7,2026-09-19T19:09:15
Doctors_4_Plus,0.0728476821192053,1.0,0.8713935017585754,0.9628610760902914,AVISTA,1.0.7,2026-09-19T19:09:15
Doctors_4_Plus,0.06622516556291391,1.0,0.8739079833030701,0.9628610760902914,AVISTA,1.0.7,2026-09-19T19:09:15
Doctors_4_Plus,0.059602649006622516,1.0,0.877840518951416,0.9628610760902914,AVISTA,1.0.7,2026-09-19T19:09:15
Doctors_4_Plus,0.052980132450331126,1.0,0.8789106607437134,0.9628610760902914,AVISTA,1.0.7,2026-09-19T19:09:15
Doctors_4_Plus,0.046357615894039736,1.0,0.8853047490119934,0.9628610760902914,AVISTA,1.0.7,2026-09-19T19:09:15
Doctors_4_Plus,0.039735099337748346,1.0,0.890238881111145,0.9628610760902914,AVISTA,1.0.7,2026-09-19T19:09:15
Doctors_4_Plus,0.033112582781456956,1.0,0.9070979952812195,0.9628610760902914,AVISTA,1.0.7,2026-09-19T19:09:15
Doctors_4_Plus,0.026490066225165563,1.0,0.9186381101608276,0.9628610760902914,AVISTA,1.0.7,2026-09-19T19:09:15
Doctors_4_Plus,0.019867549668874173,1.0,0.9255303144454956,0.9628610760902914,AVISTA,1.0.7,2026-09-19T19:09:15
Doctors_4_Plus,0.013245033112582781,1.0,0.9339374899864197,0.9628610760902914,AVISTA,1.0.7,2026-09-19T19:09:15
Doctors_4_Plus,0.006622516556291391,1.0,0.9646672010421753,0.9628610760902914,AVISTA,1.0.7,2026-09-19T19:09:15
Doctors_4_Plus,0.0,1.0,0.9646672010421753,0.9628610760902914,AVISTA,1.0.7,2026-09-19T19:09:15
