row_identifier,prob_Insufficient_Weight,prob_Normal_Weight,prob_Obesity_Type_I,prob_Obesity_Type_II,prob_Obesity_Type_III,prob_Overweight_Level_I,prob_Overweight_Level_II
1021,0.00026525752,0.00033464545,0.003714595,0.0004865131,0.000195534,0.0006195477,0.99438393
690,0.9988174,0.00094003737,3.7119076e-05,3.2875923e-05,9.8406665e-05,3.7002337e-05,3.71417e-05
1588,0.00012974499,8.3975385e-05,0.0019339573,0.99663734,0.0005404144,0.00018263295,0.00049189624
1699,3.8542e-05,3.4345085e-05,0.00826246,0.990846,0.000290858,5.2168118e-05,0.00047563412
1631,2.9140325e-05,3.4102166e-05,0.0010333788,0.9984775,0.000186108,7.2841605e-05,0.00016688897
285,0.95419437,0.044834904,8.0836275e-05,0.000119894794,7.45828e-05,0.00060466566,9.0717724e-05
408,0.0003126754,0.9820977,0.00033777303,0.0002246942,0.00026685945,0.012602713,0.004157606
230,0.001132987,0.9949143,0.00026052375,0.00018316908,0.00014540378,0.0031809106,0.00018271894
1815,8.011544e-05,4.3433978e-05,0.00046741776,0.0007049943,0.9982497,8.14287e-05,0.00037281789
948,0.00032403972,0.0016229351,0.0011088845,0.00017231445,0.00016074868,0.9889207,0.007690353
961,0.00045519913,0.0015176213,0.009076986,0.00072411296,0.00051417813,0.009627807,0.97808415
1092,0.00033009803,0.000467915,0.006343403,0.001134639,0.00029889322,0.0007482917,0.99067676
467,0.0029841263,0.039073013,0.005829779,0.0035404796,0.005445891,0.9126634,0.030463323
703,0.9986193,0.0008805596,4.773758e-05,6.1962346e-05,3.6702968e-05,0.00029653675,5.723742e-05
860,0.0007585075,0.009919932,0.00092525635,0.0003199693,0.001573638,0.9843552,0.002147516
2023,6.731699e-05,4.0330284e-05,0.00047258133,0.0015719291,0.99768555,6.052307e-05,0.000101805985
1333,0.00017480445,0.00018900976,0.99692196,0.00082193053,0.0006551159,0.00035291034,0.0008842479
721,0.99723464,0.0016480982,0.00017576209,8.117772e-05,8.39072e-05,0.00052988646,0.00024655418
1534,7.9013305e-05,7.6111966e-05,0.0050551426,0.9937937,0.0005032995,0.00024591657,0.00024674254
1418,7.133502e-05,6.878539e-05,0.99332494,0.000115340496,0.0001011342,0.0006946343,0.005623832
545,0.99740773,0.0021343348,5.637046e-05,5.7801764e-05,5.0231687e-05,0.00016852721,0.00012502089
176,0.0041672285,0.99139684,0.00084758754,0.00018966239,0.0001891458,0.002744385,0.00046511515
1587,0.00023641092,0.00023203742,0.00370398,0.99357235,0.00091624213,0.0007421731,0.0005968618
1512,8.6586246e-05,0.00021716586,0.0041847485,0.9945035,0.0005135188,0.00028056806,0.00021398484
401,0.0002988858,0.934184,0.00032176796,0.00034056234,0.0003141226,0.0448219,0.019718802
1409,3.1938325e-05,2.2418719e-05,0.99784684,5.171185e-05,4.5597695e-05,0.00032563487,0.0016758875
392,0.0018562669,0.9955805,0.00023145464,0.000243942,0.00016106905,0.00094360526,0.0009831359
1687,5.57935e-05,6.0899896e-05,0.0011433895,0.99796,0.00031964574,0.00010569607,0.00035462176
1502,0.00019933698,0.00019543429,0.0049103512,0.992336,0.0005750974,0.00063461513,0.0011491593
1828,0.00012016284,7.788869e-05,0.00094037794,0.0012698579,0.9971317,0.00015892975,0.00030106833
4,0.0005087794,0.0042565917,0.005588739,0.0005017363,0.0004585124,0.00739769,0.98128796
255,0.0011151416,0.04840348,0.00069244683,0.00051400304,0.00064106425,0.93533164,0.01330217
2047,6.935756e-05,4.291229e-05,0.00044242287,0.0007465584,0.9984289,6.832981e-05,0.00020145671
1444,0.00025539863,0.0002957169,0.99463576,0.0019088046,0.00079111673,0.00075717666,0.0013560142
822,0.00026818024,0.0004696298,0.00033723272,0.00019698027,0.00022900593,0.99366564,0.004833318
1626,0.00012224213,0.00012811304,0.002228358,0.9956468,0.00038658705,0.00031919574,0.0011686813
412,0.00015649639,0.00033450048,0.9912922,0.000711696,0.00021745634,0.0014180996,0.0058695776
1746,4.7559708e-05,4.740995e-05,0.0005705334,0.99881625,0.00026824445,0.00010892311,0.00014112159
185,0.00019721819,0.99707806,0.00027299114,6.087022e-05,8.364796e-05,0.002120886,0.00018630995
1486,8.784898e-05,4.1050254e-05,0.99736387,0.00015587169,8.9134766e-05,0.0011175991,0.001144648
402,0.0014546063,0.9901271,0.0015142008,0.0003559567,0.0008059442,0.0023098893,0.0034323619
920,0.00052660774,0.0016482448,0.001322573,0.0017514831,0.0005208142,0.93429136,0.059938863
656,0.9980996,0.00050978904,0.00012353386,9.6465774e-05,6.268157e-05,0.0010340817,7.3796036e-05
1624,8.703198e-05,6.7539884e-05,0.0017048892,0.9971017,0.0004380719,0.00013692769,0.00046378752
1166,0.0002710048,0.00027091408,0.0044535412,0.00039869826,0.0002279442,0.0006750963,0.9937028
1350,0.00046409474,0.00039554795,0.99112415,0.0028352113,0.002731713,0.0011248223,0.0013245326
1379,7.0341914e-05,6.137087e-05,0.9893763,0.0006194036,8.966734e-05,0.000119684155,0.009663251
2077,4.0731004e-05,3.0018155e-05,0.0010275361,0.0001998745,0.99855286,5.5502085e-05,9.3457995e-05
1536,4.5134824e-05,5.597318e-05,0.00051733217,0.9988696,0.00026332823,0.00010471997,0.00014387383
2081,5.2998188e-05,3.66419e-05,0.00046653952,0.0011695769,0.9980489,6.912372e-05,0.00015623719
241,0.035603214,0.9607314,0.0004566547,0.000603139,0.00057063985,0.0011499616,0.00088498404
105,0.0018724138,0.008926212,0.0051039974,0.0016973489,0.0007705413,0.9456568,0.035972703
1858,4.1106337e-05,3.00538e-05,0.00051397015,0.0011182642,0.9981096,7.617295e-05,0.000110848974
2038,4.1623374e-05,4.2312004e-05,0.0003384292,0.00025255716,0.999156,6.8666195e-05,0.000100472076
242,0.00013520154,0.9772001,0.00018628582,8.970798e-05,0.00017776738,0.02153581,0.0006750851
470,0.01291861,0.98185134,0.00059905136,0.00021996084,0.00028303984,0.0031363303,0.0009916999
797,0.00042119183,0.00040114473,0.001045325,0.00023052747,0.00026328018,0.98132217,0.016316382
1026,0.00071329816,0.00086422043,0.0057259854,0.007367511,0.00038346805,0.0030832763,0.98186225
357,0.0005015445,0.073779404,0.00051494397,0.00065197307,0.00034802468,0.8875011,0.03670304
473,0.001300814,0.9953145,0.0005595684,9.094891e-05,0.0001554289,0.00092090294,0.001657804
396,0.00011892407,0.0003747067,0.001443891,0.005570647,0.99184906,0.0003296111,0.00031314755
349,0.9529947,0.04534787,0.00010938772,0.00017564681,0.00016892482,0.00082600076,0.00037748
735,0.00019740782,0.00067398965,0.00037824374,0.00019736547,0.00020233587,0.99664426,0.0017064544
224,0.0041025183,0.006523264,0.0054789158,0.0008268195,0.0014668494,0.9606416,0.020960007
1696,0.00014215212,0.00012262298,0.0036283617,0.9942167,0.00059713103,0.0004513511,0.00084165455
1439,0.00038563964,0.0005712346,0.99091387,0.0038478957,0.0016911473,0.0014538476,0.001136416
1901,0.00014797594,0.00011254786,0.0015597502,0.001694528,0.9959661,0.00030031687,0.00021875287
2012,4.6385776e-05,3.434609e-05,0.0010838932,0.00023206495,0.9984275,6.410003e-05,0.00011178572
723,0.9974075,0.0013364783,0.000107534885,6.0318667e-05,6.151228e-05,0.00057628343,0.0004503922
1013,0.00037552178,0.0005795128,0.0013698771,0.0003541604,0.0003328165,0.0062654866,0.99072266
1914,4.572697e-05,3.2613498e-05,0.00047854573,0.000590826,0.9986528,6.5553606e-05,0.00013392526
1458,2.5794949e-05,2.0773246e-05,0.9976439,3.8563157e-05,4.1988336e-05,0.0010422051,0.0011867199
187,0.0013842301,0.031692475,0.0016065959,0.00042078926,0.0007711774,0.9490246,0.015100095
112,0.0018438152,0.9662772,0.00053732743,0.00021049632,0.00048793355,0.028749172,0.001894017
1799,0.00011192554,0.0001419292,0.001244081,0.012538157,0.98482186,0.00019201846,0.0009501113
1428,0.0003597739,0.00040533452,0.99214864,0.0033095644,0.0015417142,0.0012760634,0.00095885183
125,0.0015607979,0.9902098,0.00028774413,0.00012776413,0.00034913933,0.005747092,0.0017175983
905,0.0003099718,0.0024000842,0.0010641217,0.00028769972,0.00040712222,0.99173343,0.003797624
165,0.00033254773,0.0029608086,0.0042043426,0.00040338156,0.00031162202,0.005525619,0.98626167
2040,5.183534e-05,3.959085e-05,0.00049416086,0.0011797011,0.99804014,6.678775e-05,0.00012778134
1321,0.00019658892,0.00015786455,0.99375534,0.00031461712,0.00013000675,0.00095125363,0.0044942764
1009,0.00036878823,0.001324151,0.0014334044,0.00052305096,0.0003478278,0.0054859384,0.99051684
784,0.00034206477,0.0008257145,0.001029238,0.00010933058,0.00016873209,0.9906893,0.0068356446
1459,3.2527758e-05,2.6215821e-05,0.9950334,4.653675e-05,5.4574044e-05,0.0019187168,0.0028880807
2052,0.00019282458,0.00011814184,0.0016444582,0.0014407537,0.99597627,0.00040439915,0.00022316903
1618,0.00015278104,0.00016913771,0.0089407535,0.9887229,0.0007355371,0.00030185978,0.0009770682
1552,0.00015791916,0.00017482592,0.008565643,0.9892552,0.0007602737,0.00031201154,0.00077413395
793,0.00026453982,0.0021517335,0.0015405657,0.00030064123,0.00038318982,0.9919923,0.0033670622
68,0.000118325406,0.0009829397,0.0066317534,0.98993,0.000655325,0.00021022932,0.0014714176
279,0.0004737428,0.0036247547,0.9851409,0.0062469947,0.001664732,0.0017248275,0.0011239825
1886,0.0001115478,9.0725785e-05,0.0016179893,0.0019756556,0.9957288,0.0002519841,0.00022333968
924,0.00035766224,0.0043905196,0.0009784552,0.0007041388,0.00056131877,0.98764324,0.005364727
1235,5.729611e-05,4.097194e-05,0.99435014,6.497157e-05,8.641815e-05,0.0016406721,0.0037596067
606,0.9876886,0.003529701,0.00017913985,0.00014559898,0.00033124606,0.007949348,0.00017639282
1314,0.0006443216,0.00057236035,0.9658468,0.0028616942,0.00095741556,0.0035461474,0.025571335
1735,7.429515e-05,5.9071583e-05,0.0011409663,0.9978399,0.00038314564,0.00011463301,0.0003879446
195,0.00012964282,0.00027785514,0.98439044,0.000111678026,0.0002993979,0.0011672174,0.013623748
58,0.00045302045,0.9608145,0.00069017714,0.0004373615,0.0006187481,0.030575182,0.0064110453
891,0.00020822449,0.0004784701,0.0004906072,0.0001487882,0.00025873262,0.9964858,0.0019293124
1417,8.044035e-05,8.10153e-05,0.9904407,0.0001327861,0.00011516957,0.000739999,0.0084098345
1160,0.00062352157,0.0006945019,0.026589576,0.000567927,0.0003788974,0.0008878478,0.97025776
1505,6.871927e-05,8.438343e-05,0.0026735016,0.9959805,0.00050289545,0.00018790468,0.00050211285
1324,0.00021055501,0.00025052408,0.9946608,0.0023524158,0.0010023491,0.00065048615,0.00087292853
481,0.0007796083,0.04659577,0.0019890764,0.001600127,0.0009891792,0.030168535,0.9178777
174,0.0010856662,0.94055605,0.0004761515,0.00025964258,0.0003391523,0.051612318,0.005670999
1045,0.00014813598,0.00050348026,0.00091205724,0.0004491354,0.00025749503,0.010421018,0.9873087
570,0.99916005,0.000293319,6.718645e-05,5.5365872e-05,3.5721947e-05,0.00035366922,3.4659704e-05
1966,3.977468e-05,3.8681825e-05,0.0003183636,0.00020782725,0.99925095,6.5663844e-05,7.871624e-05
17,0.000101796206,0.0002687137,0.978876,0.00022806347,0.00016562991,0.0052532144,0.015106557
685,0.99940646,0.00021167805,4.42416e-05,2.3721348e-05,3.7969236e-05,0.00022542599,5.0528764e-05
777,0.0005788208,0.01581117,0.0023268457,0.00073299365,0.00064156327,0.9756026,0.004305938
1091,0.00067182805,0.0010470408,0.0039576027,0.00044191696,0.0004934564,0.028332677,0.9650555
1801,0.00022210457,0.00013364041,0.0018186079,0.0012876003,0.9959008,0.0004069815,0.00023024254
1215,2.9700828e-05,2.5037261e-05,0.9986732,4.921563e-05,4.1909334e-05,0.00030642244,0.00087452447
1847,5.2433883e-05,4.1694882e-05,0.0004679393,0.0015519721,0.9976809,7.9811565e-05,0.00012526545
971,0.00030095404,0.00051380554,0.0019985822,0.00031966562,0.00024886185,0.0040718867,0.99254626
1732,0.00018018493,0.00017685477,0.0021870038,0.99533397,0.00049846305,0.0009453552,0.00067822135
1551,7.0613096e-05,8.154955e-05,0.0043854644,0.9944226,0.00042584658,0.000116963274,0.0004969233
43,0.00013143246,0.9959494,0.00014753171,4.3439486e-05,5.7230314e-05,0.0028364651,0.0008344459
19,0.00046111963,0.09059833,0.0017348295,0.00055301434,0.0007842997,0.84972626,0.05614216
770,0.0009660162,0.003917111,0.0010496108,0.00029552527,0.00044693425,0.98724884,0.006075921
2008,4.4526732e-05,4.3913067e-05,0.00036741476,0.00027461612,0.99909425,8.268197e-05,9.256047e-05
990,0.0005166655,0.0009173342,0.0031102924,0.0015574207,0.00048331934,0.019052632,0.9743624
886,0.00033159283,0.00090444804,0.0014058928,0.0002659308,0.00025419085,0.9903694,0.006468599
72,0.00045894826,0.9949056,0.00058101653,0.0003260328,0.00022583848,0.0020400211,0.0014625676
801,0.0003769384,0.0061900015,0.0010467042,0.00065145676,0.00045140195,0.98009104,0.011192505
1731,0.00019073258,0.0001872075,0.002348362,0.9950237,0.000527642,0.0010296515,0.0006926483
569,0.9938564,0.0054389467,8.5114974e-05,8.368183e-05,4.9008202e-05,0.00042239315,6.4522435e-05
1419,7.006894e-05,0.00013820511,0.99002457,0.00018503096,0.00011880916,0.001808218,0.0076550604
1399,0.00030849382,0.0003054172,0.98834604,0.0011426738,0.00027931615,0.00058362127,0.009034446
117,0.002265704,0.010085611,0.012534138,0.00049427507,0.0017542652,0.015007966,0.95785797
133,0.00033159222,0.026032997,0.0010045153,0.0006419424,0.0004921281,0.96744597,0.0040508388
1885,0.000109390545,8.990106e-05,0.0015940856,0.0017478693,0.9959706,0.0002750398,0.00021312168
504,0.9983303,0.0010446807,8.241422e-05,5.4351825e-05,7.4841315e-05,0.00012669312,0.00028678693
35,0.00032488012,0.012278036,0.00078413315,0.00013894454,0.00022775897,0.02939725,0.956849
1916,3.842561e-05,3.7369824e-05,0.00029957635,0.00019771728,0.99929047,5.1767158e-05,8.463415e-05
935,0.00025793008,0.0021087776,0.00056052697,0.0002524388,0.00020917435,0.9945438,0.0020673072
1963,3.8424198e-05,3.7368452e-05,0.00030443695,0.00022646498,0.9992538,6.3434345e-05,7.604358e-05
511,0.99421316,0.0033730788,0.00025447825,0.0001358126,0.00020110968,0.001171985,0.00065041415
1571,0.00016859068,0.00015347355,0.0019564126,0.9957671,0.00048691718,0.00050271576,0.0009647978
1342,3.9860442e-05,5.1333114e-05,0.9970868,6.525921e-05,4.7803438e-05,0.0012068427,0.0015020947
1774,3.3391723e-05,2.9495026e-05,0.0022439864,0.9971457,0.0002555506,4.8201247e-05,0.00024362191
1602,4.694766e-05,5.672466e-05,0.0005919016,0.99879646,0.00026479215,0.00010298059,0.00014013336
1697,4.2138035e-05,3.0839255e-05,0.007210131,0.99183804,0.00033384387,0.00019608391,0.00034894288
1907,5.172793e-05,4.0047453e-05,0.0009832763,0.0006257883,0.9980819,8.726537e-05,0.00012998498
667,0.9973099,0.0016683497,0.00012410952,7.79194e-05,6.501649e-05,0.0006557962,9.892571e-05
1065,0.000116117255,0.00021000588,0.0009342041,0.00026196564,0.00014231354,0.00052912487,0.99780625
522,0.9954079,0.0029958664,0.00015459006,0.00015434169,0.00027722854,0.0009132146,9.681022e-05
1311,0.0005923703,0.00043151164,0.9927902,0.002646495,0.0009210152,0.0016005945,0.0010177558
1218,2.6442858e-05,3.3035423e-05,0.9963085,6.030837e-05,4.49463e-05,0.0012693928,0.0022573064
1714,0.00016080754,0.00014588199,0.0036557277,0.99442863,0.0006877709,0.0005218155,0.00039940022
726,0.99659556,0.001782731,0.00016600842,8.712511e-05,0.00024765867,0.00052298553,0.0005979584
181,0.00020377987,0.000767542,0.9432761,0.0007670773,0.0002191215,0.00046929502,0.054297112
1543,4.255742e-05,3.642081e-05,0.00053687,0.9988248,0.0002138829,5.7976034e-05,0.00028756345
221,0.0005998271,0.99552107,0.00021712865,0.00018974401,0.00041943925,0.0024529435,0.00059983856
1210,0.00021873052,0.00022573468,0.98220015,0.0011967712,0.00021845847,0.00045261698,0.015487547
1999,0.0001645884,9.680868e-05,0.000953189,0.0013982198,0.9965424,0.0001570244,0.0006877558
1454,0.0005428996,0.00028218413,0.99328023,0.0020271137,0.0009060675,0.0017006225,0.0012609396
800,0.000802841,0.0010996079,0.0017245734,0.00084141904,0.0005094153,0.9714466,0.02357561
1891,4.9391194e-05,4.8034162e-05,0.0010249207,0.00024300812,0.998434,8.326394e-05,0.000117403964
1671,4.988414e-05,0.0001150916,0.0005015617,0.99868673,0.00030385357,0.000115981326,0.00022688646
147,0.00012013805,0.00033288784,0.9920266,0.00014540172,0.00028774855,0.0011067294,0.0059804926
243,0.00028884815,0.06971652,0.00052327645,0.00028268032,0.0004027069,0.9200554,0.008730553
862,0.0004689063,0.0006037902,0.0021372116,0.00077667617,0.000691026,0.9789755,0.016346853
1807,4.4893568e-05,3.6596917e-05,0.0004504852,0.002152794,0.99715745,9.4317526e-05,6.3467254e-05
282,0.006562356,0.987558,0.0006363575,0.0006685303,0.000565537,0.0030064462,0.0010027759
1712,0.00010721617,0.00012392634,0.0017479907,0.99682707,0.00044279956,0.00031360914,0.00043737833
94,0.025663087,0.9707667,0.0004456656,0.0004901716,0.00042474436,0.0017597526,0.00044989408
999,0.00015375922,0.0002251756,0.0007704468,0.0002122041,0.00019451135,0.0062675066,0.99217635
512,0.9937749,0.004910861,0.00022173532,0.00010650671,9.170759e-05,0.0003813861,0.00051287987
1115,0.00089923135,0.000685768,0.0072349566,0.00076451176,0.00055044657,0.008011636,0.9818534
1003,0.0001243599,0.00016440528,0.00093821716,0.00026689607,0.0005817156,0.0014935426,0.9964309
1770,3.2765856e-05,2.5582962e-05,0.0011375597,0.99818546,0.00025976135,4.7548398e-05,0.0003113194
1840,4.458683e-05,3.4788165e-05,0.0004457104,0.0013591448,0.9979233,7.2235045e-05,0.00012028587
269,0.03363919,0.9465975,0.0015903,0.00043691834,0.0013795134,0.009116527,0.0072400584
1709,6.617805e-05,5.8647893e-05,0.0010642594,0.997957,0.00034868444,9.222272e-05,0.00041300128
1518,3.871408e-05,3.105973e-05,0.0005677223,0.998906,0.00024436708,5.255748e-05,0.00015953461
500,0.99738866,0.0022417821,7.960259e-05,4.381294e-05,7.233418e-05,4.07944e-05,0.0001330589
748,0.00044212522,0.0018321649,0.0021304248,0.0003686331,0.0005599625,0.966958,0.027708763
8,0.007227505,0.9878122,0.00022515144,0.00051433046,0.0003020299,0.0026787664,0.0012400371
932,0.001218932,0.0010849887,0.0020036204,0.0008292401,0.00053400197,0.9575673,0.03676191
1319,0.00026428897,0.00027891886,0.9950197,0.0012276327,0.0009870391,0.0004910721,0.0017313899
21,0.00044010647,0.0008391705,0.9038899,0.0009952412,0.0010933026,0.0045340625,0.08820821
695,0.9987336,0.00088241155,3.656183e-05,3.008452e-05,4.0140534e-05,0.00023627274,4.0921033e-05
1698,8.614237e-05,8.321684e-05,0.0062897885,0.9912053,0.000953245,0.00016558707,0.0012167714
783,0.0006100964,0.00035860794,0.0003693501,0.00015276823,0.00017125097,0.9967533,0.0015845748
1941,4.6392037e-05,3.0373963e-05,0.00037183688,0.0026933812,0.9965264,7.030964e-05,0.0002612472
763,0.00040929223,0.0008180222,0.0006797947,0.000624061,0.00029803463,0.9531639,0.04400685
1915,3.8422073e-05,3.7366386e-05,0.00038756104,0.0001976991,0.9991986,5.0659422e-05,8.9661924e-05
258,0.0041998974,0.9814509,0.0009342888,0.00060041674,0.0009880718,0.008931006,0.0028953962
1464,4.030026e-05,3.9605187e-05,0.97971636,5.6815516e-05,6.850045e-05,0.018995425,0.0010829609
1546,0.0001180215,0.00015502998,0.0027642015,0.99562424,0.0005580845,0.00028830007,0.00049208844
236,0.00041261187,0.98465824,0.00029858164,0.00024187466,0.0001562721,0.013298706,0.0009337451
1959,4.0929914e-05,3.8847833e-05,0.0004975933,0.0020626746,0.9971942,7.36119e-05,9.22011e-05
1113,0.00024843213,0.00054080924,0.0004062571,0.00020197872,0.00018076373,0.0032045923,0.9952172
1297,3.5207377e-05,3.3870845e-05,0.99876046,5.4638007e-05,4.7810576e-05,0.0002910504,0.0007769349
1899,0.0001750348,0.00011259185,0.0014887411,0.0014400134,0.99625564,0.00029105402,0.0002369233
2028,5.3419284e-05,3.5888956e-05,0.00039053176,0.0012757743,0.998018,7.421507e-05,0.00015209772
1583,2.9519704e-05,2.6996528e-05,0.0007417928,0.99879503,0.00021717665,5.503616e-05,0.00013437025
326,0.024944007,0.96841174,0.00044866957,0.0007315523,0.00074599474,0.0035896285,0.0011283781
1024,0.0003194387,0.004596714,0.0003791217,0.00016858154,0.00021373005,0.0053454917,0.9889769
334,0.006097513,0.9903133,0.00074258685,0.00029517594,0.00022896059,0.0015096088,0.00081287144
1762,6.824129e-05,6.0059094e-05,0.00060882774,0.99839044,0.00032212917,0.00013083653,0.00041951102
448,0.0004138427,0.99764496,0.00012114451,0.00013676718,0.0001081346,0.0013291831,0.00024589704
919,0.00052765256,0.0021875994,0.0015161022,0.0019815883,0.0005504415,0.97022456,0.023012074
608,0.985218,0.010691182,0.00050782354,0.00021032858,0.00019134369,0.002604936,0.0005763539
810,0.000732858,0.0024141502,0.0044333306,0.00044172493,0.0005734063,0.9894132,0.001991406
1883,5.5844936e-05,3.698405e-05,0.0004570066,0.0013991458,0.99783736,8.48624e-05,0.00012875935
252,0.000752946,0.0067966525,0.001015867,0.0017504665,0.00071946444,0.010952411,0.9780122
1932,4.478917e-05,4.2171578e-05,0.00039416406,0.00026242615,0.99907047,8.709094e-05,9.892537e-05
2051,5.390317e-05,3.3379638e-05,0.00044102388,0.00080076343,0.9984536,7.2353156e-05,0.00014493868
2071,4.8751754e-05,5.092877e-05,0.0008882199,0.0005302476,0.99827695,7.887612e-05,0.00012606542
200,0.00012776931,0.00046875028,0.97074497,0.00013985552,0.00020866512,0.008173622,0.020136358
617,0.9981495,0.0011289489,8.5313084e-05,6.593478e-05,5.3550735e-05,0.00044263157,7.412794e-05
962,0.00012492483,0.0036695797,0.0005177338,0.00014673741,0.0001750101,0.039924357,0.9554417
277,0.003967628,0.9924568,0.0001607589,7.971161e-05,0.00012124283,0.0014412912,0.00177264
300,0.0006060427,0.97739196,0.00088722596,0.0004130354,0.00032314754,0.014667892,0.0057106973
313,7.3120376e-05,0.9963481,0.00013664125,0.00014743743,0.00011447418,0.0013198988,0.0018603831
1426,3.5411635e-05,6.61461e-05,0.9972697,9.351146e-05,6.0044105e-05,0.0004525014,0.0020226764
2058,5.3352738e-05,3.3384043e-05,0.0004610081,0.00061510934,0.99858546,7.1820396e-05,0.00017985853
369,0.00091935124,0.96612227,0.0017360697,0.0005537314,0.00066440925,0.01767378,0.012330347
1605,2.0096759e-05,2.4947742e-05,0.0029314328,0.9966781,0.00015148558,3.4900775e-05,0.00015904724
1788,4.08526e-05,2.6139329e-05,0.00045764982,0.00064200046,0.9986859,5.4799606e-05,9.261242e-05
728,0.9965012,0.0018036003,0.00017486855,7.341183e-05,0.0002476352,0.0005137457,0.0006855249
863,0.0003188158,0.0008375648,0.0013625976,0.0002606199,0.00025389477,0.9901039,0.006862534
1662,4.4546046e-05,9.406551e-05,0.00060499803,0.9985139,0.00028216222,0.0001069889,0.00035336099
577,0.98733586,0.0070752874,0.00066325703,0.00022204909,0.00024286455,0.0036936253,0.00076705375
1381,0.0001604986,0.00020808824,0.9900366,0.0013624459,0.0001393423,0.00033639034,0.0077566705
1996,5.023771e-05,3.881377e-05,0.0010102488,0.0002556099,0.99844676,7.776859e-05,0.00012056942
1597,1.8840448e-05,1.9745376e-05,0.00051854865,0.9991447,2.419556e-05,4.8238035e-05,0.00022578622
820,0.0013273444,0.0073019266,0.002183632,0.0005195354,0.00053477695,0.95164263,0.03649012
1099,0.0006179781,0.0005675899,0.013075768,0.0008572354,0.0006904107,0.020534687,0.9636563
403,0.00015083398,0.9981639,8.934589e-05,0.00012051479,7.8091354e-05,0.00078800303,0.0006093622
1675,4.1677293e-05,3.6368714e-05,0.008481141,0.9905956,0.0003180798,0.0002612673,0.00026594082
89,0.0002455046,0.0024048248,0.0009463958,0.00048490273,0.00065564393,0.00458889,0.99067384
1184,0.00016809572,0.00017831604,0.006907246,0.0006944137,0.00027588304,0.0025454797,0.9892306
1148,6.2382416e-05,5.889049e-05,0.00078149594,0.0001439787,9.634668e-05,0.0014084732,0.99744844
1066,0.000314175,0.000829746,0.0039735045,0.00048517957,0.00037481295,0.0035471115,0.9904755
268,0.00048083835,0.9917354,0.00030214203,0.0003174688,0.00020325561,0.0052229664,0.00173791
1112,0.000886677,0.00064760464,0.0053380686,0.00049005216,0.0005988324,0.030189823,0.961849
1371,5.6855646e-05,9.51728e-05,0.9959777,8.5706466e-05,7.475487e-05,0.00021915487,0.0034906864
586,0.9876468,0.010855441,0.00024469866,9.5054274e-05,0.000109701636,0.0007303378,0.00031797454
1827,0.00014068458,8.767135e-05,0.0009380104,0.0013338315,0.9967625,0.00016173636,0.00057554845
1776,4.921579e-05,5.3006883e-05,0.0007643907,0.0008514913,0.9980813,8.9174304e-05,0.00011144163
1909,3.8144615e-05,3.0072631e-05,0.00036183617,0.00048402708,0.9989255,6.4625936e-05,9.578396e-05
914,0.00025662652,0.00032085413,0.0011120462,0.00024993127,0.00032955458,0.9867563,0.010974686
775,0.00065767544,0.0027918078,0.00074472383,0.0002973311,0.0003365426,0.99198556,0.0031863446
260,0.957769,0.03755499,0.00075622066,0.00035100913,0.0005566819,0.0024128107,0.00059934903
116,0.0006978996,0.9971386,0.0003869858,0.00010250841,0.00013202458,0.000866812,0.00067518814
1813,0.0001138145,0.000112094975,0.0017832343,0.0018331106,0.9956423,0.0002830754,0.00023234682
1465,3.8245264e-05,4.263594e-05,0.9946156,5.3621567e-05,6.470148e-05,0.002775177,0.0024100086
1514,5.6305045e-05,6.535413e-05,0.002228462,0.9944998,7.268051e-05,9.999653e-05,0.0029774336
1688,4.514262e-05,5.2030246e-05,0.0008707134,0.9983841,0.00026214813,8.4402374e-05,0.00030147034
1644,7.003382e-05,8.486807e-05,0.0038716323,0.99479693,0.00044254385,0.00013208989,0.0006019313
288,0.001165358,0.00248581,0.98684025,0.0019794032,0.0018454024,0.00264629,0.00303753
1475,0.000105024264,8.9444424e-05,0.9915507,0.0041913805,0.00014462185,0.0003496203,0.0035692179
2049,5.5424727e-05,4.0366936e-05,0.0004122461,0.0009235486,0.9983695,6.300721e-05,0.00013592748
826,0.00036922496,0.0022861324,0.001153937,0.0003069328,0.000442659,0.9718802,0.023560876
772,0.000545204,0.0026220055,0.0011128633,0.0007820803,0.0014488474,0.97377807,0.01971093
151,0.00022747717,0.0011393493,0.033470783,0.00047505222,0.00030321282,0.0012089094,0.96317524
993,0.00023262206,0.00035011777,0.01176754,0.00086410175,0.00037440055,0.008579748,0.9778315
2015,4.938702e-05,3.6397512e-05,0.0010177942,0.00036311703,0.99834967,6.834877e-05,0.00011530825
1957,5.3661697e-05,4.252153e-05,0.0010891925,0.0007928171,0.99779594,9.632236e-05,0.0001295399
973,0.0005527688,0.00031543672,0.018520374,0.0010784881,0.00071425684,0.006503839,0.9723148
1265,0.00023208112,0.00032656538,0.972751,0.006425519,0.00031504448,0.00046074932,0.019488955
1376,3.5784284e-05,2.056997e-05,0.9944718,6.3710555e-05,5.303454e-05,0.00028795208,0.0050671496
768,0.00050461886,0.0012461762,0.0004712356,0.00040084886,0.0005481244,0.9934716,0.0033573422
709,0.99816054,0.0012275785,6.5771455e-05,5.048936e-05,6.349197e-05,0.00033566213,9.6473595e-05
979,0.00013451825,0.0003937683,0.00043662376,0.0001499345,0.00036492554,0.0023903628,0.9961299
1973,0.00015336476,0.00011729226,0.0016234457,0.001256367,0.9962919,0.00034486788,0.00021277991
659,0.9949285,0.0037528211,0.00021002919,9.8997734e-05,0.000104441955,0.00052426616,0.0003809677
119,0.0044174497,0.013081889,0.056014746,0.0040130913,0.001034945,0.006743095,0.9146948
435,0.0002682526,0.98771626,0.00011716429,0.00011644024,8.4778025e-05,0.01115242,0.0005447157
635,0.9990706,0.00060259446,7.954413e-05,4.2948097e-05,3.7904345e-05,6.021601e-05,0.000106297055
1778,0.00019422246,0.00012867621,0.0016351632,0.0017203277,0.99579227,0.00030083198,0.00022854029
1983,5.039351e-05,3.7662237e-05,0.0011057504,0.00023168616,0.99838567,6.54937e-05,0.00012341097
1326,0.0011849904,0.0020669978,0.9658531,0.017912224,0.0029006943,0.0066870693,0.003394899
732,0.0006093984,0.0027346187,0.00128896,0.00083818694,0.00039516628,0.98011094,0.014022734
136,0.00069044944,0.96830463,0.0009509356,0.0014111925,0.00095853466,0.017933618,0.009750692
1370,6.731483e-05,4.1779553e-05,0.99706477,0.000573837,5.6374247e-05,0.00011396831,0.0020819462
1213,0.00017184314,0.00021953265,0.99042237,0.0007974563,0.00016974591,0.0002978125,0.007921281
1843,3.8421695e-05,3.736602e-05,0.00039486843,0.00020075777,0.9991887,6.343021e-05,7.638692e-05
901,0.00020589592,0.0070890626,0.0009015594,0.00035434088,0.00036420734,0.98932415,0.0017607593
1123,0.00032538394,0.00028408138,0.0030836521,0.00042512518,0.0005082447,0.022390962,0.9729825
487,0.028260918,0.96289784,0.0007546293,0.00020108974,0.0002881332,0.0011134176,0.006484005
1529,0.00022211154,0.00024129439,0.0024546112,0.9942305,0.0013644535,0.00067798526,0.0008090405
895,0.000629952,0.0025089863,0.006761032,0.0004651509,0.00060672895,0.9859936,0.003034561
250,0.00022688243,0.0018744883,0.0017442385,0.00014398959,0.0001903536,0.008214325,0.9876057
672,0.99888927,0.00050983997,6.669551e-05,8.3379484e-05,5.2146308e-05,0.0001894738,0.00020920899
563,0.9983113,0.0012630546,5.510638e-05,3.0036717e-05,5.1014136e-05,0.00014805375,0.00014150106
925,0.0006615367,0.00094361085,0.0008218304,0.0003831099,0.00076316454,0.9874845,0.008942209
842,0.00023658708,0.0025196013,0.0013112896,0.00044653076,0.00039856223,0.99323314,0.0018542326
1164,0.00030729925,0.0005578136,0.000621499,0.0001752659,0.00031633454,0.024267383,0.9737544
1822,0.00013768738,7.99736e-05,0.0006841934,0.0010672517,0.9974941,0.00015466029,0.00038211804
399,9.953248e-05,0.99354774,0.000102712555,9.702378e-05,8.7631444e-05,0.0056693624,0.00039599786
1260,8.941791e-05,0.00016016795,0.98214716,0.00022277447,0.00015161737,0.0013701794,0.015858693
320,0.003349142,0.037266385,0.0014886757,0.002160365,0.0018014,0.92029727,0.033636767
1910,3.8124315e-05,3.0070501e-05,0.00035577136,0.0005621862,0.99885476,6.565346e-05,9.339429e-05
466,0.0011428236,0.029395163,0.0013175075,0.0017361867,0.0007354682,0.93442875,0.031244075
823,0.00012576979,0.00041461425,0.00030798337,9.118682e-05,0.00017001177,0.99832267,0.0005677976
1787,5.576628e-05,3.855574e-05,0.00046989144,0.0013903178,0.9978383,8.874922e-05,0.00011846265
85,0.00092325796,0.99651223,0.00053712056,0.00024736745,0.00016219723,0.0010634238,0.0005544445
594,0.99623126,0.0018954321,0.00017974126,7.714961e-05,0.00026024366,0.00062266405,0.0007334929
1791,8.0121e-05,4.259404e-05,0.0004483558,0.00070503785,0.9983114,7.65018e-05,0.00033603286
14,0.033997063,0.9589827,0.0004475661,0.0006325514,0.0005007789,0.0014473116,0.003992072
542,0.99924684,0.0003925817,3.8602506e-05,3.316715e-05,3.8027305e-05,0.00017283538,7.794485e-05
1663,6.967526e-05,5.397001e-05,0.0005209756,0.9983511,0.0002582477,0.0002985333,0.0004475011
406,0.00018642501,0.006535614,0.00072527054,0.00032726815,0.00021791487,0.011107889,0.9808996
1455,0.0009267212,0.0014583077,0.9630171,0.023614416,0.002455443,0.005564425,0.002963588
428,0.00062484125,0.007902536,0.0023787213,0.00040871778,0.000390121,0.97308403,0.015211074
1100,0.00034781697,0.001302784,0.0015131804,0.0004699803,0.00038846937,0.0073899757,0.98858774
934,0.0005860132,0.0020409464,0.00060689193,0.00024112353,0.0002871009,0.99340713,0.002830836
1861,4.1502575e-05,4.0930587e-05,0.00032617574,0.00024460835,0.9991811,7.747005e-05,8.8180524e-05
806,0.00029091106,0.00089305243,0.0010865073,0.000753003,0.00048295158,0.9848328,0.011660731
711,0.9899648,0.004822129,0.00062460796,0.00019504169,0.00023257172,0.0033994587,0.0007614346
776,0.00031142271,0.0037302733,0.0006576066,0.00025334454,0.00022663292,0.9925914,0.0022293075
83,0.9595663,0.037283223,0.00021920157,0.00014008045,0.00022704537,0.0018078837,0.00075631466
348,0.0009908894,0.048357964,0.0013095523,0.0011441126,0.001050352,0.92912686,0.018020261
955,0.00035447994,0.0012656349,0.00429336,0.00053101574,0.00041022254,0.0055449754,0.9876003
532,0.9972113,0.0019836498,0.00017206125,8.457242e-05,7.315044e-05,0.00030698458,0.00016831767
977,0.00044328324,0.00054534856,0.0014903237,0.00066553266,0.00035347117,0.015515074,0.98098695
506,0.99740237,0.001401625,0.00016681376,8.93325e-05,6.422779e-05,0.00018600354,0.00068956224
1693,3.789215e-05,3.320876e-05,0.00050830917,0.99899966,0.00022363524,8.436941e-05,0.00011290994
1442,0.00023215063,0.0002059571,0.9956976,0.0008635056,0.0009540486,0.001322296,0.0007244506
1243,3.930421e-05,4.784999e-05,0.98590994,5.4913933e-05,6.626096e-05,0.0131345065,0.0007472074
1336,0.00076880964,0.0008041933,0.9658428,0.020395,0.003545967,0.0013530903,0.007290229
1563,0.00018821821,0.00016330427,0.00507743,0.9928189,0.0006452683,0.00067096204,0.00043594863
1445,0.00021751403,0.000152264,0.9977075,0.0005176082,0.00042852238,0.00045380145,0.0005227979
638,0.9978635,0.0013984734,8.2981074e-05,5.65413e-05,7.463757e-05,0.000120761506,0.00040314498
1507,0.000102435304,0.00011193671,0.0010372006,0.99719834,0.00065124914,0.0002938928,0.0006049862
172,0.0019570352,0.9818679,0.0034129051,0.00093945966,0.00063340395,0.0086642755,0.0025249745
786,0.00122002,0.0012688378,0.002952039,0.000412072,0.0007145931,0.9798431,0.01358938
1072,0.0002965725,0.0005869129,0.007743657,0.0006137968,0.0007787897,0.0056990734,0.9842812
688,0.9985007,0.0009810643,4.831206e-05,6.5263186e-05,3.7138565e-05,0.00032640746,4.1143747e-05
352,0.0015634779,0.9921589,0.000996893,0.00023329,0.00028874993,0.0013251764,0.0034335488
499,0.9910054,0.0040237256,0.0002908072,0.00019291865,0.00022595898,0.0038818265,0.0003793774
311,0.048320573,0.9344621,0.0036641236,0.0016500764,0.0010283181,0.0075647617,0.003310034
1606,3.3817087e-05,2.9870753e-05,0.0041983225,0.99506444,0.00025169714,4.568584e-05,0.00037614643
1182,0.00020618139,0.00033648158,0.0012910077,0.0005825524,0.00024321018,0.008321302,0.9890192
1097,0.0005361222,0.00038140078,0.013581405,0.0011155944,0.0007848086,0.0052492176,0.9783514
1750,0.00016477225,0.00016254972,0.0029403584,0.9950311,0.0006587971,0.0005615086,0.00048082956
213,0.00029628174,0.01737719,0.002587551,0.0002806595,0.00053983915,0.9764924,0.0024260788
248,0.0006287005,0.9973296,0.00030347798,0.00026311187,0.00036021654,0.00062481116,0.0004901295
628,0.9976204,0.0014998409,0.00013099148,7.1823146e-05,6.854105e-05,0.00043692524,0.00017147139
1677,2.0749167e-05,2.5288355e-05,0.0018019921,0.9978321,0.0001564033,3.572745e-05,0.00012770307
1580,0.00015000535,0.00011835307,0.0049761073,0.99257797,0.00019463184,0.00034227088,0.0016406245
197,0.00011933902,0.00028587156,0.0014379647,0.014910076,0.98198295,0.00021620865,0.0010476102
582,0.99885964,0.000453535,7.274825e-05,6.085089e-05,4.0680814e-05,0.00046217683,5.037913e-05
1043,0.00017713661,0.0002138408,0.00056257163,0.00083441444,0.00015205493,0.002979697,0.99508023
540,0.99224854,0.005939209,0.0002280943,0.00034753472,0.00034083068,0.00050561177,0.00039024325
160,0.00018819878,0.9986312,9.63382e-05,4.734804e-05,0.00012958642,0.0006282552,0.0002790455
778,0.0020682404,0.013892684,0.0011652325,0.0003867794,0.00044439035,0.97760016,0.0044425284
1244,0.00040192978,0.00045372976,0.99333304,0.0007442654,0.001255187,0.0013877207,0.0024240832
153,0.0030082567,0.97280866,0.00040150556,0.00015726131,0.00039121756,0.020446913,0.0027861309
1190,8.507743e-05,0.00020027978,0.9860238,0.00013252503,0.000153035,0.0040717334,0.009333539
388,0.9322511,0.05687594,0.0017176672,0.00031460563,0.000505297,0.0040367646,0.00429863
1171,0.00041481387,0.00056775,0.00861626,0.0030152793,0.00030924164,0.0013241019,0.9857525
673,0.9906042,0.008071632,0.00029641628,0.00027523946,0.00014671711,0.0003475347,0.0002581772
1143,0.00027388823,0.0017207743,0.0005505034,0.0002386928,0.00021574712,0.005687802,0.99131256
1900,0.00012562572,7.895019e-05,0.0010293988,0.0013661027,0.9970023,0.00016474762,0.000232834
1229,0.00043076772,0.0002963705,0.9859239,0.007996576,0.0024872122,0.0007079481,0.0021572632
425,0.00068465766,0.9955329,0.0001380515,0.00038005714,0.00020150092,0.002836642,0.00022614948
1266,9.540187e-05,7.348122e-05,0.98924315,0.00088598847,0.00010848599,0.0001484534,0.009445038
589,0.9927959,0.0051108967,0.0001955564,9.720746e-05,9.9131044e-05,0.0010596468,0.00064166164
1569,0.00016822947,0.00018949936,0.0016912468,0.9954158,0.0010826049,0.000471674,0.0009809688
1521,0.00024290087,0.00024153155,0.0041832407,0.9929675,0.00095909555,0.00079365115,0.0006121635
1340,0.000100476755,0.000101983336,0.98892796,0.0003152914,0.00014105317,0.0014246436,0.008988633
1056,0.00017118566,0.00056381396,0.00063683395,0.00021242199,0.00046439856,0.0033193438,0.994632
2045,3.8604085e-05,2.6694099e-05,0.00025989866,0.0014839555,0.99802667,5.9406382e-05,0.00010470356
1425,7.074062e-05,0.00013999299,0.9899914,0.00015358604,0.000116701885,0.0018139702,0.007713624
1059,0.0007965813,0.0011023992,0.016469613,0.0021345706,0.000465772,0.002645821,0.97638524
1995,4.9394926e-05,3.640334e-05,0.0009790882,0.00023357704,0.99850947,7.6463955e-05,0.00011554149
1872,6.426545e-05,5.2356423e-05,0.0007428334,0.0060229474,0.9928515,0.00011241985,0.00015365532
827,0.0005482037,0.00030379408,0.0002633425,0.0001253416,0.00014822978,0.9961553,0.0024558231
180,0.0003503246,0.019872207,0.00074413593,0.00039670034,0.0008963897,0.9709868,0.0067535047
87,0.00084871484,0.0020264836,0.00299645,0.0010254047,0.00048660592,0.97437274,0.018243564
1945,6.337136e-05,5.1628063e-05,0.000726207,0.0011494879,0.997759,0.00011206065,0.00013825244
1593,2.8161458e-05,2.7205078e-05,0.0022147852,0.9969158,0.0003116329,7.381015e-05,0.00042859293
1388,0.0008271147,0.0007201217,0.97841895,0.011482896,0.0034819806,0.0019034726,0.0031654504
666,0.99901366,0.0005306594,0.00010672472,4.909583e-05,4.3064756e-05,0.00013663559,0.00012014796
811,0.0010297619,0.0049470873,0.006582216,0.0004698583,0.00063444814,0.98357844,0.0027582506
141,0.0005632553,0.007296316,0.0024257454,0.0012495626,0.001309333,0.9753499,0.011805921
1836,4.9899027e-05,4.2321542e-05,0.0027684248,0.0006593871,0.99627703,8.1369755e-05,0.0001214994
976,0.00032037817,0.00049581216,0.0012246006,0.00045366696,0.00054681883,0.02617177,0.970787
1649,2.3460792e-05,2.6565149e-05,0.002649279,0.99425465,3.0524643e-05,4.1869e-05,0.002973665
338,0.02436108,0.9738767,0.00016713829,0.000114227056,0.00022862815,0.00046520444,0.0007869924
191,0.00021563788,0.954677,0.00033365728,0.00016164892,0.00019379176,0.04072055,0.0036977625
391,0.00075806666,0.0065397252,0.0083204,0.97643584,0.0037033162,0.0022402063,0.0020024902
565,0.99672157,0.0027228016,8.534814e-05,4.726827e-05,4.820363e-05,0.0001705823,0.0002042777
1499,0.00035354184,0.00039060324,0.012434904,0.98080987,0.0028786503,0.00078359904,0.0023487792
1636,8.7048684e-05,7.989011e-05,0.0009946445,0.9977289,0.0002656837,0.0002616782,0.0005821902
169,0.000559689,0.99384624,0.00061345834,0.00011601976,0.00013771973,0.0044219345,0.000304885
1150,0.00062665326,0.0005618972,0.030662281,0.0032614437,0.0004513188,0.001841889,0.9625945
591,0.995989,0.0029309457,9.735656e-05,3.8210663e-05,0.000108217966,0.00046178477,0.00037450469
1664,0.000117972166,8.9295834e-05,0.002041419,0.99655676,0.00049071043,0.00040033492,0.0003035116
1870,4.773748e-05,3.0393545e-05,0.00032828722,0.0021728042,0.99716884,6.937646e-05,0.00018251543
1871,0.00011937164,0.0002100357,0.0014383578,0.014708982,0.98225135,0.0002167017,0.0010552413
796,0.00046698077,0.0004079487,0.0012074771,0.00029984448,0.0002715123,0.9828462,0.014500037
2009,4.1727893e-05,3.9307393e-05,0.0003499226,0.00024460262,0.99915767,8.080397e-05,8.592159e-05
1812,5.459983e-05,3.9966097e-05,0.00046839114,0.0005654107,0.9986253,6.502703e-05,0.00018136753
2000,0.00011361881,7.9424455e-05,0.00077055045,0.0013955841,0.99720407,0.00015053668,0.00028623568
77,0.0006097844,0.001611582,0.00811363,0.00144409,0.0010254292,0.015949642,0.9712459
1702,3.30677e-05,2.8041157e-05,0.006547624,0.9924338,0.00025828797,4.523001e-05,0.0006539205
597,0.9975636,0.0013145242,0.00015953321,8.100734e-05,7.562101e-05,0.0005730033,0.00023272149
41,0.0020148442,0.99469215,0.00018075162,0.00020048521,0.00012341575,0.0023262838,0.00046203972
1964,3.9852053e-05,4.1223495e-05,0.0003298224,0.00022831232,0.99919933,6.640137e-05,9.5103875e-05
604,0.9959403,0.0022377092,0.00022332216,0.00013696804,0.00010389278,0.00073790195,0.00061992294
1783,4.1056173e-05,3.0141646e-05,0.00047095047,0.0027448486,0.99654645,0.00010054356,6.6061955e-05
1212,6.738149e-05,5.750273e-05,0.9952709,0.0008353105,6.334234e-05,0.00013886025,0.0035666705
1749,7.6144686e-05,8.151513e-05,0.0012026711,0.9978447,0.00034761467,0.00020361155,0.0002437806
1278,0.00017329834,8.4747386e-05,0.99432445,0.00015253891,0.00010498793,0.0023908662,0.002769087
1240,3.9779614e-05,3.833621e-05,0.97552454,5.781252e-05,6.409579e-05,0.023218086,0.001057287
1205,2.3733295e-05,2.3883766e-05,0.99685824,3.6967387e-05,4.0340754e-05,0.0016380224,0.001378848
92,0.0018542772,0.036041684,0.0043995907,0.00064130494,0.0008524462,0.9331467,0.023064064
418,0.0018366941,0.9958553,0.00033048543,9.1523834e-05,0.00014154441,0.0012063693,0.0005381433
1655,3.1449505e-05,2.7778424e-05,0.0004286093,0.9990201,0.00022450207,5.8329366e-05,0.0002092687
1585,0.0002161572,0.0001878558,0.003664443,0.9934829,0.0010427833,0.0006619414,0.00074392953
1295,0.00031271615,0.0003518025,0.9955207,0.0011298798,0.0010073155,0.0005152318,0.0011623646
929,0.0009341746,0.0042580566,0.0010574238,0.0006732856,0.0003861969,0.989087,0.003603835
2018,5.3498017e-05,4.5373963e-05,0.002937318,0.0007697792,0.99596846,8.898069e-05,0.00013664157
1098,0.00024829607,0.00044621105,0.0024760384,0.0003163881,0.00025008724,0.014768923,0.98149407
405,0.00053438364,0.88153595,0.00046055022,0.00030343587,0.0002127915,0.03334606,0.08360681
1188,0.00033439163,0.0004121211,0.99011,0.0010760057,0.0008305757,0.0006118916,0.0066250544
1291,6.1643215e-05,4.967756e-05,0.99441916,0.00013636475,7.764437e-05,0.00028584927,0.004969652
1538,4.3090084e-05,3.7444992e-05,0.007585454,0.99117744,0.00041460418,0.00022113214,0.00052080484
645,0.9913345,0.005364541,0.00037354173,0.00025261624,0.00056311395,0.0012430532,0.00086866337
832,0.00047758073,0.0014195285,0.0017622063,0.0003571665,0.00034092832,0.9845122,0.011130352
884,0.0004223109,0.0011509061,0.00077424035,0.0002584434,0.0002525541,0.9863797,0.010761891
1849,3.8973707e-05,2.8294711e-05,0.00035294582,0.0014872333,0.99793255,5.2429707e-05,0.00010761006
314,0.0010306145,0.9793075,0.0008273962,0.0013963523,0.00061650475,0.007702578,0.009119022
2025,4.3719883e-05,3.956103e-05,0.00047680276,0.001830754,0.997451,6.904095e-05,8.9134395e-05
1576,3.8072878e-05,3.0436497e-05,0.0010692248,0.9983304,0.00029185545,6.151532e-05,0.00017844034
980,0.00018937554,0.0003685212,0.0031587477,0.00050214614,0.00019994452,0.001635197,0.99394614
95,0.00019082792,0.9941028,9.601317e-05,9.758461e-05,0.0001223536,0.0035019624,0.0018885175
1980,4.1502473e-05,4.0930485e-05,0.0003360133,0.00024460774,0.9991786,7.592373e-05,8.2455066e-05
1660,0.00017394143,0.00036670116,0.0030148183,0.99437743,0.00094427966,0.00044013624,0.00068262924
1759,0.00012158226,8.751632e-05,0.0015810197,0.99643,0.00047910714,0.00044666088,0.0008541037
754,0.00036925223,0.004348177,0.0010513224,0.00031797003,0.00046383913,0.9876987,0.0057507544
362,0.00077124883,0.020803835,0.00048186278,0.00019867033,0.00041934772,0.018053457,0.95927155
1369,5.7882e-05,4.2501037e-05,0.99640995,0.00063890725,5.7347766e-05,0.000108272994,0.0026851483
1224,0.0003753594,0.0004158592,0.9924314,0.0030344976,0.0015817456,0.0009978884,0.0011632635
1547,3.060557e-05,3.3227796e-05,0.0010633823,0.99846053,0.00021447802,5.4065204e-05,0.00014375677
1233,0.00021625408,0.00014901743,0.9976508,0.00046730705,0.00041938538,0.0005617646,0.00053545553
2011,4.9388214e-05,4.8031263e-05,0.0010824136,0.00024677347,0.99837375,9.3290044e-05,0.00010633452
1387,0.00053693494,0.0006711099,0.98142725,0.009480779,0.0051219673,0.00068837975,0.0020736214
1541,0.00014335413,0.00014416466,0.0015751242,0.99613225,0.0003975969,0.00042778172,0.0011797248
1684,3.198436e-05,3.9667924e-05,0.00059765513,0.99883157,6.771999e-05,8.299135e-05,0.0003484044
1468,0.00018940555,0.00020101445,0.9956273,0.0016706,0.0006967252,0.0003435649,0.0012713661
1591,0.00017329559,0.00014471354,0.002626511,0.9950429,0.00060171855,0.00065612857,0.0007546759
1918,3.9852075e-05,4.122352e-05,0.0003298226,0.00022831245,0.9991999,6.786163e-05,9.299915e-05
1893,9.2250484e-05,6.813856e-05,0.0007125962,0.0014509696,0.99727255,0.00014976773,0.00025375816
1187,0.0004961461,0.00083837187,0.9888658,0.0046633175,0.0017187058,0.00085366,0.002563953
1917,3.842422e-05,3.7368474e-05,0.0003062396,0.0002065015,0.9992544,7.9388315e-05,7.769327e-05
138,0.85468227,0.13674782,0.00067195704,0.00047668978,0.00069166464,0.0051693604,0.001560304
88,0.0009812582,0.97737825,0.0007763043,0.00026753038,0.00026195086,0.019680921,0.0006537188
535,0.9922158,0.007125096,0.00010829003,5.4312342e-05,7.602099e-05,0.00026451919,0.00015597542
629,0.99712974,0.0019774665,6.0958544e-05,5.3808653e-05,8.5541375e-05,0.00047024924,0.00022227135
745,0.00022643371,0.018034235,0.00062318554,0.00020413667,0.00027913114,0.9784484,0.0021844993
2017,5.0463088e-05,4.281734e-05,0.0019408204,0.0006438727,0.997118,8.306004e-05,0.00012100987
1705,0.000114164075,0.000116650146,0.0010288216,0.99752,0.00031663742,0.00031439363,0.0005892531
1116,0.00026053796,0.00044421674,0.00343342,0.0003119379,0.00026426202,0.0076804957,0.9876051
1581,0.00011126358,0.0001692451,0.0013632937,0.99686027,0.00034647086,0.0003539924,0.0007954669
2034,3.999056e-05,3.76708e-05,0.00030731634,0.0002344186,0.9992261,6.9953545e-05,8.4507075e-05
622,0.99861753,0.0008116291,5.299643e-05,6.7066634e-05,3.9726423e-05,0.00035329995,5.7758847e-05
309,0.00095943135,0.9824315,0.000770249,0.001299908,0.0005739236,0.0054433714,0.0085216
1362,3.2854754e-05,2.8639211e-05,0.99707234,8.0676095e-05,5.342361e-05,0.00038255236,0.0023495196
1947,0.00019164017,0.00011788134,0.0014855504,0.0014873749,0.9960782,0.0004150359,0.00022435388
273,0.98934144,0.010021836,5.3540058e-05,5.2987954e-05,8.683558e-05,8.7596716e-05,0.0003557723
442,0.0010859177,0.9621603,0.00041373924,0.0001353174,0.00021733707,0.034462497,0.0015248926
5,0.00081100495,0.9949215,0.00061960606,0.0002215618,0.00018141782,0.0029529503,0.0002919274
1523,4.8180016e-05,3.8373648e-05,0.00055751734,0.9987332,0.00026388024,6.468039e-05,0.0002941622
2080,5.326332e-05,3.682521e-05,0.00043981822,0.0013683857,0.9979001,8.264554e-05,0.00011895875
44,0.00013733855,0.979263,0.0001022285,0.00014123405,7.5074175e-05,0.018547373,0.0017337336
1073,0.00014841977,0.000108984605,0.001980844,0.00033678138,0.00022327626,0.0024749183,0.9947267
404,0.0013119045,0.06976725,0.0008955012,0.0003980009,0.000990041,0.9119338,0.014703478
318,0.0009121553,0.95886517,0.0017633479,0.0005017682,0.00052080286,0.033218693,0.0042180433
353,0.00032284635,0.9961753,6.947649e-05,9.440956e-05,7.228795e-05,0.0030457636,0.0002198461
123,0.001042845,0.07321222,0.0023861106,0.0008815312,0.0007596847,0.8391896,0.08252804
34,0.0005789876,0.98486716,0.000104785766,6.4921274e-05,7.655493e-05,0.014088282,0.0002193029
137,0.00019219816,0.9928544,0.00014105924,0.00023755408,0.00010367265,0.005612091,0.00085903687
1897,4.8756843e-05,3.9204955e-05,0.0007976015,0.0005404011,0.99838114,7.902258e-05,0.00011391859
1672,5.379507e-05,0.000119685246,0.00062823604,0.99848783,0.00031598128,0.00014564881,0.00024883842
803,0.00046445563,0.0022356454,0.0009081285,0.0002902607,0.00035645708,0.963369,0.032376
257,0.9718446,0.02712774,0.0001662339,0.00021226509,9.2352784e-05,0.00040874918,0.00014800695
2037,3.8422695e-05,3.672156e-05,0.0003739464,0.0001977023,0.99921477,5.0158833e-05,8.82343e-05
1826,4.8750975e-05,3.9416766e-05,0.00079531316,0.00065525924,0.99826103,9.1528025e-05,0.00010868963
48,0.00034342945,0.996514,0.00015232949,6.8937625e-05,0.00022284938,0.0021842148,0.00051418215
850,0.00028101585,0.0019269917,0.00042917993,0.0002485302,0.00018647562,0.97953725,0.017390592
588,0.9971738,0.0016143111,0.00016799639,8.535267e-05,8.218704e-05,0.00066770747,0.00020866972
1623,7.4448915e-05,5.919384e-05,0.0010740594,0.99789315,0.0003839384,0.00010879473,0.00040645694
1755,3.612975e-05,2.6684216e-05,0.0005928008,0.9987748,4.5571385e-05,7.3845185e-05,0.000450106
379,0.0032560185,0.98846465,0.0008797146,0.00057308655,0.00031037116,0.004407231,0.0021089264
204,0.0032318474,0.009812015,0.09145715,0.884621,0.0045997947,0.0021166855,0.0041614734
931,0.0004048378,0.0017416556,0.00096633553,0.0006100306,0.0010758325,0.99052703,0.004674311
1076,0.00020226986,0.00077757076,0.00048470954,0.00016737063,0.0001868574,0.0058401073,0.99234116
327,0.0031316953,0.09751356,0.001736835,0.00029557844,0.0004627513,0.8924118,0.0044477815
340,0.0019029591,0.0038795085,0.06915474,0.0011504282,0.0007271474,0.0046800068,0.9185052
757,0.00075530965,0.00053213263,0.00061856845,0.0002214697,0.00024953877,0.99164116,0.0059817587
1895,0.00010212431,0.00012763687,0.0013514538,0.004828588,0.9931076,0.00018324859,0.00029931962
1247,9.567128e-05,6.956392e-05,0.99518085,0.000104487975,9.1734306e-05,0.0012234933,0.0032341913
1951,4.2656946e-05,4.0163934e-05,0.00037539925,0.0008864616,0.9984794,8.294484e-05,9.293307e-05
2086,4.5415894e-05,3.0381301e-05,0.000339857,0.0025130038,0.99676716,6.338255e-05,0.00024083756
714,0.9974171,0.001486797,0.00012935692,0.000107747386,7.498295e-05,0.00067259965,0.00011138478
1509,5.915487e-05,7.5756405e-05,0.001660547,0.996911,0.0001934181,0.00011819206,0.0009819266
636,0.9989097,0.00076558493,5.1819436e-05,3.8193044e-05,3.614917e-05,6.8896006e-05,0.00012960847
1781,4.9432605e-05,3.876533e-05,0.0025778583,0.0005023695,0.9966273,7.776129e-05,0.00012652429
1165,0.00019934005,0.002062113,0.00031573535,8.249152e-05,0.00030974275,0.0034720327,0.9935586
1830,0.0001189789,9.0027286e-05,0.0008391382,0.0016666403,0.99684215,0.00014622601,0.00029679597
1167,0.0002630244,0.00023723577,0.0022574526,0.00069227885,0.00031708015,0.007897888,0.988335
791,0.00029930542,0.016576417,0.00059770123,0.0003033709,0.00035825124,0.97790045,0.003964534
513,0.99360025,0.004218164,0.00023838933,0.00014268108,0.00017621803,0.0008304968,0.000793868
1991,5.8339e-05,4.7400103e-05,0.0008152027,0.0009847331,0.9978567,0.000105933774,0.00013169898
634,0.9971154,0.0020579905,7.425848e-05,8.5389605e-05,7.206115e-05,0.0005153759,7.956605e-05
642,0.99762964,0.0013807819,0.00011857442,0.00011738817,6.0662634e-05,0.00020766207,0.0004852296
81,0.00080306723,0.0051021287,0.0031859824,0.0006021129,0.00032876944,0.0016441515,0.9883338
36,0.0028195253,0.99018127,0.0010840619,0.00044998963,0.00026545872,0.0045307283,0.0006689424
1133,0.00023572,0.0002526192,0.004264499,0.00036989266,0.00038881748,0.010733215,0.98375523
347,0.0012022106,0.97734606,0.0007111129,0.00029879788,0.0002707357,0.019477831,0.0006932748
386,0.0019781063,0.032275,0.0020463865,0.00089885923,0.0009797133,0.023182826,0.93863904
795,0.00015465746,0.00045595464,0.00031265809,0.000110698114,0.00017790239,0.9976566,0.0011315246
1637,0.00020084513,0.0001854135,0.0022928421,0.9953903,0.00052258576,0.0007850337,0.0006229213
1366,5.813028e-05,3.4139088e-05,0.9953047,5.188391e-05,7.8649966e-05,0.0020924946,0.0023800274
578,0.98741955,0.006056158,0.00091873755,0.000170574,0.00032635021,0.0036526406,0.0014560105
556,0.96499157,0.032708347,0.00030353238,0.0003083282,0.0008510743,0.00028989016,0.0005472609
725,0.99615186,0.0029667222,6.876427e-05,3.684651e-05,0.0001043546,0.0003961396,0.0002752258
407,0.0007447307,0.0062344186,0.892385,0.085105546,0.0027383112,0.002274387,0.010517652
1503,8.151733e-05,0.00018570723,0.002471035,0.9962723,0.0004902858,0.00020059144,0.0002985579
1436,0.0002520736,0.00015641488,0.9909971,0.00475574,0.001967536,0.00045641846,0.0014147068
283,0.000807318,0.9528898,0.00030838343,0.00015104457,0.00018476952,0.041161187,0.0044974894
1617,9.902072e-05,0.000107086424,0.006041991,0.99261826,0.00050216087,0.00014320853,0.0004882293
355,0.00069883256,0.010841008,0.0035550178,0.00083783,0.0021198362,0.9536613,0.028286185
229,0.00026081895,0.92833424,0.00043245347,0.00025925465,0.00024171229,0.05959888,0.010872642
1214,3.961308e-05,2.7778437e-05,0.9978817,5.2207404e-05,4.854186e-05,0.00037839374,0.0015717736
1420,2.7144806e-05,4.9768587e-05,0.9976865,7.16939e-05,4.618804e-05,0.00034137326,0.00177735
1129,0.00016636915,0.00014109915,0.0016150577,0.0005214875,0.00022334597,0.0041317963,0.99320084
1793,4.4526863e-05,4.3913198e-05,0.00036741587,0.00027461693,0.9990972,8.1555285e-05,9.0770634e-05
1408,4.2541353e-05,2.5522973e-05,0.9976158,6.0908333e-05,5.243901e-05,0.00043940157,0.0017634138
434,0.009270206,0.98298126,0.0008428368,0.0005704556,0.00048030444,0.00443066,0.0014242979
1519,0.0007524783,0.002866486,0.03085029,0.9565421,0.0037759303,0.0020824021,0.0031303756
1328,3.7742167e-05,2.8932625e-05,0.99642617,5.3711337e-05,5.9771166e-05,0.002017157,0.0013765689
848,0.00050853816,0.0020844012,0.00095758983,0.0006522894,0.0003740539,0.9853233,0.01009988
159,0.00021031387,0.0020681298,0.009191926,0.00057157024,0.0003081391,0.0072639114,0.98038596
759,0.00026404246,0.0021396857,0.0010806504,0.00025397778,0.00031690416,0.9896827,0.006261991
856,0.0009782263,0.022212792,0.0017332251,0.00085491507,0.00068967557,0.96666837,0.0068627535
531,0.99633443,0.0033256246,3.5048946e-05,1.8513198e-05,3.166916e-05,5.08178e-05,0.00020385085
804,0.0003435475,0.0013667049,0.0010289635,0.0009314222,0.0004925894,0.9907718,0.0050650113
1136,0.0004128173,0.0015304848,0.008117131,0.00065316283,0.00047218287,0.009048455,0.97976583
2019,4.0611976e-05,3.144155e-05,0.00031521186,0.0005563931,0.9988827,8.3073835e-05,9.055144e-05
1005,0.00087419775,0.00069822866,0.030855998,0.004136712,0.0005608215,0.002343892,0.9605302
592,0.9966151,0.001782766,0.00017056569,8.774964e-05,0.00024766353,0.00053620513,0.00055990403
267,0.00017792673,0.9633093,0.00029615976,0.00016415064,0.00011138822,0.035473492,0.00046759399
2021,3.7925187e-05,3.0495317e-05,0.000284148,0.00044107437,0.99905664,5.427934e-05,9.5416224e-05
678,0.9985905,0.0010913976,4.3166063e-05,3.570482e-05,3.6865593e-05,0.00011205002,9.026779e-05
643,0.99837947,0.0010392474,9.483291e-05,5.582441e-05,4.4978773e-05,0.00014111561,0.0002445182
1016,0.000117055926,0.00021691831,0.0011895719,0.0002450914,0.00015497692,0.00060459314,0.9974718
698,0.99784875,0.0018623653,4.270276e-05,3.683687e-05,3.847269e-05,0.0001056049,6.531912e-05
1642,8.130272e-05,5.5550234e-05,0.0056815804,0.99316907,0.00057544577,0.00017393428,0.00026306586
684,0.9963142,0.0012622222,0.00014537458,8.769027e-05,7.767194e-05,0.001894858,0.00021794815
232,0.0028231516,0.9945568,0.00033306217,0.00024525815,0.00037686506,0.00060716993,0.001057759
590,0.99453074,0.004408664,7.749623e-05,5.1855037e-05,0.0001139424,0.00055810326,0.0002592109
301,0.034328643,0.9544768,0.0016933507,0.0007366693,0.0005725074,0.003344831,0.004847281
1988,7.53401e-05,5.5489138e-05,0.0005294535,0.0039517125,0.9949562,0.00013236326,0.00029949896
699,0.9968645,0.0022368282,9.749736e-05,5.0158487e-05,5.115109e-05,0.0004150446,0.00028474932
286,0.00065849035,0.99699366,0.00016016186,0.00016241183,6.894075e-05,0.0013653121,0.00059101806
1604,2.516227e-05,3.0616742e-05,0.009577213,0.98978454,0.0002706595,5.1391176e-05,0.00026046875
1161,0.00011774084,0.00021254073,0.001189235,0.0002668473,0.00015900328,0.0009751313,0.9970795
390,0.0010515098,0.99673945,0.00016866262,0.00018322564,0.00012212842,0.0012147183,0.0005202944
1121,0.0002818328,0.00047128124,0.0011411714,0.00038101876,0.00046143433,0.008999726,0.9882635
875,0.00016516117,0.0011847131,0.00041865374,0.00014884146,0.00019876864,0.99614394,0.0017399039
2048,7.7071534e-05,4.3448723e-05,0.00046962744,0.0006013183,0.9985886,6.999664e-05,0.00014987445
24,0.00025391165,0.9892023,0.00020948122,0.00020765707,0.00016549377,0.009466137,0.00049492455
1082,0.00011588821,0.00021506344,0.001159395,0.00024254277,0.00015343091,0.0008139904,0.99729973
871,0.0031237712,0.0039346353,0.0013064132,0.00036911524,0.00051796535,0.9885034,0.0022447074
223,0.00027092034,0.00088726124,0.0042283195,0.98840743,0.003861889,0.00042671108,0.0019174806
144,0.008954314,0.9854397,0.0004641812,0.00026813633,0.00042534003,0.0012367421,0.0032114955
1658,3.281959e-05,3.168026e-05,0.00056629215,0.9989428,0.00018696248,5.8507747e-05,0.00018097954
704,0.9992625,0.0002741913,4.4613425e-05,5.3338277e-05,3.394224e-05,0.00028490234,4.65266e-05
2020,3.8509654e-05,3.019946e-05,0.00039637543,0.0005371428,0.99882644,8.5330896e-05,8.601804e-05
652,0.99939334,0.0003452176,2.7501981e-05,4.1146184e-05,8.357278e-05,8.012037e-05,2.9040431e-05
1888,0.00011964375,7.1212424e-05,0.0006491461,0.0011560826,0.9972216,0.00012253056,0.0006598304
1896,5.8877504e-05,4.7837682e-05,0.0007961983,0.001162693,0.99769455,0.000106911706,0.00013291465
1794,4.1728887e-05,3.930833e-05,0.00032617585,0.00024460844,0.99918145,8.08059e-05,8.592364e-05
1950,0.00020995735,0.00013987096,0.0017183326,0.0019953721,0.9953074,0.00039734153,0.00023177014
834,0.0003402597,0.010408849,0.0022047397,0.00048255615,0.0004928712,0.9830936,0.00297711
718,0.9981267,0.0011742958,6.501341e-05,8.9775676e-05,5.166837e-05,0.00042247423,7.005406e-05
1495,4.141726e-05,7.14274e-05,0.0007664613,0.99862504,0.00024543703,0.00010859434,0.00014168085
1109,0.0006168292,0.0008062908,0.003344927,0.00076562853,0.0004770195,0.002680975,0.9913084
182,0.0002694886,0.00084381644,0.9877523,0.002084311,0.00022146056,0.00040396967,0.008424696
50,0.0012420377,0.99693006,0.00025234104,0.00010705619,0.00035494516,0.0007186821,0.00039483942
108,0.0003317146,0.9818772,0.00040451653,0.00041150866,0.00053132547,0.01257943,0.003864294
1665,0.00025973204,0.000252306,0.0046499628,0.99052215,0.0028937166,0.000635507,0.00078669796
2046,4.1108007e-05,2.7550015e-05,0.00039005707,0.0012126939,0.9981501,7.77185e-05,0.00010083144
292,0.0007390148,0.93997145,0.00036694968,0.00039424968,0.00021763287,0.04402913,0.014281583
1288,0.00014698484,0.00011491193,0.97299033,0.0004132916,0.00018648151,0.000634729,0.025513232
1764,0.00016711246,0.00015212789,0.0021858627,0.9958389,0.00048264788,0.0005149955,0.0006583809
317,0.00037275226,0.029694866,0.0017339765,0.0009077168,0.0006694303,0.95798016,0.008641087
508,0.9929806,0.006086222,0.0001707786,0.00017545234,9.083409e-05,0.00030655833,0.00018949567
1673,8.330469e-05,0.00018154908,0.0009852009,0.9976041,0.00054409076,0.00022821318,0.0003735767
193,0.9466488,0.046061788,0.0011833205,0.00074471685,0.00031547042,0.0037916158,0.0012542463
1256,0.0006866602,0.00060612406,0.98208964,0.0049959333,0.008238433,0.0014648066,0.0019184538
1935,5.039695e-05,3.7316142e-05,0.0010301312,0.00024228284,0.99845374,6.5979286e-05,0.000120099176
1575,0.00010910912,8.550673e-05,0.06115881,0.9370323,0.00078991964,0.00017941593,0.00064495346
502,0.9986131,0.0009972849,6.769363e-05,6.547378e-05,4.0267543e-05,0.00010557852,0.00011056875
1280,0.000630615,0.0007968528,0.9624268,0.025955293,0.0061320774,0.0016816288,0.002376786
1302,2.3593133e-05,2.2947073e-05,0.9976515,3.9060465e-05,4.0102474e-05,0.00095047016,0.0012723119
1492,2.0560006e-05,2.5522808e-05,0.0021025597,0.99750936,0.00015497745,3.570527e-05,0.00015127266
496,9.368633e-05,6.9047695e-05,0.0008494668,0.0012692133,0.9972555,0.00015277132,0.00031033927
787,0.0011622341,0.0020146843,0.0009923194,0.00022950288,0.000319941,0.99163693,0.0036443248
1277,0.00024946415,0.0002153212,0.98967266,0.0003077382,0.00015818996,0.0015424023,0.00785425
1651,0.00013556858,0.00013203354,0.0018683813,0.99591005,0.000380387,0.0003770735,0.0011964963
206,0.00019783553,0.003617318,0.001048502,0.0002886203,0.00018485269,0.008371745,0.9862911
360,0.0022410236,0.07463302,0.0041038073,0.00054038217,0.00068029366,0.91235214,0.005449353
1285,0.00019993616,0.00014246571,0.97701937,0.00033083325,0.00030135637,0.0111847315,0.0108213285
1865,4.1276977e-05,4.014292e-05,0.0010060085,0.00019745024,0.9985606,5.639392e-05,9.811629e-05
1821,9.430741e-05,6.2148734e-05,0.0009277968,0.0020516068,0.9964042,0.00014742225,0.00031258768
1308,0.00014638373,0.00017054295,0.991339,0.0021469328,0.0001187469,0.0002664373,0.0058119185
668,0.9990736,0.00050905853,6.733805e-05,5.1081242e-05,4.3084758e-05,0.000114145776,0.00014165843
1894,9.2273214e-05,6.815534e-05,0.00077902357,0.0010585974,0.9975183,0.00014980462,0.00033386506
1949,0.00018957503,0.00011545985,0.001544092,0.001589407,0.996009,0.00033948018,0.00021294785
490,3.906954e-05,3.799609e-05,0.00031462024,0.00020996958,0.9992487,7.225467e-05,7.732073e-05
870,0.00028942587,0.0016612953,0.0012580794,0.00028833354,0.0004994144,0.99351066,0.0024927272
149,0.0010213676,0.9876511,0.0007999787,0.00023460614,0.0005281317,0.009262219,0.00050257583
208,0.0050605,0.9895878,0.0010025167,0.000256714,0.0003319501,0.0030469836,0.00071354216
1038,0.00065187464,0.0005215922,0.019540273,0.0014779496,0.00087828893,0.01974956,0.95718044
1968,5.3053795e-05,3.3383792e-05,0.0004963573,0.00064330845,0.99857795,7.0419715e-05,0.00012547724
1760,0.00017668639,0.00019292257,0.0020864143,0.99492985,0.0011299924,0.00048464435,0.0009994445
1841,8.137119e-05,6.922183e-05,0.0005887349,0.0021515056,0.996745,0.00013679963,0.00022737499
1292,0.00023749752,0.00018836684,0.9630541,0.0012584525,0.00021079494,0.00042449852,0.0346262
814,0.0003145754,0.0055439076,0.0015857657,0.00040361876,0.00048871397,0.98989886,0.0017644961
1422,0.00021545525,0.00020190967,0.9938642,0.004139886,0.00068990764,0.00044778874,0.0004408954
1494,0.00011599117,0.00019162268,0.0018994109,0.9953929,0.0005604435,0.00028058907,0.0015589991
217,0.006399243,0.9653791,0.0013242573,0.00067202514,0.0010776188,0.022720696,0.00242698
132,0.00062869326,0.0017908268,0.9698991,0.017051471,0.006113391,0.0018034718,0.0027130297
227,0.00033500063,0.0018386944,0.004706416,0.00041413555,0.00088414823,0.033190385,0.9586312
1682,0.00018710206,0.00016818827,0.0024292103,0.99502593,0.0005172317,0.00091273966,0.00075954397
1283,9.066614e-05,8.215599e-05,0.99086386,0.0010902366,0.00012211474,0.00020555605,0.007545359
389,0.0017743859,0.97696835,0.0027217565,0.0006410684,0.0008764075,0.012237438,0.0047805365
1031,0.0006629956,0.001278531,0.012574315,0.0031420488,0.0004938745,0.002180749,0.97966754
0,0.0007293035,0.94965076,0.0016974208,0.0007120207,0.0006319028,0.014129129,0.03244943
1627,8.048312e-05,0.00021068477,0.0024318555,0.99630225,0.00048096216,0.0001915433,0.00030223094
7,0.0017834733,0.99535465,0.00037037814,0.00018416379,0.00023710621,0.0014186332,0.00065157714
883,0.0003703079,0.0016674263,0.0007879617,0.00024377462,0.00027395852,0.9737655,0.02289112
1377,2.6418571e-05,2.6590604e-05,0.9961047,4.4272412e-05,4.4904973e-05,0.0017068455,0.0020462524
1873,0.00012535886,9.220113e-05,0.0008263674,0.0019228283,0.9966355,0.00016108343,0.00023669038
498,0.9917641,0.006228159,0.00019511521,9.644259e-05,0.00013433803,0.0011951778,0.00038658574
1766,0.00019762665,0.00014180831,0.002559431,0.9950304,0.00076407794,0.0004982504,0.0008083667
1808,4.8766895e-05,4.263897e-05,0.00050208776,0.0013834593,0.99785304,6.878664e-05,0.00010122511
410,0.0012254503,0.002867785,0.0051738466,0.0007363034,0.0011051074,0.033946194,0.95494527
384,0.97525626,0.023147086,0.00016168904,8.955071e-05,0.00013577564,0.0007028293,0.0005068572
226,0.018736731,0.9721896,0.0018388763,0.0007162831,0.00078627997,0.0032835987,0.0024485902
1716,2.9544382e-05,3.2024036e-05,0.0008355762,0.99864477,0.00018238978,4.7957597e-05,0.00022779967
179,0.002191537,0.046023004,0.013357514,0.0018806232,0.0017765651,0.14120035,0.7935704
658,0.9992262,0.00046649112,3.9959534e-05,5.5825472e-05,3.746519e-05,0.00010460611,6.94287e-05
1488,0.000286588,0.00026829334,0.9955819,0.0024188554,0.0006044008,0.0005305434,0.00030944348
1879,5.7900954e-05,3.997512e-05,0.0004997635,0.0018418996,0.99737334,7.2696406e-05,0.000114437884
447,0.0004977435,0.96528983,0.00057148427,0.0009139306,0.0006655318,0.026198952,0.0058625503
908,0.0006185691,0.0012675767,0.0017647005,0.0004702308,0.00057139527,0.98595965,0.009347884
1767,2.1331245e-05,1.886757e-05,0.0005944672,0.99901533,2.7977529e-05,5.1256564e-05,0.00027072788
1395,0.00012183011,9.684912e-05,0.99050397,0.00026697252,0.00015092452,0.0005598015,0.008299623
400,0.005187161,0.11829924,0.0025068226,0.00090373674,0.0018146465,0.8663893,0.0048991297
143,0.0002478021,0.026074274,0.0006459044,0.0002234009,0.00030547252,0.96945244,0.0030506947
1142,0.00015289852,0.0005829369,0.00075942493,0.00016204194,0.00014185997,0.0029141705,0.9952866
972,0.000313833,0.00048841164,0.0027556927,0.00044517274,0.0004328792,0.00559656,0.98996747
238,0.005350882,0.9617958,0.0025321739,0.0004042522,0.0006820176,0.007626338,0.021608472
896,0.0012470167,0.0026673188,0.0075623817,0.0008490759,0.0009635197,0.9778641,0.008846616
444,0.00045921898,0.9946853,0.0001333277,9.471044e-05,6.5963104e-05,0.0035276862,0.0010337874
716,0.99907374,0.00029561316,6.714439e-05,5.4314445e-05,3.6052676e-05,0.00043643694,3.664502e-05
1033,0.00019581174,0.00018846463,0.0020602928,0.0003698687,0.00027588135,0.0033719381,0.9935377
1811,5.4263724e-05,3.6982383e-05,0.0005033121,0.0014205691,0.9977925,8.534912e-05,0.000107016254
1517,3.0372075e-05,2.7191776e-05,0.0004538208,0.99901545,0.00021885317,5.510188e-05,0.00019918998
1497,9.4919036e-05,9.2408176e-05,0.0013281555,0.99731725,0.0004614834,0.0001332678,0.0005724662
417,0.00084022724,0.020583626,0.0014509603,0.0017174818,0.0008491341,0.95283306,0.02172546
18,0.0014667411,0.0020886315,0.0023368353,0.0016598004,0.0007596946,0.007875861,0.9838125
1392,0.00014580687,0.0001258738,0.9916858,0.0008559556,0.00019367921,0.0010376293,0.005955278
602,0.99555665,0.0031852538,0.00010463914,4.152607e-05,0.00011760766,0.0005761111,0.00041820863
1086,0.00011413143,9.949613e-05,0.000777228,0.00033710685,0.00014681889,0.0017934798,0.99673176
1982,4.0738578e-05,3.8375423e-05,0.0003184347,0.00023880338,0.99920636,7.126202e-05,8.608785e-05
987,6.952807e-05,9.4731644e-05,0.023639245,0.00018365416,9.857242e-05,0.00032401385,0.9755903
90,0.0013317637,0.00537474,0.07515712,0.899936,0.0019290941,0.006103175,0.010168098
329,0.00028306004,0.99567187,0.00013593757,0.00010315207,7.166591e-05,0.0031684493,0.00056583807
560,0.98381096,0.014198493,0.00027606293,0.00015568234,0.0004317323,0.0004977791,0.00062927546
322,0.00030412152,0.000690978,0.9774849,0.00024134379,0.000574783,0.0011452115,0.019558642
1120,0.00014374792,0.00017248827,0.00094988424,0.0004385747,0.00017590137,0.0046262015,0.99349326
215,0.0001777661,0.0018473285,0.0024385424,0.00028381,0.00022924288,0.0042037223,0.99081963
983,0.0006750205,0.0009761159,0.019588374,0.001815275,0.00044498,0.0023060483,0.9741942
1691,4.0643405e-05,3.7554175e-05,0.00044583206,0.99905044,0.00022100015,8.1544626e-05,0.00012296348
1564,0.00015109466,0.00015917934,0.0028234834,0.99515235,0.00064216513,0.0005664507,0.000505302
1201,0.000116081406,0.00014796999,0.9938406,0.001059952,9.5745934e-05,0.00023447792,0.0045051263
1820,4.875387e-05,5.1826162e-05,0.00085204444,0.00053027057,0.9983203,8.110722e-05,0.0001157471
2082,4.474044e-05,3.841376e-05,0.00048168993,0.0011347926,0.99809486,6.282814e-05,0.00014271084
2044,3.8969945e-05,2.8291977e-05,0.0004008273,0.001488114,0.9978362,5.8568414e-05,0.00014906103
1721,4.3842534e-05,3.8695995e-05,0.0004917837,0.99890983,0.00026381944,8.3834006e-05,0.00016823607
603,0.9960627,0.0022609942,0.000226343,0.00013890209,0.0001053599,0.00070655433,0.0004991473
79,0.00031308547,0.99635714,0.00028255634,9.925587e-05,0.00010926969,0.0021881445,0.0006505016
310,0.00039254013,0.9950151,0.0001253085,0.00019236862,0.0001896179,0.0032241715,0.0008609499
1006,0.00024546817,0.00044405536,0.010217014,0.0004960972,0.00018667073,0.00052634627,0.98788434
1070,0.00012362059,0.0004901558,0.00057870144,0.00019170264,0.00011728789,0.0043678386,0.9941307
1795,5.189551e-05,3.746819e-05,0.0014001162,0.00023831693,0.99806625,7.318028e-05,0.00013274762
1149,0.0001607612,0.00010936355,0.0060035195,0.0003886096,0.00025190332,0.0028591617,0.9902266
1306,8.867697e-05,0.00019035605,0.9868133,0.00023938445,0.00015142951,0.0021400305,0.010376742
1223,4.3967262e-05,7.612672e-05,0.99683607,8.745385e-05,7.010868e-05,0.00070290786,0.0021833917
1335,0.00061749417,0.0007258107,0.9763015,0.0110972235,0.0026617656,0.0016040357,0.0069922195
189,0.00071537995,0.00083225034,0.99319494,0.00022179938,0.00033684255,0.0008765896,0.003822128
164,0.00039700617,0.9412621,0.00048040724,0.00045814776,0.00082061306,0.053809848,0.0027718681
1,0.0024066856,0.96179515,0.0017473446,0.00042335814,0.001590408,0.019147227,0.012889783
102,0.009935959,0.9868679,0.00022331605,0.00014038182,0.00038601083,0.002127464,0.00031895697
1111,0.00014530084,0.00046076102,0.00072149973,0.00015047581,0.00013173425,0.0029573955,0.99543285
1301,1.559672e-05,1.4655228e-05,0.9990669,2.702933e-05,2.5809502e-05,0.0004504648,0.0003996347
1912,4.007604e-05,2.8515846e-05,0.0004451836,0.0022824255,0.9970547,5.7507976e-05,9.161528e-05
1729,0.00015102875,0.00012779293,0.0034201823,0.9943399,0.00061895896,0.00026865717,0.0010735276
328,0.96846527,0.030616209,0.00011344143,0.000109350134,8.703432e-05,0.00030834842,0.00030037967
639,0.99839824,0.0010320686,9.7804405e-05,5.3956708e-05,4.466808e-05,0.00015624522,0.00021705416
1434,0.00051258336,0.0003585201,0.9761066,0.00041300646,0.00067142624,0.0012347924,0.020703074
201,0.00051532796,0.0021467893,0.9893434,0.004378717,0.00017683115,0.00037169733,0.003067239
771,0.0011798477,0.009176342,0.0015057317,0.00059165776,0.00058792473,0.98168635,0.005272147
802,0.00057349866,0.0076710368,0.0012280063,0.0004917666,0.00055642094,0.97979605,0.009683182
1802,0.00024862427,0.00015383452,0.0018072058,0.0021599266,0.99495393,0.00041983946,0.00025662655
880,0.00053547695,0.00029040404,0.00031462754,0.00019973822,0.00016040541,0.9964227,0.0020766193
1527,5.324927e-05,4.4981338e-05,0.010948311,0.98790216,0.00037145437,0.00033586985,0.00034398417
178,0.9847652,0.014770336,7.01139e-05,7.8668665e-05,0.00010977177,6.0916766e-05,0.00014502648
1199,2.5673118e-05,2.5835885e-05,0.9962908,3.682372e-05,4.363793e-05,0.0013464921,0.0022307555
330,0.050099093,0.9372713,0.00064639584,0.00047507812,0.00045005343,0.010121916,0.0009362246
561,0.99909246,0.0006644615,2.9759918e-05,2.45885e-05,5.7854028e-05,9.138106e-05,3.9485014e-05
912,0.0002575971,0.0056071836,0.001625025,0.00022908668,0.0003902655,0.990715,0.0011758654
1017,0.0003040359,0.00031921055,0.0020699494,0.00066336466,0.00032301704,0.0039008635,0.99241954
734,0.0003861935,0.002302925,0.00041567255,0.0006187289,0.0001911771,0.9905963,0.005488987
742,0.0004067956,0.010022386,0.0010322026,0.00078130787,0.00053896644,0.97290164,0.01431674
762,0.00022851497,0.013445681,0.0011161938,0.00028890552,0.00036334005,0.9832114,0.0013459985
489,0.00019500779,0.00014528335,0.0013438027,0.0032063334,0.99471337,0.00014795086,0.00024822066
559,0.99913955,0.000624805,3.0710762e-05,1.9303885e-05,5.7232897e-05,7.877348e-05,4.9634975e-05
170,0.0017444353,0.993153,0.0003729013,0.00020364943,0.0004550076,0.0022768385,0.0017942322
900,0.00023646207,0.0025810197,0.0013423832,0.00035003366,0.00039504174,0.99363846,0.0014565297
1701,4.0373056e-05,3.6037327e-05,0.0021699315,0.997063,0.00031065362,5.6038487e-05,0.0003239795
558,0.9983393,0.001420162,4.1527925e-05,3.4053508e-05,9.305979e-05,4.3781027e-05,2.8115255e-05
631,0.9956247,0.0024655696,0.00025520433,0.000115392744,0.00012563831,0.0010462758,0.00036718597
1817,4.1502768e-05,4.0930776e-05,0.00032617725,0.0002446095,0.99918574,7.6414515e-05,8.462156e-05
1611,0.00013456041,0.00014958951,0.0026877893,0.9953974,0.00063105137,0.0004832024,0.0005164154
2031,3.8422175e-05,3.6721063e-05,0.00037357525,0.0002108841,0.99920124,5.0941908e-05,8.823311e-05
62,0.0004197824,0.96773225,0.00018026693,0.000104492596,0.000113079805,0.030282479,0.0011677047
234,0.0006537827,0.9535149,0.00033736273,0.00022099863,0.00022078354,0.042725917,0.0023263183
53,0.0010233296,0.996976,0.00020720149,0.0001720991,0.00025857883,0.00026790248,0.0010948734
720,0.99745184,0.0013884612,0.00016500906,7.923551e-05,7.987433e-05,0.0006043176,0.0002312131
2030,5.1962237e-05,3.555412e-05,0.00043217355,0.0011348557,0.9981504,6.529482e-05,0.0001296632
665,0.99857044,0.0007802291,5.7395646e-05,2.9373345e-05,5.024681e-05,9.884418e-05,0.00041344657
967,0.0008711361,0.00060139754,0.0050096605,0.0004347961,0.0005528501,0.022704609,0.96982557
1209,8.978886e-05,0.00017309649,0.9949609,0.001298947,0.00012524315,0.00023137106,0.0031206303
52,0.017251328,0.9772448,0.00086613646,0.0007503575,0.00083601085,0.0012500026,0.0018012917
1782,3.8504215e-05,3.0195197e-05,0.0005648872,0.0005229344,0.9986854,6.72272e-05,9.085678e-05
9,0.00010313378,0.99130976,0.0003937455,0.00018561124,0.00013803352,0.006557139,0.0013125715
1318,0.0001554197,0.0001643688,0.9974171,0.0006447247,0.0006651295,0.00046634604,0.00048695575
505,0.99732035,0.0015273136,0.000111843154,7.4148484e-05,9.881849e-05,0.00015880464,0.0007087058
1471,0.0003614361,0.00029265773,0.98893356,0.0059082983,0.001340834,0.0007554198,0.0024078467
1245,0.00028577898,0.0002676467,0.99497616,0.0004446669,0.00093330705,0.000494757,0.0025977269
549,0.99712545,0.001823463,0.000116311465,7.5264674e-05,6.280136e-05,0.00072950835,6.71984e-05
1515,0.00012959134,0.00015599771,0.0013929666,0.9960801,0.00041660568,0.00043292547,0.0013918219
566,0.9958252,0.0016188527,0.00017556825,9.594279e-05,8.660612e-05,0.00040898754,0.0017888366
573,0.99505544,0.004098507,0.00015013842,0.00010918263,7.591345e-05,0.00027975286,0.00023100454
491,9.227885e-05,6.642794e-05,0.00076283555,0.0017464226,0.99695826,0.00015275054,0.00022102521
1104,0.00021054645,0.00029580368,0.0008849606,0.00096964533,0.00022336078,0.02301668,0.97439903
395,0.00323793,0.015602186,0.045908354,0.0029504723,0.0014567836,0.0047259335,0.9261184
46,0.00066881994,0.98988193,0.00031988355,0.00020056668,0.00020021312,0.008196155,0.0005323743
644,0.994242,0.0040234406,0.0001466049,6.889777e-05,0.00053889764,0.0006049013,0.00037521546
126,0.0002497623,0.99307007,0.00012883074,0.00015654773,0.00013305624,0.005939276,0.00032240216
205,0.0067626266,0.9899238,0.00043638592,0.0004888334,0.0002785095,0.00057618547,0.0015336617
6,0.0024222767,0.92660123,0.006078665,0.00067055423,0.002068576,0.055121154,0.007037583
713,0.9976738,0.0008634282,0.00018375981,8.449658e-05,8.787243e-05,0.00076334085,0.00034323748
553,0.9976113,0.0017206135,6.561351e-05,7.558453e-05,4.3917942e-05,0.000426385,5.6614517e-05
1819,5.066812e-05,3.659888e-05,0.0011091967,0.00022711883,0.9983814,6.786212e-05,0.00012716881
877,0.00017476422,0.00068142527,0.00038160352,0.00019891151,0.00020456829,0.996608,0.0017507845
1690,6.923972e-05,6.294851e-05,0.0038878343,0.9951067,0.00042210132,0.00022182251,0.00022932733
1035,0.00017127884,0.00012300181,0.006010567,0.00032144936,0.00026600235,0.002318866,0.9907889
16,0.0008751826,0.003172573,0.02112755,0.009937857,0.0016338156,0.0027863581,0.9604666
2022,3.7921778e-05,3.0492574e-05,0.00037673095,0.0004396397,0.9989668,5.2608622e-05,9.584411e-05
461,0.0044098734,0.9926064,0.00057701074,0.00012587762,0.00021441032,0.0015399783,0.0005264737
1108,0.0001406852,0.00013200518,0.0015256291,0.00053902896,0.00015215426,0.0025366868,0.9949738
262,0.003018614,0.9914404,0.00020650722,0.00030949805,0.00017582173,0.0029431784,0.0019059249
2036,4.0517752e-05,3.9404556e-05,0.00032430608,0.00023880423,0.9992099,6.6890716e-05,8.018684e-05
190,0.0016496629,0.03981977,0.0015974655,0.00063757855,0.000941064,0.8894827,0.06587181
550,0.9980445,0.0010187336,0.00011729506,4.4181896e-05,7.880167e-05,0.00041817478,0.00027833713
790,0.00020023326,0.0014930186,0.00044111916,0.0001964589,0.0002477836,0.99504447,0.0023769252
245,0.00045452424,0.005177266,0.008213689,0.00039231568,0.00044113235,0.014459504,0.97086155
1511,7.509851e-05,8.863581e-05,0.004171903,0.99449724,0.00046479018,0.00013871712,0.0005636064
1393,4.215901e-05,3.0823605e-05,0.99666226,6.64112e-05,6.2943036e-05,0.001922185,0.0012133062
1981,4.0738578e-05,3.8375423e-05,0.0003184347,0.00023880338,0.99920636,7.126202e-05,8.608785e-05
881,0.00057569006,0.00056316133,0.0060833665,0.0006914502,0.0006563122,0.96777266,0.023657365
1645,8.362214e-05,8.6099455e-05,0.0026249737,0.9962256,0.0004909595,0.00019430734,0.00029446895
813,0.00028973725,0.001198733,0.0014942108,0.00022905135,0.00035718372,0.9841339,0.012297116
449,0.0052294675,0.97790396,0.0011195862,0.00089099683,0.00084272254,0.0095346775,0.0044786055
1353,0.0011028178,0.0016250664,0.98177904,0.0039337077,0.0036909964,0.0034563977,0.0044119805
1019,0.00036369832,0.0009774674,0.0009647092,0.00026925319,0.0004670179,0.05773757,0.93922025
985,0.0012348988,0.0011249866,0.012978998,0.0012648926,0.00081419456,0.009999147,0.9725829
1905,4.6489946e-05,3.5992238e-05,0.0011910516,0.0005142966,0.9980222,7.9879304e-05,0.00011014644
1887,8.011199e-05,4.343211e-05,0.00046853386,0.0007049639,0.99820673,8.142519e-05,0.00041479725
86,0.0004953294,0.9568047,0.0008032168,0.00023744369,0.00015390401,0.025720632,0.015784817
1683,2.1320237e-05,1.884133e-05,0.0005933521,0.9990256,2.7977816e-05,5.1254938e-05,0.0002616824
995,0.00012084589,0.0005961754,0.00049971766,0.00036417207,0.000131893,0.0041827816,0.99410444
1228,0.00026932574,0.00018429162,0.9937429,0.0029451658,0.001053798,0.00044190255,0.0013626454
626,0.96936,0.028088523,0.00020202328,0.00030214756,0.0002654394,0.0015415192,0.00024038128
899,0.00023104278,0.0017385465,0.0005657864,0.0002133756,0.00027805605,0.9942516,0.0027216433
747,0.0012576684,0.009632717,0.007905662,0.0008132281,0.001016917,0.97515273,0.0042210645
815,0.0004437547,0.014399725,0.0010161867,0.0005551379,0.0007248495,0.9767545,0.006105784
1704,0.00014552707,0.00016377785,0.0014027545,0.9961027,0.00044988876,0.00044740716,0.0012879256
530,0.99729806,0.0023433778,3.3269414e-05,1.8267847e-05,3.124946e-05,4.8876293e-05,0.00022694704
1622,9.000115e-05,6.212191e-05,0.000974605,0.99809164,0.00040645484,0.0001401328,0.00023502477
1984,4.939091e-05,3.6400383e-05,0.0010802529,0.00022739328,0.99842834,7.023025e-05,0.00010804523
1146,0.00024645182,0.0004818744,0.0020901568,0.00051006523,0.0006471744,0.0055280984,0.99049616
1329,0.00015407254,0.0001297093,0.99074626,0.002317409,9.8912424e-05,0.00016810013,0.006385551
1930,4.03403e-05,3.156849e-05,0.00037705465,0.0015107775,0.99785054,7.29345e-05,0.00011683031
199,0.0006376632,0.9805002,0.0009556491,0.0007160502,0.0004327362,0.014404607,0.0023530747
1520,8.18783e-05,0.0001654208,0.0010528091,0.99757284,0.00041098482,0.00016068738,0.0005553517
1093,0.00016615407,0.00043131298,0.0010897623,0.00043805712,0.00019988065,0.0051145516,0.99256027
719,0.99763656,0.001620872,6.4604006e-05,8.920507e-05,5.0152208e-05,0.00048543798,5.3159496e-05
1490,7.694949e-05,9.142075e-05,0.0014624055,0.9977131,0.00035594878,0.00018471603,0.00011549206
148,0.0002228028,0.90490794,0.00034234097,0.00026741694,0.00021816902,0.06512544,0.02891592
1855,7.844043e-05,4.1496827e-05,0.00043483387,0.00058598263,0.99862075,6.61257e-05,0.0001724251
1000,0.00014384328,0.00021062368,0.0013240948,0.0001652859,0.00017731574,0.0052854423,0.9926934
1216,8.08721e-05,3.9663646e-05,0.9835947,0.00012597402,9.246627e-05,0.000511721,0.015554618
637,0.9993987,0.00031617604,4.7646525e-05,5.304598e-05,3.1942574e-05,9.555956e-05,5.688838e-05
648,0.99816704,0.0008037883,7.311024e-05,3.7849128e-05,7.704973e-05,0.0005772382,0.00026393344
946,0.0006825042,0.00032381943,0.0004330729,0.0001786608,0.00020130428,0.9957838,0.0023969053
1257,0.00019001188,0.00018353919,0.99298877,0.0008120943,0.00016270256,0.00027652262,0.005386371
1545,0.00012370756,0.00014996408,0.0025522392,0.9958781,0.00043532648,0.00038413214,0.00047647487
1751,2.894425e-05,3.3872708e-05,0.00065265206,0.9988649,0.00018147161,4.9366536e-05,0.00018882086
1708,4.1963856e-05,3.4795034e-05,0.00043044036,0.99890304,0.00023527977,6.454657e-05,0.00028997537
478,0.00094263843,0.004294772,0.98540443,0.0026619355,0.001615033,0.003168065,0.0019130701
1462,0.00015847693,0.00019617069,0.98640543,0.001142948,0.0001267466,0.00028681854,0.01168333
1703,0.00014802991,0.00015975654,0.0021993013,0.9955448,0.00043482817,0.00037761347,0.0011356934
736,0.00034085358,0.0037094983,0.00079211657,0.00028770496,0.00037394906,0.99239856,0.0020973333
1421,0.00020331008,0.00027842936,0.9899777,0.007815007,0.000683093,0.00057416916,0.00046831046
1953,4.051719e-05,3.9404007e-05,0.00033611417,0.0002388009,0.999196,6.6889785e-05,8.22767e-05
157,0.00036703778,0.0041179284,0.023606207,0.00066381,0.0005453977,0.018036168,0.9526635
74,0.00096964656,0.002953846,0.0049982746,0.0007511382,0.0005247359,0.0038178863,0.98598444
129,0.00036880354,0.99659145,0.00039662878,0.0003427356,0.00015629169,0.0016320195,0.00051208114
824,0.00014974944,0.00056061806,0.00038329526,0.00010566265,0.00021088068,0.9974941,0.001095758
2007,4.452737e-05,4.3913693e-05,0.00036742,0.00026333594,0.9991085,8.15562e-05,9.077166e-05
1202,5.9797734e-05,7.580063e-05,0.9976737,8.177521e-05,0.000121163255,0.00019582461,0.0017919103
2024,5.793534e-05,3.8028058e-05,0.00049505814,0.0015277159,0.9977087,7.0652786e-05,0.000101888385
669,0.9976477,0.0017566864,8.075075e-05,4.7226087e-05,6.500874e-05,0.00026208244,0.00014052914
1203,0.00021091622,0.00017637471,0.9851001,0.00012676467,0.00033636755,0.0011379286,0.012911544
394,0.00013513607,0.96441734,0.00012306332,0.00015576807,9.256525e-05,0.026150197,0.008926
1975,5.5521425e-05,3.996462e-05,0.00048134712,0.0005653898,0.9985884,6.668451e-05,0.00020267122
853,0.00079964043,0.008265382,0.0014672802,0.00073898036,0.0005952908,0.98184454,0.0062888856
419,0.0002075554,0.99411964,0.0003029796,0.00020135345,0.00016256864,0.0036182066,0.0013877737
1310,2.970471e-05,4.490799e-05,0.9984219,5.7758763e-05,4.595095e-05,0.00035322533,0.0010465217
477,0.00034104165,0.92708194,0.00056222285,0.0003049453,0.00034599775,0.06888817,0.0024757348
1200,8.7654116e-05,5.883175e-05,0.99570686,0.00050088455,7.751503e-05,0.00015286727,0.003415458
372,0.00026803906,0.96491396,0.00018078595,0.00012132257,0.00018447722,0.033514503,0.00081693946
1596,0.00033915872,0.00040512776,0.004331705,0.99036014,0.0021097478,0.0011830173,0.0012710866
1173,6.885814e-05,9.959157e-05,0.017836664,0.00018106651,9.8900644e-05,0.00034972437,0.98136526
1226,0.0001781713,0.000118992095,0.9830776,0.0001109525,0.00022030844,0.00078347954,0.015510558
766,0.00066724216,0.009880022,0.0010001248,0.0004885881,0.00047450885,0.98548317,0.0020063508
2035,4.0517898e-05,3.9675448e-05,0.000318437,0.00023880509,0.99921346,7.0291244e-05,7.8844016e-05
1643,0.00013842956,0.00015809349,0.0075977314,0.9905399,0.0006844613,0.00025492095,0.0006265245
835,0.00023116324,0.006770621,0.0006385654,0.00029481028,0.00037076612,0.98905075,0.0026432988
1416,2.431152e-05,2.3791095e-05,0.9973533,4.295351e-05,4.132355e-05,0.0009075814,0.0016067646
1614,0.000137229,0.00011144856,0.0022409242,0.995644,0.00081456406,0.00020321945,0.0008486811
1757,2.051331e-05,2.3585335e-05,0.0041042473,0.9954184,0.00015480399,3.6283935e-05,0.00024220071
1561,4.562018e-05,4.7644586e-05,0.0005141139,0.99886453,0.00026957202,0.00010433624,0.00015423543
885,0.0002246199,0.0027759257,0.0006586124,0.00030993554,0.00032470745,0.99403185,0.0016743809
375,0.002137973,0.9907265,0.0010736971,0.0006084744,0.0004507768,0.002447393,0.0025552413
377,0.0020674684,0.9402865,0.0013190889,0.0014178221,0.00091375055,0.051569708,0.0024256734
1281,7.04582e-05,8.521216e-05,0.9738628,0.00015743068,0.00011851654,0.0015164576,0.024189066
683,0.99745363,0.0015690187,0.000100739184,6.476227e-05,5.4038144e-05,0.00069854065,5.9246933e-05
378,0.067062475,0.9188243,0.0018540724,0.0005756969,0.0005834298,0.008380763,0.0027192053
1039,0.00018173447,0.00025322213,0.006795126,0.000840585,0.0002708781,0.0040844386,0.98757404
509,0.9956448,0.0035732253,0.00012734634,6.312897e-05,0.00010992252,0.00027856624,0.0002029837
1946,6.815774e-05,5.484933e-05,0.0007744573,0.0013081045,0.9974942,0.00012275379,0.00017743767
621,0.9956916,0.0009779722,0.00016768766,7.689662e-05,9.58373e-05,0.0014827478,0.0015072558
1012,0.00038763823,0.00069854344,0.002441081,0.0002573447,0.0002847194,0.017767448,0.9781632
1927,8.014546e-05,4.2607047e-05,0.00041967756,0.0005910576,0.9986162,6.905742e-05,0.00018125783
947,0.0006743498,0.0002658088,0.00045683607,0.00015457484,0.00017858448,0.9957742,0.002495661
266,0.0028937203,0.99515814,0.00018105372,0.000113324626,9.302221e-05,0.0009779369,0.0005827788
1853,5.3908454e-05,3.3382905e-05,0.0004412909,0.000703827,0.9985514,7.236024e-05,0.00014382979
167,0.0011970294,0.0025399167,0.05755635,0.0020494869,0.0008472398,0.012568039,0.923242
265,0.03180786,0.8420315,0.004870061,0.0016453356,0.0015026273,0.10934007,0.008802542
1772,8.103776e-05,6.6862944e-05,0.006082602,0.9916521,9.911574e-05,0.00016454756,0.0018537128
1592,0.00021670091,0.00017401965,0.0025104887,0.9943646,0.0007031556,0.00091463735,0.0011164082
740,0.00025801707,0.0027979151,0.0008483371,0.00030193746,0.00036308556,0.9927468,0.0026839613
700,0.996527,0.0015645404,0.00022424763,0.00013603889,9.6687334e-05,0.00082875194,0.0006226785
1044,0.00037957134,0.0011317339,0.0060533546,0.0005116642,0.00041010382,0.009122984,0.98239064
1139,0.00027750287,0.0006821256,0.0022257564,0.00040608534,0.0003216803,0.0051239333,0.9909629
1147,0.00011214951,9.885953e-05,0.0028004644,0.00025677987,0.00018278082,0.0022104566,0.9943386
1818,4.0738578e-05,3.8375423e-05,0.0003184347,0.00023880338,0.99920636,7.126202e-05,8.608785e-05
1733,5.2879554e-05,3.838146e-05,0.00042319865,0.9988261,0.00025578286,0.00010276232,0.00030090596
1724,6.558038e-05,7.812814e-05,0.0031366406,0.99573356,0.00041629,0.000120601355,0.00044917257
544,0.9982973,0.0013721593,4.4415414e-05,3.5733876e-05,3.8114846e-05,0.00013261638,7.966697e-05
1867,4.6117602e-05,3.6140136e-05,0.00043715726,0.0012827646,0.99799454,7.5380216e-05,0.00012793146
64,0.0025384324,0.99608153,0.00032459473,0.00022127184,0.00013679451,0.00028752233,0.00040987623
1119,0.00031925173,0.0008136673,0.0027082465,0.0006759252,0.00044100202,0.004394183,0.99064773
1628,4.6609905e-05,4.7689024e-05,0.0005175159,0.99885356,0.00027193426,0.00010762344,0.00015501677
1060,0.0011179008,0.0020951668,0.026114503,0.0019646825,0.0010916278,0.0111735575,0.9564426
1990,8.115549e-05,4.2600837e-05,0.00043308362,0.0005650623,0.9984706,6.933103e-05,0.00033816692
168,0.0003466718,0.011632469,0.0025528795,0.00026616902,0.00035137663,0.008468528,0.97638196
1707,4.275871e-05,3.346811e-05,0.00049424655,0.998858,0.00022442047,5.699109e-05,0.00029013958
2003,0.00019868798,0.00012802094,0.0017370587,0.0012661401,0.9961054,0.00033594758,0.00022876394
495,5.039561e-05,4.901098e-05,0.0010436261,0.0002410694,0.9984273,6.8852096e-05,0.00011979148
2029,4.684912e-05,3.6713358e-05,0.00046642893,0.0012605994,0.99798596,7.401161e-05,0.00012941948
830,0.00029996273,0.0065051,0.0010374124,0.00024324456,0.0006153498,0.98630863,0.0049902997
1838,3.814481e-05,3.0072786e-05,0.00027590853,0.0005622289,0.99893063,6.6571934e-05,9.6420685e-05
462,2.6967637e-05,5.977933e-05,0.9981602,3.369017e-05,3.35984e-05,0.0012277139,0.0004580211
956,0.0002615449,0.002361851,0.0020329384,0.00040170248,0.00031199557,0.0032722217,0.9913578
1276,6.470193e-05,6.1858664e-05,0.9951349,0.00010145415,8.390918e-05,0.00021561328,0.0043375636
1558,6.8121735e-05,5.9423182e-05,0.0012635143,0.9977036,0.00038542613,0.000111620015,0.00040827345
1085,0.0005718642,0.0006618347,0.0141328145,0.00056103495,0.00043488416,0.0012533279,0.9823843
1453,0.00086619216,0.0007120297,0.96760803,0.019845419,0.002315342,0.004627891,0.004025077
855,0.00064795354,0.009224585,0.0013674285,0.00049375335,0.0004241541,0.9820785,0.005763656
118,0.0035041638,0.025156159,0.0056579583,0.0024879233,0.0019197571,0.9114169,0.04985716
1117,0.00028821197,0.00024244434,0.0020592643,0.00047399447,0.0003964542,0.004066943,0.99247265
1254,0.0003882248,0.00059518777,0.9946549,0.0013158614,0.0008105128,0.000988765,0.0012465634
1745,4.788233e-05,4.773151e-05,0.00057014776,0.99881244,0.00027006384,0.00010966198,0.0001420789
1960,4.7054884e-05,3.921678e-05,0.00050218496,0.0020874506,0.9971405,8.253366e-05,0.0001011077
1748,0.00010173824,8.833374e-05,0.001377127,0.9970854,0.00050619966,0.00016862787,0.0006725357
1404,6.2782216e-05,4.464574e-05,0.9967891,0.0003740478,5.619266e-05,0.0001235809,0.0025496255
253,0.00029707042,0.0006734986,0.9941338,0.00015934856,0.00016378617,0.00070848974,0.003864027
1577,7.002951e-05,8.623632e-05,0.003942022,0.99473566,0.0004425166,0.00013999688,0.00058355794
183,0.00036520837,0.001363696,0.99241805,0.0010347861,0.0024301156,0.00072265696,0.0016654978
717,0.9970577,0.0021324966,7.8178186e-05,0.000100840174,5.7944042e-05,0.00050532585,6.759219e-05
1287,8.167364e-05,6.582852e-05,0.99133426,0.00019184334,0.00010189665,0.00035812386,0.007866432
1798,4.3948883e-05,3.040119e-05,0.00030706104,0.0030803524,0.99625033,6.8023546e-05,0.00021984421
949,0.0007006636,0.0032319063,0.0014414287,0.0007915751,0.00047972417,0.98991734,0.0034373228
612,0.99891615,0.0003983069,4.8279457e-05,9.829398e-05,4.970752e-05,0.0002518059,0.00023749325
1189,9.876246e-05,9.179277e-05,0.9787612,0.00019504828,0.0001743084,0.0050518033,0.015627066
633,0.99670404,0.0022560123,0.00013239689,8.9289104e-05,7.360723e-05,0.00063283404,0.000111849855
2061,4.2122283e-05,2.9864557e-05,0.00038213984,0.00088007865,0.9984794,8.1895756e-05,0.000104464845
1589,8.423331e-05,6.720649e-05,0.0013002396,0.99748707,0.00049187726,0.00012764343,0.00044168465
488,0.00011193681,0.00014678274,0.005579449,0.0018293436,0.9917753,0.00018932414,0.00036791945
1613,3.2028704e-05,2.8737875e-05,0.0003494247,0.99909043,0.00022445108,5.9075766e-05,0.00021581215
1153,0.00028901108,0.0009286536,0.00031777914,0.000114210925,0.00043840267,0.010755335,0.98715657
1906,4.544803e-05,3.6544367e-05,0.0008496926,0.0005801616,0.99831945,6.939415e-05,9.930095e-05
1692,4.4945464e-05,3.6976948e-05,0.00056344894,0.9989397,0.0002176033,8.184424e-05,0.00011546215
2004,0.000121373196,7.316456e-05,0.00060831755,0.0009907156,0.99785763,0.00012014887,0.00022863087
2006,0.000110764275,9.307073e-05,0.0010782076,0.0013069325,0.9969542,0.00015190257,0.00030487624
443,0.00018623855,0.9918932,8.809199e-05,6.0543643e-05,0.00012278442,0.006658182,0.0009910628
1238,0.0011004055,0.0013826438,0.9621494,0.022507718,0.0028603333,0.006291944,0.003707584
1845,4.0517072e-05,3.9403898e-05,0.00032627172,0.000245616,0.99919313,7.49318e-05,8.018549e-05
647,0.9971367,0.0018743944,0.00014034964,7.849263e-05,7.332565e-05,0.0003466661,0.00035002438
1648,2.0758423e-05,2.1879689e-05,0.00045223688,0.9982297,2.7008637e-05,3.5326964e-05,0.001213148
228,0.0073192976,0.9888306,0.0010165303,0.00022055807,0.00020563431,0.0017052032,0.0007021511
1667,6.533499e-05,5.3085776e-05,0.0010464237,0.99801046,0.00034032698,9.510465e-05,0.0003892493
1775,9.9466146e-05,0.00012448894,0.001309786,0.002981781,0.9950145,0.0001784787,0.00029152844
1042,0.00030756855,0.0012844276,0.00889523,0.0016406026,0.00017935815,0.0008253064,0.98686755
851,0.00029529535,0.0005224842,0.0004870107,0.00029580356,0.00019585835,0.9863614,0.011842185
1273,0.0001859623,0.00019403873,0.9905408,0.0005841811,0.00013158411,0.0003376829,0.008025772
1440,0.00042811583,0.0006486124,0.9927982,0.0021653285,0.0013761971,0.0016385209,0.00094495073
974,0.000278742,0.00071952835,0.0024391,0.00059772265,0.0003899794,0.003707469,0.9918675
547,0.9986253,0.00087512995,4.8282345e-05,6.112815e-05,3.5956884e-05,0.00030214968,5.20312e-05
1825,5.123896e-05,5.300221e-05,0.00079397846,0.0002729003,0.9986198,8.725163e-05,0.00012179614
497,0.9973363,0.0014089249,8.583542e-05,3.682238e-05,5.593893e-05,0.00094655313,0.00012960316
1186,0.0007544886,0.00091379095,0.98814684,0.0019060274,0.0045673517,0.0016456553,0.002065861
926,0.0002731312,0.0005014961,0.00020893918,0.00022421803,0.00016620047,0.99724245,0.0013835749
2084,8.337624e-05,5.5708286e-05,0.00061871036,0.0026045176,0.99629885,0.00013127371,0.00020763182
1452,0.0002075857,0.00017962698,0.9966276,0.000581727,0.00083730347,0.00081431906,0.00075181306
1029,0.0008325577,0.0014833108,0.0033703975,0.000569957,0.0014680136,0.016160944,0.97611487
476,8.648812e-05,0.9934503,5.6549834e-05,5.714221e-05,5.1776973e-05,0.006007535,0.00029024607
593,0.9966834,0.0011865761,0.00019997424,8.2076855e-05,9.828476e-05,0.0011937073,0.00055599597
1956,5.423335e-05,4.1987092e-05,0.0010394008,0.0006432127,0.99799514,9.149195e-05,0.0001346075
274,0.009619931,0.9883791,6.946519e-05,9.029347e-05,0.00010692706,0.0014533213,0.00028096483
1175,0.0001132568,0.00014048148,0.00064403936,0.00020469762,0.00013240708,0.0035896425,0.9951755
1510,0.00014703308,0.00013555943,0.012073315,0.9856124,0.0013346765,0.00025316636,0.00044389875
918,0.00021920756,0.00813981,0.001230926,0.00033858055,0.00036259944,0.9884532,0.0012557104
727,0.99676657,0.0009625842,0.00021301716,9.2342445e-05,0.000100299214,0.001223253,0.0006419294
1413,4.419079e-05,3.3015152e-05,0.9964401,7.399012e-05,6.597646e-05,0.0021198303,0.0012229119
1140,0.00014373976,0.00052675133,0.0005527518,0.00027029146,0.00013637655,0.0051964824,0.99317354
280,0.0004071913,0.9831203,0.00059057854,0.00018993163,0.00022467198,0.014738896,0.0007283511
799,0.0006420317,0.0007561282,0.0010146213,0.0005293306,0.00036052175,0.9485842,0.048113182
1926,0.00015145502,0.000115886505,0.001436539,0.0020651815,0.9956981,0.00032572233,0.00020711358
1096,0.00045381158,0.00034699336,0.0025701376,0.0010359304,0.0005060862,0.012316898,0.9827702
533,0.99628925,0.003054379,7.155869e-05,7.144133e-05,5.4899025e-05,0.00037344103,8.498655e-05
474,0.0051192264,0.09879147,0.009654607,0.0028706838,0.0015806577,0.87221026,0.009773062
1337,0.00026374194,0.00017543402,0.9802918,0.0001527646,0.00029699804,0.0011010622,0.017718207
761,0.00031469506,0.012653622,0.0009772372,0.00036895231,0.00045276948,0.98256725,0.0026654338
2055,7.843958e-05,4.2745112e-05,0.00044262805,0.0005891102,0.9986099,6.56683e-05,0.00017149831
1594,6.0312417e-05,7.48847e-05,0.0014276726,0.99695706,0.0004292492,0.00015477158,0.000896012
816,0.00058467215,0.015714217,0.0010997086,0.00058808504,0.0008471413,0.9494245,0.031741615
194,0.00042992833,0.9922828,0.00039915458,0.00018252055,0.00019519788,0.0026241723,0.003886211
623,0.99749374,0.0014783927,0.00022629862,0.00010614994,9.143849e-05,0.0003947147,0.00020923333
1095,0.00022315203,0.00014306649,0.007835892,0.0006871207,0.0003202797,0.007468479,0.983322
1884,0.000111292095,9.431052e-05,0.0010058666,0.0011595155,0.9972127,0.00017136945,0.00024499642
1639,4.3515454e-05,4.8982463e-05,0.0013745066,0.997693,5.690997e-05,9.3485156e-05,0.00068959413
139,0.0002693206,0.996878,9.849173e-05,0.0001807645,0.0001608765,0.002208532,0.00020400118
663,0.9986191,0.0009109602,5.868121e-05,3.2919466e-05,4.8418857e-05,0.00019768885,0.000132293
1913,4.4738907e-05,3.4467386e-05,0.00043136615,0.0012444161,0.99806064,7.3126714e-05,0.00011123599
1862,4.4787797e-05,4.217029e-05,0.00041812184,0.00026241812,0.9990398,8.8085944e-05,0.000104605846
1002,0.00012493366,0.000103883074,0.004794619,0.0003536244,0.00019832587,0.002131521,0.9922931
1274,0.0001905116,0.00019878542,0.9904088,0.00059847196,0.00013480312,0.00034983433,0.008118811
873,0.0008292776,0.0021486043,0.0018505203,0.0014222795,0.0005546176,0.97864383,0.014550896
146,0.000767419,0.9674214,0.0006294792,0.00037545158,0.00058641884,0.029699853,0.0005199452
858,0.0018446881,0.002329186,0.0010017059,0.00023828649,0.00043517599,0.9888742,0.005276772
343,0.00046506443,0.9836255,0.00025740344,0.00016030061,0.00014946265,0.013698509,0.0016438296
1986,4.8740854e-05,5.1812327e-05,0.0009036605,0.000745499,0.9980538,8.772408e-05,0.00010873538
517,0.99955136,0.0002223832,2.1043948e-05,1.8000683e-05,8.754183e-05,5.1989784e-05,4.765685e-05
452,0.00077931146,0.0269295,0.00084339076,0.00024645278,0.0003052203,0.911267,0.05962917
1396,0.00010818381,0.00010105819,0.9805972,0.00031157339,0.0001493801,0.00061715656,0.018115407
465,0.007421816,0.98198456,0.00029877646,0.00037820422,0.00018505931,0.009361774,0.00036983303
859,0.00196694,0.0017971606,0.0008191227,0.00028464786,0.00033122988,0.9913414,0.0034594992
1105,0.00040112095,0.0014979644,0.0016929216,0.0005312616,0.0004391224,0.009077056,0.98636055
992,0.0003212993,0.00052926695,0.006959382,0.0007309911,0.00030615734,0.00811623,0.9830367
731,0.9984465,0.0007664635,0.00012069548,5.9539387e-05,5.868416e-05,0.00043474723,0.00011338442
654,0.994216,0.002304816,0.00013431127,0.00014879697,0.00018241003,0.0029092138,0.00010448946
1931,4.4527427e-05,4.391375e-05,0.0003674205,0.00026243652,0.9991098,8.344944e-05,8.8464905e-05
1432,0.00015395234,8.606936e-05,0.98967034,9.059674e-05,0.00017222518,0.00067051954,0.009156302
1101,0.00028989115,0.00096375775,0.0012000686,0.00040819807,0.00032716006,0.0068296418,0.98998123
1079,0.0005425542,0.00095391745,0.0014044162,0.001998212,0.00047150248,0.014320223,0.98030925
37,0.006240124,0.98980063,0.0008077349,0.00022731752,0.00025526012,0.0023169974,0.0003519663
503,0.99807894,0.0012655908,8.012893e-05,5.3529897e-05,7.28713e-05,0.00011790383,0.00033107275
1248,0.00016813261,0.00027852744,0.9943732,0.0007491544,0.00023185754,0.00083057594,0.0033684939
459,0.96457547,0.034491863,0.00013645127,9.441631e-05,0.0001589964,0.0003817171,0.00016109353
1710,6.443292e-05,5.6325534e-05,0.001298134,0.99767023,0.00035663875,0.00011391936,0.000440267
557,0.9970487,0.002335398,9.4556875e-05,7.9813486e-05,7.130601e-05,0.00027180914,9.8435616e-05
291,0.0014943018,0.0326629,0.0037784735,0.0029452078,0.001707975,0.86930794,0.08810313
733,0.00024883033,0.011492524,0.00050672924,0.0002330591,0.00030158996,0.98416996,0.0030473277
1681,0.00011188005,0.00013667312,0.001347357,0.9965634,0.00074286875,0.0003557545,0.0007420977
794,0.00014951156,0.00054457143,0.00036048595,0.00010722511,0.00019640932,0.9978956,0.0007461262
1850,3.83776e-05,2.7215689e-05,0.00024242811,0.0015015318,0.998042,5.639512e-05,9.204833e-05
1877,5.4397955e-05,4.6137233e-05,0.0029867294,0.0007216479,0.9959668,9.047751e-05,0.00013387276
864,0.00029081161,0.00076972693,0.0012420104,0.00023697625,0.00023118865,0.9903516,0.00687771
440,0.0014302179,0.0026808097,0.0006948317,0.00033359157,0.00039232412,0.9849117,0.009556515
1860,4.47705e-05,4.2173462e-05,0.00035666442,0.00026243788,0.99911505,8.6695734e-05,9.21865e-05
1652,0.00010689772,0.00012925931,0.0012905195,0.996615,0.000332876,0.00032718718,0.0011982645
1898,4.9011498e-05,3.8657716e-05,0.0008507541,0.0007065579,0.9981521,9.064577e-05,0.00011222802
1686,5.3069663e-05,4.403021e-05,0.001748412,0.99733835,6.4566404e-05,0.00012798383,0.00062355166
1646,8.522783e-05,0.0002324186,0.0026016235,0.9960306,0.00051913835,0.00020545952,0.00032543828
1806,5.1728108e-05,4.004759e-05,0.0009832797,0.0006308971,0.9980854,8.601071e-05,0.000122729
380,0.0007991309,0.0026555464,0.8876921,0.000869368,0.00064541225,0.09583633,0.011502049
779,0.0012174251,0.009356983,0.0009799377,0.00031232773,0.0008564921,0.98381823,0.0034585926
323,0.9971898,0.0024851705,3.3690943e-05,4.906063e-05,7.0903996e-05,0.00012005941,5.1245523e-05
1831,4.476875e-05,4.2171814e-05,0.00039416627,0.00026242764,0.999076,8.589638e-05,9.458672e-05
928,0.0015071051,0.003906422,0.00078432536,0.00025695268,0.00027739236,0.99206007,0.0012077088
710,0.9982071,0.0011159097,9.075474e-05,4.9497932e-05,7.493771e-05,0.00029401452,0.000167758
1372,4.5014553e-05,0.00010512953,0.9968342,6.613209e-05,5.8255602e-05,0.00016298114,0.0027282678
753,0.0011905254,0.0047321725,0.0016839643,0.0005396029,0.0014660929,0.9658402,0.024547495
1875,4.6278947e-05,4.3643875e-05,0.00042637155,0.0009838409,0.99829453,8.927854e-05,0.000116108065
1753,2.9431349e-05,3.4744116e-05,0.00081911316,0.998672,0.00018452558,6.355674e-05,0.00019666075
909,0.0003779831,0.0032391653,0.0009932445,0.0004051637,0.0004648269,0.98646146,0.008058112
902,0.00037575673,0.0015246992,0.0015527278,0.00026651483,0.00043420927,0.97921526,0.016630862
1293,0.00019446244,0.00016962286,0.98802674,0.002217429,0.00017453791,0.00038616385,0.008831071
1355,0.00028406357,0.00041088284,0.99611723,0.0010420473,0.0008529729,0.0005686369,0.00072411686
1706,0.00012361356,0.00014120208,0.0011168487,0.9967968,0.00034721717,0.0003614999,0.0011128287
335,0.000616941,0.0013485156,0.97611743,0.009056281,0.008723904,0.0012137202,0.0029232292
1062,9.667297e-05,0.00011137013,0.0009283345,0.00037278983,0.00012716187,0.00051363953,0.99785006
930,0.00034047538,0.0021805433,0.001159259,0.00028564065,0.0003702814,0.99173564,0.003928185
1461,0.00010361312,0.0001328218,0.98841196,0.00088663766,9.832316e-05,0.00022595088,0.010140656
1473,0.00043454205,0.0003136129,0.9832571,0.00046423275,0.00040355444,0.0023663996,0.012760481
1535,7.693645e-05,8.875554e-05,0.00092387287,0.99819297,0.00036738435,0.00014582452,0.00020421027
484,0.00935434,0.98598874,0.00025130794,0.00018030395,0.00013477895,0.0039508194,0.00013971982
1032,0.00020698483,0.00044891218,0.0008738279,0.00050296425,0.00021370946,0.0066097835,0.9911438
1937,4.1274623e-05,4.0140632e-05,0.0010374539,0.00020887688,0.9985037,6.958105e-05,9.900323e-05
303,0.98266244,0.016616369,8.213082e-05,0.00010517032,6.7187466e-05,0.00033220535,0.00013444897
857,0.00066708704,0.0014913128,0.0026964888,0.0008043724,0.0007098142,0.9887834,0.004847537
26,0.0005269962,0.98411417,0.0001632046,5.632922e-05,7.186733e-05,0.0140580395,0.001009415
1765,0.00014854012,0.00013100132,0.0015719028,0.99626833,0.00055343506,0.00063413713,0.00069271744
1025,0.0004025289,0.00063564116,0.005517771,0.0012654043,0.00028159475,0.0011950926,0.9907019
1610,0.00010542998,0.00012368191,0.0028730782,0.9955615,0.00036454413,0.00026797893,0.000703863
1401,0.0001560969,0.0001244571,0.9921679,0.00057891046,0.00012968945,0.0002818953,0.006561066
47,0.00040143426,0.98262954,0.00029172518,0.00014493543,0.00015819793,0.015685461,0.0006887289
1785,3.842234e-05,3.7366644e-05,0.00038205466,0.00019629725,0.9992055,5.0659775e-05,8.966255e-05
152,0.00016275291,0.00041139728,0.96843374,0.0005890924,0.00019825462,0.00058955123,0.029615205
371,0.00034534544,0.9967167,0.00012616006,0.00011429112,0.00015292894,0.0020191115,0.0005254838
1869,5.19855e-05,3.0321109e-05,0.0004555666,0.0016874212,0.99756926,7.0036775e-05,0.00013540623
1354,0.0006499988,0.000639729,0.9900704,0.002214709,0.002038439,0.0009446596,0.00344205
1011,0.00027887363,0.00042439712,0.0044656135,0.0001928217,0.0002873838,0.0054151774,0.98893577
1300,5.396986e-05,3.3684697e-05,0.99656194,4.8253307e-05,5.9807368e-05,0.0015598836,0.0016824922
1323,0.0003290446,0.00034287805,0.9935335,0.0022586917,0.00157339,0.00075547385,0.0012069803
1048,0.0015487035,0.0014138205,0.0119756,0.0008354956,0.0010710291,0.05501098,0.9281444
359,0.0001628531,0.001306218,0.0018897426,0.0002257742,0.00022473834,0.0051076068,0.991083
1331,3.937426e-05,4.122328e-05,0.9759789,6.956631e-05,6.6926536e-05,0.023071991,0.0007320571
2043,3.8974344e-05,2.8174272e-05,0.000337579,0.0014860908,0.9979488,5.2430558e-05,0.00010795503
574,0.9989034,0.00052420114,7.697057e-05,5.288526e-05,6.388964e-05,0.00027715738,0.0001015381
1754,2.9808263e-05,3.518907e-05,0.0008296032,0.998621,0.00018688872,6.292771e-05,0.00023454783
1027,0.00026366115,0.00080470764,0.0029265624,0.00025457932,0.0003039144,0.014530297,0.9809163
1550,8.831802e-05,7.141599e-05,0.0015031048,0.99738246,0.00044581757,0.0001711567,0.0003377491
1814,0.00011440476,0.000109391614,0.0016812753,0.0015809642,0.99591666,0.00032622536,0.00027113518
1049,0.00022016809,0.0017988209,0.000974386,0.00033237194,0.0002287616,0.0043018423,0.99214363
1022,0.000328192,0.00039982487,0.0042331736,0.0006446784,0.0003940799,0.008315275,0.98568475
662,0.9948565,0.0016853893,0.00036096608,0.00015604756,0.00014867289,0.0020015677,0.0007908826
424,0.0036308297,0.9927093,0.00047583648,0.00015892762,0.00022492943,0.0020993247,0.00070087524
660,0.99387807,0.0017374045,0.00033069003,0.00014216849,0.00014223467,0.0027866713,0.0009828344
1864,4.6624606e-05,3.367818e-05,0.001286836,0.00032741012,0.99812573,6.358926e-05,0.00011615123
523,0.9968645,0.0027440034,5.8101406e-05,8.4921274e-05,6.4823354e-05,9.762966e-05,8.596377e-05
1195,0.000121631056,9.512731e-05,0.9917956,0.0020802333,0.00013499885,0.00022140682,0.0055509955
1758,2.0340183e-05,2.310895e-05,0.0019119874,0.99769527,0.0001533203,3.512468e-05,0.00016082378
1848,5.32657e-05,3.6826852e-05,0.00045950955,0.0012899364,0.99794465,7.671058e-05,0.000139082
2,0.00012833338,0.98724383,0.00012231056,9.263406e-05,8.9626425e-05,0.0075184447,0.004804839
469,0.00053384,0.9936907,0.00010021434,7.051161e-05,6.229053e-05,0.0052167755,0.0003256695
57,0.0003564008,0.9887186,0.00056667754,0.00060409243,0.00022971453,0.0043416885,0.005182795
1438,0.00022339232,0.00016816558,0.99287754,0.0038324678,0.0011973156,0.00039962356,0.0013014537
492,0.00015368039,0.00011519376,0.0018170511,0.0024100605,0.9948486,0.00039564585,0.00025976327
1084,0.00025054885,0.0011877973,0.0002869058,9.6403404e-05,0.00036197974,0.005776135,0.9920402
42,0.00048192375,0.9830762,0.0009971295,0.0004893104,0.00026216236,0.013894668,0.0007985366
1127,0.0013216526,0.0022974072,0.02717062,0.0041573145,0.00082614546,0.0039783525,0.96024853
615,0.9984794,0.0009905163,4.685606e-05,6.347156e-05,3.717211e-05,0.00033593943,4.6585472e-05
1132,9.148568e-05,9.967148e-05,0.0048588603,0.00041507967,0.00012793411,0.0004922119,0.9939148
1054,9.0300695e-05,0.00025254162,0.0007771185,0.00018164581,0.00010863026,0.0019191551,0.99667066
1738,7.364697e-05,6.271163e-05,0.0012800032,0.9976284,0.00039308795,0.00011310325,0.00044905348
1394,3.8193342e-05,2.6697398e-05,0.99680495,6.1749866e-05,5.7398684e-05,0.0013363787,0.0016746493
1539,2.0092668e-05,2.4909785e-05,0.003123029,0.99647516,0.00015145473,3.489367e-05,0.00017049833
1972,5.015148e-05,3.5889705e-05,0.00043196086,0.0012258218,0.99803895,7.679776e-05,0.00014046524
697,0.9977718,0.0015720081,7.808838e-05,4.6145273e-05,6.458954e-05,0.00031130612,0.00015605148
101,0.0030125347,0.9821362,0.0008326601,0.00021152946,0.00028419457,0.012920652,0.000602203
1961,4.8279962e-05,3.7195463e-05,0.00048639587,0.0013834323,0.99783355,8.870979e-05,0.00012243725
1740,6.082178e-05,7.5985845e-05,0.0005888782,0.9979887,0.0002628813,0.00017844579,0.00084434473
1659,0.0004151293,0.00083571486,0.0070727044,0.98666954,0.0022520167,0.0012735433,0.0014814099
625,0.9891109,0.006706939,0.00055466336,0.00013228256,0.00021294574,0.0023979072,0.0008843308
1141,0.00014628774,0.00042575388,0.0005150483,0.00022107187,0.00014262628,0.0044066473,0.9941426
807,0.00018764343,0.00039976308,0.00037503033,0.000116140254,0.00019104187,0.9970355,0.0016948341
140,0.0007078951,0.002961898,0.97330624,0.002337071,0.00033263472,0.0011632591,0.019191068
546,0.99819165,0.0012536214,5.932787e-05,6.1076156e-05,4.8528003e-05,0.00028032163,0.000105489475
1674,4.8362293e-05,4.7698406e-05,0.00052333943,0.99850047,0.00032264277,0.00013306148,0.00042438347
1125,0.0002954236,0.00042262103,0.004134169,0.00033227378,0.00030951182,0.0052560894,0.98924994
2016,4.9393857e-05,3.640255e-05,0.0010099807,0.0002316648,0.99848783,6.730652e-05,0.000117410294
1361,3.5428344e-05,2.8909128e-05,0.99695,8.691389e-05,5.4634125e-05,0.0002455938,0.0025985746
689,0.9960587,0.002781591,0.00013716341,8.951495e-05,7.379334e-05,0.00076071813,9.858502e-05
1722,6.085183e-05,5.3661315e-05,0.0009993634,0.9982114,0.0003349832,0.0001187546,0.0002210225
1844,3.842462e-05,3.7895054e-05,0.0002864636,0.00022646747,0.9992648,6.758081e-05,7.834534e-05
991,0.00034700104,0.0012864766,0.006823001,0.00052916585,0.00039690186,0.007510596,0.98310685
1919,5.489911e-05,3.795616e-05,0.0004625846,0.0013286086,0.99791104,8.66848e-05,0.00011819379
296,0.99041957,0.0072753327,0.00033322992,0.000121637924,0.00022111103,0.0012706006,0.00035854251
209,0.00024735034,0.9498865,0.00046659718,0.00022838781,0.00039590077,0.047292974,0.0014823311
646,0.9931462,0.003820989,0.00033196458,0.00018195102,0.00048711474,0.0010298293,0.0010020395
365,0.0020081142,0.98793703,0.00043329867,0.0006371964,0.0005298038,0.007916531,0.0005379725
1482,9.334773e-05,0.00013991668,0.97702754,0.0010735353,0.00011715053,0.00020079828,0.021347743
681,0.9985751,0.00093402964,4.7839556e-05,6.247326e-05,3.5955076e-05,0.00029664979,4.7999594e-05
397,0.00011136231,0.9907736,0.00012378518,9.870314e-05,9.036112e-05,0.008335527,0.00046655975
1804,4.4527373e-05,4.39137e-05,0.00036742006,0.0002624362,0.9991086,8.231196e-05,9.0771675e-05
1768,1.8222998e-05,1.3551536e-05,0.00046331802,0.9992206,2.3402632e-05,4.5396224e-05,0.00021547973
1742,0.00011181403,0.000122017096,0.0015853272,0.99650925,0.00037402162,0.00031753673,0.0009799993
1835,4.9385446e-05,3.639635e-05,0.0010527406,0.0003609712,0.99831784,6.980003e-05,0.00011292944
1476,8.882344e-05,7.634252e-05,0.99476975,0.0005183128,0.00012566746,0.00062904094,0.003792076
2070,4.476875e-05,4.2171814e-05,0.00039416627,0.00026242764,0.999076,8.589638e-05,9.458672e-05
456,0.0024463153,0.8725805,0.00075072073,0.0006696294,0.00072369614,0.11483807,0.007991023
1207,4.579467e-05,3.382576e-05,0.996906,6.966836e-05,6.837097e-05,0.0017769422,0.0010994453
1386,0.00021550315,0.00017279855,0.9880541,0.000301546,0.00028399847,0.00088882045,0.010083237
319,0.022436922,0.9738497,0.00040152666,0.0002114392,0.00041662433,0.0017665675,0.00091719045
640,0.9979462,0.0014038524,8.3300285e-05,5.536869e-05,7.492469e-05,0.00012055829,0.0003158475
468,0.0020802764,0.9954275,0.0003052865,0.0003555475,0.00033686086,0.0008968049,0.0005976718
958,0.00032069517,0.00054765807,0.001669047,0.0008399017,0.00035842878,0.053351916,0.9429123
997,0.00011845342,0.0007898642,0.0005883411,0.00012800688,0.000109901644,0.00269205,0.9955734
454,0.00032437744,0.0022913693,0.0066092904,0.0006831152,0.00042571165,0.0043065506,0.9853596
1472,0.00027227172,0.00022907578,0.99292094,0.0024765136,0.0010050588,0.00071056944,0.0023855588
1275,4.0147803e-05,6.763848e-05,0.9971365,6.031079e-05,5.312763e-05,0.0001541983,0.002488111
423,0.00024429234,0.0018134324,0.9723416,0.0002176564,0.00019482146,0.0041599683,0.021028247
913,0.00023102351,0.0017747724,0.00095172366,0.00020719797,0.00027792205,0.9641034,0.032453924
142,0.0006728602,0.02802882,0.0010453304,0.00035629538,0.0005145461,0.95020217,0.019179976
1296,0.00025548873,0.00022387774,0.9935994,0.0022404552,0.00085944746,0.00053316465,0.0022881527
1034,0.00029196008,0.0003665005,0.000572324,0.00035568984,0.00022972467,0.0053178077,0.99286604
968,0.00015182304,0.0017701177,0.00078287907,0.00022425134,0.00020269373,0.0030401088,0.9938281
1122,0.00034177897,0.00046387635,0.002412123,0.0006242961,0.0003149147,0.004711807,0.9911311
493,7.8516394e-05,4.4212968e-05,0.0004685038,0.00070491876,0.9981427,7.980413e-05,0.00048130733
1513,3.538287e-05,3.0458687e-05,0.0006361062,0.99834204,0.00017579626,0.00016516294,0.00061502634
1942,4.699094e-05,3.0372546e-05,0.00028331758,0.0029261382,0.9964799,6.69594e-05,0.0001663224
601,0.99722373,0.0015836862,0.00019249743,8.986494e-05,7.329933e-05,0.00022996998,0.0006069118
1989,8.0119054e-05,4.2455245e-05,0.000504838,0.00066771195,0.99828714,6.989261e-05,0.00034786633
103,2.5615996e-05,4.0610194e-05,0.9974215,3.642952e-05,4.3921733e-05,0.001037212,0.001394762
1063,0.00020760421,0.00014390737,0.007599668,0.00028197066,0.00031532356,0.012579471,0.9788721
1725,0.00014253444,0.00012659587,0.008819803,0.98933,0.00068547146,0.0003587928,0.00053680164
1771,0.0001150268,8.5136526e-05,0.010915432,0.98727334,0.0009901137,0.00018188926,0.0004390024
2026,4.037037e-05,3.9731603e-05,0.00048510885,0.0016120046,0.997672,6.1889106e-05,8.881809e-05
202,0.00014613273,0.9612811,0.00020521275,0.00025161903,0.00016226067,0.0349025,0.0030511755
1010,0.00019417533,0.0003879043,0.0023007053,0.0005619518,0.0002431028,0.007916251,0.9883959
1962,4.8280763e-05,3.7835303e-05,0.00047441962,0.0013834551,0.99785006,8.3488616e-05,0.00012243928
789,0.0008708538,0.004024944,0.00251152,0.001413633,0.00065862754,0.96988815,0.020632245
336,0.00037952163,0.9708247,0.00053936424,0.00056484254,0.00055562006,0.02265208,0.004483894
1484,0.00011580913,0.00014878527,0.98447305,0.00587882,0.000114902316,0.00022705033,0.009041565
261,0.0010541924,0.012386213,0.0018549408,0.00084609736,0.0007112383,0.010555591,0.97259176
844,0.0014356871,0.005926806,0.001128795,0.00023298866,0.0003000285,0.9886723,0.0023034029
284,0.00044694127,0.99644333,0.00012096803,0.00010199059,0.00011232283,0.0023019535,0.0004724347
1156,0.00018273573,0.00032072127,0.0014016121,0.000110057066,0.00015909002,0.0063191243,0.99150664
150,0.0028820613,0.07882372,0.037150495,0.002147798,0.0020117844,0.8057251,0.07125907
1478,7.154472e-05,5.5942495e-05,0.9933816,0.00015831391,0.00010071579,0.0005402681,0.0056915586
1998,4.8746937e-05,3.919699e-05,0.00081937417,0.00071125553,0.99817836,9.427131e-05,0.00010874895
894,0.0013733993,0.003667903,0.005429574,0.0007922138,0.000957318,0.98266834,0.0051112226
1530,0.00031531785,0.0003766497,0.0040217084,0.9911931,0.0019431424,0.0010411391,0.0011089477
216,0.0002280007,0.99423355,0.00017810645,0.00029255496,0.0002702282,0.0042378856,0.0005596995
1890,4.0518164e-05,3.995974e-05,0.00030912043,0.00023880665,0.99922,7.02917e-05,8.123019e-05
627,0.99792093,0.0014705666,5.5827197e-05,7.656754e-05,4.3996686e-05,0.00037591739,5.6168064e-05
1852,7.3048825e-05,4.1521027e-05,0.00042881127,0.0010266851,0.9982021,6.6378954e-05,0.00016143052
1406,0.00019116065,0.00019710127,0.985803,0.00059665117,0.00018383811,0.0003325835,0.012695613
439,0.0005082719,0.98395073,0.00029773693,0.0001238069,0.0001837056,0.012791458,0.0021443295
837,0.00022947484,0.00027086696,0.0002989114,0.00043889426,0.00023365428,0.98060554,0.017922672
1857,4.2091877e-05,3.0558458e-05,0.0006855863,0.00129901,0.9977586,8.126687e-05,0.00010281396
641,0.9954592,0.0021557282,0.00022602148,0.00018600319,9.660731e-05,0.00032970813,0.0015467906
758,0.00025882438,0.004660477,0.0018642617,0.00022492114,0.00039513005,0.99130285,0.0012935839
1047,0.00016826486,0.00077480415,0.00082804466,0.00026634173,0.00023704991,0.006664499,0.99106103
1579,3.871958e-05,2.3473842e-05,0.00052948185,0.9988889,3.7236437e-05,0.00022319521,0.00025903768
1955,5.1095427e-05,4.333622e-05,0.0028348013,0.0006751965,0.99618053,8.332071e-05,0.00013176823
1232,0.00023697369,0.00012603679,0.9974859,0.0008390706,0.0004392882,0.00027881266,0.0005938821
1407,3.5059165e-05,2.4101306e-05,0.9985066,5.6876263e-05,5.005326e-05,0.0004243788,0.0009029418
969,0.000267653,0.0045906426,0.0012852234,0.00065404514,0.00037156147,0.007901146,0.98492974
1467,0.00017997481,0.00017167209,0.9970379,0.0007197681,0.0005983693,0.0002867472,0.0010055752
911,0.0001301138,0.001044962,0.0003230548,8.659153e-05,0.00016056096,0.99773717,0.0005174985
130,0.0057158535,0.9889998,0.000476601,0.0001587995,0.0004540463,0.0023801252,0.0018147525
866,0.00034926817,0.00014567302,0.0002246388,8.463695e-05,9.7870776e-05,0.9973718,0.0017261378
1727,0.00020719571,0.00014828482,0.0035385604,0.99411136,0.0005853212,0.0007243278,0.0006849673
515,0.99647886,0.0018446334,0.00017980477,9.015039e-05,0.0002562582,0.00046381928,0.00068648666
1348,0.00020089817,0.00025265748,0.9974275,0.0008669565,0.0005031273,0.00043891036,0.0003098785
1736,3.7809732e-05,3.1106036e-05,0.00043167183,0.99898034,0.00020590887,5.5165456e-05,0.00025799777
1008,0.0012105976,0.006042269,0.0009908248,0.00052827614,0.0020401287,0.029181289,0.96000665
373,0.0008334536,0.0058195787,0.0048743677,0.0018842304,0.0015114811,0.015423019,0.96965384
312,0.00070225284,0.037749253,0.0018715297,0.00073151727,0.00058259745,0.9542304,0.0041324715
175,0.0010238551,0.9586316,0.0006524509,0.00023669381,0.0003265244,0.024090026,0.015038942
28,0.0014932035,0.9015808,0.001132577,0.0005910673,0.0011714153,0.079441965,0.014588979
989,0.0003498211,0.012454432,0.001980766,0.0009176783,0.00040891088,0.062464967,0.9214234
904,0.00048553874,0.00061994547,0.00027331838,0.00011047612,0.00013465212,0.9964006,0.001975444
1504,4.9881928e-05,0.000115619165,0.0005030392,0.9986425,0.00030384012,0.000115976196,0.0002690999
580,0.9972766,0.001647484,7.6776436e-05,9.254384e-05,6.323352e-05,0.0007575774,8.574886e-05
225,0.00029465125,0.94141906,0.0008115744,0.00033111728,0.0008865714,0.051456086,0.0048009437
1500,0.00017562829,0.00017019312,0.0027943575,0.9954277,0.0004774199,0.0005020788,0.00045260089
1046,0.00025635058,0.00024881682,0.0037659614,0.00033664785,0.00022522415,0.004239734,0.99092734
249,0.0016393038,0.05331075,0.0037953577,0.0015953822,0.00089343684,0.9058411,0.03292465
953,0.00025071658,0.00040201758,0.0024596918,0.00034805527,0.0002783505,0.013276352,0.98298484
917,0.0003603181,0.014704729,0.0015367657,0.00040683016,0.0005219261,0.97810817,0.004361224
554,0.9976991,0.0015922011,6.2476036e-05,8.804931e-05,4.950243e-05,0.00045369245,5.4951503e-05
1325,0.001736171,0.0019554596,0.9664764,0.014901955,0.0029909788,0.007276814,0.0046622516
1264,3.497096e-05,6.395017e-05,0.9962681,3.8865644e-05,5.6641857e-05,0.00074796384,0.002789527
1469,0.00019585172,0.00011097677,0.9980945,0.00044998602,0.00038679806,0.0002413771,0.00052046834
1650,2.1635064e-05,2.2841701e-05,0.0027856976,0.9902587,2.8536366e-05,3.7315964e-05,0.0068452447
240,0.001169336,0.98974544,0.0006199344,0.00020908235,0.00062757585,0.004352631,0.00327608
828,0.001406978,0.0005560143,0.002910026,0.00041632113,0.00041324165,0.97754765,0.01674978
1496,5.788838e-05,9.253449e-05,0.00047798516,0.998689,0.00029791807,8.73516e-05,0.00029731012
1241,0.00013035703,0.00016106004,0.9924004,0.00090224535,0.00010307695,0.00031838653,0.0059844945
595,0.9971475,0.0016527153,0.00017163726,0.00010011819,8.421764e-05,0.00062527694,0.00021853854
1661,7.15022e-05,6.9356196e-05,0.0007759866,0.9984084,0.0003375221,0.00013317766,0.00020415016
878,0.00018525921,0.0008562052,0.00037157274,0.00018403502,0.00019350357,0.9966413,0.0015681527
1194,6.98493e-05,4.6610632e-05,0.9959176,7.141911e-05,8.192459e-05,0.00210624,0.0017063662
568,0.9943462,0.004847265,9.017794e-05,9.159228e-05,5.3568303e-05,0.0005003702,7.081429e-05
887,0.00037967812,0.002993597,0.00085964764,0.0006135644,0.00042514596,0.98589605,0.008832299
431,0.0022621932,0.98833895,0.0001946718,8.156973e-05,0.00025450185,0.008197346,0.0006707264
11,0.0025944132,0.015676342,0.0037777121,0.00055210857,0.001012243,0.038437452,0.9379498
1077,0.00036823042,0.00040433794,0.008892547,0.0025357741,0.0005269283,0.002205181,0.985067
1573,2.3522856e-05,1.709005e-05,0.00065441354,0.99891376,3.1616386e-05,5.1188046e-05,0.00030845415
1779,4.1746443e-05,3.930672e-05,0.00036047128,0.0002445984,0.9991405,8.1174476e-05,9.220503e-05
96,0.00048852665,0.9952291,0.00032800503,9.631603e-05,0.00016481573,0.0030262966,0.0006669571
1151,0.00025799725,0.00046672023,0.014183511,0.0006397135,0.00019619853,0.00056353764,0.9836923
1345,5.537639e-05,3.4920122e-05,0.9971545,7.5587894e-05,6.567767e-05,0.0010377396,0.0015762281
93,0.0009204193,0.9959716,0.0002852615,0.00025937465,0.0003021468,0.0016611577,0.0005999435
278,6.471329e-05,0.99393034,7.668319e-05,5.5940895e-05,5.6581473e-05,0.0045984625,0.0012173227
1790,4.6336725e-05,3.391176e-05,0.00053000095,0.00073634414,0.9984642,6.445314e-05,0.00012477684
1183,0.00026895117,0.00027678083,0.003977609,0.0015232654,0.00037457337,0.001783882,0.991795
107,0.00010258652,0.0004492575,0.99356914,0.0001447864,0.00022301197,0.0001902499,0.005320998
1629,2.8285207e-05,2.221652e-05,0.00032787316,0.9991303,0.0001700943,4.7013094e-05,0.00027428602
1423,0.000105078616,6.692479e-05,0.9955117,0.0003827308,8.817827e-05,0.0001845,0.0036608004
80,0.0018603294,0.9916072,0.00027365523,0.0003199592,0.00042343058,0.004630289,0.00088513066
1169,0.00014774437,0.00041079067,0.00024668474,0.000108407374,0.00013750004,0.004725289,0.99422354
724,0.99691975,0.0013655773,0.00012078545,5.620753e-05,0.00012044278,0.000753922,0.0006633707
345,0.00797492,0.98347694,0.0009229923,0.00034462067,0.0003571184,0.0062308223,0.0006925942
2060,4.6708745e-05,3.3116376e-05,0.00044672246,0.0013516042,0.9979169,9.043568e-05,0.00011448146
1441,0.00022290334,0.000149439,0.99684465,0.0007829215,0.000869016,0.00034135676,0.0007897038
944,0.00025004454,0.00034331947,0.0009793375,0.0005142322,0.00039341598,0.9904041,0.007115512
1526,7.4824995e-05,0.0001686854,0.00075200107,0.9979651,0.0004980706,0.00020512054,0.00033621947
702,0.9948225,0.004438945,8.258165e-05,8.389893e-05,4.905584e-05,0.00045706457,6.600222e-05
1929,4.136836e-05,3.049061e-05,0.00037443498,0.0016305483,0.9977048,8.4412706e-05,0.00013399182
66,0.0015908425,0.0060099065,0.010330434,0.001752305,0.0008405879,0.022855183,0.9566207
441,0.0031005172,0.005566547,0.043069273,0.8942141,0.01037817,0.009551099,0.0341203
1351,0.00038636752,0.00033928952,0.9920677,0.002886078,0.0023093896,0.0009711518,0.0010399919
1483,0.00013893162,0.00017207183,0.9856446,0.0031969727,0.00013122032,0.00023165662,0.010484524
616,0.99912304,0.0002520022,8.012429e-05,3.232628e-05,5.0195857e-05,0.00037747738,8.483798e-05
1145,0.00014266165,0.00019383304,0.0017122624,0.00034295808,0.00018293312,0.006811929,0.99061346
1135,0.0005464294,0.0010013293,0.0034576266,0.0015835378,0.0005111622,0.024841206,0.9680587
600,0.99836105,0.0011531056,8.249296e-05,5.0599538e-05,7.052242e-05,0.00011744566,0.00016478817
970,0.0003853341,0.0005224929,0.0050908974,0.0003607304,0.000280501,0.0028213246,0.9905387
235,0.0007875802,0.10419688,0.0018741393,0.0011437476,0.0011615951,0.88759667,0.0032393683
773,0.0004440105,0.0005710965,0.0008301405,0.00046799725,0.00027800206,0.9724148,0.024994036
1069,0.00047406234,0.008445508,0.0019602014,0.0007250975,0.00036053394,0.00702671,0.9810079
1383,4.969267e-05,5.2179283e-05,0.99801034,7.123606e-05,6.0250055e-05,0.0002420794,0.0015142977
1172,0.00030164176,0.00092930725,0.0033401968,0.00028569493,0.0003476935,0.018111907,0.97668356
964,0.0006015591,0.00074290775,0.0067134663,0.000821067,0.00051386695,0.0022279595,0.9883791
1088,0.00046146812,0.0006292309,0.0078012384,0.0020568143,0.00031294418,0.0011546874,0.9875836
975,9.0884736e-05,0.00028351592,0.00070824823,0.00018392675,0.00012664353,0.0022943162,0.99631244
675,0.9986966,0.000486491,9.716286e-05,6.1630555e-05,6.557899e-05,0.0003502842,0.0002422096
1268,6.5073815e-05,6.71578e-05,0.99041194,0.00020757873,9.387893e-05,0.00023602736,0.008918354
1373,4.798059e-05,4.7684724e-05,0.9904118,8.3688334e-05,6.8729874e-05,0.00033956315,0.009000485
1249,0.00013897194,0.00013888159,0.9806708,0.00037474468,0.0001920985,0.0008615799,0.01762289
1533,5.773147e-05,6.364328e-05,0.0011547451,0.99794155,0.00032282036,0.00010140706,0.00035814373
1451,0.00029504244,0.0003171217,0.99461293,0.0015759378,0.0012773608,0.000670708,0.0012508889
1741,4.9561324e-05,5.7011886e-05,0.00070046715,0.9981729,0.00022979012,0.00013562932,0.0006546355
471,0.01144373,0.98278284,0.0012411737,0.00034377532,0.00035115445,0.0027572722,0.0010800739
868,0.0003521789,0.0006035114,0.00097056077,0.0001158723,0.00018357308,0.9900032,0.0077710794
847,0.0007290191,0.0049293293,0.0009790042,0.00023269672,0.00033528995,0.98744196,0.0053526834
1269,2.7339936e-05,1.6698308e-05,0.99720484,5.0420247e-05,4.2125925e-05,0.00032429828,0.002334264
1911,4.104435e-05,3.1555384e-05,0.00044748164,0.0019825683,0.9973431,7.6073826e-05,7.811291e-05
1068,0.000192599,0.0003203037,0.0018540028,0.00020767935,0.0002415645,0.00793283,0.989251
1952,4.47595e-05,4.214365e-05,0.00039390297,0.00093015557,0.99840873,8.583901e-05,9.446029e-05
539,0.99463624,0.0041447403,0.000117117,0.0001887052,0.0001915782,0.00034532553,0.0003763381
1612,9.176189e-05,7.36421e-05,0.0016157404,0.9972294,0.0004379093,0.00015671452,0.00039482693
1220,7.47032e-05,0.00014853037,0.9870356,0.00020094049,0.00012711069,0.0017922599,0.010620834
876,0.00023067876,0.00054423494,0.00042764837,0.0004853636,0.0001784442,0.99112517,0.0070084683
1390,2.300849e-05,2.315434e-05,0.99706906,3.5838384e-05,3.9108687e-05,0.0014731234,0.0013367372
1014,0.00019931403,0.0004306616,0.0022046552,0.00044957444,0.00047957373,0.00453201,0.9917042
526,0.9832893,0.012236521,0.00060944416,0.0002493723,0.00022258307,0.0026179955,0.0007748033
421,0.00045702796,0.97959536,0.00014346906,0.00021663906,0.00021004627,0.017360222,0.0020172356
575,0.9967384,0.0023286417,0.00014165358,6.7762136e-05,0.000102588914,0.00039693117,0.00022400961
15,0.00011844569,0.9860766,0.00013362191,8.86373e-05,0.00025798017,0.007963627,0.0053611104
562,0.99800223,0.0013702215,9.322402e-05,6.735712e-05,8.178405e-05,0.00024845306,0.00013669409
276,0.00082097034,0.9965857,0.00055902964,0.00027312816,0.00016885306,0.0010880908,0.0005041449
1236,0.00017551698,0.0002247857,0.9964851,0.000661687,0.00081216684,0.0005060272,0.0011346886
1349,0.00038514097,0.0003392788,0.9920364,0.0030638091,0.0022768492,0.00088345725,0.0010150423
1346,9.3063456e-05,6.800855e-05,0.9943526,0.00019179043,0.00010728795,0.0011720386,0.004015234
60,0.0036203933,0.9876292,0.0019799655,0.0001917754,0.0003665977,0.003135754,0.003076385
1633,3.2124502e-05,2.6256137e-05,0.0015347822,0.9978284,0.00024683255,4.3572025e-05,0.00028802687
1424,6.575495e-05,4.332935e-05,0.9972326,0.00023533656,5.708957e-05,0.00011824869,0.0022476357
1015,0.0005567732,0.0006290047,0.09033819,0.00053969095,0.00035472566,0.0009043909,0.90667725
706,0.99939597,0.00025546204,5.230927e-05,4.0544935e-05,3.6817437e-05,0.00013539607,8.351897e-05
954,0.00035051798,0.00039599484,0.0060344473,0.00033145523,0.0003965381,0.029794775,0.96269625
475,0.00014969411,0.00025404835,0.004854967,0.00058936933,0.00022359368,0.0032113742,0.990717
2076,4.0732986e-05,3.0019615e-05,0.0009793213,0.0001968726,0.9986015,5.5504788e-05,9.606744e-05
1934,4.266456e-05,4.0189647e-05,0.00037563956,0.00025009297,0.9991186,8.261761e-05,9.0141024e-05
927,0.0032358454,0.008824928,0.0010350883,0.00022663304,0.0003219017,0.9825006,0.003855031
829,0.00015785915,0.0003291847,0.00037874907,0.0001409111,0.0001523942,0.9980837,0.00075724063
1540,3.7366466e-05,3.301053e-05,0.007271198,0.99187696,0.00027982148,4.6220306e-05,0.00045537567
263,7.03825e-05,0.98244745,0.00016769179,8.409434e-05,9.329289e-05,0.016500108,0.0006370125
1837,4.0610706e-05,3.1440562e-05,0.0003088732,0.00059377425,0.9988514,8.553754e-05,8.83739e-05
738,0.00088177074,0.0006267078,0.0077262097,0.0005311445,0.00069307216,0.93886083,0.050680306
1193,9.015851e-05,0.00010338627,0.9930044,8.3589686e-05,0.00011511375,0.0017380811,0.0048653088
358,9.690467e-05,0.9673534,0.00020673212,0.00022917229,0.00018144674,0.031417895,0.0005145187
287,0.0002786084,0.9949621,0.00013805303,0.000173778,9.7974764e-05,0.0032113923,0.0011381395
1638,0.0001591125,0.00017840517,0.0014547993,0.9957482,0.0010379634,0.00046840752,0.0009530867
1549,3.799856e-05,3.3726687e-05,0.00040525847,0.99909544,0.00022712289,7.8077814e-05,0.00012242912
833,0.00031086607,0.012499668,0.00096534734,0.00042068443,0.0004472605,0.9830747,0.0022814116
846,0.000947761,0.0043061646,0.00089057256,0.00047967568,0.00038881644,0.98867154,0.0043155337
134,0.00010758414,0.9920895,0.000112409776,0.0001653543,9.997274e-05,0.0065305317,0.00089458853
315,0.9165126,0.08275519,9.569694e-05,7.67351e-05,0.00017459756,0.00023112007,0.00015401981
1262,5.1452178e-05,4.8094233e-05,0.9851033,0.00013691837,8.419745e-05,0.0006281725,0.013947885
1700,2.0320475e-05,2.5192207e-05,0.0028737306,0.99672854,0.00015317174,3.5289253e-05,0.00016374858
1246,0.0002514006,0.00022808873,0.9933055,0.0016662894,0.0009398209,0.000701211,0.0029076557
1734,8.7747154e-05,5.6470202e-05,0.00064668217,0.9980792,0.00037014484,0.00013358473,0.00062623766
302,0.00033694395,0.98608637,0.00011922135,0.00011146851,0.00017505512,0.012821526,0.00034937594
1970,5.4592078e-05,3.3380635e-05,0.00042096613,0.00079512596,0.9984835,7.235532e-05,0.00014007943
97,0.9925662,0.004213774,0.00020561858,0.0001425326,0.00017603465,0.00080394064,0.0018918911
158,0.00023422237,0.99609286,0.00012978126,0.0001635326,0.00019277782,0.0022010524,0.000985784
564,0.9948325,0.004757906,5.4691238e-05,5.494039e-05,5.2242915e-05,0.00017661351,7.107767e-05
1744,7.960258e-05,8.262224e-05,0.0023610413,0.9965366,0.00047113159,0.00018646005,0.0002825765
22,0.0006849129,0.9924751,0.00044127018,0.00014087898,0.00045370206,0.0053867334,0.0004174214
1726,5.4235756e-05,5.9497514e-05,0.00102557,0.99812883,0.0002997708,0.000104139945,0.00032797744
1600,8.164282e-05,8.911501e-05,0.0048373803,0.9939016,0.0004677391,0.0001505678,0.0004719002
308,5.8986523e-05,0.93101114,9.7540375e-05,0.00011127112,7.738215e-05,0.068238966,0.00040462997
520,0.970618,0.012803009,0.0005517016,0.00046639537,0.0006518027,0.01436901,0.0005400162
1208,7.06947e-05,6.031576e-05,0.9903938,0.0001749307,9.399278e-05,0.00036316132,0.008843044
1528,3.218303e-05,3.648314e-05,0.0093890745,0.9899014,0.00020989453,6.0485032e-05,0.00037046344
1367,9.844057e-05,6.491686e-05,0.9947832,8.815711e-05,0.00011426714,0.0023918527,0.0024591116
1087,0.00048428794,0.0007199001,0.003365161,0.0006153003,0.00044087428,0.01007512,0.9842994
537,0.99669814,0.0027472568,8.142232e-05,3.9607738e-05,5.9360467e-05,0.0002264647,0.00014777659
370,0.00017311842,0.9977258,5.741419e-05,6.115726e-05,6.580993e-05,0.0009220847,0.0009946035
12,0.0028952,0.9946913,0.00033839373,0.00017314781,0.00035624218,0.0008148036,0.0007308451
1715,3.026687e-05,3.286008e-05,0.0010469009,0.99848074,0.00021809507,5.1797626e-05,0.00013930436
1485,5.574589e-05,2.9779436e-05,0.99820817,8.68899e-05,5.6331886e-05,0.00044865118,0.0011144655
1261,6.257634e-05,5.426517e-05,0.99221474,0.00015060324,9.2954986e-05,0.0006320276,0.0067927856
749,0.00024868496,0.0021727176,0.00061685743,0.00024549768,0.00029093242,0.9938746,0.0025506548
664,0.9944219,0.004891132,6.3440835e-05,3.120469e-05,5.3379554e-05,9.509566e-05,0.0004438658
1412,6.949753e-05,3.5430796e-05,0.9802547,7.576699e-05,0.00010553972,0.0019226912,0.017536422
2002,9.62852e-05,7.0313756e-05,0.0009156642,0.0013213768,0.99717134,0.00015186293,0.00027320549
1219,7.7131175e-05,7.3476134e-05,0.9899713,0.00012550264,0.00010942798,0.0006885453,0.008954663
1430,0.00082348986,0.00060516666,0.9928596,0.0011011444,0.0012242226,0.001854429,0.0015319152
687,0.9985329,0.0009921341,4.3919877e-05,6.0975784e-05,3.5712605e-05,0.0002891931,4.513338e-05
1800,5.9508853e-05,4.778352e-05,0.0006852887,0.0010023635,0.9979631,0.00011500535,0.00012700721
364,0.00072617485,0.05089146,0.0007870411,0.00042441124,0.0006528609,0.94146335,0.0050547114
356,0.0007519574,0.92870605,0.00022764507,0.00018066315,0.00021156135,0.061211333,0.008710801
1556,5.343955e-05,3.987267e-05,0.0006869176,0.99865097,0.00029890818,0.00011100285,0.00015896269
1294,0.000102387974,8.23428e-05,0.9952407,0.00072902744,8.472879e-05,0.00020951605,0.0035513684
1018,0.00027505175,0.0005851224,0.009419103,0.000597952,0.0004521096,0.0024029296,0.9862677
661,0.99364674,0.0031399513,0.0003987377,0.0001184508,0.0001484131,0.001894713,0.00065303204
1570,3.2603377e-05,2.2667893e-05,0.00024252039,0.99918205,0.00017355008,4.6456968e-05,0.00030010226
536,0.99501616,0.0043786536,8.658554e-05,6.200478e-05,7.186584e-05,0.00021764758,0.00016705325
1940,5.061715e-05,3.84147e-05,0.00045215603,0.0011348202,0.9981192,5.9681122e-05,0.00014505535
839,0.00063973496,0.0058423923,0.0015271854,0.0003201008,0.00038718202,0.9685535,0.022729935
1446,0.00022666375,0.00012107908,0.99790144,0.0004909482,0.00042200866,0.00026436296,0.00057351426
1225,0.0014381612,0.0010979377,0.9695095,0.019396883,0.002236047,0.0036103306,0.002711178
1282,6.422867e-05,7.497836e-05,0.9831613,0.00013825315,0.000107651846,0.001218205,0.015235416
722,0.99834514,0.00086003036,0.0001441304,5.6153534e-05,6.584809e-05,0.00038342882,0.00014530474
1923,5.7868336e-05,4.2597592e-05,0.0004974206,0.0013957899,0.9977673,7.6074764e-05,0.00016297527
161,0.0005872236,0.99520373,0.000111473884,0.0003069644,0.00018268425,0.002687679,0.00092021364
922,0.00029544462,0.00033745906,0.00019681193,9.0652924e-05,8.776107e-05,0.99772555,0.0012663527
996,0.00016547555,0.0042942693,0.0006623281,0.0005672788,0.00018155572,0.0056636967,0.9884654
1007,0.00025424163,0.003223027,0.0003336143,0.00010706244,0.00044031232,0.004912969,0.99072886
325,0.00032421618,0.9771029,0.00030783942,0.00046776887,0.00024362603,0.008754175,0.012799553
1389,2.3729423e-05,2.387987e-05,0.99669564,3.6357036e-05,4.0334173e-05,0.0016377551,0.0015422753
516,0.99662066,0.0018767093,0.00017986381,9.4035095e-05,0.0002514833,0.0004009106,0.00057627435
831,0.0003046183,0.006606059,0.0010535131,0.00024102232,0.00062490004,0.9861021,0.00506775
1976,0.00013853487,8.2982035e-05,0.0007210406,0.0012507482,0.9970009,0.00016228326,0.00064354483
1965,3.9774597e-05,3.8681745e-05,0.00031836296,0.00020782683,0.9992489,6.566371e-05,8.0768674e-05
114,0.00030151638,0.0005766768,0.989394,0.00032791623,0.00028201882,0.0025242541,0.0065935603
1881,3.842553e-05,3.7369748e-05,0.0002954777,0.00020077781,0.99928844,6.343654e-05,7.604621e-05
521,0.9778029,0.0037708192,0.00030232058,0.00029185088,0.0006602961,0.016816352,0.0003554402
1568,1.9513145e-05,2.246502e-05,0.0033982545,0.9961557,0.00014725637,3.283951e-05,0.00022396728
10,0.002481024,0.00481756,0.98103863,0.0025142324,0.004478647,0.002098163,0.0025717113
1385,0.0001644177,6.0806127e-05,0.99178845,0.00016828915,0.00010732587,0.0017451331,0.005965552
1603,4.7733254e-05,4.3769087e-05,0.00663052,0.99229383,0.00037462867,0.00031929338,0.00029027087
1634,2.061539e-05,2.3767712e-05,0.0030155494,0.99320626,2.7164502e-05,3.145637e-05,0.003675212
1231,0.00016661597,0.00021900816,0.99637455,0.0014081752,0.0006918492,0.00072286866,0.00041688225
293,0.0012770928,0.037457645,0.002176152,0.0009259929,0.0018626221,0.934535,0.021765497
1632,2.9464603e-05,3.448166e-05,0.001017328,0.99845684,0.00018473425,7.009327e-05,0.0002071018
1250,3.538706e-05,4.2420026e-05,0.99849355,5.7314162e-05,4.2689786e-05,0.0009388234,0.00038976807
1904,4.4788932e-05,4.217136e-05,0.000394162,0.0002624248,0.9990652,8.7090484e-05,0.00010418875
54,0.0017702563,0.9954602,0.00029772735,0.00032713485,0.00030820584,0.0012850768,0.00055132067
1584,3.4575183e-05,2.848078e-05,0.00050911953,0.9990056,0.0002291169,6.488235e-05,0.0001282664
655,0.99607605,0.0019217546,9.124907e-05,8.675692e-05,0.0002091826,0.0015195799,9.542661e-05
331,0.0007977873,0.017774576,0.00049323513,0.00018927561,0.00044057492,0.9784697,0.0018348005
696,0.9985958,0.00073691574,9.719281e-05,5.618917e-05,7.576092e-05,0.00030564223,0.00013249167
1489,4.9504266e-05,5.731948e-05,0.0024507255,0.9964477,0.000298131,7.5833355e-05,0.00062072877
1411,9.9450175e-05,4.2735475e-05,0.97247463,7.704566e-05,0.00011021787,0.0030964757,0.024099456
1609,4.7175643e-05,0.00011039418,0.0008940309,0.9982153,0.00022760943,9.909279e-05,0.00040639358
910,0.0008368155,0.00037395215,0.0005578376,0.0001999219,0.00022525998,0.99110013,0.006706093
957,0.0005600341,0.0012798726,0.018633341,0.0031298816,0.0003145626,0.0020113373,0.974071
295,0.07106036,0.92686373,0.00022973766,0.00012516018,0.00018067501,0.0008748604,0.0006655193
1474,6.1163584e-05,5.1232422e-05,0.99661547,0.00010062555,6.5415625e-05,0.0015114488,0.0015946674
1922,3.8381604e-05,2.7218528e-05,0.00028045112,0.0013606807,0.9981462,5.1493174e-05,9.557013e-05
1437,0.00031711537,0.00023189574,0.99471825,0.0015462245,0.0012652647,0.0009676939,0.00095356297
1051,0.00036200663,0.0002466172,0.0057205004,0.0005269341,0.00044474567,0.00690527,0.985794
2068,4.0517752e-05,3.9404556e-05,0.00032430608,0.00023880423,0.9992099,6.6890716e-05,8.018684e-05
31,0.000111100686,0.0031627042,0.00075924775,0.00028174536,0.00020243583,0.05875693,0.9367259
398,0.002828755,0.008477508,0.010985866,0.0018256031,0.0019000383,0.032362357,0.9416199
1179,0.00033048936,0.0005787058,0.00057449064,0.00036592584,0.00024793713,0.0063274396,0.99157506
1457,2.9642613e-05,2.3853356e-05,0.99749076,4.216546e-05,4.6922698e-05,0.0014519793,0.0009146216
1252,0.00019663395,0.00015283667,0.9887849,0.0026384774,0.00011654855,0.00023444534,0.007876161
1391,0.00010050901,9.109237e-05,0.99355114,0.0008142007,0.00014733276,0.0006741112,0.0046216096
272,0.0010382916,0.99033254,0.0012594736,0.0003687882,0.0008552238,0.004963622,0.0011819818
671,0.9987664,0.000769424,5.7428646e-05,2.7514758e-05,4.7385347e-05,0.00019733241,0.00013449523
959,0.00028996426,0.00045264157,0.0010832264,0.0005846478,0.00026943357,0.015386278,0.9819338
1993,0.000102234946,0.00012795428,0.0014050269,0.003696202,0.9941835,0.00019168576,0.00029347127
551,0.9953572,0.0022865394,0.00028196795,6.133972e-05,0.000109404114,0.001505813,0.00039768292
2027,8.154902e-05,7.025763e-05,0.00057343784,0.0021836995,0.9967147,0.00014189509,0.00023443009
33,0.00045448175,0.0029778027,0.013824607,0.0005880702,0.00041224385,0.0026711326,0.9790717
244,0.0033949795,0.07390139,0.013917597,0.004967079,0.007015916,0.089124285,0.80767876
2041,4.5432458e-05,3.5603225e-05,0.0004519047,0.0012645482,0.99798214,7.149888e-05,0.00014884133
843,0.00024128372,0.00077691785,0.00030198632,0.0005851495,0.00028001762,0.994288,0.003526612
981,0.00045377607,0.00054018706,0.015999911,0.00030973656,0.000516748,0.031056803,0.9511229
1994,5.895461e-05,4.740489e-05,0.000837227,0.00086638326,0.99795747,0.00010368192,0.00012882361
485,0.00054088526,0.9578803,0.00040247655,0.00019569269,0.0004938124,0.039674506,0.0008123073
882,0.00032516825,0.00028715545,0.0023388995,0.0003240016,0.00031737203,0.9675084,0.028899005
1680,0.00012584425,0.00012511798,0.0012804696,0.99705493,0.00040358584,0.00048490797,0.00052516104
1221,0.00023268255,0.00032421717,0.99230945,0.005359917,0.0007135013,0.00064208964,0.000418193
1364,5.0650196e-05,4.8181093e-05,0.99003285,0.00016142224,8.333709e-05,0.0005586954,0.009064822
1289,8.62238e-05,0.00015708833,0.9875488,0.0012292821,0.00012084281,0.00022524064,0.010632485
525,0.98704416,0.011963012,0.00014731844,0.00014585478,0.00013743601,0.00014809714,0.00041407836
1816,8.0506914e-05,6.0118837e-05,0.00072659145,0.0011569802,0.9975363,0.00013898347,0.00030056093
756,0.0014059298,0.0036418198,0.0016845146,0.00041797114,0.0005748901,0.98540455,0.006870309
737,0.0007871569,0.00091126066,0.0014467748,0.0006401515,0.00037915623,0.9834917,0.012343787
1050,0.00029238043,0.0005034086,0.0026334573,0.00030735883,0.00023982121,0.0020106283,0.9940129
1242,3.776838e-05,4.673728e-05,0.9892397,5.2952906e-05,6.389472e-05,0.009795887,0.0007631176
1196,7.926784e-05,0.000121781464,0.9866022,0.0001667016,9.339749e-05,0.00029783117,0.012638827
676,0.99932635,0.00027261744,3.645547e-05,3.0530588e-05,4.2956388e-05,0.00023895098,5.214923e-05
1162,0.0005032773,0.0010370878,0.003425835,0.0010708164,0.0005058461,0.014953539,0.97850364
463,0.00071190775,0.0104636485,0.0005114169,0.00043014556,0.0005330812,0.011024494,0.97632533
1400,0.00022757529,0.00023495677,0.9806317,0.0006944458,0.00020945433,0.00036879134,0.01763308
1312,0.0008153906,0.0008886657,0.9678411,0.020788262,0.0025102894,0.004676593,0.0024796857
1272,3.3943666e-05,2.555567e-05,0.9974706,4.5913643e-05,5.1654897e-05,0.0011743142,0.0011980381
874,0.000268481,0.01298869,0.00057115994,0.00025223236,0.00034052198,0.98240143,0.0031774198
1842,4.474272e-05,3.5062672e-05,0.00042990732,0.0011348503,0.9981457,6.523793e-05,0.00014445896
805,0.00034968765,0.0009749118,0.001089453,0.0008442414,0.0005272201,0.98881453,0.007400022
1198,4.1127925e-05,2.7465043e-05,0.99748576,6.275872e-05,5.918638e-05,0.00039916535,0.0019244899
104,0.00041183762,0.9945834,0.0006593123,0.0001943057,0.00019901789,0.002869833,0.001082329
1410,2.9214367e-05,2.1597007e-05,0.9986337,4.2442854e-05,4.056574e-05,0.00042828132,0.000804148
708,0.9981183,0.0011738038,0.0001004884,6.251152e-05,7.872704e-05,0.00032986546,0.00013639171
653,0.99832314,0.0012645924,5.3765172e-05,3.936666e-05,4.742163e-05,0.0002188703,5.288197e-05
1347,0.0004714282,0.0003951067,0.99448735,0.0013432686,0.001077668,0.0016549011,0.0005702835
2078,4.0728202e-05,3.001609e-05,0.0010583216,0.00024220867,0.9984842,5.847514e-05,8.613137e-05
869,0.00050864357,0.0008348881,0.0011229848,0.00047587778,0.0003632648,0.9940479,0.0026464534
1874,0.00019294096,0.000103344995,0.0010215701,0.0019801464,0.99624676,0.00018166208,0.00027354425
598,0.9977956,0.0013535572,0.000100483616,6.296684e-05,5.270021e-05,0.0005357503,9.8933866e-05
907,0.000172703,0.00068045943,0.0003876043,0.00011233048,0.00022047338,0.9972005,0.0012259827
1154,0.00013884652,0.00038492103,0.00023993867,0.000111253095,0.00013013468,0.0042703003,0.9947246
