row_identifier,prob_e,prob_p
3634,0.99960816,0.0003918281
7181,0.9791638,0.020836152
4202,0.00021988153,0.9997801
2733,0.99955946,0.000440547
2811,0.9996315,0.0003684461
2795,0.9995537,0.00044630474
1795,0.0021358132,0.9978642
4238,0.0004608631,0.99953914
5041,0.00014138222,0.9998586
4667,0.00019365549,0.99980634
20,0.9990703,0.0009297339
5823,0.99956614,0.0004338382
1710,0.99975777,0.00024221437
102,0.9993285,0.0006715226
7543,0.9996154,0.0003846071
7124,0.0011966228,0.9988034
3364,0.99952596,0.00047404363
3232,0.0074917674,0.99250823
3057,0.0011918545,0.99880815
7558,0.9996179,0.00038214072
2431,0.99955946,0.000440547
3340,0.99952596,0.00047404363
2817,0.99976546,0.00023454403
2390,0.9996315,0.0003684461
8076,0.9995982,0.00040181034
1878,0.99979174,0.00020826898
5142,0.00018078089,0.9998192
6350,0.00015938282,0.9998406
3994,0.011823475,0.9881765
1700,0.99961996,0.00038006366
6364,0.00042635202,0.99957365
4585,0.00048589706,0.9995141
3195,0.99952596,0.00047404363
4369,0.00041276217,0.99958724
788,0.0021384358,0.99786156
107,0.9991997,0.00080029713
993,0.99425554,0.005744448
6583,0.0011966228,0.9988034
7377,0.98162097,0.018379018
4123,0.000210464,0.99978954
3042,0.99960816,0.0003918281
4193,0.0001591444,0.99984086
7794,0.0011899471,0.99881005
3297,0.99960816,0.0003918281
5814,0.98635304,0.01364696
5906,0.9995965,0.00040355002
5619,0.9994844,0.00051559217
6285,0.0023190975,0.9976809
3169,0.011634707,0.9883653
3111,0.99956185,0.000438151
3797,0.99952596,0.00047404363
2624,0.99955946,0.000440547
1706,0.9998555,0.00014450258
7699,0.9995982,0.00040181034
7296,0.0012454987,0.9987545
7853,0.0008867383,0.99911326
5292,0.0002745986,0.9997254
2539,0.00019532442,0.9998047
3259,0.00021988153,0.9997801
4605,0.00019329786,0.9998067
5893,0.9993892,0.0006108135
7253,0.9996179,0.00038214072
4554,0.00048589706,0.9995141
7,0.9991997,0.00080029713
2154,0.9995537,0.00044630474
3152,0.00019532442,0.9998047
5320,0.0005477071,0.9994523
5548,0.023281634,0.97671837
4429,0.00038963556,0.99961036
5205,0.0017784238,0.9982216
357,0.007039368,0.99296063
6289,0.00029581785,0.9997042
462,0.99849164,0.0015083633
5494,0.020946562,0.97905344
5631,0.00017094612,0.99982905
5350,0.0004146695,0.99958533
3241,0.99952596,0.00047404363
4378,0.000210464,0.99978954
2630,0.9997239,0.0002761129
7483,0.061458826,0.9385412
2158,0.9996315,0.0003684461
1548,0.99946725,0.00053276704
5422,0.00017094612,0.99982905
7180,0.0004620552,0.99953794
7995,0.00051790476,0.9994821
2975,0.99962485,0.00037516005
4522,0.000878036,0.99912196
2832,0.99961996,0.00038006366
1376,0.9998555,0.00014450258
2538,0.9995537,0.00044630474
186,0.9985849,0.0014150807
1349,0.99955946,0.000440547
278,0.9999041,9.58841e-05
7341,0.00016987324,0.9998301
6192,0.000918746,0.99908125
4212,0.000210464,0.99978954
2790,0.99956185,0.000438151
7247,0.0001680851,0.9998319
7118,0.00027030706,0.9997297
514,0.98975575,0.010244226
6276,0.00029176474,0.99970824
5271,0.9995965,0.00040355002
7738,0.00016987324,0.9998301
4411,0.003132999,0.996867
1413,0.99986035,0.00013966177
347,0.999227,0.00077302026
3244,0.99956185,0.000438151
925,0.9996967,0.00030332716
403,0.9990703,0.0009297339
5222,0.0010189414,0.99898106
3039,0.99952596,0.00047404363
5871,0.00081294775,0.99918705
7327,0.9996116,0.00038840645
1401,0.9993285,0.0006715226
4579,0.00019365549,0.99980634
1118,0.9998329,0.00016708428
3940,0.00021988153,0.9997801
488,0.9997209,0.00027912974
5725,0.0017127395,0.99828726
4166,0.00019532442,0.9998047
3488,0.00021988153,0.9997801
2067,0.0042926073,0.9957074
2954,0.9995537,0.00044630474
4710,0.00018686056,0.99981314
276,0.99920636,0.0007936527
6963,0.000121593475,0.9998784
2701,0.9995537,0.00044630474
3534,0.99960816,0.0003918281
4298,0.00018686056,0.99981314
531,0.99871397,0.0012860176
3993,0.0124349,0.9875651
8004,0.00048184395,0.99951816
6582,0.00043278933,0.9995672
7547,0.9996154,0.0003846071
5007,0.0001591444,0.99984086
146,0.9998555,0.00014450258
4894,0.011823475,0.9881765
4632,0.00019329786,0.9998067
7444,0.9992458,0.0007541821
4636,0.00046384335,0.99953616
7945,0.9996154,0.0003846071
7827,0.0004620552,0.99953794
3015,0.99960816,0.0003918281
2435,0.9995537,0.00044630474
3869,0.011634707,0.9883653
5392,0.99956656,0.00043347426
3158,0.99952596,0.00047404363
2650,0.99952596,0.00047404363
7919,0.9488938,0.05110621
1521,0.99975026,0.00024975394
6235,0.00021082163,0.9997892
7123,0.99866253,0.0013374615
7047,0.00027137995,0.9997286
3312,0.99952596,0.00047404363
7144,0.0002798438,0.99972016
5487,0.99960697,0.0003930342
4749,0.008089125,0.9919109
7682,0.9987637,0.0012363172
490,0.9958368,0.004163185
7587,0.0011638999,0.9988361
6610,0.00020891428,0.9997911
776,0.007039368,0.99296063
86,0.99849164,0.0015083633
4069,0.00046384335,0.99953616
1016,0.99920636,0.0007936527
2716,0.9995537,0.00044630474
2374,0.99962485,0.00037516005
7834,0.9996154,0.0003846071
5256,0.0038552284,0.9961448
1760,0.99974155,0.00025843948
4526,0.000210464,0.99978954
260,0.99920636,0.0007936527
971,0.99961996,0.00038006366
744,0.9997427,0.000257296
7840,0.9996116,0.00038840645
2008,0.99976546,0.00023454403
3986,0.00021988153,0.9997801
1224,0.99969286,0.00030711322
42,0.98975575,0.010244226
6600,0.00016987324,0.9998301
3853,0.99960816,0.0003918281
6314,0.0002798438,0.99972016
3301,0.99956185,0.000438151
2137,0.9995537,0.00044630474
5615,0.0012564063,0.9987436
7999,0.9996154,0.0003846071
1248,0.9998559,0.00014413969
2483,0.99962485,0.00037516005
4781,0.0004608631,0.99953914
5770,0.00024956465,0.99975044
7585,0.9996739,0.0003261045
3932,0.00017094612,0.99982905
569,0.9991997,0.00080029713
3391,0.99952596,0.00047404363
1344,0.9998101,0.00018990564
6569,0.0004413724,0.9995586
1824,0.99936044,0.00063955126
0,0.0040691495,0.99593085
6367,0.00046229362,0.9995377
6789,0.00013840199,0.9998616
3714,0.99952596,0.00047404363
1251,0.99961996,0.00038006366
4465,0.00017094612,0.99982905
6840,0.00054866076,0.99945134
7526,0.9996179,0.00038214072
1279,0.99969894,0.00030107299
6994,0.9996154,0.0003846071
3137,0.99952596,0.00047404363
4557,0.9868415,0.013158488
7295,0.05679339,0.9432066
6264,0.001032114,0.9989679
6678,0.00039225817,0.99960774
3707,0.011823475,0.9881765
1685,0.9995767,0.00042332665
5796,0.00041276217,0.99958724
5683,0.9994348,0.0005651728
7350,0.9996739,0.0003261045
1205,0.99979174,0.00020826898
6151,0.0002515912,0.9997484
5318,0.9957713,0.004228719
6253,0.0012564063,0.9987436
3040,0.00018686056,0.99981314
3096,0.99952596,0.00047404363
6617,0.00023061037,0.9997694
4221,0.00019365549,0.99980634
5918,0.0010504127,0.9989496
5630,0.8864814,0.11351859
1234,0.9997239,0.0002761129
6027,0.0001282692,0.99987173
2672,0.9995537,0.00044630474
7279,0.0009447932,0.9990552
551,0.9998567,0.00014326574
5461,0.0021811724,0.9978188
7169,0.00034737587,0.9996526
2356,0.99956185,0.000438151
1171,0.99961996,0.00038006366
3883,0.99952596,0.00047404363
8099,0.99753785,0.0024621566
2600,0.9996315,0.0003684461
3842,0.99956185,0.000438151
2477,0.99955946,0.000440547
7724,0.99858546,0.0014145116
7747,0.9975663,0.0024337175
1871,0.99956185,0.000438151
2830,0.99955946,0.000440547
4817,0.0010588765,0.9989411
721,0.99871397,0.0012860176
4231,0.00046384335,0.99953616
2262,0.9996315,0.0003684461
2033,0.99960816,0.0003918281
2414,0.9995537,0.00044630474
4616,0.00041276217,0.99958724
4491,0.9957432,0.004256769
314,0.9989857,0.001014313
7331,0.0002079606,0.99979204
5425,0.0021806955,0.9978193
5827,0.0016818047,0.9983182
4275,0.00048589706,0.9995141
942,0.0009675026,0.9990325
4179,0.99952596,0.00047404363
4962,0.00017094612,0.99982905
3635,0.00019532442,0.9998047
5152,0.00041276217,0.99958724
5640,0.99940324,0.00059674244
4937,0.00018686056,0.99981314
5096,0.00019329786,0.9998067
5569,0.99948376,0.00051622087
5298,0.0048234463,0.99517655
4812,0.9993906,0.0006094141
2485,0.99962485,0.00037516005
495,0.9990703,0.0009297339
3347,0.99952596,0.00047404363
5659,0.0016866922,0.9983133
2442,0.9995537,0.00044630474
2927,0.9995537,0.00044630474
4979,0.00046384335,0.99953616
5680,0.0020338297,0.9979662
3512,0.99952596,0.00047404363
2978,0.99955946,0.000440547
2861,0.99960816,0.0003918281
7845,0.9996179,0.00038214072
557,0.9859993,0.014000743
338,0.9875084,0.012491588
699,0.99969286,0.00030711322
1148,0.99980164,0.00019837705
329,0.9991704,0.00082956825
4327,0.0001591444,0.99984086
775,0.99946725,0.00053276704
3179,0.00018686056,0.99981314
684,0.99961996,0.00038006366
2378,0.99979264,0.00020736028
6524,0.00027137995,0.9997286
6706,0.003137827,0.9968622
2556,0.99955946,0.000440547
987,0.9997609,0.0002390745
7896,0.00018066168,0.99981934
1966,0.99955946,0.000440547
2314,0.9995537,0.00044630474
4573,0.00046384335,0.99953616
7773,0.0002079606,0.99979204
6332,0.0010064244,0.9989936
1266,0.9998559,0.00014413969
872,0.999699,0.0003010176
3652,0.00019329786,0.9998067
1539,0.9998101,0.00018990564
750,0.9997209,0.00027912974
6145,0.00022727251,0.9997727
2711,0.99955946,0.000440547
7171,0.00013327599,0.9998667
5214,0.0022895336,0.99771047
3766,0.99960816,0.0003918281
2525,0.99962485,0.00037516005
1679,0.99964213,0.0003578799
1924,0.99955946,0.000440547
1216,0.99960095,0.00039907725
5575,0.0018247366,0.99817526
3822,0.00019532442,0.9998047
3112,0.99952596,0.00047404363
5173,0.0001591444,0.99984086
7427,0.00023585558,0.99976414
1702,0.9998329,0.00016708428
6114,0.00043278933,0.9995672
8095,0.010391533,0.98960847
6968,0.00050485134,0.99949515
5126,0.06017357,0.9398264
5846,0.0017338395,0.99826616
5975,0.004656613,0.9953434
1356,0.99977005,0.00022995334
1173,0.98975575,0.010244226
3196,0.99961996,0.00038006366
1508,0.99977005,0.00022995334
7056,0.00014984608,0.99985015
2907,0.9995537,0.00044630474
4782,0.00021988153,0.9997801
1668,0.99955946,0.000440547
905,0.9998178,0.0001822088
7426,0.00013673306,0.99986327
6602,0.00046229362,0.9995377
4810,0.00019329786,0.9998067
6010,0.00027137995,0.9997286
5979,0.00017094612,0.99982905
171,0.9989857,0.001014313
2952,0.9995537,0.00044630474
5025,0.00017094612,0.99982905
4313,0.00021988153,0.9997801
3890,0.0001591444,0.99984086
3791,0.99960816,0.0003918281
2120,0.9995537,0.00044630474
4318,0.00017094612,0.99982905
4404,0.000210464,0.99978954
123,0.99983966,0.0001603639
2767,0.9996315,0.0003684461
4718,0.00021988153,0.9997801
6039,0.00022119284,0.9997788
6813,0.00016534328,0.99983466
7276,0.99865687,0.0013431336
3716,0.99960816,0.0003918281
241,0.99871397,0.0012860176
6948,0.00034749508,0.9996525
2450,0.99956185,0.000438151
7103,0.99866253,0.0013374615
5668,0.00018018484,0.9998198
2883,0.99955946,0.000440547
726,0.99871397,0.0012860176
3874,0.0011918545,0.99880815
2766,0.00019532442,0.9998047
5053,0.9994844,0.00051559217
5391,0.0036172867,0.9963827
1898,0.9995767,0.00042332665
738,0.99871397,0.0012860176
6204,0.00017815828,0.99982184
343,0.9958368,0.004163185
6588,0.00059628487,0.9994037
2596,0.99962485,0.00037516005
49,0.9997427,0.000257296
1745,0.0009458661,0.99905413
5564,0.002735734,0.99726427
5585,0.00043803453,0.99956197
6448,0.0011078715,0.9988921
5087,0.9881703,0.011829692
6494,0.001321137,0.99867886
7780,0.0011899471,0.99881005
933,0.99915665,0.0008433548
6726,0.0013443232,0.9986557
7843,0.9977217,0.0022783417
7275,0.0008275509,0.99917245
1122,0.99957997,0.00042003268
876,0.99938303,0.0006169807
7858,0.9996571,0.00034287985
4075,0.00021988153,0.9997801
3119,0.007308185,0.9926918
1951,0.99955946,0.000440547
407,0.99879354,0.001206469
7534,0.99905926,0.0009407305
6473,0.00048184395,0.99951816
5910,0.0038552284,0.9961448
68,0.99968064,0.00031936157
5544,0.9995435,0.0004565413
2135,0.99955946,0.000440547
5685,0.00017094612,0.99982905
1497,0.9997609,0.0002390745
7686,0.0027287602,0.99727124
6978,0.00016963482,0.99983037
6060,0.00012052059,0.9998795
7750,0.00084221363,0.9991578
1386,0.9999041,9.58841e-05
6188,0.002061665,0.99793833
6446,0.0008867383,0.99911326
5981,0.003484249,0.99651575
3220,0.99960816,0.0003918281
2772,0.99955946,0.000440547
6356,0.00018066168,0.99981934
2665,0.99955946,0.000440547
2555,0.99962485,0.00037516005
7250,0.00036394596,0.99963605
7649,0.99865687,0.0013431336
6953,0.00027805567,0.99972194
2491,0.9995537,0.00044630474
4119,0.000210464,0.99978954
6858,0.0003682375,0.99963176
5669,0.9993155,0.000684504
2188,0.9995537,0.00044630474
3701,0.00018686056,0.99981314
4259,0.00046384335,0.99953616
3547,0.0011085868,0.9988914
4083,0.00019329786,0.9998067
4841,0.0012769103,0.9987231
3637,0.99956185,0.000438151
6558,0.9996179,0.00038214072
1717,0.99938303,0.0006169807
3936,0.00018686056,0.99981314
954,0.9998329,0.00016708428
3425,0.00048589706,0.9995141
6190,0.0012564063,0.9987436
7663,0.00023585558,0.99976414
6273,0.00034749508,0.9996525
3489,0.99952596,0.00047404363
2152,0.99962485,0.00037516005
3477,0.011823475,0.9881765
226,0.99871397,0.0012860176
3852,0.0011085868,0.9988914
1167,0.99961996,0.00038006366
4443,0.00019329786,0.9998067
8064,0.0008867383,0.99911326
1970,0.99977005,0.00022995334
815,0.99879354,0.001206469
5127,0.0035982132,0.9964018
4035,0.00019532442,0.9998047
720,0.99920636,0.0007936527
2058,0.99986035,0.00013966177
7034,0.00929141,0.9907086
3622,0.00048589706,0.9995141
1770,0.99964213,0.0003578799
691,0.9991704,0.00082956825
4419,0.9995965,0.00040355002
3992,0.000210464,0.99978954
4241,0.000210464,0.99978954
416,0.9859993,0.014000743
732,0.0009675026,0.9990325
622,0.9859993,0.014000743
3985,0.000210464,0.99978954
2170,0.99955946,0.000440547
267,0.999699,0.0003010176
4330,0.00017094612,0.99982905
6476,0.00016963482,0.99983037
6105,0.0008506775,0.9991493
6453,0.00018066168,0.99981934
5419,0.00017094612,0.99982905
723,0.9997943,0.0002057014
2277,0.99961996,0.00038006366
2810,0.99952596,0.00047404363
1572,0.99983394,0.0001660714
5927,0.023281634,0.97671837
5503,0.99948883,0.0005111719
6082,0.0001282692,0.99987173
4756,0.00019532442,0.9998047
5492,0.9995435,0.0004565413
6240,0.0008506775,0.9991493
4280,0.00019329786,0.9998067
7852,0.0007661581,0.99923384
2699,0.9995537,0.00044630474
280,0.0011321306,0.99886787
662,0.0021384358,0.99786156
4106,0.0073212385,0.99267876
2168,0.99955946,0.000440547
7758,0.00017684698,0.99982315
5913,0.9993892,0.0006108135
6418,0.00015759468,0.9998424
552,0.9997847,0.00021527654
5599,0.97438014,0.025619883
920,0.9998329,0.00016708428
5835,0.97552013,0.024479894
868,0.9875084,0.012491588
6231,0.000918746,0.99908125
5070,0.97438014,0.025619883
6774,0.9989949,0.0010050917
2965,0.99955946,0.000440547
4047,0.99960816,0.0003918281
4587,0.00021988153,0.9997801
7666,0.00016760826,0.9998324
4890,0.0001591444,0.99984086
4242,0.00019532442,0.9998047
7267,0.00016760826,0.9998324
5623,0.9993892,0.0006108135
2482,0.010653675,0.9893463
7358,0.999634,0.00036597674
3987,0.00021988153,0.9997801
359,0.99968064,0.00031936157
7797,0.9994823,0.00051773636
7442,0.00084221363,0.9991578
2239,0.9995537,0.00044630474
2769,0.9995537,0.00044630474
5035,0.00021988153,0.9997801
1791,0.9995883,0.00041168008
2492,0.99955946,0.000440547
5506,0.0001591444,0.99984086
6778,0.00016963482,0.99983037
5942,0.0079497695,0.99205023
7355,0.0008506775,0.9991493
2074,0.0029532313,0.99704677
7303,0.00015544891,0.99984455
4777,0.9995241,0.0004758865
4858,0.9995704,0.00042959466
1299,0.9998101,0.00018990564
1829,0.99962485,0.00037516005
4778,0.00019365549,0.99980634
6329,0.001321137,0.99867886
1767,0.9997943,0.0002057014
3036,0.99952596,0.00047404363
4215,0.00018686056,0.99981314
4488,0.00019329786,0.9998067
327,0.007039368,0.99296063
5315,0.0001591444,0.99984086
6089,0.001032114,0.9989679
4132,0.00019329786,0.9998067
7077,0.00014543533,0.99985456
3543,0.0011085868,0.9988914
4171,0.00019365549,0.99980634
46,0.999699,0.0003010176
2980,0.99955946,0.000440547
985,0.99975777,0.00024221437
1874,0.99955946,0.000440547
5207,0.0001591444,0.99984086
4317,0.000210464,0.99978954
6154,0.00015759468,0.9998424
1503,0.9999258,7.42214e-05
2325,0.99961996,0.00038006366
2996,0.99962485,0.00037516005
709,0.99959624,0.00040374743
6852,0.00025087595,0.9997491
4941,0.00048589706,0.9995141
3882,0.011634707,0.9883653
1410,0.99977005,0.00022995334
7484,0.0001680851,0.9998319
2964,0.99962485,0.00037516005
7318,0.00032818317,0.9996718
3650,0.99952596,0.00047404363
5664,0.99288684,0.0071131596
1973,0.99961996,0.00038006366
4709,0.0009279251,0.9990721
7068,0.00027805567,0.99972194
6909,0.0012454987,0.9987545
1625,0.0033715367,0.99662846
7024,0.0004413724,0.9995586
356,0.9996929,0.00030707574
1089,0.99968064,0.00031936157
7362,0.00039857626,0.9996014
3906,0.00019329786,0.9998067
5323,0.0034397244,0.9965603
559,0.999699,0.0003010176
3617,0.99956185,0.000438151
6432,0.0013443232,0.9986557
7075,0.0011899471,0.99881005
2243,0.9995537,0.00044630474
1139,0.9996967,0.00030332716
3996,0.0079497695,0.99205023
4103,0.99952596,0.00047404363
4680,0.00041276217,0.99958724
1865,0.99955946,0.000440547
3084,0.99960816,0.0003918281
7552,0.9969539,0.0030461142
5908,0.0017338395,0.99826616
7120,0.0002798438,0.99972016
6381,0.00017875433,0.99982125
119,0.99423075,0.005769254
902,0.99957997,0.00042003268
4158,0.0004608631,0.99953914
2231,0.9995537,0.00044630474
2076,0.99961996,0.00038006366
6787,0.000957191,0.9990428
5816,0.9995435,0.0004565413
1908,0.9997874,0.0002126062
3609,0.99956185,0.000438151
7365,0.0012564063,0.9987436
6802,0.0012564063,0.9987436
6023,0.00054591894,0.9994541
5977,0.0012482405,0.99875176
4256,0.000210464,0.99978954
928,0.9875084,0.012491588
4859,0.9993906,0.0006094141
35,0.99111,0.008889961
2433,0.9995537,0.00044630474
2916,0.99955946,0.000440547
7012,0.00054591894,0.9994541
448,0.9985849,0.0014150807
1909,0.9995883,0.00041168008
2960,0.99961996,0.00038006366
5781,0.9995241,0.0004758865
7353,0.9488938,0.05110621
4026,0.011634707,0.9883653
2073,0.99961996,0.00038006366
7399,0.0011638999,0.9988361
2898,0.9995537,0.00044630474
6842,0.0002874732,0.9997125
6496,0.0002515912,0.9997484
3708,0.00021988153,0.9997801
5418,0.0010448694,0.99895513
6241,0.0029367805,0.9970632
310,0.99915665,0.0008433548
270,0.99879354,0.001206469
4055,0.00046384335,0.99953616
4383,0.00046384335,0.99953616
345,0.999871,0.0001289819
8073,0.9996154,0.0003846071
1354,0.99957997,0.00042003268
1547,0.9998559,0.00014413969
7867,0.9991108,0.00088919327
1457,0.99961996,0.00038006366
2936,0.99956185,0.000438151
2001,0.99955946,0.000440547
2059,0.99879354,0.001206469
1938,0.9997095,0.00029051848
6170,0.00016963482,0.99983037
7725,0.9994698,0.0005301913
3173,0.00048589706,0.9995141
6712,0.0005658269,0.9994342
287,0.9991704,0.00082956825
2796,0.9995537,0.00044630474
7753,0.9994823,0.00051773636
3072,0.99952596,0.00047404363
7875,0.00039857626,0.9996014
5562,0.99945825,0.00054177095
999,0.0033715367,0.99662846
6392,0.0002745986,0.9997254
6315,0.00039166212,0.99960834
94,0.9997943,0.0002057014
2410,0.9995537,0.00044630474
1836,0.99962485,0.00037516005
5016,0.00017094612,0.99982905
3453,0.00048589706,0.9995141
2089,0.0070305467,0.99296945
3275,0.99956185,0.000438151
13,0.0036048293,0.9963952
846,0.999699,0.0003010176
1306,0.9998329,0.00016708428
4399,0.000210464,0.99978954
5514,0.9994093,0.0005906581
6352,0.000121593475,0.9998784
4152,0.0001591444,0.99984086
405,0.999699,0.0003010176
6440,0.0002798438,0.99972016
216,0.99915665,0.0008433548
565,0.0011321306,0.99886787
161,0.9995716,0.00042834887
4801,0.0010588765,0.9989411
3435,0.0124349,0.9875651
6943,0.00034737587,0.9996526
7055,0.00027805567,0.99972194
8002,0.9987505,0.0012494654
2632,0.99955946,0.000440547
7854,0.9987505,0.0012494654
2404,0.99952596,0.00047404363
1614,0.0013583302,0.99864167
2465,0.9995537,0.00044630474
3074,0.99960816,0.0003918281
7344,0.9994364,0.0005636386
3809,0.99952596,0.00047404363
4974,0.00017094612,0.99982905
6865,0.00039750338,0.9996025
2284,0.99962485,0.00037516005
7948,0.0007661581,0.99923384
4343,0.00018686056,0.99981314
3120,0.99956185,0.000438151
3938,0.99952596,0.00047404363
3328,0.00048589706,0.9995141
7654,0.0004620552,0.99953794
7851,0.00032818317,0.9996718
2895,0.9996315,0.0003684461
6668,0.00929141,0.9907086
3971,0.00048589706,0.9995141
2599,0.99955946,0.000440547
5824,0.00017094612,0.99982905
7929,0.9989228,0.0010771757
1137,0.9995716,0.00042834887
3132,0.99952596,0.00047404363
1901,0.99960095,0.00039907725
7370,0.95555043,0.044449553
6743,0.0003490448,0.99965096
1145,0.99982077,0.00017923446
7735,0.0011899471,0.99881005
7499,0.99912316,0.0008768422
7167,0.9989944,0.0010056103
4468,0.00019532442,0.9998047
3162,0.008089125,0.9919109
6295,0.0011078715,0.9988921
2365,0.9996315,0.0003684461
3891,0.99952596,0.00047404363
1368,0.9995537,0.00044630474
5088,0.0004608631,0.99953914
5286,0.007464409,0.9925356
3149,0.9996315,0.0003684461
929,0.9985849,0.0014150807
6126,0.00043553114,0.99956447
214,0.9993285,0.0006715226
7946,0.9819528,0.018047225
3150,0.99956185,0.000438151
906,0.0013583302,0.99864167
6472,0.00039225817,0.99960774
5676,0.0017338395,0.99826616
4415,0.0004608631,0.99953914
4413,0.0004608631,0.99953914
589,0.99938303,0.0006169807
2459,0.99955946,0.000440547
283,0.999227,0.00077302026
5579,0.00038963556,0.99961036
4791,0.00046384335,0.99953616
2117,0.99955946,0.000440547
2929,0.99961996,0.00038006366
2951,0.99962485,0.00037516005
6069,0.0011078715,0.9988921
717,0.9997847,0.00021527654
4673,0.99948376,0.00051622087
377,0.99959624,0.00040374743
623,0.9997427,0.000257296
1580,0.9998903,0.0001096669
1334,0.9998101,0.00018990564
878,0.9993285,0.0006715226
1651,0.99981904,0.00018095181
6250,0.00023585558,0.99976414
6843,0.0012454987,0.9987545
3366,0.0011918545,0.99880815
5210,0.99939734,0.0006026361
7713,0.00040060282,0.9995994
5473,0.00043803453,0.99956197
1514,0.9859993,0.014000743
4174,0.0004608631,0.99953914
4748,0.00017094612,0.99982905
805,0.9993285,0.0006715226
4422,0.00018686056,0.99981314
4312,0.00019365549,0.99980634
7821,0.0012454987,0.9987545
3651,0.99960816,0.0003918281
2432,0.9995537,0.00044630474
4416,0.00017094612,0.99982905
2380,0.9996315,0.0003684461
7186,0.00016760826,0.9998324
3858,0.0074917674,0.99250823
4301,0.00019532442,0.9998047
6423,0.0005658269,0.9994342
6641,0.00027662516,0.9997234
5497,0.98279685,0.017203132
1318,0.9990703,0.0009297339
7160,0.0012024641,0.99879754
3833,0.00087183714,0.99912816
4253,0.99952596,0.00047404363
594,0.999227,0.00077302026
6817,0.00018066168,0.99981934
4717,0.9878147,0.012185279
6585,0.00059628487,0.9994037
266,0.99983966,0.0001603639
6896,0.0012564063,0.9987436
7416,0.99904585,0.0009541279
5763,0.003484249,0.99651575
3394,0.99960816,0.0003918281
1036,0.999699,0.0003010176
117,0.99946725,0.00053276704
754,0.99959624,0.00040374743
5453,0.00041276217,0.99958724
3820,0.99952596,0.00047404363
2035,0.9998443,0.00015569007
5534,0.9993906,0.0006094141
3323,0.00019532442,0.9998047
4849,0.00017094612,0.99982905
5116,0.00029176474,0.99970824
7777,0.9971483,0.0028517502
7310,0.00085532665,0.9991447
757,0.99960095,0.00039907725
6026,0.0002515912,0.9997484
4970,0.000210464,0.99978954
4642,0.00019329786,0.9998067
5309,0.9995445,0.0004554952
2595,0.9995537,0.00044630474
1667,0.0029532313,0.99704677
4111,0.000210464,0.99978954
2988,0.9995537,0.00044630474
3600,0.99956185,0.000438151
6058,0.00043803453,0.99956197
7720,0.9975663,0.0024337175
8042,0.9996179,0.00038214072
1841,0.9998903,0.0001096669
8003,0.9996116,0.00038840645
5264,0.99956614,0.0004338382
3894,0.00021988153,0.9997801
4952,0.00082838535,0.9991716
6523,0.0004069209,0.9995931
3574,0.99956185,0.000438151
7109,0.0004069209,0.9995931
3812,0.99952596,0.00047404363
1806,0.99973714,0.00026286236
4803,0.0001591444,0.99984086
2634,0.99955946,0.000440547
2521,0.9996315,0.0003684461
968,0.99957997,0.00042003268
8057,0.9996179,0.00038214072
1280,0.99959624,0.00040374743
1584,0.9997874,0.0002126062
6505,0.00023061037,0.9997694
2285,0.010653675,0.9893463
1493,0.99974155,0.00025843948
4530,0.00046384335,0.99953616
1008,0.99990314,9.685138e-05
6763,0.9995982,0.00040181034
7317,0.0001680851,0.9998319
3823,0.99962485,0.00037516005
6540,0.0011925697,0.99880743
767,0.99425554,0.005744448
2484,0.9995537,0.00044630474
2279,0.99956185,0.000438151
2608,0.9995537,0.00044630474
7813,0.9996116,0.00038840645
2998,0.99955946,0.000440547
3329,0.9995537,0.00044630474
424,0.99879354,0.001206469
1715,0.9995537,0.00044630474
4548,0.0012482405,0.99875176
4346,0.000210464,0.99978954
8092,0.0012454987,0.9987545
5243,0.99956656,0.00043347426
5303,0.00048589706,0.9995141
1416,0.99938303,0.0006169807
7170,0.99905926,0.0009407305
760,0.99849164,0.0015083633
7820,0.008822799,0.9911772
3325,0.99952596,0.00047404363
7335,0.99965155,0.0003484401
7551,0.00054591894,0.9994541
4345,0.00048589706,0.9995141
2105,0.9995537,0.00044630474
6883,0.0002745986,0.9997254
7404,0.9996739,0.0003261045
7909,0.9996571,0.00034287985
885,0.9807261,0.019273864
7590,0.99866253,0.0013374615
3486,0.99956185,0.000438151
5287,0.00277555,0.99722445
54,0.0029532313,0.99704677
913,0.9999256,7.44124e-05
6178,0.00043803453,0.99956197
5396,0.00021988153,0.9997801
4862,0.99956185,0.000438151
125,0.9997609,0.0002390745
7325,0.9996116,0.00038840645
7372,0.99905926,0.0009407305
2778,0.9995537,0.00044630474
4469,0.0008701682,0.99912983
5490,0.0004146695,0.99958533
4150,0.99952596,0.00047404363
6159,0.0011031628,0.99889684
917,0.99955946,0.000440547
7571,0.00017684698,0.99982315
7885,0.0011006594,0.99889934
7671,0.9977217,0.0022783417
7877,0.000121593475,0.9998784
4612,0.00021988153,0.9997801
5933,0.00029355288,0.99970645
4816,0.0004608631,0.99953914
3108,0.99960816,0.0003918281
4692,0.00046384335,0.99953616
2622,0.99961996,0.00038006366
6642,0.0003490448,0.99965096
3182,0.007308185,0.9926918
7278,0.99865687,0.0013431336
4884,0.00038963556,0.99961036
5994,0.00023061037,0.9997694
3709,0.99952596,0.00047404363
1283,0.9996967,0.00030332716
7583,0.00025516748,0.99974483
1705,0.99977005,0.00022995334
2320,0.99955946,0.000440547
3499,0.99952596,0.00047404363
4911,0.99956614,0.0004338382
234,0.99849164,0.0015083633
7847,0.998108,0.0018919413
4260,0.000210464,0.99978954
5581,0.00024956465,0.99975044
1338,0.99968064,0.00031936157
824,0.9997209,0.00027912974
7117,0.00029581785,0.9997042
5131,0.001935184,0.9980648
2125,0.99955946,0.000440547
7108,0.0025788546,0.99742115
3907,0.00048589706,0.9995141
1428,0.9996929,0.00030707574
2159,0.9995537,0.00044630474
7190,0.0002798438,0.99972016
415,0.9995716,0.00042834887
60,0.99257714,0.0074228407
3763,0.99956185,0.000438151
2329,0.99955946,0.000440547
3380,0.9995537,0.00044630474
7245,0.9979979,0.0020021456
7191,0.00018817186,0.9998118
1637,0.0009458661,0.99905413
2187,0.9995537,0.00044630474
2730,0.99974155,0.00025843948
7950,0.002061665,0.99793833
1341,0.9998329,0.00016708428
2974,0.9996315,0.0003684461
6873,0.0002798438,0.99972016
3211,0.00019532442,0.9998047
8118,0.0003682375,0.99963176
8032,0.0008401871,0.9991598
6672,0.00277555,0.99722445
4985,0.000210464,0.99978954
2737,0.99962485,0.00037516005
2109,0.99956185,0.000438151
4476,0.00046384335,0.99953616
6592,0.00027137995,0.9997286
3077,0.99961996,0.00038006366
2618,0.99961996,0.00038006366
5515,0.97552013,0.024479894
178,0.999699,0.0003010176
6541,0.00021082163,0.9997892
4354,0.00019365549,0.99980634
1814,0.99981904,0.00018095181
7772,0.99905926,0.0009407305
4211,0.00021988153,0.9997801
595,0.0040691495,0.99593085
2247,0.99980164,0.00019837705
6262,0.00016963482,0.99983037
1187,0.0042926073,0.9957074
4072,0.0004608631,0.99953914
3851,0.99952596,0.00047404363
2822,0.99955946,0.000440547
6869,0.0004413724,0.9995586
5566,0.007860959,0.99213904
5517,0.0021811724,0.9978188
1107,0.9998995,0.000100465375
639,0.99938303,0.0006169807
360,0.999871,0.0001289819
6095,0.00043553114,0.99956447
3623,0.99956185,0.000438151
5400,0.00041276217,0.99958724
7458,0.00034737587,0.9996526
2768,0.99955946,0.000440547
6293,0.00018817186,0.9998118
5803,0.000210464,0.99978954
951,0.9989857,0.001014313
4672,0.00041276217,0.99958724
97,0.99915665,0.0008433548
5844,0.00021988153,0.9997801
1001,0.99920636,0.0007936527
364,0.99915665,0.0008433548
790,0.9995716,0.00042834887
5289,0.007464409,0.9925356
1310,0.9997504,0.00024962635
1917,0.9995767,0.00042332665
3551,0.99955946,0.000440547
3768,0.99952596,0.00047404363
3237,0.99952596,0.00047404363
368,0.9995716,0.00042834887
2429,0.99961996,0.00038006366
4835,0.00087183714,0.99912816
7618,0.00050485134,0.99949515
6438,0.00017815828,0.99982184
4088,0.00017094612,0.99982905
2995,0.99956185,0.000438151
5733,0.9814304,0.018569598
4599,0.00017094612,0.99982905
3086,0.99952596,0.00047404363
4483,0.0001591444,0.99984086
2315,0.99960816,0.0003918281
7085,0.00040060282,0.9995994
158,0.9991997,0.00080029713
5706,0.0079497695,0.99205023
2908,0.9995537,0.00044630474
5967,0.00019365549,0.99980634
779,0.9991997,0.00080029713
2309,0.99961996,0.00038006366
1943,0.9998903,0.0001096669
268,0.9985849,0.0014150807
5367,0.00017094612,0.99982905
7152,0.00023907423,0.9997609
3991,0.00019329786,0.9998067
7782,0.9995982,0.00040181034
1520,0.99936044,0.00063955126
202,0.99871397,0.0012860176
1423,0.9999256,7.44124e-05
3864,0.00019532442,0.9998047
6691,0.00036406517,0.99963593
5576,0.00029355288,0.99970645
2828,0.99955946,0.000440547
667,0.99946725,0.00053276704
1913,0.9999258,7.42214e-05
3692,0.006479323,0.9935207
5938,0.99948883,0.0005111719
6248,0.000121593475,0.9998784
3855,0.99952596,0.00047404363
4765,0.00021988153,0.9997801
4462,0.00041276217,0.99958724
3326,0.00087183714,0.99912816
5204,0.00019365549,0.99980634
2232,0.9995537,0.00044630474
4831,0.9995435,0.0004565413
7715,0.00039750338,0.9996025
3762,0.99952596,0.00047404363
3087,0.00019532442,0.9998047
5255,0.014677763,0.98532224
5313,0.9994844,0.00051559217
3025,0.99952596,0.00047404363
7351,0.00017684698,0.99982315
7041,0.9996116,0.00038840645
4296,0.00048589706,0.9995141
5300,0.0021806955,0.9978193
3067,0.99952596,0.00047404363
4471,0.0004608631,0.99953914
4569,0.00048589706,0.9995141
6944,0.0008506775,0.9991493
5542,0.00017094612,0.99982905
183,0.999227,0.00077302026
3300,0.00021988153,0.9997801
3760,0.99952596,0.00047404363
6870,0.00039225817,0.99960774
145,0.99980164,0.00019837705
1602,0.9998555,0.00014450258
4611,0.9994844,0.00051559217
2604,0.9996315,0.0003684461
5645,0.99956226,0.00043775607
7176,0.9996179,0.00038214072
5479,0.99931395,0.00068607565
7390,0.9969539,0.0030461142
6176,0.00023061037,0.9997694
989,0.99968064,0.00031936157
6441,0.00034749508,0.9996525
2717,0.99956185,0.000438151
539,0.9821417,0.017858353
7698,0.9989228,0.0010771757
3548,0.99956185,0.000438151
6004,0.00029426813,0.99970573
3557,0.011634707,0.9883653
4529,0.0004608631,0.99953914
725,0.0021384358,0.99786156
5934,0.0017127395,0.99828726
82,0.99277014,0.0072298474
2193,0.99955946,0.000440547
3545,0.99952596,0.00047404363
2005,0.99946725,0.00053276704
2377,0.9998101,0.00018990564
8013,0.9995982,0.00040181034
4042,0.00017094612,0.99982905
5182,0.00017094612,0.99982905
6313,0.00032818317,0.9996718
588,0.99257714,0.0074228407
201,0.99849164,0.0015083633
3664,0.99952596,0.00047404363
1945,0.0028871298,0.9971129
2512,0.0074917674,0.99250823
3920,0.99952596,0.00047404363
651,0.9990703,0.0009297339
1449,0.99973714,0.00026286236
5508,0.09274185,0.90725815
3861,0.99956185,0.000438151
4840,0.0032535791,0.9967464
4721,0.00021988153,0.9997801
6622,0.00023907423,0.9997609
252,0.99423075,0.005769254
6614,0.00037956238,0.99962044
4002,0.99960816,0.0003918281
6035,0.0011078715,0.9988921
5178,0.9941175,0.0058825044
6829,0.00021082163,0.9997892
2709,0.99955946,0.000440547
874,0.99879354,0.001206469
8052,0.9996116,0.00038840645
3013,0.007308185,0.9926918
5230,0.99931395,0.00068607565
5239,0.001935184,0.9980648
7087,0.00027030706,0.9997297
4272,0.00019329786,0.9998067
967,0.99961996,0.00038006366
5718,0.007464409,0.9925356
1932,0.99961996,0.00038006366
7947,0.00017684698,0.99982315
6016,0.0011078715,0.9988921
3009,0.00048589706,0.9995141
373,0.99423075,0.005769254
900,0.9997427,0.000257296
4551,0.0004608631,0.99953914
2340,0.99955946,0.000440547
7560,0.99904585,0.0009541279
2474,0.99955946,0.000440547
7652,0.9996116,0.00038840645
3678,0.99960816,0.0003918281
3280,0.00048589706,0.9995141
2261,0.99961996,0.00038006366
799,0.9997209,0.00027912974
3941,0.0001591444,0.99984086
1849,0.99961996,0.00038006366
2046,0.9995537,0.00044630474
2633,0.99952596,0.00047404363
6621,0.0002798438,0.99972016
5005,0.9878147,0.012185279
3899,0.99956185,0.000438151
6360,0.0024015307,0.99759847
6109,0.00046229362,0.9995377
2511,0.99955946,0.000440547
1492,0.99969286,0.00030711322
4885,0.000210464,0.99978954
4023,0.00029176474,0.99970824
1288,0.99961996,0.00038006366
7254,0.0002079606,0.99979204
4454,0.00046384335,0.99953616
4129,0.99956185,0.000438151
7807,0.9996154,0.0003846071
1629,0.0009458661,0.99905413
714,0.9995716,0.00042834887
4126,0.00046384335,0.99953616
5189,0.00046384335,0.99953616
6120,0.9632544,0.036745593
5825,0.00017094612,0.99982905
6103,0.00023061037,0.9997694
6000,0.00029176474,0.99970824
3399,0.00021988153,0.9997801
5194,0.00014138222,0.9998586
7400,0.99888927,0.0011107108
6756,0.00037956238,0.99962044
4172,0.00018686056,0.99981314
5130,0.00082838535,0.9991716
668,0.9997427,0.000257296
2559,0.99962485,0.00037516005
116,0.99257714,0.0074228407
7306,0.9996116,0.00038840645
3175,0.99962485,0.00037516005
7162,0.99965155,0.0003484401
6559,0.00036406517,0.99963593
7294,0.00014543533,0.99985456
2875,0.99955946,0.000440547
3252,0.99952596,0.00047404363
6424,0.9996179,0.00038214072
5793,0.011202753,0.98879725
6406,0.99888927,0.0011107108
7677,0.0010778904,0.9989221
8103,0.9996154,0.0003846071
154,0.9807261,0.019273864
3681,0.99952596,0.00047404363
5800,0.0007186532,0.99928135
4155,0.99952596,0.00047404363
5740,0.0079497695,0.99205023
3311,0.99952596,0.00047404363
1877,0.9995537,0.00044630474
2310,0.99961996,0.00038006366
3511,0.00019329786,0.9998067
4405,0.00019365549,0.99980634
6863,0.0011966228,0.9988034
3351,0.011634707,0.9883653
5700,0.00041276217,0.99958724
5496,0.0001591444,0.99984086
6038,0.9995982,0.00040181034
4185,0.00048589706,0.9995141
7347,0.0012998581,0.99870014
4227,0.00041276217,0.99958724
5753,0.0036172867,0.9963827
7842,0.9991108,0.00088919327
4388,0.0001591444,0.99984086
2371,0.9995537,0.00044630474
3577,0.99952596,0.00047404363
2626,0.99962485,0.00037516005
6325,0.0002169013,0.9997831
5811,0.0048234463,0.99517655
5772,0.00095659494,0.9990434
991,0.99979264,0.00020736028
7188,0.9996179,0.00038214072
4203,0.0035982132,0.9964018
2039,0.99955946,0.000440547
973,0.9999012,9.884526e-05
303,0.9991704,0.00082956825
1363,0.99975026,0.00024975394
1761,0.99975777,0.00024221437
2891,0.99955946,0.000440547
4540,0.000210464,0.99978954
5849,0.99940324,0.00059674244
4716,0.0004608631,0.99953914
562,0.98911774,0.010882251
3729,0.99956185,0.000438151
2935,0.99952596,0.00047404363
5061,0.00048589706,0.9995141
5516,0.0001591444,0.99984086
707,0.99423075,0.005769254
1104,0.99987054,0.00012945358
133,0.999699,0.0003010176
1949,0.9999258,7.42214e-05
6551,0.0014135838,0.9985864
3495,0.99960816,0.0003918281
4635,0.00019329786,0.9998067
746,0.9991704,0.00082956825
4790,0.0004608631,0.99953914
1647,0.99963766,0.00036233696
1682,0.999227,0.00077302026
1384,0.99963766,0.00036233696
1444,0.0070305467,0.99296945
1969,0.9998101,0.00018990564
2752,0.99962485,0.00037516005
6703,0.00029581785,0.9997042
7836,0.9996116,0.00038840645
8040,0.9995982,0.00040181034
4279,0.000210464,0.99978954
5889,0.0043714046,0.9956286
3331,0.010653675,0.9893463
7741,0.9996179,0.00038214072
1389,0.999871,0.0001289819
2824,0.99955946,0.000440547
4322,0.00048589706,0.9995141
6700,0.00039166212,0.99960834
1994,0.999871,0.0001289819
7179,0.00020891428,0.9997911
5274,0.00023013353,0.99976987
5094,0.00019532442,0.9998047
4908,0.00018686056,0.99981314
5925,0.00041276217,0.99958724
598,0.0011321306,0.99886787
4324,0.0001591444,0.99984086
3646,0.99960816,0.0003918281
1060,0.99975026,0.00024975394
8060,0.00027805567,0.99972194
926,0.99974155,0.00025843948
3968,0.00048589706,0.9995141
175,0.9991997,0.00080029713
4361,0.00046384335,0.99953616
3587,0.99952596,0.00047404363
4644,0.00041276217,0.99958724
3423,0.99952596,0.00047404363
4516,0.00018686056,0.99981314
7405,0.9995982,0.00040181034
826,0.9931076,0.0068923556
5267,0.000878036,0.99912196
3788,0.99962485,0.00037516005
1230,0.999871,0.0001289819
7584,0.99858546,0.0014145116
2179,0.99955946,0.000440547
6781,0.00015938282,0.9998406
1194,0.99849164,0.0015083633
4795,0.000210464,0.99978954
1209,0.99989253,0.00010745372
4365,0.0043714046,0.9956286
5500,0.0012634397,0.99873656
3442,0.99956185,0.000438151
4319,0.000210464,0.99978954
992,0.9996967,0.00030332716
7472,0.0025788546,0.99742115
1304,0.9997874,0.0002126062
6547,0.0002874732,0.9997125
3157,0.99955946,0.000440547
5877,0.005699396,0.9943006
5283,0.97552013,0.024479894
5435,0.0013874769,0.9986125
1039,0.0040691495,0.99593085
4654,0.00019365549,0.99980634
5591,0.0016818047,0.9983182
7536,0.009201288,0.9907987
5679,0.99945825,0.00054177095
3868,0.006479323,0.9935207
1784,0.9989857,0.001014313
7454,0.0008506775,0.9991493
4509,0.00019532442,0.9998047
5097,0.019960403,0.9800396
76,0.9807261,0.019273864
6985,0.0002180934,0.9997819
5146,0.00021988153,0.9997801
3897,0.99956185,0.000438151
5651,0.00041276217,0.99958724
819,0.9991704,0.00082956825
4787,0.000210464,0.99978954
5486,0.00046384335,0.99953616
2225,0.9995537,0.00044630474
6296,0.00023061037,0.9997694
6543,0.00097072124,0.9990293
6784,0.001032114,0.9989679
8094,0.99905396,0.0009460192
6772,0.0001282692,0.99987173
6347,0.00029581785,0.9997042
1435,0.99961996,0.00038006366
6885,0.0011925697,0.99880743
4640,0.00018686056,0.99981314
7364,0.0004620552,0.99953794
2800,0.99962485,0.00037516005
34,0.99959624,0.00040374743
8122,0.0007661581,0.99923384
6535,0.0008401871,0.9991598
7588,0.00044113398,0.99955887
2078,0.99964213,0.0003578799
4746,0.00019329786,0.9998067
2690,0.99979174,0.00020826898
4127,0.99960816,0.0003918281
1796,0.99986035,0.00013966177
2053,0.9998101,0.00018990564
2032,0.9995537,0.00044630474
4356,0.00018686056,0.99981314
7307,0.00014984608,0.99985015
7409,0.00013673306,0.99986327
944,0.99956185,0.000438151
6052,0.00043278933,0.9995672
4518,0.00019329786,0.9998067
7477,0.0011006594,0.99889934
3236,0.99952596,0.00047404363
305,0.99961996,0.00038006366
2161,0.9995537,0.00044630474
5468,0.003484249,0.99651575
3319,0.99956185,0.000438151
5341,0.009886026,0.990114
6006,0.0002169013,0.9997831
2537,0.99955946,0.000440547
1257,0.99987054,0.00012945358
5010,0.99960697,0.0003930342
1674,0.99969286,0.00030711322
5689,0.00041276217,0.99958724
1579,0.0021358132,0.9978642
7521,0.00012052059,0.9998795
3443,0.008089125,0.9919109
4688,0.00018686056,0.99981314
4368,0.00041276217,0.99958724
4124,0.9996315,0.0003684461
2244,0.99955946,0.000440547
2004,0.0033715367,0.99662846
2775,0.9995537,0.00044630474
1591,0.9998567,0.00014326574
7728,0.0012454987,0.9987545
59,0.9997209,0.00027912974
4493,0.00046384335,0.99953616
6921,0.0004620552,0.99953794
3415,0.99952596,0.00047404363
6395,0.00050485134,0.99949515
690,0.9989857,0.001014313
2342,0.9995537,0.00044630474
6792,0.00043553114,0.99956447
1648,0.9997609,0.0002390745
3224,0.9995537,0.00044630474
7669,0.0011638999,0.9988361
7591,0.0012024641,0.99879754
7997,0.00012052059,0.9998795
1238,0.99979264,0.00020736028
4637,0.0004608631,0.99953914
6989,0.9995982,0.00040181034
7684,0.0025788546,0.99742115
1772,0.99989253,0.00010745372
6150,0.0008401871,0.9991598
8062,0.0007661581,0.99923384
471,0.99938303,0.0006169807
376,0.99423075,0.005769254
7936,0.00036394596,0.99963605
5990,0.00019365549,0.99980634
284,0.9991997,0.00080029713
3830,0.99952596,0.00047404363
6090,0.00042635202,0.99957365
4738,0.00048589706,0.9995141
1371,0.9997943,0.0002057014
4682,0.00019329786,0.9998067
806,0.9991704,0.00082956825
5765,0.0015332103,0.9984668
7798,0.0004069209,0.9995931
85,0.9997943,0.0002057014
5802,0.0036172867,0.9963827
1182,0.9998559,0.00014413969
5426,0.0018247366,0.99817526
1115,0.9999256,7.44124e-05
7342,0.00929141,0.9907086
5596,0.99956226,0.00043775607
5280,0.99931395,0.00068607565
4583,0.007308185,0.9926918
7704,0.9527815,0.0472185
1925,0.9996315,0.0003684461
7506,0.00013327599,0.9998667
5831,0.0010588765,0.9989411
3295,0.0074917674,0.99250823
2971,0.9995537,0.00044630474
7138,0.0029656887,0.9970343
7935,0.0004069209,0.9995931
7868,0.00017684698,0.99982315
5955,0.0016920567,0.99830794
3222,0.99952596,0.00047404363
1424,0.99979264,0.00020736028
1797,0.99969894,0.00030107299
3371,0.010653675,0.9893463
3342,0.99956185,0.000438151
5195,0.00046384335,0.99953616
1750,0.99980164,0.00019837705
114,0.0036048293,0.9963952
2863,0.99955946,0.000440547
40,0.9995716,0.00042834887
6230,0.0029367805,0.9970632
4566,0.00046384335,0.99953616
4961,0.000210464,0.99978954
6651,0.00014173985,0.99985826
7566,0.9996571,0.00034287985
4005,0.00019329786,0.9998067
4109,0.99952596,0.00047404363
3970,0.00046384335,0.99953616
4337,0.00019532442,0.9998047
7861,0.00034737587,0.9996526
1273,0.9998329,0.00016708428
4621,0.00019365549,0.99980634
5833,0.012033522,0.9879665
5777,0.9868415,0.013158488
1486,0.99986035,0.00013966177
5038,0.00019365549,0.99980634
7258,0.999634,0.00036597674
1101,0.99969894,0.00030107299
1567,0.99981904,0.00018095181
5897,0.00479877,0.99520123
3730,0.99956185,0.000438151
1292,0.99986035,0.00013966177
3956,0.00046384335,0.99953616
504,0.9995716,0.00042834887
4085,0.00046384335,0.99953616
1488,0.99972606,0.00027396422
7392,0.00034737587,0.9996526
5237,0.09274185,0.90725815
3570,0.00019365549,0.99980634
6677,0.0002874732,0.9997125
442,0.9997847,0.00021527654
2069,0.9995537,0.00044630474
6085,0.00039166212,0.99960834
1305,0.99983966,0.0001603639
2167,0.9995537,0.00044630474
1098,0.9998567,0.00014326574
704,0.9997427,0.000257296
7873,0.0011899471,0.99881005
6633,0.0002798438,0.99972016
1755,0.9998329,0.00016708428
1873,0.9999256,7.44124e-05
2394,0.9996315,0.0003684461
5185,0.9925068,0.0074932063
5399,0.00041276217,0.99958724
5943,0.00021988153,0.9997801
4441,0.00018686056,0.99981314
2200,0.9997609,0.0002390745
5711,0.99948376,0.00051622087
7198,0.0011966228,0.9988034
8010,0.9996179,0.00038214072
6263,0.0012998581,0.99870014
2095,0.99955946,0.000440547
5383,0.0012034178,0.9987966
7576,0.9989944,0.0010056103
5666,0.9925268,0.0074731717
5541,0.00021988153,0.9997801
6788,0.0012024641,0.99879754
6545,0.0024015307,0.99759847
1920,0.9995537,0.00044630474
3582,0.99960816,0.0003918281
3200,0.99952596,0.00047404363
2367,0.9998101,0.00018990564
1284,0.99983394,0.0001660714
5724,0.99956614,0.0004338382
7838,0.9979979,0.0020021456
4092,0.99960816,0.0003918281
2993,0.9996315,0.0003684461
1351,0.9995767,0.00042332665
631,0.99959624,0.00040374743
2976,0.99955946,0.000440547
3591,0.99962485,0.00037516005
7098,0.998108,0.0018919413
3354,0.99960816,0.0003918281
83,0.9999258,7.42214e-05
1825,0.9998559,0.00014413969
1190,0.99975777,0.00024221437
1893,0.99990314,9.685138e-05
2820,0.99962485,0.00037516005
6925,0.00025087595,0.9997491
6564,0.00022119284,0.9997788
1095,0.0070305467,0.99296945
1207,0.0033715367,0.99662846
5358,0.00041276217,0.99958724
5078,0.00019365549,0.99980634
4292,0.00019532442,0.9998047
2222,0.99955946,0.000440547
5625,0.00021988153,0.9997801
5235,0.00017094612,0.99982905
7695,0.00025516748,0.99974483
2851,0.9995537,0.00044630474
3744,0.99952596,0.00047404363
2524,0.99955946,0.000440547
4453,0.000210464,0.99978954
2023,0.999871,0.0001289819
966,0.0013583302,0.99864167
2799,0.9995537,0.00044630474
7502,0.00023657084,0.9997634
70,0.9958368,0.004163185
4986,0.000878036,0.99912196
4273,0.00041276217,0.99958724
3839,0.99952596,0.00047404363
3644,0.00018686056,0.99981314
4382,0.00019329786,0.9998067
6072,0.00039750338,0.9996025
2197,0.9995537,0.00044630474
6063,0.0001475811,0.9998524
3876,0.0077703595,0.99222964
7159,0.00036406517,0.99963593
5820,0.9994348,0.0005651728
5105,0.0021811724,0.9978188
5573,0.0002745986,0.9997254
6086,0.00029581785,0.9997042
254,0.99849164,0.0015083633
6742,0.00023907423,0.9997609
3607,0.00048589706,0.9995141
4014,0.00046384335,0.99953616
4463,0.00046384335,0.99953616
4288,0.00019532442,0.9998047
7011,0.9994364,0.0005636386
5448,0.00029355288,0.99970645
5386,0.9964919,0.0035081045
3873,0.00019532442,0.9998047
2910,0.99956185,0.000438151
163,0.99920636,0.0007936527
2216,0.9995537,0.00044630474
2466,0.9996315,0.0003684461
2880,0.99955946,0.000440547
3525,0.0077703595,0.99222964
1069,0.9993159,0.00068406446
949,0.0070305467,0.99296945
4968,0.00041276217,0.99958724
7655,0.00044113398,0.99955887
1885,0.9931076,0.0068923556
4258,0.00019365549,0.99980634
1476,0.9995767,0.00042332665
6570,0.00054866076,0.99945134
3440,0.99952596,0.00047404363
609,0.99277014,0.0072298474
584,0.9993285,0.0006715226
4136,0.00019532442,0.9998047
7977,0.9996154,0.0003846071
2793,0.9996315,0.0003684461
6544,0.00023061037,0.9997694
2100,0.99955946,0.000440547
5141,0.00029355288,0.99970645
1079,0.9997209,0.00027912974
7094,0.00016987324,0.9998301
3550,0.9996315,0.0003684461
3747,0.99960816,0.0003918281
3723,0.99962485,0.00037516005
4766,0.00019329786,0.9998067
5547,0.8704945,0.12950552
7431,0.00013673306,0.99986327
6768,0.000918746,0.99908125
3517,0.99960816,0.0003918281
2846,0.99955946,0.000440547
4714,0.0004608631,0.99953914
5675,0.00041276217,0.99958724
4897,0.00041276217,0.99958724
6225,0.00033175945,0.99966824
5806,0.0009279251,0.9990721
582,0.99936044,0.00063955126
1861,0.99962485,0.00037516005
8006,0.0011638999,0.9988361
5423,0.014677763,0.98532224
7139,0.0002079606,0.99979204
2660,0.9995537,0.00044630474
6435,0.00015938282,0.9998406
7512,0.00012052059,0.9998795
919,0.9997609,0.0002390745
1982,0.99938303,0.0006169807
1372,0.99986035,0.00013966177
2742,0.9995537,0.00044630474
2155,0.9995537,0.00044630474
2926,0.00048589706,0.9995141
4162,0.00048589706,0.9995141
1262,0.0009458661,0.99905413
5707,0.0001591444,0.99984086
7569,0.00032818317,0.9996718
256,0.99425554,0.005744448
7297,0.00013017654,0.9998698
1598,0.99973714,0.00026286236
2389,0.99955946,0.000440547
5746,0.00041276217,0.99958724
3761,0.99956185,0.000438151
1151,0.9996929,0.00030707574
3357,0.007308185,0.9926918
3847,0.99952596,0.00047404363
1756,0.9999256,7.44124e-05
6667,0.00033175945,0.99966824
44,0.999227,0.00077302026
4525,0.00017094612,0.99982905
7136,0.998108,0.0018919413
1267,0.0070305467,0.99296945
7993,0.9989944,0.0010056103
4572,0.00019365549,0.99980634
1217,0.9998329,0.00016708428
1848,0.99956185,0.000438151
6969,0.00025516748,0.99974483
3563,0.99952596,0.00047404363
3913,0.000210464,0.99978954
537,0.99423075,0.005769254
3679,0.0011085868,0.9988914
7114,0.00027662516,0.9997234
4114,0.00048589706,0.9995141
4523,0.00019329786,0.9998067
456,0.99849164,0.0015083633
1946,0.99976546,0.00023454403
3559,0.00019365549,0.99980634
6650,0.0013443232,0.9986557
7670,0.00023585558,0.99976414
2395,0.9996315,0.0003684461
6372,0.000918746,0.99908125
313,0.9859993,0.014000743
4423,0.00041276217,0.99958724
627,0.99257714,0.0074228407
6578,0.0008401871,0.9991598
5060,0.0008701682,0.99912983
38,0.99111,0.008889961
6345,0.00052052736,0.9994795
2909,0.9995537,0.00044630474
5819,0.00092327595,0.9990767
1166,0.0012874603,0.99871254
2364,0.9995537,0.00044630474
4306,0.00017094612,0.99982905
4984,0.9878147,0.012185279
1764,0.99960095,0.00039907725
7408,0.0008867383,0.99911326
7420,0.0027287602,0.99727124
6245,0.00043278933,0.9995672
1482,0.9999258,7.42214e-05
4120,0.00046384335,0.99953616
6184,0.0001475811,0.9998524
7555,0.9996116,0.00038840645
3114,0.99956185,0.000438151
1947,0.99955946,0.000440547
4924,0.00021988153,0.9997801
7833,0.9995982,0.00040181034
470,0.99968064,0.00031936157
1645,0.99975777,0.00024221437
2250,0.99955946,0.000440547
2657,0.99955946,0.000440547
4648,0.00019365549,0.99980634
3356,0.99956185,0.000438151
2593,0.9996315,0.0003684461
1876,0.99955946,0.000440547
7879,0.00027805567,0.99972194
3272,0.99952596,0.00047404363
6626,0.00094264746,0.99905735
8086,0.9996154,0.0003846071
4561,0.00017094612,0.99982905
6236,0.00039166212,0.99960834
749,0.9902675,0.009732496
4664,0.00018686056,0.99981314
3510,0.99960816,0.0003918281
6724,0.00092327595,0.9990767
7227,0.00016760826,0.9998324
3896,0.99956185,0.000438151
6970,0.98645645,0.013543528
192,0.9985849,0.0014150807
7668,0.00027662516,0.9997234
238,0.99946725,0.00053276704
674,0.9997427,0.000257296
5161,0.0005477071,0.9994523
436,0.99111,0.008889961
7627,0.9996179,0.00038214072
4898,0.9814304,0.018569598
2175,0.9996315,0.0003684461
2286,0.99952596,0.00047404363
4553,0.00019329786,0.9998067
5501,0.0010588765,0.9989411
2173,0.99955946,0.000440547
4164,0.00019329786,0.9998067
2888,0.99952596,0.00047404363
4757,0.00017094612,0.99982905
3509,0.99952596,0.00047404363
792,0.99936044,0.00063955126
1823,0.9996315,0.0003684461
6836,0.00017875433,0.99982125
7414,0.00094264746,0.99905735
5011,0.000210464,0.99978954
6562,0.00029581785,0.9997042
7479,0.9979979,0.0020021456
7874,0.0009979606,0.99900204
1131,0.9998567,0.00014326574
3562,0.99952596,0.00047404363
728,0.9985849,0.0014150807
3492,0.00021988153,0.9997801
3629,0.99952596,0.00047404363
1904,0.9999258,7.42214e-05
4039,0.99956185,0.000438151
3508,0.00019532442,0.9998047
1086,0.9991997,0.00080029713
4698,0.00046384335,0.99953616
7443,0.99023396,0.009766052
417,0.0040691495,0.99593085
7680,0.99753785,0.0024621566
6859,0.00059628487,0.9994037
6728,0.00033175945,0.99966824
1801,0.9999012,9.884526e-05
6692,0.001032114,0.9989679
2564,0.99956185,0.000438151
2918,0.9995537,0.00044630474
1613,0.0028871298,0.9971129
3780,0.99952596,0.00047404363
3779,0.99960816,0.0003918281
1474,0.9999258,7.42214e-05
3656,0.0124349,0.9875651
3174,0.008089125,0.9919109
6094,0.00042635202,0.99957365
630,0.9999041,9.58841e-05
3465,0.00019329786,0.9998067
2773,0.99962485,0.00037516005
481,0.9995716,0.00042834887
898,0.99938303,0.0006169807
1851,0.9997095,0.00029051848
1365,0.9997504,0.00024962635
8093,0.00020927191,0.9997907
1276,0.999871,0.0001289819
4309,0.00018686056,0.99981314
2122,0.9996315,0.0003684461
4552,0.0001591444,0.99984086
2428,0.9996315,0.0003684461
6809,0.0011925697,0.99880743
5441,0.00014138222,0.9998586
5042,0.00048589706,0.9995141
2323,0.9995537,0.00044630474
4770,0.00019532442,0.9998047
3397,0.0074917674,0.99250823
151,0.9996967,0.00030332716
3601,0.99962485,0.00037516005
1944,0.99969286,0.00030711322
396,0.99879354,0.001206469
290,0.9875084,0.012491588
7059,0.00054866076,0.99945134
3060,0.00019532442,0.9998047
6573,0.00015759468,0.9998424
7617,0.9995982,0.00040181034
5902,0.00017094612,0.99982905
1866,0.99962485,0.00037516005
6730,0.00017923117,0.99982077
3273,0.99956185,0.000438151
7211,0.9986717,0.0013282861
8069,0.9996154,0.0003846071
5393,0.0004146695,0.99958533
3537,0.99952596,0.00047404363
7784,0.00039857626,0.9996014
4726,0.00046384335,0.99953616
2804,0.9995537,0.00044630474
4353,0.00017094612,0.99982905
3926,0.00018686056,0.99981314
385,0.0040691495,0.99593085
3808,0.000210464,0.99978954
5401,0.877725,0.12227502
3037,0.011823475,0.9881765
4040,0.00019532442,0.9998047
388,0.99959624,0.00040374743
3450,0.99952596,0.00047404363
6734,0.0001282692,0.99987173
7645,0.00027030706,0.9997297
1587,0.99983394,0.0001660714
7485,0.008737326,0.9912627
541,0.9998995,0.000100465375
110,0.99915665,0.0008433548
1192,0.9995537,0.00044630474
2754,0.99962485,0.00037516005
7467,0.9995982,0.00040181034
1092,0.9998995,0.000100465375
4875,0.00019365549,0.99980634
4534,0.9994844,0.00051559217
340,0.99871397,0.0012860176
827,0.9931076,0.0068923556
1357,0.9998903,0.0001096669
2045,0.9997847,0.00021527654
2383,0.9996315,0.0003684461
5329,0.00523448,0.9947655
4879,0.0004608631,0.99953914
2882,0.99962485,0.00037516005
2805,0.99952596,0.00047404363
1125,0.99989253,0.00010745372
8107,0.9996179,0.00038214072
7648,0.0001282692,0.99987173
6530,0.9989228,0.0010771757
2787,0.99955946,0.000440547
3191,0.0011085868,0.9988914
6745,0.00052052736,0.9994795
3408,0.99960816,0.0003918281
5672,0.0001591444,0.99984086
2136,0.99955946,0.000440547
8112,0.9996154,0.0003846071
4161,0.99956185,0.000438151
2723,0.99962485,0.00037516005
2091,0.9997609,0.0002390745
2494,0.9995537,0.00044630474
2867,0.99962485,0.00037516005
1121,0.9998555,0.00014450258
3358,0.00021988153,0.9997801
7495,0.00014984608,0.99985015
4980,0.0001591444,0.99984086
5658,0.001640141,0.99835986
3206,0.99952596,0.00047404363
1555,0.0042926073,0.9957074
1134,0.99936044,0.00063955126
5639,0.00041276217,0.99958724
3069,0.00048589706,0.9995141
5732,0.9993906,0.0006094141
7488,0.0001680851,0.9998319
5364,0.0034397244,0.9965603
4987,0.00018686056,0.99981314
3918,0.0001591444,0.99984086
4945,0.99948883,0.0005111719
1716,0.99936044,0.00063955126
4939,0.99956656,0.00043347426
7739,0.05679339,0.9432066
2019,0.99987054,0.00012945358
4737,0.00041276217,0.99958724
2068,0.99983966,0.0001603639
2872,0.99962485,0.00037516005
3602,0.99955946,0.000440547
7230,0.008737326,0.9912627
3571,0.99956185,0.000438151
1903,0.99969894,0.00030107299
3504,0.9995537,0.00044630474
1062,0.99974155,0.00025843948
7396,0.00013017654,0.9998698
6254,0.00027137995,0.9997286
1747,0.99425554,0.005744448
2146,0.99962485,0.00037516005
7712,0.9987637,0.0012363172
1698,0.9999258,7.42214e-05
372,0.999227,0.00077302026
978,0.99968064,0.00031936157
5371,0.99948883,0.0005111719
3107,0.99952596,0.00047404363
7357,0.00039857626,0.9996014
7212,0.00027030706,0.9997297
2945,0.99955946,0.000440547
3579,0.99956185,0.000438151
6674,0.00043553114,0.99956447
420,0.99936044,0.00063955126
6904,0.9819528,0.018047225
6655,0.0009447932,0.9990552
7779,0.98579913,0.014200855
4250,0.00021988153,0.9997801
765,0.9998995,0.000100465375
2866,0.9995537,0.00044630474
4291,0.99948883,0.0005111719
7463,0.9996739,0.0003261045
4486,0.0004608631,0.99953914
2025,0.99961996,0.00038006366
6156,0.0029367805,0.9970632
6171,0.00014984608,0.99985015
7285,0.009868145,0.99013186
6015,0.001321137,0.99867886
1704,0.99961996,0.00038006366
1114,0.99920636,0.0007936527
4437,0.000210464,0.99978954
2584,0.9996315,0.0003684461
1725,0.0010586381,0.99894136
3384,0.99956185,0.000438151
4517,0.00018686056,0.99981314
3020,0.9996315,0.0003684461
126,0.9989857,0.001014313
8120,0.9996179,0.00038214072
2176,0.9996315,0.0003684461
7164,0.001321137,0.99867886
1422,0.99961996,0.00038006366
5739,0.003132999,0.996867
7096,0.0010778904,0.9989221
1910,0.99955946,0.000440547
236,0.99936044,0.00063955126
5637,0.012033522,0.9879665
7149,0.0001282692,0.99987173
1083,0.99979764,0.00020233751
1676,0.9997095,0.00029051848
2156,0.99962485,0.00037516005
6825,0.0002745986,0.9997254
7578,0.0003902316,0.99960977
4657,0.00019532442,0.9998047
7194,0.00023657084,0.9997634
4547,0.000210464,0.99978954
6628,0.00039225817,0.99960774
580,0.99879354,0.001206469
1899,0.99974155,0.00025843948
7723,0.9996154,0.0003846071
6967,0.98579913,0.014200855
3105,0.99956185,0.000438151
5268,0.0011178851,0.9988821
646,0.9991997,0.00080029713
6584,0.0001282692,0.99987173
6157,0.0011031628,0.99889684
2140,0.9995537,0.00044630474
3604,0.00019329786,0.9998067
5460,0.00040215254,0.99959785
8059,0.0004620552,0.99953794
6620,0.003137827,0.9968622
955,0.9985849,0.0014150807
3536,0.011634707,0.9883653
1600,0.99955946,0.000440547
2518,0.99969894,0.00030107299
4929,0.00018686056,0.99981314
1896,0.99961996,0.00038006366
5578,0.88371336,0.11628662
1689,0.99961996,0.00038006366
7971,0.9996179,0.00038214072
1990,0.0021358132,0.9978642
6891,0.0005658269,0.9994342
7989,0.00015938282,0.9998406
3118,0.0011918545,0.99880815
5176,0.99948376,0.00051622087
871,0.99915665,0.0008433548
193,0.9902675,0.009732496
3854,0.00021988153,0.9997801
5920,0.00041276217,0.99958724
5034,0.00019329786,0.9998067
3167,0.99952596,0.00047404363
3741,0.0004608631,0.99953914
7050,0.9975663,0.0024337175
5281,0.10670799,0.893292
2843,0.9995537,0.00044630474
2077,0.99960816,0.0003918281
4450,0.00048589706,0.9995141
6377,0.00016534328,0.99983466
5726,0.015468836,0.98453116
5991,0.00024956465,0.99975044
6710,0.00013840199,0.9998616
1358,0.9998329,0.00016708428
4175,0.00019365549,0.99980634
1809,0.9998567,0.00014326574
3738,0.006479323,0.9935207
1936,0.9821417,0.017858353
6649,0.00023061037,0.9997694
7910,0.012537658,0.98746234
4375,0.99952596,0.00047404363
5430,0.98279685,0.017203132
2919,0.99960816,0.0003918281
2042,0.99977005,0.00022995334
1536,0.99964213,0.0003578799
1821,0.999871,0.0001289819
7998,0.0010778904,0.9989221
6936,0.0021349788,0.997865
2228,0.99955946,0.000440547
358,0.9997847,0.00021527654
7234,0.99905396,0.0009460192
4093,0.99956185,0.000438151
4410,0.99956185,0.000438151
3181,0.0077703595,0.99222964
1713,0.99979264,0.00020736028
777,0.9993159,0.00068406446
2434,0.9995537,0.00044630474
4521,0.00019532442,0.9998047
6410,0.00022226572,0.99977773
4477,0.00041276217,0.99958724
6681,0.0001475811,0.9998524
2901,0.99960816,0.0003918281
307,0.999227,0.00077302026
4711,0.00018686056,0.99981314
4880,0.00017094612,0.99982905
1361,0.0070305467,0.99296945
2515,0.9996315,0.0003684461
1091,0.9993159,0.00068406446
7737,0.9996154,0.0003846071
7689,0.9996154,0.0003846071
1719,0.9998101,0.00018990564
4274,0.00017094612,0.99982905
1712,0.99961996,0.00038006366
4163,0.00019329786,0.9998067
1048,0.99961996,0.00038006366
3187,0.00019532442,0.9998047
7132,0.0003902316,0.99960977
3798,0.99956185,0.000438151
7010,0.0025788546,0.99742115
22,0.99959624,0.00040374743
1976,0.99961996,0.00038006366
4436,0.00017094612,0.99982905
5216,0.9994832,0.0005167762
984,0.0029532313,0.99704677
380,0.007039368,0.99296063
5134,0.99940324,0.00059674244
6219,0.99866253,0.0013374615
6878,0.00020927191,0.9997907
517,0.9989857,0.001014313
5293,0.000210464,0.99978954
187,0.99277014,0.0072298474
3247,0.99962485,0.00037516005
7095,0.00039857626,0.9996014
6553,0.00022119284,0.9997788
1003,0.0009675026,0.9990325
823,0.99871397,0.0012860176
3743,0.99952596,0.00047404363
3022,0.99956185,0.000438151
7480,0.012660086,0.9873399
3308,0.99955946,0.000440547
3596,0.99952596,0.00047404363
2293,0.99955946,0.000440547
4381,0.00018686056,0.99981314
6795,0.0001475811,0.9998524
4513,0.00017094612,0.99982905
632,0.99961996,0.00038006366
3146,0.99952596,0.00047404363
5307,0.0035982132,0.9964018
1776,0.99982077,0.00017923446
205,0.0029532313,0.99704677
3030,0.99952596,0.00047404363
5853,0.015468836,0.98453116
6717,0.00022226572,0.99977773
4076,0.9878147,0.012185279
1622,0.9997239,0.0002761129
6207,0.00014173985,0.99985826
5117,0.9911899,0.008810106
6874,0.00054866076,0.99945134
4460,0.00046384335,0.99953616
7992,0.0007661581,0.99923384
5984,0.005448878,0.9945511
2385,0.00019532442,0.9998047
7145,0.00092327595,0.9990767
1688,0.99962485,0.00037516005
2165,0.9995537,0.00044630474
3402,0.00021988153,0.9997801
7605,0.0011006594,0.99889934
4567,0.0001591444,0.99984086
3277,0.00019532442,0.9998047
2224,0.9996315,0.0003684461
7509,0.0011899471,0.99881005
7004,0.9969539,0.0030461142
6991,0.008822799,0.9911772
5571,0.019512475,0.9804875
2370,0.99961996,0.00038006366
4607,0.00019365549,0.99980634
6031,0.001321137,0.99867886
2783,0.99956185,0.000438151
5033,0.00018686056,0.99981314
7054,0.9995982,0.00040181034
2055,0.9997504,0.00024962635
3878,0.0011085868,0.9988914
5045,0.00019365549,0.99980634
2002,0.9995767,0.00042332665
1119,0.9998443,0.00015569007
7975,0.99888927,0.0011107108
7701,0.9996116,0.00038840645
958,0.9931076,0.0068923556
4798,0.00018686056,0.99981314
2612,0.9996315,0.0003684461
1644,0.9998178,0.0001822088
6234,0.00042635202,0.99957365
4096,0.99956185,0.000438151
6439,0.00043803453,0.99956197
5716,0.004656613,0.9953434
189,0.9997209,0.00027912974
977,0.99961996,0.00038006366
3901,0.00019329786,0.9998067
1211,0.99979174,0.00020826898
3,0.0036048293,0.9963952
3082,0.00048589706,0.9995141
7060,0.0011031628,0.99889684
8085,0.9989228,0.0010771757
355,0.99257714,0.0074228407
2444,0.99962485,0.00037516005
649,0.9931076,0.0068923556
1560,0.9998567,0.00014326574
560,0.9989857,0.001014313
5715,0.9994093,0.0005906581
5294,0.00017094612,0.99982905
455,0.99979264,0.00020736028
4697,0.00019365549,0.99980634
6846,0.00013840199,0.9998616
1023,0.99938303,0.0006169807
5181,0.0022895336,0.99771047
6024,0.00043278933,0.9995672
5748,0.99499637,0.0050036134
938,0.99973714,0.00026286236
6123,0.00034749508,0.9996525
1337,0.9995537,0.00044630474
7510,0.9996116,0.00038840645
427,0.9985849,0.0014150807
8022,0.00017815828,0.99982184
7376,0.9995982,0.00040181034
4094,0.0001591444,0.99984086
820,0.9990703,0.0009297339
2349,0.9996315,0.0003684461
7448,0.0008867383,0.99911326
2645,0.9995537,0.00044630474
7673,0.9791638,0.020836152
1080,0.9998903,0.0001096669
644,0.9997427,0.000257296
7746,0.9971483,0.0028517502
596,0.9990703,0.0009297339
5744,0.016576767,0.98342323
3493,0.99952596,0.00047404363
7121,0.0021349788,0.997865
4018,0.9995537,0.00044630474
2930,0.9995537,0.00044630474
1857,0.9995537,0.00044630474
421,0.9991997,0.00080029713
4823,0.00021988153,0.9997801
6811,0.00016534328,0.99983466
1578,0.9998995,0.000100465375
741,0.9985849,0.0014150807
7740,0.99865687,0.0013431336
916,0.99879354,0.001206469
5457,0.0009279251,0.9990721
441,0.99938303,0.0006169807
2446,0.99961996,0.00038006366
3401,0.99960816,0.0003918281
7882,0.9989949,0.0010050917
2763,0.99955946,0.000440547
7778,0.00027662516,0.9997234
6663,0.9995982,0.00040181034
1552,0.9997874,0.0002126062
3372,0.00019532442,0.9998047
7628,0.00020891428,0.9997911
5701,0.00041276217,0.99958724
4037,0.000210464,0.99978954
4873,0.0001591444,0.99984086
7819,0.002061665,0.99793833
1004,0.9993159,0.00068406446
5856,0.000210464,0.99978954
5919,0.0043714046,0.9956286
6675,0.001032114,0.9989679
4967,0.022527337,0.97747266
1510,0.99982077,0.00017923446
600,0.99979264,0.00020736028
7338,0.0009979606,0.99900204
1950,0.9995537,0.00044630474
3451,0.00021988153,0.9997801
2412,0.99962485,0.00037516005
6565,0.0002874732,0.9997125
5179,0.99939734,0.0006026361
1102,0.9999258,7.42214e-05
4661,0.0008701682,0.99912983
7556,0.00012052059,0.9998795
3782,0.99956185,0.000438151
3324,0.99952596,0.00047404363
7623,0.9994364,0.0005636386
522,0.9997427,0.000257296
6,0.9985849,0.0014150807
4920,0.000210464,0.99978954
5133,0.00038963556,0.99961036
6537,0.000918746,0.99908125
6108,0.00017875433,0.99982125
2102,0.99962485,0.00037516005
812,0.0036048293,0.9963952
7086,0.9989944,0.0010056103
6702,0.0023190975,0.9976809
3447,0.00019532442,0.9998047
659,0.99277014,0.0072298474
2291,0.99955946,0.000440547
3003,0.00019532442,0.9998047
5433,0.0005477071,0.9994523
3728,0.99952596,0.00047404363
5001,0.00066262484,0.9993374
1235,0.9998995,0.000100465375
7033,0.9996154,0.0003846071
413,0.99946725,0.00053276704
3243,0.00018686056,0.99981314
5120,0.003132999,0.996867
564,0.9985849,0.0014150807
769,0.9985849,0.0014150807
1065,0.9958368,0.004163185
5169,0.99945825,0.00054177095
5036,0.00046384335,0.99953616
6810,0.00018817186,0.9998118
7389,0.00051790476,0.9994821
3960,0.00019329786,0.9998067
8,0.0011321306,0.99886787
6302,0.00092327595,0.9990767
774,0.9998559,0.00014413969
5620,0.992293,0.0077069798
422,0.007039368,0.99296063
4143,0.0010189414,0.99898106
5650,0.0001591444,0.99984086
1143,0.9997609,0.0002390745
188,0.9995716,0.00042834887
5985,0.00081294775,0.99918705
2708,0.99962485,0.00037516005
7402,0.0004413724,0.9995586
2719,0.99955946,0.000440547
4432,0.0004608631,0.99953914
3915,0.99960816,0.0003918281
1475,0.99987054,0.00012945358
5983,0.00017094612,0.99982905
2112,0.0009675026,0.9990325
6283,0.0011966228,0.9988034
941,0.99975777,0.00024221437
654,0.0036048293,0.9963952
6736,0.00027137995,0.9997286
3658,0.00019365549,0.99980634
382,0.99938303,0.0006169807
1054,0.99983394,0.0001660714
6803,0.00097072124,0.9990293
6839,0.00013840199,0.9998616
3183,0.99956185,0.000438151
6267,0.00054866076,0.99945134
1379,0.99987054,0.00012945358
4613,0.00019329786,0.9998067
209,0.9991704,0.00082956825
5945,0.009886026,0.990114
227,0.99915665,0.0008433548
2955,0.9996315,0.0003684461
8047,0.0011899471,0.99881005
6284,0.00018817186,0.9998118
3618,0.99960816,0.0003918281
7070,0.00044113398,0.99955887
1467,0.98911774,0.010882251
5996,0.9994832,0.0005167762
2797,0.006479323,0.9935207
1195,0.0012874603,0.99871254
1818,0.9995883,0.00041168008
7073,0.9599521,0.0400479
7895,0.9977217,0.0022783417
1093,0.9958368,0.004163185
311,0.0011321306,0.99886787
4157,0.000210464,0.99978954
371,0.99920636,0.0007936527
583,0.99946725,0.00053276704
4406,0.00041276217,0.99958724
3999,0.00019365549,0.99980634
4947,0.00019329786,0.9998067
3506,0.00021988153,0.9997801
6359,0.00015938282,0.9998406
7082,0.00277555,0.99722445
150,0.99936044,0.00063955126
1490,0.9998559,0.00014413969
1381,0.99979174,0.00020826898
545,0.99879354,0.001206469
7808,0.0004620552,0.99953794
5403,0.0048234463,0.99517655
306,0.9991997,0.00080029713
3877,0.99956185,0.000438151
1838,0.99962485,0.00037516005
7128,0.9996116,0.00038840645
7061,0.0008401871,0.9991598
4972,0.00048589706,0.9995141
7218,0.00016987324,0.9998301
803,0.9995716,0.00042834887
6927,0.9996116,0.00038840645
8098,0.00023657084,0.9997634
5855,0.0073212385,0.99267876
4728,0.00019532442,0.9998047
724,0.9993285,0.0006715226
6901,0.00014984608,0.99985015
8116,0.0007661581,0.99923384
6640,0.00029426813,0.99970573
4902,0.0001591444,0.99984086
6102,0.003137827,0.9968622
1340,0.9997609,0.0002390745
780,0.999699,0.0003010176
6213,0.0029656887,0.9970343
5421,0.99960005,0.00039993817
870,0.9996929,0.00030707574
5852,0.0001591444,0.99984086
6397,0.0024015307,0.99759847
653,0.0021384358,0.99786156
7830,0.9975663,0.0024337175
5079,0.99956185,0.000438151
1660,0.9998559,0.00014413969
7241,0.0005658269,0.9994342
6437,0.0009200573,0.99907994
6915,0.0011638999,0.9988361
6550,0.00051790476,0.9994821
1290,0.99961996,0.00038006366
2437,0.9995537,0.00044630474
43,0.0011321306,0.99886787
5200,0.00019365549,0.99980634
3998,0.99952596,0.00047404363
294,0.99879354,0.001206469
6826,0.00040060282,0.9995994
174,0.9993285,0.0006715226
3810,0.00021988153,0.9997801
2113,0.9995537,0.00044630474
6557,0.00015938282,0.9998406
7140,0.00020891428,0.9997911
431,0.99946725,0.00053276704
2015,0.99973714,0.00026286236
221,0.0009675026,0.9990325
7553,0.0007661581,0.99923384
6209,0.00027137995,0.9997286
7988,0.9995982,0.00040181034
2808,0.99955946,0.000440547
1621,0.99979764,0.00020233751
5223,0.9995241,0.0004758865
1847,0.99955946,0.000440547
4351,0.00046384335,0.99953616
2677,0.9995537,0.00044630474
3063,0.99960816,0.0003918281
1505,0.99961996,0.00038006366
7631,0.99753785,0.0024621566
7905,0.9996116,0.00038840645
3605,0.0011918545,0.99880815
6950,0.0007661581,0.99923384
3476,0.99956185,0.000438151
7271,0.9994282,0.0005717989
2153,0.99956185,0.000438151
1983,0.9997095,0.00029051848
7768,0.0011638999,0.9988361
7790,0.9994364,0.0005636386
7126,0.00015544891,0.99984455
1186,0.99983966,0.0001603639
3306,0.007308185,0.9926918
47,0.99879354,0.001206469
2532,0.99962485,0.00037516005
3531,0.0074917674,0.99250823
1697,0.9998559,0.00014413969
7676,0.00084221363,0.9991578
2454,0.9995537,0.00044630474
5741,0.99940324,0.00059674244
4367,0.00017094612,0.99982905
1574,0.99915665,0.0008433548
6526,0.00017875433,0.99982125
5262,0.00063341856,0.9993666
1603,0.9995767,0.00042332665
6022,0.00014543533,0.99985456
3887,0.00087183714,0.99912816
3776,0.99952596,0.00047404363
5563,0.99960697,0.0003930342
1675,0.9998443,0.00015569007
7857,0.00054591894,0.9994541
1152,0.0011321306,0.99886787
6844,0.00050485134,0.99949515
5462,0.00523448,0.9947655
7243,0.00034737587,0.9996526
7326,0.0029367805,0.9970632
115,0.99946725,0.00053276704
129,0.9985849,0.0014150807
5302,0.9814304,0.018569598
3226,0.00048589706,0.9995141
501,0.9995716,0.00042834887
1724,0.99959624,0.00040374743
4707,0.000210464,0.99978954
1912,0.99955946,0.000440547
5681,0.9878147,0.012185279
4186,0.99960816,0.0003918281
3205,0.00021988153,0.9997801
1766,0.9997874,0.0002126062
2376,0.9995537,0.00044630474
4200,0.00081294775,0.99918705
6761,0.003137827,0.9968622
7796,0.00021368265,0.9997863
6881,0.00014173985,0.99985826
3180,0.99960816,0.0003918281
5236,0.0034397244,0.9965603
4307,0.00017094612,0.99982905
464,0.98975575,0.010244226
1333,0.9998995,0.000100465375
861,0.99915665,0.0008433548
7665,0.9996116,0.00038840645
1324,0.9996967,0.00030332716
3302,0.99952596,0.00047404363
2806,0.9995537,0.00044630474
831,0.9958368,0.004163185
3250,0.99956185,0.000438151
3774,0.9996315,0.0003684461
246,0.9807261,0.019273864
2566,0.00019532442,0.9998047
2480,0.9995537,0.00044630474
6661,0.00021082163,0.9997892
914,0.9998443,0.00015569007
369,0.9999258,7.42214e-05
1011,0.99981904,0.00018095181
2345,0.99955946,0.000440547
1378,0.0021358132,0.9978642
6660,0.99916655,0.00083345664
6461,0.0010064244,0.9989936
4159,0.99960816,0.0003918281
5539,0.0036172867,0.9963827
6598,0.00059628487,0.9994037
5949,0.94061375,0.05938623
3613,0.99960816,0.0003918281
5382,0.9994844,0.00051559217
1472,0.0028871298,0.9971129
930,0.9998443,0.00015569007
4821,0.00019365549,0.99980634
3035,0.99960816,0.0003918281
2568,0.99956185,0.000438151
4917,0.00048589706,0.9995141
3398,0.99962485,0.00037516005
1260,0.0010586381,0.99894136
519,0.99968064,0.00031936157
3403,0.0011085868,0.9988914
4104,0.000878036,0.99912196
7291,0.0002169013,0.9997831
5954,0.0004608631,0.99953914
8036,0.9996154,0.0003846071
4953,0.00041276217,0.99958724
5671,0.00019329786,0.9998067
2209,0.99955946,0.000440547
4674,0.0004608631,0.99953914
5442,0.00046384335,0.99953616
1141,0.99961996,0.00038006366
7722,0.00022226572,0.99977773
5966,0.00018018484,0.9998198
8105,0.9996154,0.0003846071
1073,0.9995537,0.00044630474
5073,0.000210464,0.99978954
7711,0.00034737587,0.9996526
2294,0.9995537,0.00044630474
1392,0.9995883,0.00041168008
5106,0.00018078089,0.9998192
2392,0.99955946,0.000440547
3736,0.99960816,0.0003918281
2729,0.99962485,0.00037516005
5414,0.0001591444,0.99984086
4467,0.0001591444,0.99984086
4735,0.00019532442,0.9998047
7093,0.0001282692,0.99987173
4091,0.00019365549,0.99980634
6542,0.00014173985,0.99985826
4425,0.00019365549,0.99980634
943,0.9999258,7.42214e-05
6456,0.00014173985,0.99985826
5974,0.0017127395,0.99828726
1863,0.9995537,0.00044630474
479,0.99959624,0.00040374743
5297,0.000878036,0.99912196
5065,0.0011178851,0.9988821
2983,0.9995537,0.00044630474
1165,0.9985849,0.0014150807
6606,0.00033175945,0.99966824
4946,0.0006736517,0.99932635
5976,0.9995704,0.00042959466
7030,0.00023657084,0.9997634
4702,0.007308185,0.9926918
7474,0.00021368265,0.9997863
745,0.99936044,0.00063955126
7540,0.9987505,0.0012494654
2587,0.9995537,0.00044630474
4169,0.0001591444,0.99984086
6776,0.00017923117,0.99982077
7996,0.9996116,0.00038840645
3190,0.00018686056,0.99981314
4802,0.005448878,0.9945511
7352,0.9996154,0.0003846071
6146,0.00097072124,0.9990293
566,0.99968064,0.00031936157
2171,0.9995537,0.00044630474
4031,0.0074917674,0.99250823
4380,0.9995551,0.00044489387
4243,0.00017094612,0.99982905
6348,0.0011925697,0.99880743
5504,0.9995551,0.00044489387
103,0.9997847,0.00021527654
4348,0.00018686056,0.99981314
6119,0.00015544891,0.99984455
5456,0.0010504127,0.9989496
3581,0.00021988153,0.9997801
2557,0.9996315,0.0003684461
1495,0.9999041,9.58841e-05
6510,0.00033175945,0.99966824
1013,0.9997239,0.0002761129
6495,0.00039166212,0.99960834
6658,0.00023192167,0.9997681
3028,0.99956185,0.000438151
768,0.99959624,0.00040374743
5100,0.00021988153,0.9997801
6997,0.99858546,0.0014145116
4045,0.0074917674,0.99250823
6106,0.00092327595,0.9990767
390,0.9990703,0.0009297339
5540,0.9995551,0.00044489387
1551,0.9985849,0.0014150807
4650,0.00018686056,0.99981314
6238,0.00023907423,0.9997609
39,0.9990703,0.0009297339
853,0.99982077,0.00017923446
1794,0.99977005,0.00022995334
6933,0.00018078089,0.9998192
1460,0.99961996,0.00038006366
6251,0.00052052736,0.9994795
5860,0.00023013353,0.99976987
4421,0.00019532442,0.9998047
1329,0.99979764,0.00020233751
1499,0.9999012,9.884526e-05
4182,0.00019329786,0.9998067
1448,0.99961996,0.00038006366
2959,0.9995537,0.00044630474
1657,0.9999256,7.44124e-05
4615,0.00019329786,0.9998067
7561,0.9996179,0.00038214072
5932,0.0011436939,0.9988563
444,0.999227,0.00077302026
7806,0.0010064244,0.9989936
3795,0.99960816,0.0003918281
148,0.9989857,0.001014313
5648,0.00017094612,0.99982905
2359,0.99962485,0.00037516005
32,0.999699,0.0003010176
6722,0.00016963482,0.99983037
5451,0.005699396,0.9943006
1541,0.99989253,0.00010745372
7226,0.9991108,0.00088919327
3427,0.99952596,0.00047404363
6286,0.00027137995,0.9997286
7257,0.00023585558,0.99976414
6249,0.00018066168,0.99981934
7262,0.0012998581,0.99870014
7550,0.99865687,0.0013431336
8115,0.9996179,0.00038214072
4261,0.00046384335,0.99953616
3875,0.9995537,0.00044630474
6405,0.001321137,0.99867886
1126,0.9998101,0.00018990564
4081,0.00046384335,0.99953616
2619,0.99955946,0.000440547
1530,0.0033715367,0.99662846
212,0.99111,0.008889961
6110,0.00017815828,0.99982184
6113,0.00043553114,0.99956447
6255,0.00277555,0.99722445
3702,0.99952596,0.00047404363
140,0.9997209,0.00027912974
3255,0.99952596,0.00047404363
1436,0.9991997,0.00080029713
1132,0.0012874603,0.99871254
6887,0.002061665,0.99793833
2495,0.0033715367,0.99662846
7960,0.99753785,0.0024621566
7815,0.00039857626,0.9996014
7769,0.9994104,0.00058960967
1204,0.0009458661,0.99905413
4061,0.9996315,0.0003684461
5892,0.00082838535,0.9991716
4214,0.00021988153,0.9997801
1808,0.99955946,0.000440547
5935,0.0006752014,0.9993248
400,0.9991704,0.00082956825
3862,0.99952596,0.00047404363
848,0.9990703,0.0009297339
2896,0.99962485,0.00037516005
7451,0.00014984608,0.99985015
4896,0.0001591444,0.99984086
2119,0.99955946,0.000440547
6414,0.00043553114,0.99956447
6951,0.0014135838,0.9985864
857,0.9989857,0.001014313
7917,0.00044113398,0.99955887
657,0.9989857,0.001014313
3494,0.99956185,0.000438151
4578,0.00017094612,0.99982905
4815,0.00019365549,0.99980634
3674,0.99956185,0.000438151
1604,0.9998903,0.0001096669
7690,0.00017684698,0.99982315
211,0.9985849,0.0014150807
1654,0.99979264,0.00020736028
6353,0.00017875433,0.99982125
4357,0.99960005,0.00039993817
2298,0.99961996,0.00038006366
5530,0.00018018484,0.9998198
2331,0.99962485,0.00037516005
1996,0.99969286,0.00030711322
7470,0.00020891428,0.9997911
1736,0.9996967,0.00030332716
1568,0.0042926073,0.9957074
6212,0.0012564063,0.9987436
450,0.99938303,0.0006169807
4363,0.00021988153,0.9997801
1519,0.99977005,0.00022995334
1331,0.9998101,0.00018990564
7597,0.9821198,0.01788023
1307,0.99975026,0.00024975394
6823,0.00046229362,0.9995377
4271,0.00019329786,0.9998067
2544,0.99955946,0.000440547
6343,0.00025087595,0.9997491
5538,0.9994348,0.0005651728
6412,0.00016534328,0.99983466
3432,0.00048589706,0.9995141
6769,0.0009200573,0.99907994
5158,0.00041276217,0.99958724
4080,0.00019329786,0.9998067
5784,0.00041276217,0.99958724
7312,0.0008867383,0.99911326
1639,0.9996967,0.00030332716
1451,0.0042926073,0.9957074
5395,0.0037814975,0.9962185
4278,0.00018686056,0.99981314
1948,0.99955946,0.000440547
1833,0.9995537,0.00044630474
6671,0.000121593475,0.9998784
5226,0.00029355288,0.99970645
3712,0.99960816,0.0003918281
7064,0.0012998581,0.99870014
5136,0.0048234463,0.99517655
1696,0.9995883,0.00041168008
6009,0.0011078715,0.9988921
8029,0.9996571,0.00034287985
6324,0.0002874732,0.9997125
6067,0.0004413724,0.9995586
5188,0.97438014,0.025619883
5865,0.9994844,0.00051559217
2362,0.99955946,0.000440547
5102,0.00017094612,0.99982905
6467,0.00023192167,0.9997681
1793,0.9999041,9.58841e-05
817,0.99946725,0.00053276704
4063,0.00017094612,0.99982905
7423,0.0003682375,0.99963176
3047,0.010653675,0.9893463
4550,0.00046384335,0.99953616
7609,0.99904585,0.0009541279
974,0.9996315,0.0003684461
2196,0.99956185,0.000438151
563,0.99982077,0.00017923446
3529,0.99952596,0.00047404363
6590,0.00036406517,0.99963593
1409,0.99979174,0.00020826898
2990,0.00019532442,0.9998047
2234,0.99952596,0.00047404363
7529,0.99905396,0.0009460192
1931,0.99849164,0.0015083633
4285,0.00019532442,0.9998047
1071,0.0010586381,0.99894136
6034,0.00020927191,0.9997907
3754,0.007308185,0.9926918
515,0.99982077,0.00017923446
719,0.99423075,0.005769254
5737,0.9995551,0.00044489387
2551,0.9996315,0.0003684461
5964,0.0016920567,0.99830794
4183,0.99956185,0.000438151
2259,0.99962485,0.00037516005
801,0.99968064,0.00031936157
3657,0.99956185,0.000438151
5258,0.0013213754,0.9986786
2006,0.0013583302,0.99864167
3178,0.99952596,0.00047404363
6454,0.00027137995,0.9997286
899,0.99915665,0.0008433548
3227,0.0074917674,0.99250823
8015,0.99753785,0.0024621566
5450,0.0051116347,0.99488837
4504,0.00018686056,0.99981314
2726,0.99955946,0.000440547
587,0.99425554,0.005744448
4775,0.00017094612,0.99982905
2999,0.99962485,0.00037516005
6007,0.0014135838,0.9985864
4218,0.000210464,0.99978954
1781,0.9995767,0.00042332665
4926,0.99956656,0.00043347426
3764,0.99960816,0.0003918281
5424,0.003132999,0.996867
2497,0.9995537,0.00044630474
3533,0.00019329786,0.9998067
2134,0.99961996,0.00038006366
339,0.9993159,0.00068406446
6629,0.00094264746,0.99905735
5340,0.9995241,0.0004758865
948,0.9998329,0.00016708428
3389,0.00019329786,0.9998067
1978,0.99976546,0.00023454403
5678,0.00052160025,0.9994784
3433,0.99952596,0.00047404363
4973,0.00019365549,0.99980634
4734,0.99956185,0.000438151
2384,0.99961996,0.00038006366
6361,0.0029367805,0.9970632
3893,0.99952596,0.00047404363
173,0.9995716,0.00042834887
6708,0.00022226572,0.99977773
7749,0.99858546,0.0014145116
3062,0.00048589706,0.9995141
1391,0.99981904,0.00018095181
6277,0.00016963482,0.99983037
3655,0.99960816,0.0003918281
1250,0.99955946,0.000440547
1109,0.99957997,0.00042003268
5150,0.9995965,0.00040355002
2172,0.99956185,0.000438151
200,0.99968064,0.00031936157
5801,0.00018018484,0.9998198
6376,0.0003490448,0.99965096
3127,0.99952596,0.00047404363
7418,0.9989944,0.0010056103
4447,0.00041276217,0.99958724
6890,0.00017875433,0.99982125
8065,0.9996154,0.0003846071
6581,0.0024015307,0.99759847
821,0.9875084,0.012491588
4230,0.00019532442,0.9998047
7412,0.9996154,0.0003846071
2162,0.99956185,0.000438151
2853,0.99956185,0.000438151
1658,0.9998903,0.0001096669
4262,0.0077703595,0.99222964
5434,0.9792824,0.020717591
4867,0.00019532442,0.9998047
6694,0.0011925697,0.99880743
7486,0.9996571,0.00034287985
1396,0.9997609,0.0002390745
5296,0.0016818047,0.9983182
6748,0.00039225817,0.99960774
3972,0.99960816,0.0003918281
7902,0.00044113398,0.99955887
6409,0.00277555,0.99722445
6735,0.00018078089,0.9998192
5148,0.997823,0.002177017
120,0.0009675026,0.9990325
2242,0.99960816,0.0003918281
7841,0.00012052059,0.9998795
5284,0.9814304,0.018569598
570,0.99879354,0.001206469
3807,0.99956185,0.000438151
1096,0.9999258,7.42214e-05
6161,0.00013184547,0.99986815
2666,0.99962485,0.00037516005
4442,0.00046384335,0.99953616
4928,0.00019365549,0.99980634
4459,0.9994832,0.0005167762
7079,0.9996116,0.00038840645
301,0.9991704,0.00082956825
18,0.0036048293,0.9963952
99,0.99936044,0.00063955126
282,0.99423075,0.005769254
762,0.99871397,0.0012860176
5064,0.00040215254,0.99959785
6386,0.0002515912,0.9997484
2391,0.99961996,0.00038006366
3561,0.99952596,0.00047404363
809,0.98911774,0.010882251
5311,0.00063341856,0.9993666
5969,0.005699396,0.9943006
2530,0.99955946,0.000440547
4736,0.00046384335,0.99953616
4900,0.00019532442,0.9998047
2369,0.9995537,0.00044630474
6243,0.0010064244,0.9989936
5874,0.9994093,0.0005906581
485,0.9993285,0.0006715226
7524,0.9969539,0.0030461142
7185,0.99965155,0.0003484401
5175,0.9995241,0.0004758865
3281,0.00048589706,0.9995141
7938,0.9994364,0.0005636386
3614,0.00019329786,0.9998067
292,0.999227,0.00077302026
1463,0.9807261,0.019273864
5304,0.00081294775,0.99918705
6889,0.00018817186,0.9998118
5397,0.00041276217,0.99958724
5233,0.9994348,0.0005651728
6203,0.99865687,0.0013431336
3608,0.0004608631,0.99953914
3585,0.99952596,0.00047404363
5970,0.9814304,0.018569598
3825,0.99956185,0.000438151
2714,0.99955946,0.000440547
6198,0.00022095442,0.99977905
6104,0.0023190975,0.9976809
2791,0.99955946,0.000440547
6001,0.0003490448,0.99965096
6707,0.00013327599,0.9998667
2889,0.99955946,0.000440547
6611,0.0004413724,0.9995586
2490,0.99955946,0.000440547
2695,0.9995537,0.00044630474
5288,0.00041276217,0.99958724
2671,0.9996315,0.0003684461
3765,0.99952596,0.00047404363
5051,0.0001475811,0.9998524
5980,0.97552013,0.024479894
4977,0.0001591444,0.99984086
3828,0.99952596,0.00047404363
5995,0.00038963556,0.99961036
7382,0.0004069209,0.9995931
2476,0.99962485,0.00037516005
5245,0.0011436939,0.9988563
4128,0.00041276217,0.99958724
2686,0.99955946,0.000440547
7513,0.9991108,0.00088919327
6185,0.00016534328,0.99983466
3516,0.99952596,0.00047404363
1635,0.9997239,0.0002761129
6242,0.0011925697,0.99880743
7006,0.00017684698,0.99982315
1785,0.99977005,0.00022995334
265,0.99277014,0.0072298474
5217,0.0037814975,0.9962185
4344,0.000210464,0.99978954
2311,0.9996315,0.0003684461
1239,0.99972606,0.00027396422
4627,0.00041276217,0.99958724
7339,0.0012024641,0.99879754
5171,0.00052160025,0.9994784
2747,0.99962485,0.00037516005
259,0.9991997,0.00080029713
784,0.99871397,0.0012860176
7273,0.99965155,0.0003484401
1040,0.9997847,0.00021527654
5704,0.9995435,0.0004565413
5437,0.00048589706,0.9995141
2264,0.99955946,0.000440547
7610,0.99865687,0.0013431336
7787,0.0023190975,0.9976809
1826,0.99955946,0.000440547
2190,0.99961996,0.00038006366
7616,0.00054591894,0.9994541
4452,0.00018686056,0.99981314
1714,0.9998555,0.00014450258
859,0.0012874603,0.99871254
6091,0.0008506775,0.9991493
6941,0.99023396,0.009766052
1477,0.99975777,0.00024221437
6827,0.9991108,0.00088919327
2840,0.9995537,0.00044630474
1219,0.9997504,0.00024962635
6992,0.00021368265,0.9997863
814,0.0040691495,0.99593085
1484,0.9993285,0.0006715226
1872,0.9998555,0.00014450258
8123,0.9996179,0.00038214072
7970,0.9996179,0.00038214072
7197,0.00014984608,0.99985015
702,0.9997847,0.00021527654
2682,0.9996315,0.0003684461
2663,0.9995537,0.00044630474
3522,0.00019365549,0.99980634
7236,0.9975663,0.0024337175
1395,0.99961996,0.00038006366
7155,0.0001680851,0.9998319
5696,0.0001591444,0.99984086
2238,0.00048589706,0.9995141
2299,0.99955946,0.000440547
7604,0.9979979,0.0020021456
4969,0.00046384335,0.99953616
2044,0.99989253,0.00010745372
2862,0.99955946,0.000440547
5014,0.00041276217,0.99958724
8039,0.0003902316,0.99960977
2313,0.99955946,0.000440547
4608,0.00019329786,0.9998067
2702,0.99955946,0.000440547
5589,0.00014138222,0.9998586
1035,0.9997504,0.00024962635
6555,0.00051790476,0.9994821
7775,0.00021368265,0.9997863
648,0.99968064,0.00031936157
6653,0.00023061037,0.9997694
1892,0.9997943,0.0002057014
8106,0.9996154,0.0003846071
976,0.9991704,0.00082956825
2064,0.99986035,0.00013966177
1459,0.0028871298,0.9971129
5308,0.9993892,0.0006108135
2000,0.99961996,0.00038006366
1601,0.99963766,0.00036233696
2915,0.99955946,0.000440547
1646,0.999227,0.00077302026
335,0.99961996,0.00038006366
4420,0.00018686056,0.99981314
4052,0.00019365549,0.99980634
5537,0.9995551,0.00044489387
8024,0.0003682375,0.99963176
6487,0.00025087595,0.9997491
4542,0.00021988153,0.9997801
5999,0.0001591444,0.99984086
4484,0.0001591444,0.99984086
7650,0.9969539,0.0030461142
4027,0.000210464,0.99978954
6061,0.0024015307,0.99759847
451,0.99849164,0.0015083633
7611,0.0004069209,0.9995931
3507,0.9995537,0.00044630474
4846,0.9993892,0.0006108135
5454,0.0001591444,0.99984086
4016,0.00048589706,0.9995141
2942,0.9996315,0.0003684461
770,0.99871397,0.0012860176
3988,0.000210464,0.99978954
4315,0.000210464,0.99978954
990,0.999227,0.00077302026
924,0.9998178,0.0001822088
474,0.9902675,0.009732496
897,0.99879354,0.001206469
4237,0.00019365549,0.99980634
6278,0.00015759468,0.9998424
8035,0.99858546,0.0014145116
7863,0.00084221363,0.9991578
7795,0.99866253,0.0013374615
1980,0.9998903,0.0001096669
3068,0.00087183714,0.99912816
1935,0.99972606,0.00027396422
412,0.9997209,0.00027912974
389,0.999227,0.00077302026
7625,0.00025087595,0.9997491
1228,0.0009675026,0.9990325
2540,0.008089125,0.9919109
4780,0.00021988153,0.9997801
7468,0.99905926,0.0009407305
1099,0.0021384358,0.99786156
2419,0.9996315,0.0003684461
3953,0.010653675,0.9893463
1408,0.99983966,0.0001603639
6751,0.00043278933,0.9995672
3888,0.99960816,0.0003918281
1300,0.99981904,0.00018095181
7982,0.00084221363,0.9991578
4704,0.0012034178,0.9987966
671,0.99425554,0.005744448
1610,0.99983394,0.0001660714
2617,0.99955946,0.000440547
7161,0.00084221363,0.9991578
7017,0.0014135838,0.9985864
5721,0.00038963556,0.99961036
6189,0.00017923117,0.99982077
3305,0.99952596,0.00047404363
3848,0.99952596,0.00047404363
2727,0.99955946,0.000440547
1117,0.99963766,0.00036233696
4144,0.00048589706,0.9995141
689,0.99871397,0.0012860176
3373,0.99956185,0.000438151
1100,0.99977005,0.00022995334
4130,0.00018686056,0.99981314
1303,0.99961996,0.00038006366
215,0.9985849,0.0014150807
7629,0.0008275509,0.99917245
6390,0.00016987324,0.9998301
1227,0.99990314,9.685138e-05
5499,0.0012769103,0.9987231
1447,0.99979764,0.00020233751
5545,0.0025667548,0.99743325
1124,0.9902675,0.009732496
5598,0.99306315,0.006936857
1537,0.0029532313,0.99704677
1377,0.9999041,9.58841e-05
204,0.9996929,0.00030707574
6591,0.00039166212,0.99960834
2246,0.99955946,0.000440547
3298,0.00021988153,0.9997801
5138,0.00041276217,0.99958724
7951,0.00027030706,0.9997297
688,0.999699,0.0003010176
2440,0.99955946,0.000440547
5488,0.00041276217,0.99958724
5950,0.00048589706,0.9995141
3603,0.99952596,0.00047404363
6709,0.0011078715,0.9988921
5415,0.99956226,0.00043775607
6449,0.99866253,0.0013374615
250,0.9993285,0.0006715226
4994,0.0004608631,0.99953914
4772,0.0004608631,0.99953914
1636,0.0009458661,0.99905413
3866,0.99960816,0.0003918281
1200,0.99936044,0.00063955126
2700,0.9995537,0.00044630474
5174,0.00017094612,0.99982905
2281,0.99962485,0.00037516005
7717,0.9917905,0.008209507
6539,0.0005658269,0.9994342
2241,0.0009458661,0.99905413
2334,0.99955946,0.000440547
162,0.98975575,0.010244226
5068,0.00021988153,0.9997801
1456,0.99981904,0.00018095181
3485,0.99956185,0.000438151
4451,0.99960816,0.0003918281
5003,0.00019365549,0.99980634
2094,0.99976546,0.00023454403
6806,0.00025087595,0.9997491
5915,0.0001591444,0.99984086
6687,0.0012454987,0.9987545
635,0.99959624,0.00040374743
7931,0.96693945,0.033060566
5778,0.0032773614,0.99672264
7031,0.00034749508,0.9996525
7039,0.9994282,0.0005717989
7345,0.00014173985,0.99985826
1443,0.99976546,0.00023454403
5857,0.00019329786,0.9998067
4851,0.00019329786,0.9998067
134,0.9821417,0.017858353
7043,0.0002169013,0.9997831
7961,0.0010778904,0.9989221
1237,0.9998995,0.000100465375
3377,0.99960816,0.0003918281
4850,0.00019329786,0.9998067
3829,0.00021988153,0.9997801
6775,0.00050485134,0.99949515
484,0.9821417,0.017858353
379,0.9995716,0.00042834887
5782,0.024968445,0.97503155
7482,0.00014984608,0.99985015
7084,0.00013017654,0.9998698
6705,0.0008401871,0.9991598
4855,0.00048589706,0.9995141
5795,0.000210464,0.99978954
7683,0.00085532665,0.9991447
6288,0.000957191,0.9990428
5565,0.00018686056,0.99981314
6534,0.00036406517,0.99963593
5057,0.0001591444,0.99984086
1889,0.99961996,0.00038006366
1032,0.9999012,9.884526e-05
1642,0.99961996,0.00038006366
4485,0.00019329786,0.9998067
6046,0.0008401871,0.9991598
2831,0.9995537,0.00044630474
6513,0.0011031628,0.99889684
7032,0.99858546,0.0014145116
4617,0.00017094612,0.99982905
5227,0.00024956465,0.99975044
3957,0.00019365549,0.99980634
7406,0.00085532665,0.9991447
6639,0.00034749508,0.9996525
6382,0.00014543533,0.99985456
1827,0.9998903,0.0001096669
5697,0.0022586584,0.99774134
5951,0.0012482405,0.99875176
2743,0.99960816,0.0003918281
3081,0.99952596,0.00047404363
6518,0.00022727251,0.9997727
2931,0.9996315,0.0003684461
6002,0.0029367805,0.9970632
5972,0.024968445,0.97503155
440,0.99938303,0.0006169807
4173,0.0004608631,0.99953914
7428,0.00023585558,0.99976414
7037,0.9996179,0.00038214072
7545,0.00017815828,0.99982184
237,0.9995716,0.00042834887
1202,0.99849164,0.0015083633
6971,0.00022119284,0.9997788
678,0.9997847,0.00021527654
2588,0.9996315,0.0003684461
3256,0.99960816,0.0003918281
4448,0.00018686056,0.99981314
7494,0.00097072124,0.9990293
1906,0.99976546,0.00023454403
4592,0.0001591444,0.99984086
194,0.999227,0.00077302026
36,0.99257714,0.0074228407
5352,0.00017094612,0.99982905
1319,0.99981904,0.00018095181
6656,0.0013443232,0.9986557
3147,0.00087183714,0.99912816
4915,0.000210464,0.99978954
297,0.99980164,0.00019837705
5936,0.0010504127,0.9989496
1659,0.99989253,0.00010745372
3641,0.99952596,0.00047404363
2819,0.99955946,0.000440547
166,0.99849164,0.0015083633
2375,0.0028871298,0.9971129
4320,0.0001591444,0.99984086
6054,0.00092327595,0.9990767
3610,0.00019532442,0.9998047
3952,0.000210464,0.99978954
394,0.99920636,0.0007936527
4931,0.99960697,0.0003930342
4276,0.99584186,0.004158159
2085,0.9999256,7.44124e-05
8091,0.0011638999,0.9988361
122,0.0021358132,0.9978642
4681,0.00018686056,0.99981314
4687,0.00017094612,0.99982905
5208,0.00023061037,0.9997694
3881,0.011823475,0.9881765
14,0.999871,0.0001289819
3496,0.00019532442,0.9998047
374,0.99879354,0.001206469
1810,0.0013583302,0.99864167
1902,0.99987054,0.00012945358
5875,0.9868415,0.013158488
8007,0.0011899471,0.99881005
6938,0.9994364,0.0005636386
5015,0.99956656,0.00043347426
783,0.99879354,0.001206469
5851,0.0017338395,0.99826616
1837,0.9997504,0.00024962635
7174,0.0007661581,0.99923384
3662,0.99962485,0.00037516005
4095,0.9995537,0.00044630474
7469,0.009868145,0.99013186
2750,0.99962485,0.00037516005
304,0.99936044,0.00063955126
2850,0.99962485,0.00037516005
1686,0.99983966,0.0001603639
3886,0.99956185,0.000438151
7215,0.00027030706,0.9997297
1026,0.98975575,0.010244226
1256,0.0013583302,0.99864167
510,0.99425554,0.005744448
312,0.99968064,0.00031936157
3860,0.99962485,0.00037516005
2084,0.9998995,0.000100465375
5944,0.00029355288,0.99970645
4773,0.00046384335,0.99953616
3420,0.99955946,0.000440547
617,0.9991704,0.00082956825
5409,0.00052160025,0.9994784
3164,0.00048589706,0.9995141
5183,0.0012634397,0.99873656
2038,0.9998443,0.00015569007
2758,0.9996315,0.0003684461
7172,0.00013184547,0.99986815
3457,0.006479323,0.9935207
4743,0.00019532442,0.9998047
1309,0.99983966,0.0001603639
5355,0.0001591444,0.99984086
499,0.9990703,0.0009297339
7755,0.0003682375,0.99963176
3667,0.00019532442,0.9998047
2287,0.9996315,0.0003684461
7793,0.00020891428,0.9997911
3414,0.99956185,0.000438151
4833,0.0004608631,0.99953914
6714,0.003137827,0.9968622
1967,0.9995767,0.00042332665
1210,0.99972606,0.00027396422
3793,0.99952596,0.00047404363
1640,0.99957997,0.00042003268
6216,0.000957191,0.9990428
7091,0.012537658,0.98746234
3815,0.00046384335,0.99953616
2816,0.99961996,0.00038006366
5550,0.0032773614,0.99672264
6062,0.00040060282,0.9995994
597,0.9991997,0.00080029713
7608,0.0008275509,0.99917245
1631,0.9998555,0.00014450258
1693,0.99969286,0.00030711322
7445,0.99865687,0.0013431336
7505,0.00020891428,0.9997911
1308,0.9998101,0.00018990564
2764,0.9996315,0.0003684461
577,0.99915665,0.0008433548
5076,0.0004608631,0.99953914
896,0.9995716,0.00042834887
1962,0.9995537,0.00044630474
2217,0.9996315,0.0003684461
983,0.99990314,9.685138e-05
7837,0.00032818317,0.9996718
5017,0.00046384335,0.99953616
159,0.9989857,0.001014313
244,0.9931076,0.0068923556
6895,0.00034749508,0.9996525
6304,0.0002079606,0.99979204
3314,0.99952596,0.00047404363
5717,0.06017357,0.9398264
5376,0.03324026,0.96675974
4282,0.000210464,0.99978954
2788,0.99963766,0.00036233696
5929,0.0066390038,0.993361
3374,0.99952596,0.00047404363
4564,0.00046384335,0.99953616
4191,0.0004608631,0.99953914
3099,0.99956185,0.000438151
3606,0.00021988153,0.9997801
5815,0.00014138222,0.9998586
45,0.99936044,0.00063955126
5121,0.0017127395,0.99828726
1998,0.99957997,0.00042003268
3056,0.99960816,0.0003918281
6470,0.00054866076,0.99945134
1063,0.99980164,0.00019837705
3867,0.99956185,0.000438151
7038,0.00027030706,0.9997297
7696,0.0027287602,0.99727124
4025,0.00018686056,0.99981314
3785,0.99952596,0.00047404363
6987,0.00018078089,0.9998192
5112,0.00041276217,0.99958724
3246,0.00019532442,0.9998047
7742,0.00020891428,0.9997911
235,0.9859993,0.014000743
2529,0.9996315,0.0003684461
2736,0.99955946,0.000440547
6011,0.00040060282,0.9995994
8043,0.9996116,0.00038840645
8081,0.00027662516,0.9997234
6193,0.00015759468,0.9998424
2874,0.9995537,0.00044630474
3287,0.99952596,0.00047404363
325,0.9991704,0.00082956825
731,0.99983394,0.0001660714
3661,0.00048589706,0.9995141
2878,0.99956185,0.000438151
7464,0.00023585558,0.99976414
1240,0.0028871298,0.9971129
1289,0.99975026,0.00024975394
1,0.99915665,0.0008433548
7501,0.00027805567,0.99972194
6077,0.00014984608,0.99985015
5558,0.0011436939,0.9988563
2305,0.99955946,0.000440547
7978,0.0011638999,0.9988361
3672,0.99956185,0.000438151
5344,0.9977129,0.0022871133
1860,0.9995537,0.00044630474
3638,0.99956185,0.000438151
5305,0.000878036,0.99912196
655,0.99915665,0.0008433548
1113,0.9998178,0.0001822088
2455,0.9996315,0.0003684461
7478,0.00084221363,0.9991578
3929,0.00019532442,0.9998047
2011,0.999871,0.0001289819
3711,0.99956185,0.000438151
7153,0.99905396,0.0009460192
243,0.0029532313,0.99704677
556,0.007039368,0.99296063
5940,0.03324026,0.96675974
2103,0.9995537,0.00044630474
1049,0.99980164,0.00019837705
663,0.0012874603,0.99871254
6122,0.0009200573,0.99907994
599,0.0040691495,0.99593085
591,0.99979264,0.00020736028
1985,0.9995537,0.00044630474
1987,0.0033715367,0.99662846
6595,0.000121593475,0.9998784
8083,0.0008275509,0.99917245
1738,0.99969894,0.00030107299
8031,0.0011638999,0.9988361
4391,0.00041276217,0.99958724
7158,0.99905926,0.0009407305
613,0.0029532313,0.99704677
5193,0.99948883,0.0005111719
7465,0.00032818317,0.9996718
121,0.99938303,0.0006169807
4323,0.0001591444,0.99984086
7937,0.9995982,0.00040181034
7685,0.9987505,0.0012494654
6205,0.00054866076,0.99945134
6019,0.00044113398,0.99955887
2324,0.9995537,0.00044630474
7314,0.9991108,0.00088919327
6905,0.9995982,0.00040181034
4268,0.00019329786,0.9998067
164,0.99936044,0.00063955126
3109,0.00021988153,0.9997801
3367,0.99952596,0.00047404363
2092,0.9985849,0.0014150807
4064,0.00021988153,0.9997801
6779,0.00020927191,0.9997907
7697,0.00085532665,0.9991447
4160,0.00018686056,0.99981314
7430,0.00015544891,0.99984455
3264,0.00048589706,0.9995141
6956,0.00013017654,0.9998698
2507,0.9996315,0.0003684461
4396,0.9868415,0.013158488
1611,0.9995883,0.00041168008
3079,0.99952596,0.00047404363
7520,0.00021368265,0.9997863
6139,0.00039750338,0.9996025
1325,0.9997239,0.0002761129
3616,0.008089125,0.9919109
320,0.999699,0.0003010176
4457,0.000210464,0.99978954
6226,0.0005658269,0.9994342
4389,0.00018686056,0.99981314
4694,0.00046384335,0.99953616
6872,0.00027137995,0.9997286
51,0.99871397,0.0012860176
3387,0.99956185,0.000438151
3984,0.9995551,0.00044489387
2984,0.9995537,0.00044630474
7744,0.9994282,0.0005717989
1819,0.99961996,0.00038006366
863,0.99936044,0.00063955126
6947,0.0012454987,0.9987545
7888,0.0003682375,0.99963176
4784,0.00019329786,0.9998067
5805,0.0022895336,0.99771047
5192,0.0022586584,0.99774134
1076,0.99425554,0.005744448
6327,0.00040060282,0.9995994
5458,0.0010448694,0.99895513
4386,0.0001591444,0.99984086
1037,0.9958368,0.004163185
3786,0.99956185,0.000438151
3316,0.99956185,0.000438151
4178,0.00048589706,0.9995141
5916,0.9994844,0.00051559217
7134,0.9975663,0.0024337175
1043,0.99962485,0.00037516005
652,0.9993285,0.0006715226
6731,0.00016963482,0.99983037
1815,0.99968064,0.00031936157
2147,0.0042926073,0.9957074
5521,0.00024956465,0.99975044
7433,0.00023192167,0.9997681
7309,0.9986717,0.0013282861
5629,0.00052160025,0.9994784
1359,0.99969894,0.00030107299
1064,0.0033715367,0.99662846
7002,0.0002180934,0.9997819
4771,0.00019329786,0.9998067
2688,0.9996315,0.0003684461
5080,0.00018686056,0.99981314
3734,0.00018686056,0.99981314
8000,0.9995982,0.00040181034
3436,0.99952596,0.00047404363
2744,0.99962485,0.00037516005
1531,0.9998101,0.00018990564
5071,0.99960005,0.00039993817
5845,0.00017094612,0.99982905
8070,0.00013673306,0.99986327
6500,0.00029581785,0.9997042
8021,0.00017875433,0.99982125
4556,0.99956185,0.000438151
5197,0.99931395,0.00068607565
1051,0.99961996,0.00038006366
3554,0.0077703595,0.99222964
7209,0.00036406517,0.99963593
6514,0.00094264746,0.99905735
3773,0.9995537,0.00044630474
5655,0.0012482405,0.99875176
2346,0.99986035,0.00013966177
71,0.9991997,0.00080029713
392,0.9991704,0.00082956825
4755,0.00046384335,0.99953616
3835,0.00019532442,0.9998047
2253,0.99956185,0.000438151
2548,0.9995537,0.00044630474
7500,0.99767333,0.0023266908
5794,0.9956065,0.0043935273
1822,0.0029532313,0.99704677
5864,0.0012564063,0.9987436
3863,0.99955946,0.000440547
1773,0.99968064,0.00031936157
7044,0.00039166212,0.99960834
4377,0.00017094612,0.99982905
1106,0.0036048293,0.9963952
3884,0.99960816,0.0003918281
1743,0.99975777,0.00024221437
3976,0.000210464,0.99978954
1286,0.007039368,0.99296063
1540,0.0010586381,0.99894136
883,0.99936044,0.00063955126
4033,0.99956185,0.000438151
4167,0.000210464,0.99978954
348,0.9997874,0.0002126062
5524,0.00041276217,0.99958724
2043,0.9997239,0.0002761129
4480,0.99960816,0.0003918281
1749,0.99975026,0.00024975394
3031,0.99956185,0.000438151
5238,0.99759626,0.002403754
2594,0.00048589706,0.9995141
4265,0.000210464,0.99978954
4555,0.00019532442,0.9998047
692,0.9997209,0.00027912974
6338,0.00021082163,0.9997892
825,0.999699,0.0003010176
3697,0.0011085868,0.9988914
213,0.9875084,0.012491588
6766,0.000918746,0.99908125
4145,0.00041276217,0.99958724
5568,0.005699396,0.9943006
5653,0.99945825,0.00054177095
3065,0.99952596,0.00047404363
4007,0.0004608631,0.99953914
2961,0.99962485,0.00037516005
253,0.99959624,0.00040374743
3700,0.99962485,0.00037516005
1442,0.9999041,9.58841e-05
1708,0.9999256,7.44124e-05
4266,0.00018686056,0.99981314
1999,0.99972606,0.00027396422
7570,0.96690834,0.033091683
7440,0.9996154,0.0003846071
2106,0.9996315,0.0003684461
3959,0.0013874769,0.9986125
6215,0.00085532665,0.9991447
3695,0.99960816,0.0003918281
7771,0.00023657084,0.9997634
7866,0.9996179,0.00038214072
1387,0.9995537,0.00044630474
5590,0.00018018484,0.9998198
7508,0.0009447932,0.9990552
1549,0.99990314,9.685138e-05
7767,0.00032818317,0.9996718
3636,0.99952596,0.00047404363
2994,0.9995537,0.00044630474
3234,0.99955946,0.000440547
2973,0.99961996,0.00038006366
5043,0.00046384335,0.99953616
7503,0.0011638999,0.9988361
964,0.99963766,0.00036233696
6959,0.0004620552,0.99953794
2749,0.011823475,0.9881765
3155,0.99956185,0.000438151
7734,0.00013327599,0.9998667
7015,0.99905926,0.0009407305
1072,0.99915665,0.0008433548
7941,0.008822799,0.9911772
1800,0.99960816,0.0003918281
8020,0.0021349788,0.997865
7730,0.00054591894,0.9994541
5083,0.00018686056,0.99981314
4950,0.0009279251,0.9990721
4991,0.00019532442,0.9998047
5946,0.00095659494,0.9990434
6739,0.000918746,0.99908125
2307,0.9995537,0.00044630474
603,0.9996929,0.00030707574
2649,0.9995537,0.00044630474
4201,0.0004608631,0.99953914
1641,0.99961996,0.00038006366
7146,0.009201288,0.9907987
1527,0.99963766,0.00036233696
2496,0.9996315,0.0003684461
273,0.999699,0.0003010176
772,0.999699,0.0003010176
7894,0.99912316,0.0008768422
555,0.9997427,0.000257296
4232,0.00082838535,0.9991716
4190,0.00019365549,0.99980634
5184,0.00523448,0.9947655
5837,0.0011436939,0.9988563
7206,0.0002180934,0.9997819
5032,0.00019329786,0.9998067
5203,0.00019329786,0.9998067
4402,0.000210464,0.99978954
3286,0.99962485,0.00037516005
6211,0.00048184395,0.99951816
4100,0.00043803453,0.99956197
5221,0.9994093,0.0005906581
4732,0.99960816,0.0003918281
5466,0.9993892,0.0006108135
2841,0.008089125,0.9919109
4068,0.99952596,0.00047404363
6752,0.99962264,0.0003773788
1529,0.99960095,0.00039907725
1150,0.9995883,0.00041168008
3008,0.99956185,0.000438151
6270,0.00022095442,0.99977905
6659,0.00059628487,0.9994037
489,0.9997209,0.00027912974
7324,0.0002169013,0.9997831
7862,0.0008275509,0.99917245
7599,0.00016760826,0.9998324
1787,0.99964213,0.0003578799
5058,0.0032773614,0.99672264
7213,0.00017684698,0.99982315
1786,0.0070305467,0.99296945
1942,0.99961996,0.00038006366
524,0.99277014,0.0072298474
4001,0.00041276217,0.99958724
7111,0.012660086,0.9873399
6618,0.00017923117,0.99982077
3502,0.99956185,0.000438151
4515,0.00019365549,0.99980634
5420,0.99948376,0.00051622087
387,0.9997943,0.0002057014
1201,0.99915665,0.0008433548
2403,0.99952596,0.00047404363
2745,0.9995537,0.00044630474
7601,0.00013673306,0.99986327
7097,0.0007661581,0.99923384
1774,0.99961996,0.00038006366
3083,0.99956185,0.000438151
6862,0.0023190975,0.9976809
7892,0.0004620552,0.99953794
406,0.9995716,0.00042834887
4089,0.99952596,0.00047404363
5673,0.00277555,0.99722445
629,0.99849164,0.0015083633
7515,0.0021349788,0.997865
3048,0.99960816,0.0003918281
2328,0.99961996,0.00038006366
8082,0.00015544891,0.99984455
1585,0.0029532313,0.99704677
1326,0.9989857,0.001014313
7906,0.00029176474,0.99970824
5149,0.0010588765,0.9989411
3566,0.99956185,0.000438151
4699,0.0017338395,0.99826616
7356,0.00016534328,0.99983466
3412,0.99956185,0.000438151
7437,0.9996116,0.00038840645
3937,0.99956185,0.000438151
1975,0.0010586381,0.99894136
5710,0.00082838535,0.9991716
7757,0.00015544891,0.99984455
2382,0.99955946,0.000440547
5164,0.00040215254,0.99959785
6509,0.9986717,0.0013282861
2674,0.9996315,0.0003684461
7792,0.00016987324,0.9998301
6037,0.00023061037,0.9997694
6362,0.00042635202,0.99957365
2565,0.9995537,0.00044630474
4844,0.9993155,0.000684504
903,0.9997095,0.00029051848
1294,0.0009458661,0.99905413
670,0.99915665,0.0008433548
6239,0.001032114,0.9989679
2003,0.99961996,0.00038006366
7005,0.99865687,0.0013431336
6579,0.0011638999,0.9988361
1662,0.99968064,0.00031936157
2934,0.99962485,0.00037516005
1846,0.99973714,0.00026286236
2273,0.99955946,0.000440547
6474,0.000121593475,0.9998784
6182,0.00029581785,0.9997042
4187,0.99956185,0.000438151
3665,0.99956185,0.000438151
5229,0.000878036,0.99912196
6363,0.0023190975,0.9976809
2066,0.99955946,0.000440547
7810,0.99888927,0.0011107108
2986,0.9995537,0.00044630474
8067,0.9995982,0.00040181034
3421,0.0124349,0.9875651
7214,0.00013017654,0.9998698
4328,0.00019532442,0.9998047
3292,0.008089125,0.9919109
5968,0.00019365549,0.99980634
3921,0.0001591444,0.99984086
5743,0.99931395,0.00068607565
1961,0.9999012,9.884526e-05
6074,0.0001475811,0.9998524
5768,0.0021811724,0.9978188
6275,0.0003682375,0.99963176
998,0.9985849,0.0014150807
2849,0.9995537,0.00044630474
5368,0.003484249,0.99651575
2897,0.9996315,0.0003684461
291,0.9995716,0.00042834887
2694,0.99956185,0.000438151
5295,0.9994348,0.0005651728
7844,0.9996154,0.0003846071
3713,0.00017094612,0.99982905
5552,0.0004146695,0.99958533
5605,0.015899539,0.98410046
3914,0.9995537,0.00044630474
4629,0.00040215254,0.99959785
6478,0.0011925697,0.99880743
2215,0.99962485,0.00037516005
4854,0.00019329786,0.9998067
7274,0.0009447932,0.9990552
605,0.99849164,0.0015083633
2756,0.9996315,0.0003684461
4473,0.00046384335,0.99953616
1628,0.0042926073,0.9957074
6134,0.00023061037,0.9997694
5560,0.00523448,0.9947655
7422,0.9370164,0.06298358
6316,0.00016534328,0.99983466
7849,0.0004069209,0.9995931
1112,0.9993159,0.00068406446
2652,0.99962485,0.00037516005
5443,0.9994093,0.0005906581
4433,0.00019365549,0.99980634
4532,0.00021988153,0.9997801
2052,0.9997943,0.0002057014
5404,0.00018018484,0.9998198
7644,0.9986717,0.0013282861
963,0.99961996,0.00038006366
6224,0.00027030706,0.9997297
6341,0.0001282692,0.99987173
739,0.9875084,0.012491588
6819,0.00022119284,0.9997788
3663,0.00087183714,0.99912816
480,0.99959624,0.00040374743
6268,0.00052052736,0.9994795
7788,0.9996116,0.00038840645
3781,0.00019532442,0.9998047
4963,0.0034397244,0.9965603
7641,0.99905396,0.0009460192
5986,0.0001591444,0.99984086
5252,0.9994832,0.0005167762
7299,0.9995982,0.00040181034
7290,0.9996154,0.0003846071
3872,0.011823475,0.9881765
4677,0.000210464,0.99978954
7282,0.00027805567,0.99972194
2857,0.99955946,0.000440547
7603,0.00054591894,0.9994541
912,0.99871397,0.0012860176
6155,0.00084221363,0.9991578
673,0.99111,0.008889961
2123,0.99961996,0.00038006366
2504,0.99955946,0.000440547
4878,0.0004608631,0.99953914
4293,0.0004608631,0.99953914
2070,0.99956185,0.000438151
7219,0.00039857626,0.9996014
7432,0.9996179,0.00038214072
572,0.99915665,0.0008433548
240,0.9997427,0.000257296
2939,0.99962485,0.00037516005
1269,0.99955946,0.000440547
4148,0.00017094612,0.99982905
7539,0.00085532665,0.9991447
661,0.99879354,0.001206469
7387,0.0027287602,0.99727124
7343,0.002061665,0.99793833
986,0.9998178,0.0001822088
4752,0.00018686056,0.99981314
5554,0.0010588765,0.9989411
7407,0.9995982,0.00040181034
4913,0.00046384335,0.99953616
6404,0.00018817186,0.9998118
4374,0.0008701682,0.99912983
6078,0.00029426813,0.99970573
5476,0.00018686056,0.99981314
3654,0.00041276217,0.99958724
288,0.9997209,0.00027912974
3859,0.006479323,0.9935207
7375,0.9996179,0.00038214072
947,0.9991704,0.00082956825
4475,0.00018686056,0.99981314
771,0.9990703,0.0009297339
2016,0.9998178,0.0001822088
7692,0.9996154,0.0003846071
5649,0.9993155,0.000684504
7035,0.9996571,0.00034287985
5652,0.9995704,0.00042959466
6373,0.001032114,0.9989679
5839,0.9868415,0.013158488
2876,0.99956185,0.000438151
2839,0.9995537,0.00044630474
527,0.999227,0.00077302026
7548,0.9370164,0.06298358
1771,0.99983394,0.0001660714
269,0.0070305467,0.99296945
2230,0.99955946,0.000440547
3500,0.006479323,0.9935207
229,0.9989857,0.001014313
2335,0.9995537,0.00044630474
6794,0.00014543533,0.99985456
3588,0.99956185,0.000438151
6945,0.008737326,0.9912627
7805,0.013915062,0.98608494
7367,0.061458826,0.9385412
513,0.99257714,0.0074228407
89,0.99423075,0.005769254
1875,0.9995537,0.00044630474
7298,0.00085532665,0.9991447
4407,0.0004608631,0.99953914
3283,0.99955946,0.000440547
1415,0.99987054,0.00012945358
1403,0.99983966,0.0001603639
3474,0.99962485,0.00037516005
918,0.99976546,0.00023454403
2218,0.99962485,0.00037516005
203,0.99982077,0.00017923446
223,0.9931076,0.0068923556
6759,0.000918746,0.99908125
7224,0.00084221363,0.9991578
6690,0.00020927191,0.9997907
1711,0.99980164,0.00019837705
1779,0.9997943,0.0002057014
1570,0.99987054,0.00012945358
7643,0.9979979,0.0020021456
1506,0.0042926073,0.9957074
6142,0.9994104,0.00058960967
4715,0.00048589706,0.9995141
1522,0.99981904,0.00018095181
6483,0.00023907423,0.9997609
7007,0.00054866076,0.99945134
6718,0.0004413724,0.9995586
4038,0.00019532442,0.9998047
915,0.99871397,0.0012860176
1231,0.0010586381,0.99894136
21,0.0021384358,0.99786156
6664,0.0009200573,0.99907994
2904,0.99955946,0.000440547
5366,0.00017094612,0.99982905
4792,0.00019365549,0.99980634
1198,0.99871397,0.0012860176
6055,0.00033175945,0.99966824
5440,0.00024956465,0.99975044
1366,0.9999012,9.884526e-05
3254,0.99956185,0.000438151
363,0.9996929,0.00030707574
5405,0.019960403,0.9800396
2554,0.9995537,0.00044630474
2332,0.9996315,0.0003684461
6200,0.00014543533,0.99985456
3192,0.99956185,0.000438151
2041,0.9996315,0.0003684461
2798,0.99955946,0.000440547
1661,0.9999012,9.884526e-05
829,0.9902675,0.009732496
5885,0.00041276217,0.99958724
1556,0.99972606,0.00027396422
6374,0.0002874732,0.9997125
5215,0.037449658,0.96255034
6422,0.00013184547,0.99986815
160,0.9990703,0.0009297339
3144,0.99952596,0.00047404363
446,0.99871397,0.0012860176
279,0.999227,0.00077302026
5353,0.0013213754,0.9986786
7411,0.99965155,0.0003484401
1709,0.9995537,0.00044630474
7546,0.0003902316,0.99960977
1859,0.99960095,0.00039907725
4861,0.00019329786,0.9998067
6899,0.00022226572,0.99977773
6974,0.00046229362,0.9995377
4501,0.0001591444,0.99984086
2526,0.9995537,0.00044630474
2054,0.9996315,0.0003684461
137,0.99968064,0.00031936157
1332,0.0013583302,0.99864167
5611,0.000210464,0.99978954
6331,0.9992458,0.0007541821
2893,0.99955946,0.000440547
1437,0.0010586381,0.99894136
6227,0.00017815828,0.99982184
5198,0.00048589706,0.9995141
6274,0.00037956238,0.99962044
3527,0.99952596,0.00047404363
5790,0.00081294775,0.99918705
8037,0.00025516748,0.99974483
3441,0.0077703595,0.99222964
1666,0.99986035,0.00013966177
1116,0.99979764,0.00020233751
1937,0.99989253,0.00010745372
4154,0.99956185,0.000438151
2762,0.99955946,0.000440547
6172,0.00043553114,0.99956447
5342,0.0019289851,0.998071
7823,0.9986717,0.0013282861
5956,0.00029355288,0.99970645
841,0.0021384358,0.99786156
7457,0.00044113398,0.99955887
77,0.9996929,0.00030707574
6463,0.0011966228,0.9988034
3755,0.00021988153,0.9997801
7596,0.0009447932,0.9990552
3725,0.0074917674,0.99250823
4497,0.99939734,0.0006026361
2255,0.99956185,0.000438151
1594,0.99980164,0.00019837705
3498,0.9995537,0.00044630474
4701,0.00046384335,0.99953616
1739,0.0028871298,0.9971129
6996,0.0025788546,0.99742115
4907,0.00019365549,0.99980634
5843,0.00041276217,0.99958724
7455,0.9996116,0.00038840645
3051,0.99960816,0.0003918281
590,0.0029532313,0.99704677
66,0.99871397,0.0012860176
4723,0.00018686056,0.99981314
6721,0.00039225817,0.99960774
1081,0.0070305467,0.99296945
7308,0.0011006594,0.99889934
5362,0.99939734,0.0006026361
7173,0.9995982,0.00040181034
2254,0.99962485,0.00037516005
3385,0.9995537,0.00044630474
3491,0.99956185,0.000438151
5766,0.0010448694,0.99895513
5662,0.0001591444,0.99984086
3417,0.00021988153,0.9997801
3375,0.99956185,0.000438151
404,0.99879354,0.001206469
6141,0.0010064244,0.9989936
1156,0.9998443,0.00015569007
6100,0.0004413724,0.9995586
4302,0.000210464,0.99978954
6504,0.003137827,0.9968622
3269,0.00019365549,0.99980634
6853,0.0002515912,0.9997484
3218,0.011634707,0.9883653
6833,0.00042635202,0.99957365
3925,0.00019532442,0.9998047
6973,0.00018066168,0.99981934
1589,0.9997504,0.00024962635
4139,0.00019329786,0.9998067
5449,0.0012155175,0.9987845
3694,0.00021988153,0.9997801
4788,0.99960816,0.0003918281
5758,0.00023013353,0.99976987
7177,0.00012052059,0.9998795
3141,0.00019532442,0.9998047
6851,0.00022727251,0.9997727
1419,0.99969894,0.00030107299
3599,0.00021988153,0.9997801
6519,0.00097072124,0.9990293
5729,0.00523448,0.9947655
3265,0.00048589706,0.9995141
2355,0.9995537,0.00044630474
7870,0.99865687,0.0013431336
3426,0.011634707,0.9883653
5225,0.00040215254,0.99959785
4373,0.000210464,0.99978954
1206,0.9999041,9.58841e-05
5532,0.00017094612,0.99982905
5646,0.0010448694,0.99895513
6458,0.00013327599,0.9998667
7069,0.00018066168,0.99981934
1752,0.99975777,0.00024221437
2575,0.99962485,0.00037516005
6961,0.00012052059,0.9998795
4825,0.00017094612,0.99982905
3449,0.99952596,0.00047404363
3732,0.99960816,0.0003918281
6292,0.0008401871,0.9991598
2339,0.99955946,0.000440547
2040,0.99956185,0.000438151
1762,0.9999256,7.44124e-05
1690,0.9997847,0.00021527654
2957,0.99961996,0.00038006366
1523,0.99977005,0.00022995334
4624,0.000210464,0.99978954
843,0.99257714,0.0074228407
5006,0.00021988153,0.9997801
7421,0.0021349788,0.997865
3223,0.99960816,0.0003918281
4641,0.0025667548,0.99743325
656,0.9998903,0.0001096669
5958,0.00018686056,0.99981314
3919,0.00017094612,0.99982905
2981,0.9995537,0.00044630474
6932,0.99866253,0.0013374615
2469,0.99955946,0.000440547
1627,0.99961996,0.00038006366
2461,0.99956185,0.000438151
6958,0.9994282,0.0005717989
5952,0.0001591444,0.99984086
1856,0.99111,0.008889961
5884,0.0002745986,0.9997254
2899,0.99960816,0.0003918281
6807,0.00097072124,0.9990293
2631,0.9996315,0.0003684461
3908,0.00019365549,0.99980634
3193,0.00019365549,0.99980634
3939,0.0077703595,0.99222964
3595,0.99952596,0.00047404363
1411,0.9997239,0.0002761129
2801,0.9998903,0.0001096669
6335,0.0002745986,0.9997254
3355,0.99952596,0.00047404363
2316,0.99955946,0.000440547
2527,0.99962485,0.00037516005
2827,0.9996315,0.0003684461
782,0.99959624,0.00040374743
791,0.9996929,0.00030707574
7533,0.9668327,0.03316733
558,0.99871397,0.0012860176
6632,0.00043278933,0.9995672
7658,0.9996116,0.00038840645
1955,0.0009675026,0.9990325
2194,0.99956185,0.000438151
4543,0.00019365549,0.99980634
5374,0.0012769103,0.9987231
1246,0.99983966,0.0001603639
6429,0.00033175945,0.99966824
4558,0.00019329786,0.9998067
8079,0.0008867383,0.99911326
7151,0.00013840199,0.9998616
7058,0.00059628487,0.9994037
2953,0.9996315,0.0003684461
7818,0.99965155,0.0003484401
5779,0.97438014,0.025619883
1605,0.99987054,0.00012945358
4122,0.00019365549,0.99980634
7751,0.0027287602,0.99727124
2082,0.99961996,0.00038006366
7102,0.00013673306,0.99986327
1963,0.9998329,0.00016708428
5797,0.0001591444,0.99984086
6351,0.0011966228,0.9988034
3177,0.99960816,0.0003918281
3740,0.99962485,0.00037516005
7049,0.00017684698,0.99982315
4990,0.00019365549,0.99980634
2869,0.99955946,0.000440547
7435,0.00039857626,0.9996014
5107,0.06961161,0.9303884
2204,0.99955946,0.000440547
5037,0.000210464,0.99978954
5786,0.00018686056,0.99981314
4727,0.00018686056,0.99981314
2099,0.9997943,0.0002057014
1272,0.0009458661,0.99905413
1478,0.0010586381,0.99894136
3271,0.99952596,0.00047404363
1254,0.0021358132,0.9978642
108,0.9991997,0.00080029713
7371,0.0009979606,0.99900204
2720,0.99961996,0.00038006366
7270,0.9991917,0.0008082858
2547,0.9995537,0.00044630474
2779,0.9995537,0.00044630474
6087,0.00040060282,0.9995994
2610,0.99955946,0.000440547
6033,0.0005658269,0.9994342
3052,0.00087183714,0.99912816
1813,0.99871397,0.0012860176
2563,0.99962485,0.00037516005
3838,0.99952596,0.00047404363
67,0.9993285,0.0006715226
3698,0.99952596,0.00047404363
3472,0.99952596,0.00047404363
3783,0.00019365549,0.99980634
729,0.99938303,0.0006169807
6882,0.0024015307,0.99759847
3584,0.99960816,0.0003918281
3832,0.99956185,0.000438151
1609,0.99957997,0.00042003268
7105,0.00052052736,0.9994795
7955,0.9991917,0.0008082858
3258,0.0077703595,0.99222964
1245,0.9999258,7.42214e-05
807,0.99946725,0.00053276704
3046,0.99955946,0.000440547
4647,0.9878147,0.012185279
972,0.9996315,0.0003684461
6804,0.0002745986,0.9997254
2341,0.99955946,0.000440547
1208,0.99969894,0.00030107299
4017,0.00019329786,0.9998067
4188,0.00019329786,0.9998067
7732,0.0001680851,0.9998319
7613,0.00016760826,0.9998324
210,0.99915665,0.0008433548
4082,0.0004608631,0.99953914
128,0.99871397,0.0012860176
4832,0.0004608631,0.99953914
6609,0.0001475811,0.9998524
7943,0.00027662516,0.9997234
4098,0.007308185,0.9926918
4596,0.00046384335,0.99953616
6490,0.00014173985,0.99985826
6593,0.0002745986,0.9997254
7184,0.00054591894,0.9994541
1933,0.99979764,0.00020233751
5412,0.00041276217,0.99958724
3575,0.99956185,0.000438151
1179,0.9996929,0.00030707574
3556,0.00019329786,0.9998067
62,0.9990703,0.0009297339
7714,0.010391533,0.98960847
6625,0.0012564063,0.9987436
3386,0.99952596,0.00047404363
3974,0.00048589706,0.9995141
7538,0.0003902316,0.99960977
5069,0.0004608631,0.99953914
3270,0.008089125,0.9919109
3054,0.99952596,0.00047404363
1921,0.9999256,7.44124e-05
1638,0.99963766,0.00036233696
7949,0.00039857626,0.9996014
2967,0.99955946,0.000440547
6160,0.0011031628,0.99889684
2713,0.9995537,0.00044630474
5847,0.98279685,0.017203132
2423,0.99956185,0.000438151
1441,0.9996967,0.00030332716
6837,0.00059628487,0.9994037
2679,0.99956185,0.000438151
423,0.99920636,0.0007936527
6732,0.0003490448,0.99965096
5432,0.0021811724,0.9978188
3430,0.99952596,0.00047404363
529,0.9997427,0.000257296
2007,0.9998178,0.0001822088
1597,0.99974155,0.00025843948
995,0.9995883,0.00041168008
3597,0.00021988153,0.9997801
4874,0.00046384335,0.99953616
666,0.99920636,0.0007936527
2997,0.99955946,0.000440547
574,0.9993159,0.00068406446
2950,0.9995537,0.00044630474
6125,0.00097072124,0.9990293
5840,0.0068255067,0.9931745
5072,0.00018686056,0.99981314
2211,0.99962485,0.00037516005
5481,0.99948883,0.0005111719
975,0.99964213,0.0003578799
1532,0.0028871298,0.9971129
4690,0.00018686056,0.99981314
4074,0.99960816,0.0003918281
2933,0.9995537,0.00044630474
7142,0.0009200573,0.99907994
7606,0.00023657084,0.9997634
1879,0.99981904,0.00018095181
4021,0.00019365549,0.99980634
6648,0.00040060282,0.9995994
4494,0.0020338297,0.9979662
4151,0.00018686056,0.99981314
5021,0.0011918545,0.99880815
2203,0.99956185,0.000438151
7580,0.0011006594,0.99889934
3969,0.00087183714,0.99912816
5886,0.9995551,0.00044489387
7220,0.99912316,0.0008768422
1734,0.0013583302,0.99864167
697,0.0021384358,0.99786156
1028,0.999699,0.0003010176
197,0.99879354,0.001206469
1336,0.99972606,0.00027396422
1984,0.99955946,0.000440547
5774,0.0104397535,0.98956025
2514,0.99956185,0.000438151
3043,0.99960816,0.0003918281
1105,0.99969894,0.00030107299
6481,0.001321137,0.99867886
5122,0.92367685,0.07632317
6480,0.0029367805,0.9970632
4065,0.00019329786,0.9998067
988,0.99979264,0.00020736028
6981,0.0002180934,0.9997819
3514,0.99952596,0.00047404363
8056,0.9995982,0.00040181034
3687,0.007308185,0.9926918
4384,0.00018686056,0.99981314
224,0.99938303,0.0006169807
816,0.9993159,0.00068406446
3225,0.99956185,0.000438151
7280,0.9987637,0.0012363172
636,0.9993285,0.0006715226
4255,0.00046384335,0.99953616
5270,0.0001591444,0.99984086
3321,0.9996315,0.0003684461
261,0.0011321306,0.99886787
2678,0.99955946,0.000440547
4426,0.000210464,0.99978954
5231,0.99518967,0.004810337
3923,0.99956185,0.000438151
7920,0.0008867383,0.99911326
8078,0.99962264,0.0003773788
4506,0.00017094612,0.99982905
3845,0.0124349,0.9875651
2856,0.99955946,0.000440547
6149,0.00022226572,0.99977773
1031,0.0021384358,0.99786156
2854,0.9996315,0.0003684461
1695,0.9998567,0.00014326574
1884,0.9996315,0.0003684461
2322,0.99962485,0.00037516005
6484,0.00014543533,0.99985456
5965,0.0001591444,0.99984086
2297,0.999871,0.0001289819
1110,0.9998329,0.00016708428
2026,0.9998567,0.00014326574
6407,0.00037956238,0.99962044
4134,0.99956185,0.000438151
2522,0.9996315,0.0003684461
7710,0.9995982,0.00040181034
7249,0.00027030706,0.9997297
6773,0.0011925697,0.99880743
5512,0.0079497695,0.99205023
4570,0.99956185,0.000438151
6053,0.00042635202,0.99957365
2687,0.9996315,0.0003684461
4683,0.0004608631,0.99953914
2844,0.9995767,0.00042332665
4809,0.00019365549,0.99980634
350,0.99963766,0.00036233696
2886,0.9996315,0.0003684461
1986,0.99974155,0.00025843948
6749,0.00017923117,0.99982077
1577,0.0021384358,0.99786156
3266,0.99960816,0.0003918281
2922,0.99956185,0.000438151
3900,0.00048589706,0.9995141
3930,0.00041276217,0.99958724
5326,0.00023013353,0.99976987
2774,0.9995537,0.00044630474
4744,0.00046384335,0.99953616
6949,0.00013017654,0.9998698
2920,0.99962485,0.00037516005
5257,0.99940324,0.00059674244
6880,0.00023192167,0.9997681
2966,0.9998559,0.00014413969
939,0.99955946,0.000440547
3819,0.99952596,0.00047404363
5604,0.99931395,0.00068607565
3836,0.99952596,0.00047404363
7046,0.9991917,0.0008082858
5882,0.0066390038,0.993361
2812,0.99955946,0.000440547
2621,0.99955946,0.000440547
7165,0.0012998581,0.99870014
1911,0.99955946,0.000440547
1855,0.99961996,0.00038006366
7721,0.99091,0.009089997
6515,0.00021082163,0.9997892
5570,0.99945825,0.00054177095
6906,0.99905926,0.0009407305
882,0.99936044,0.00063955126
285,0.99920636,0.0007936527
5922,0.0048234463,0.99517655
3368,0.99956185,0.000438151
5301,0.0004608631,0.99953914
493,0.9996929,0.00030707574
419,0.99979764,0.00020233751
5495,0.00041276217,0.99958724
2667,0.9995537,0.00044630474
3777,0.99955946,0.000440547
2946,0.99956185,0.000438151
4118,0.000210464,0.99978954
7707,0.0002180934,0.9997819
365,0.99425554,0.005744448
7277,0.00013673306,0.99986327
5727,0.99323046,0.006769549
3390,0.0077703595,0.99222964
2517,0.9995537,0.00044630474
3188,0.00048589706,0.9995141
4785,0.00021988153,0.9997801
3061,0.0074917674,0.99250823
3530,0.9995537,0.00044630474
3400,0.0011918545,0.99880815
6631,0.0012024641,0.99879754
4957,0.00019365549,0.99980634
3363,0.00021988153,0.9997801
3239,0.00019532442,0.9998047
6259,0.00013673306,0.99986327
2463,0.99955946,0.000440547
274,0.9997427,0.000257296
5085,0.001935184,0.9980648
6893,0.0009200573,0.99907994
6964,0.000957191,0.9990428
2704,0.9996315,0.0003684461
4912,0.0004608631,0.99953914
4102,0.00017094612,0.99982905
5201,0.0013058782,0.9986941
1220,0.99946725,0.00053276704
2838,0.99955946,0.000440547
4439,0.00018686056,0.99981314
5626,0.0021806955,0.9978193
4575,0.0004608631,0.99953914
4456,0.0004608631,0.99953914
7527,0.0003682375,0.99963176
3029,0.99952596,0.00047404363
1828,0.99974155,0.00025843948
6175,0.00044113398,0.99955887
1620,0.9998443,0.00015569007
5009,0.00019329786,0.9998067
3686,0.00021988153,0.9997801
6196,0.00033175945,0.99966824
1831,0.9995537,0.00044630474
7825,0.9995982,0.00040181034
4239,0.00018686056,0.99981314
650,0.99915665,0.0008433548
1968,0.9996315,0.0003684461
3818,0.99952596,0.00047404363
4659,0.00048589706,0.9995141
375,0.99849164,0.0015083633
887,0.9993285,0.0006715226
2350,0.99955946,0.000440547
3965,0.00018686056,0.99981314
4305,0.99952596,0.00047404363
1927,0.999871,0.0001289819
7150,0.0002874732,0.9997125
855,0.9996929,0.00030707574
2144,0.99960816,0.0003918281
3804,0.008089125,0.9919109
7803,0.9989944,0.0010056103
2424,0.9995537,0.00044630474
6147,0.99858546,0.0014145116
4733,0.00018686056,0.99981314
3670,0.0011085868,0.9988914
1583,0.0042926073,0.9957074
6942,0.00084221363,0.9991578
6488,0.00048184395,0.99951816
2397,0.99956185,0.000438151
6561,0.001032114,0.9989679
4942,0.00041276217,0.99958724
2712,0.9995537,0.00044630474
7076,0.00017923117,0.99982077
3343,0.9995537,0.00044630474
4982,0.00046384335,0.99953616
322,0.99871397,0.0012860176
2127,0.99955946,0.000440547
2653,0.99960816,0.0003918281
2274,0.99956185,0.000438151
4311,0.00046384335,0.99953616
4978,0.00019329786,0.9998067
6911,0.00023657084,0.9997634
4056,0.0004608631,0.99953914
895,0.9993159,0.00068406446
8061,0.00014984608,0.99985015
3100,0.99952596,0.00047404363
8111,0.9994364,0.0005636386
4662,0.9995445,0.0004554952
6403,0.9979979,0.0020021456
5822,0.0008701682,0.99912983
1271,0.99960095,0.00039907725
5209,0.0010504127,0.9989496
6065,0.000918746,0.99908125
4811,0.000210464,0.99978954
1317,0.99961996,0.00038006366
5312,0.0011436939,0.9988563
3339,0.00019532442,0.9998047
1159,0.99963766,0.00036233696
1834,0.99961996,0.00038006366
3483,0.00087183714,0.99912816
1255,0.9997095,0.00029051848
458,0.9997427,0.000257296
7204,0.9977217,0.0022783417
3696,0.99960816,0.0003918281
3349,0.00048589706,0.9995141
4678,0.00019532442,0.9998047
2803,0.99956185,0.000438151
3892,0.00021988153,0.9997801
5275,0.0015332103,0.9984668
81,0.0011321306,0.99886787
4806,0.9995445,0.0004554952
7681,0.0003902316,0.99960977
2601,0.99956185,0.000438151
7259,0.00022226572,0.99977773
3123,0.99955946,0.000440547
6081,0.00023907423,0.9997609
889,0.99915665,0.0008433548
5656,0.00019329786,0.9998067
5285,0.9995965,0.00040355002
3850,0.9995537,0.00044630474
5627,0.00041276217,0.99958724
2501,0.99983394,0.0001660714
5872,0.00024956465,0.99975044
6857,0.00013840199,0.9998616
5863,0.99939734,0.0006026361
4427,0.00019329786,0.9998067
4577,0.000210464,0.99978954
6040,0.9996179,0.00038214072
523,0.0040691495,0.99593085
1759,0.99964213,0.0003578799
3010,0.99956185,0.000438151
7193,0.00029176474,0.99970824
5663,0.0032773614,0.99672264
6012,0.000121593475,0.9998784
2784,0.99956185,0.000438151
759,0.9997209,0.00027912974
7263,0.99767333,0.0023266908
3626,0.99956185,0.000438151
5089,0.00041276217,0.99958724
7476,0.00022095442,0.99977905
4720,0.000210464,0.99978954
8074,0.9979979,0.0020021456
5769,0.9994832,0.0005167762
5124,0.0012155175,0.9987845
7963,0.002061665,0.99793833
6499,0.0003490448,0.99965096
3335,0.99960816,0.0003918281
621,0.99849164,0.0015083633
1085,0.9998995,0.000100465375
3905,0.00019329786,0.9998067
6220,0.0012024641,0.99879754
7078,0.00046229362,0.9995377
6517,0.9992458,0.0007541821
4209,0.00018686056,0.99981314
6845,0.0004069209,0.9995931
5489,0.00024956465,0.99975044
1542,0.9997943,0.0002057014
686,0.99277014,0.0072298474
4339,0.00018686056,0.99981314
4531,0.000210464,0.99978954
1972,0.0040691495,0.99593085
5202,0.0011436939,0.9988563
904,0.999227,0.00077302026
2352,0.99955946,0.000440547
428,0.99960095,0.00039907725
740,0.98975575,0.010244226
2290,0.99955946,0.000440547
2075,0.999227,0.00077302026
2871,0.99955946,0.000440547
3520,0.99952596,0.00047404363
7878,0.9996154,0.0003846071
5332,0.0006752014,0.9993248
1285,0.99979764,0.00020233751
3122,0.00019532442,0.9998047
2560,0.007308185,0.9926918
1543,0.99975777,0.00024221437
6137,0.001032114,0.9989679
6532,0.0012998581,0.99870014
5870,0.0001591444,0.99984086
7693,0.0009447932,0.9990552
3961,0.99956185,0.000438151
5213,0.0051116347,0.99488837
182,0.99425554,0.005744448
4975,0.00017094612,0.99982905
1782,0.9997095,0.00029051848
7962,0.00025516748,0.99974483
4876,0.99956185,0.000438151
7659,0.9989228,0.0010771757
3962,0.00019365549,0.99980634
426,0.9996929,0.00030707574
460,0.99879354,0.001206469
3139,0.99952596,0.00047404363
2949,0.99955946,0.000440547
6635,0.00017875433,0.99982125
2116,0.99955946,0.000440547
1298,0.9997847,0.00021527654
2258,0.99955946,0.000440547
4140,0.00019365549,0.99980634
7065,0.013915062,0.98608494
1268,0.99960095,0.00039907725
7201,0.0009447932,0.9990552
7925,0.00051790476,0.9994821
3954,0.011823475,0.9881765
2278,0.9995537,0.00044630474
5093,0.00017094612,0.99982905
818,0.9807261,0.019273864
2792,0.9995537,0.00044630474
5066,0.00019365549,0.99980634
6455,0.00015115738,0.99984884
7045,0.0002874732,0.9997125
7394,0.0009447932,0.9990552
3293,0.99956185,0.000438151
6401,0.00046229362,0.9995377
78,0.007039368,0.99296063
4217,0.00021988153,0.9997801
4008,0.99956185,0.000438151
4918,0.0010504127,0.9989496
2697,0.00021988153,0.9997801
2613,0.9995537,0.00044630474
2214,0.9996315,0.0003684461
7239,0.9996116,0.00038840645
923,0.98911774,0.010882251
4440,0.0010189414,0.99898106
3806,0.0011085868,0.9988914
232,0.9997847,0.00021527654
4933,0.00021988153,0.9997801
1907,0.99961996,0.00038006366
4226,0.00019365549,0.99980634
1687,0.9998559,0.00014413969
5336,0.0037814975,0.9962185
1404,0.99974155,0.00025843948
3648,0.00019532442,0.9998047
4838,0.00019532442,0.9998047
1498,0.999871,0.0001289819
1067,0.9998178,0.0001822088
7210,0.0008275509,0.99917245
2505,0.99955946,0.000440547
2567,0.99955946,0.000440547
6282,0.00277555,0.99722445
6330,0.0025788546,0.99742115
4830,0.000210464,0.99978954
7826,0.00023585558,0.99976414
262,0.99871397,0.0012860176
1453,0.0021358132,0.9978642
3569,0.99956185,0.000438151
1155,0.9991997,0.00080029713
3843,0.00018686056,0.99981314
880,0.9931076,0.0068923556
6861,0.00023061037,0.9997694
2030,0.99955946,0.000440547
4524,0.00041276217,0.99958724
4800,0.0022895336,0.99771047
138,0.0012874603,0.99871254
3576,0.99952596,0.00047404363
1843,0.0070305467,0.99296945
6417,0.003137827,0.9968622
3156,0.0074917674,0.99250823
5109,0.9292388,0.07076123
1191,0.999227,0.00077302026
2591,0.99962485,0.00037516005
2235,0.99955946,0.000440547
3924,0.99956185,0.000438151
7667,0.00023657084,0.9997634
2606,0.9995537,0.00044630474
2558,0.99955946,0.000440547
5609,0.0021806955,0.9978193
3742,0.011634707,0.9883653
2012,0.9995537,0.00044630474
3523,0.99956185,0.000438151
5265,0.0022586584,0.99774134
3393,0.011823475,0.9881765
4090,0.00019532442,0.9998047
2722,0.99956185,0.000438151
384,0.99961996,0.00038006366
7154,0.00054866076,0.99945134
6133,0.0002874732,0.9997125
4205,0.00019532442,0.9998047
7419,0.00020891428,0.9997911
525,0.9989857,0.001014313
3718,0.00017094612,0.99982905
5848,0.0015332103,0.9984668
6391,0.00015115738,0.99984884
526,0.9996929,0.00030707574
6457,0.00034749508,0.9996525
5475,0.00019329786,0.9998067
1458,0.9996967,0.00030332716
5084,0.00048589706,0.9995141
7574,0.00013327599,0.9998667
3089,0.00021988153,0.9997801
1500,0.9999041,9.58841e-05
2533,0.00048589706,0.9995141
5924,0.00017094612,0.99982905
766,0.9807261,0.019273864
6206,0.00023061037,0.9997694
4340,0.00018686056,0.99981314
8008,0.00015544891,0.99984455
7305,0.99753785,0.0024621566
2642,0.99955946,0.000440547
5334,0.0010189414,0.99898106
2597,0.9995537,0.00044630474
6346,0.00039750338,0.9996025
1348,0.99961996,0.00038006366
7320,0.00048184395,0.99951816
4482,0.00046384335,0.99953616
5168,0.0016866922,0.9983133
6030,0.00015938282,0.9998406
6428,0.00021082163,0.9997892
3792,0.0124349,0.9875651
6998,0.99912316,0.0008768422
4666,0.00048589706,0.9995141
3315,0.99952596,0.00047404363
3677,0.99952596,0.00047404363
4695,0.0004608631,0.99953914
6464,0.000918746,0.99908125
7492,0.00025087595,0.9997491
6693,0.00018066168,0.99981934
2620,0.9996315,0.0003684461
2467,0.99955946,0.000440547
5485,0.00041276217,0.99958724
6462,0.00017815828,0.99982184
3049,0.99955946,0.000440547
4618,0.0004608631,0.99953914
7991,0.99905396,0.0009460192
6966,0.0021349788,0.997865
3958,0.99952596,0.00047404363
1170,0.99974155,0.00025843948
1930,0.0033715367,0.99662846
4277,0.0004608631,0.99953914
5394,0.0006752014,0.9993248
454,0.9985849,0.0014150807
6233,0.00013327599,0.9998667
5498,0.0038552284,0.9961448
512,0.9859993,0.014000743
677,0.9993159,0.00068406446
2336,0.9995537,0.00044630474
2776,0.99962485,0.00037516005
3304,0.00021988153,0.9997801
1133,0.9995883,0.00041168008
1094,0.99964213,0.0003578799
2681,0.99962485,0.00037516005
141,0.99959624,0.00040374743
4869,0.00014138222,0.9998586
220,0.99879354,0.001206469
4028,0.0012482405,0.99875176
4663,0.9868415,0.013158488
2048,0.99962485,0.00037516005
6871,0.00039225817,0.99960774
3963,0.00046384335,0.99953616
2877,0.99956185,0.000438151
7729,0.9996179,0.00038214072
2508,0.9995537,0.00044630474
6596,0.00015938282,0.9998406
7208,0.9979979,0.0020021456
6318,0.0011966228,0.9988034
5614,0.00023013353,0.99976987
1327,0.99963766,0.00036233696
5351,0.9814304,0.018569598
979,0.99979764,0.00020233751
867,0.9997427,0.000257296
5594,0.00018018484,0.9998198
7081,0.0012564063,0.9987436
4589,0.00017094612,0.99982905
7417,0.0001680851,0.9998319
191,0.9807261,0.019273864
4057,0.011823475,0.9881765
2958,0.9995537,0.00044630474
4754,0.00041276217,0.99958724
3676,0.99960816,0.0003918281
3102,0.00021988153,0.9997801
2546,0.99956185,0.000438151
5829,0.00017094612,0.99982905
1471,0.99963766,0.00036233696
4609,0.00018686056,0.99981314
6451,0.00039225817,0.99960774
6767,0.00018817186,0.9998118
2321,0.99955946,0.000440547
8084,0.9979979,0.0020021456
3633,0.00021988153,0.9997801
1178,0.99986035,0.00013966177
7638,0.00020927191,0.9997907
5817,0.00023013353,0.99976987
4761,0.00019329786,0.9998067
1082,0.9990703,0.0009297339
1462,0.99969894,0.00030107299
2013,0.9999041,9.58841e-05
4760,0.00019365549,0.99980634
813,0.0011321306,0.99886787
575,0.99915665,0.0008433548
1792,0.99983394,0.0001660714
277,0.99938303,0.0006169807
2108,0.9995537,0.00044630474
2848,0.99956185,0.000438151
4153,0.00046384335,0.99953616
4528,0.00021988153,0.9997801
3021,0.99956185,0.000438151
1007,0.9998178,0.0001822088
7311,0.9994698,0.0005301913
6228,0.00277555,0.99722445
6744,0.998108,0.0018919413
5388,0.00479877,0.99520123
3448,0.99961996,0.00038006366
4797,0.00041276217,0.99958724
7040,0.99904585,0.0009541279
362,0.99969286,0.00030711322
7156,0.00021368265,0.9997863
6032,0.00013184547,0.99986815
2426,0.0011085868,0.9988914
6563,0.00046229362,0.9995377
5359,0.00041276217,0.99958724
3619,0.99962485,0.00037516005
7192,0.0014135838,0.9985864
5455,0.00018686056,0.99981314
4511,0.0004608631,0.99953914
2627,0.011823475,0.9881765
5047,0.00048589706,0.9995141
3721,0.99960816,0.0003918281
722,0.9902675,0.009732496
700,0.0012874603,0.99871254
2326,0.9996315,0.0003684461
1981,0.99975777,0.00024221437
680,0.9807261,0.019273864
6758,0.00043803453,0.99956197
3737,0.00019532442,0.9998047
6247,0.001032114,0.9989679
8072,0.00016760826,0.9998324
7708,0.0025788546,0.99742115
578,0.99946725,0.00053276704
4949,0.00046384335,0.99953616
3197,0.99956185,0.000438151
5480,0.001640141,0.99835986
1895,0.99962485,0.00037516005
3310,0.99952596,0.00047404363
755,0.9989857,0.001014313
2081,0.99969894,0.00030107299
399,0.0040691495,0.99593085
837,0.0036048293,0.9963952
2724,0.99952596,0.00047404363
3997,0.00018686056,0.99981314
5760,0.011206806,0.9887932
4487,0.00019329786,0.9998067
3643,0.99960816,0.0003918281
5363,0.00017094612,0.99982905
2438,0.99960816,0.0003918281
5688,0.0035982132,0.9964018
1959,0.0021358132,0.9978642
5757,0.9995965,0.00040355002
98,0.99849164,0.0015083633
7525,0.00012052059,0.9998795
6531,0.002061665,0.99793833
845,0.9999012,9.884526e-05
104,0.9991704,0.00082956825
6402,0.00092327595,0.9990767
7674,0.9995982,0.00040181034
333,0.9995716,0.00042834887
4713,0.0004608631,0.99953914
242,0.99879354,0.001206469
2195,0.99955946,0.000440547
5151,0.9993906,0.0006094141
7575,0.00020891428,0.9997911
1957,0.99962485,0.00037516005
2300,0.99955946,0.000440547
3598,0.99960816,0.0003918281
4820,0.0012155175,0.9987845
4138,0.99960816,0.0003918281
952,0.9997874,0.0002126062
1252,0.99975026,0.00024975394
804,0.9991704,0.00082956825
1804,0.9996315,0.0003684461
2735,0.9995537,0.00044630474
1563,0.99961996,0.00038006366
5520,0.0035982132,0.9964018
2240,0.99955946,0.000440547
3990,0.00019532442,0.9998047
4903,0.00018078089,0.9998192
3553,0.99960816,0.0003918281
2770,0.00019532442,0.9998047
2347,0.99952596,0.00047404363
5963,0.009886026,0.990114
7640,0.9994364,0.0005636386
1993,0.9995537,0.00044630474
326,0.999227,0.00077302026
4658,0.00046384335,0.99953616
5372,0.0018247366,0.99817526
6165,0.0009200573,0.99907994
5199,0.0001591444,0.99984086
4626,0.00019365549,0.99980634
2014,0.99989253,0.00010745372
1534,0.99979764,0.00020233751
7473,0.0002079606,0.99979204
6894,0.001321137,0.99867886
4107,0.99956185,0.000438151
844,0.99915665,0.0008433548
5641,0.00071817636,0.9992818
5012,0.00018686056,0.99981314
3431,0.99952596,0.00047404363
8114,0.009201288,0.9907987
1769,0.99946725,0.00053276704
6017,0.00029426813,0.99970573
1780,0.9875084,0.012491588
1293,0.0009458661,0.99905413
2785,0.9996315,0.0003684461
6328,0.00036406517,0.99963593
6486,0.00042635202,0.99957365
2938,0.99961996,0.00038006366
7366,0.9996154,0.0003846071
4499,0.011634707,0.9883653
6586,0.00016987324,0.9998301
6471,0.00022119284,0.9997788
4886,0.00018686056,0.99981314
5756,0.00018686056,0.99981314
109,0.999227,0.00077302026
4538,0.00019365549,0.99980634
6757,0.0023190975,0.9976809
4009,0.99952596,0.00047404363
849,0.9807261,0.019273864
180,0.0036048293,0.9963952
3285,0.99960816,0.0003918281
4142,0.99952596,0.00047404363
508,0.9859993,0.014000743
5960,0.0021811724,0.9978188
1663,0.99915665,0.0008433548
7781,0.0008867383,0.99911326
6907,0.9992458,0.0007541821
5196,0.0009279251,0.9990721
3348,0.99956185,0.000438151
1684,0.9995883,0.00041168008
607,0.99920636,0.0007936527
2270,0.99956185,0.000438151
4887,0.00041276217,0.99958724
5997,0.97438014,0.025619883
7166,0.012537658,0.98746234
502,0.99879354,0.001206469
2131,0.99989253,0.00010745372
5370,0.0001591444,0.99984086
4646,0.00019532442,0.9998047
5698,0.99939734,0.0006026361
1247,0.9998443,0.00015569007
5643,0.0001591444,0.99984086
336,0.9993159,0.00068406446
5030,0.0004608631,0.99953914
1853,0.99961996,0.00038006366
1977,0.9995537,0.00044630474
4176,0.99956185,0.000438151
2879,0.99955946,0.000440547
6195,0.00018078089,0.9998192
3085,0.00021988153,0.9997801
1388,0.99961996,0.00038006366
3705,0.99956185,0.000438151
6935,0.00018817186,0.9998118
1077,0.0010586381,0.99894136
6199,0.0029656887,0.9970343
7127,0.00097072124,0.9990293
7763,0.9969539,0.0030461142
29,0.98911774,0.010882251
7401,0.05679339,0.9432066
6169,0.003137827,0.9968622
2049,0.99956185,0.000438151
4224,0.99952596,0.00047404363
5580,0.0037814975,0.9962185
2583,0.9996315,0.0003684461
411,0.99957997,0.00042003268
6937,0.9994698,0.0005301913
272,0.99936044,0.00063955126
4508,0.000210464,0.99978954
7313,0.0009979606,0.99900204
660,0.99849164,0.0015083633
3410,0.9996315,0.0003684461
113,0.999227,0.00077302026
1233,0.99975777,0.00024221437
2873,0.9995537,0.00044630474
2353,0.9996315,0.0003684461
7801,0.009201288,0.9907987
7304,0.0008867383,0.99911326
3261,0.99956185,0.000438151
4424,0.99956185,0.000438151
6099,0.00022727251,0.9997727
1481,0.9996967,0.00030332716
579,0.0012874603,0.99871254
7099,0.00016760826,0.9998324
6594,0.00023192167,0.9997681
3756,0.99952596,0.00047404363
1468,0.9999256,7.44124e-05
1138,0.9998903,0.0001096669
935,0.99975026,0.00024975394
74,0.9989857,0.001014313
5380,0.00046384335,0.99953616
6425,0.0023190975,0.9976809
5588,0.9995241,0.0004758865
7036,0.9996179,0.00038214072
7754,0.0004620552,0.99953794
3865,0.006479323,0.9935207
3645,0.99956185,0.000438151
890,0.99961996,0.00038006366
7090,0.9996116,0.00038840645
685,0.99938303,0.0006169807
4137,0.00041276217,0.99958724
2330,0.9996315,0.0003684461
6158,0.0002745986,0.9997254
6266,0.00029426813,0.99970573
4036,0.00048589706,0.9995141
3088,0.99952596,0.00047404363
4213,0.00021988153,0.9997801
4758,0.0001591444,0.99984086
2333,0.99955946,0.000440547
6186,0.00025516748,0.99974483
52,0.9985849,0.0014150807
5636,0.0004608631,0.99953914
3166,0.00048589706,0.9995141
8014,0.99965155,0.0003484401
6560,0.00036394596,0.99963605
4334,0.00018686056,0.99981314
8028,0.00036394596,0.99963605
7003,0.9971483,0.0028517502
7292,0.9920443,0.007955669
2777,0.9996315,0.0003684461
6043,0.001321137,0.99867886
4768,0.000210464,0.99978954
4049,0.00019532442,0.9998047
4916,0.00019329786,0.9998067
3564,0.99962485,0.00037516005
443,0.99938303,0.0006169807
7700,0.00023657084,0.9997634
4889,0.00523448,0.9947655
6816,0.00027137995,0.9997286
4249,0.00019329786,0.9998067
3746,0.00019532442,0.9998047
2818,0.9995537,0.00044630474
1185,0.9995883,0.00041168008
2468,0.99961996,0.00038006366
1440,0.99961996,0.00038006366
7783,0.99916655,0.00083345664
7522,0.9995982,0.00040181034
6528,0.00025087595,0.9997491
2732,0.99955946,0.000440547
5633,0.008746684,0.9912533
6466,0.00027662516,0.9997234
5883,0.9993892,0.0006108135
6587,0.00097072124,0.9990293
6183,0.00018078089,0.9998192
6554,0.0005658269,0.9994342
3501,0.99956185,0.000438151
361,0.99977005,0.00022995334
910,0.99849164,0.0015083633
922,0.99968064,0.00031936157
6427,0.0010064244,0.9989936
633,0.9993159,0.00068406446
6805,0.0010064244,0.9989936
1439,0.9997095,0.00029051848
2257,0.9995537,0.00044630474
4067,0.0004608631,0.99953914
2186,0.99956185,0.000438151
2972,0.99955946,0.000440547
3327,0.008089125,0.9919109
1504,0.9997504,0.00024962635
6116,0.00092327595,0.9990767
4966,0.99940324,0.00059674244
2416,0.9996315,0.0003684461
5661,0.9995445,0.0004554952
8104,0.9996154,0.0003846071
1222,0.99980164,0.00019837705
7716,0.9996154,0.0003846071
4881,0.00019329786,0.9998067
1120,0.99982077,0.00017923446
1683,0.0010586381,0.99894136
5335,0.9378262,0.062173773
449,0.99961996,0.00038006366
3911,0.00018686056,0.99981314
5597,0.0043714046,0.9956286
5063,0.002735734,0.99726427
3201,0.0004608631,0.99953914
5240,0.0012155175,0.9987845
7119,0.99753785,0.0024621566
3871,0.00019532442,0.9998047
3462,0.99952596,0.00047404363
7516,0.9996179,0.00038214072
90,0.98975575,0.010244226
5622,0.99948883,0.0005111719
1158,0.9998555,0.00014450258
716,0.9985849,0.0014150807
2860,0.010653675,0.9893463
3080,0.99952596,0.00047404363
5529,0.000878036,0.99912196
195,0.99277014,0.0072298474
3012,0.99952596,0.00047404363
6676,0.00022119284,0.9997788
3724,0.00019532442,0.9998047
6393,0.00039166212,0.99960834
3361,0.99952596,0.00047404363
4281,0.00048589706,0.9995141
795,0.007039368,0.99296063
6357,0.00021082163,0.9997892
7135,0.9996179,0.00038214072
4643,0.00021988153,0.9997801
342,0.999227,0.00077302026
7129,0.00025087595,0.9997491
2205,0.9995537,0.00044630474
3407,0.99955946,0.000440547
7748,0.9989949,0.0010050917
907,0.99980164,0.00019837705
4044,0.00019365549,0.99980634
5705,0.00095659494,0.9990434
7001,0.0002169013,0.9997831
6166,0.00023907423,0.9997609
5894,0.99960005,0.00039993817
2814,0.9995537,0.00044630474
5527,0.00041276217,0.99958724
6269,0.0011031628,0.99889684
3110,0.011823475,0.9881765
7354,0.99866253,0.0013374615
2417,0.99962485,0.00037516005
4843,0.015468836,0.98453116
7564,0.9994823,0.00051773636
6754,0.0029656887,0.9970343
1196,0.9998567,0.00014326574
1135,0.99990314,9.685138e-05
521,0.99849164,0.0015083633
2360,0.99962485,0.00037516005
1369,0.9998178,0.0001822088
7115,0.00013184547,0.99986815
3583,0.011823475,0.9881765
7453,0.002061665,0.99793833
3683,0.00087183714,0.99912816
8033,0.0008275509,0.99917245
6008,0.00039225817,0.99960774
3134,0.99961996,0.00038006366
5703,0.008746684,0.9912533
8009,0.9995982,0.00040181034
3131,0.99960816,0.0003918281
4228,0.00021988153,0.9997801
438,0.99959624,0.00040374743
7268,0.00043803453,0.99956197
3186,0.99952596,0.00047404363
2101,0.99956185,0.000438151
7986,0.97379315,0.026206873
4576,0.00019365549,0.99980634
5446,0.00029355288,0.99970645
5029,0.00017094612,0.99982905
5319,0.00041276217,0.99958724
1160,0.9991704,0.00082956825
1571,0.99986035,0.00013966177
3468,0.0124349,0.9875651
4807,0.00041276217,0.99958724
1789,0.9997095,0.00029051848
7052,0.00013327599,0.9998667
6287,0.0009200573,0.99907994
7062,0.002061665,0.99793833
619,0.99257714,0.0074228407
8096,0.99858546,0.0014145116
5155,0.00081294775,0.99918705
1778,0.0028871298,0.9971129
2707,0.99955946,0.000440547
5553,0.9878147,0.012185279
6977,0.00052052736,0.9994795
7199,0.0003490448,0.99965096
218,0.99936044,0.00063955126
2050,0.99982077,0.00017923446
5771,0.00014138222,0.9998586
6379,0.0008506775,0.9991493
5024,0.00019532442,0.9998047
2093,0.99960095,0.00039907725
4940,0.00019365549,0.99980634
8012,0.00036394596,0.99963605
3023,0.99952596,0.00047404363
6931,0.00039750338,0.9996025
7664,0.9995982,0.00040181034
6044,0.00017875433,0.99982125
2430,0.99956185,0.000438151
6867,0.00033175945,0.99966824
1494,0.9999258,7.42214e-05
1052,0.9999012,9.884526e-05
196,0.9989857,0.001014313
1362,0.9998903,0.0001096669
2615,0.99962485,0.00037516005
3249,0.99960816,0.0003918281
7336,0.008737326,0.9912627
3446,0.010653675,0.9893463
6746,0.00037956238,0.99962044
1398,0.9997874,0.0002126062
6469,0.0001680851,0.9998319
6101,0.0011966228,0.9988034
1956,0.99990314,9.685138e-05
7459,0.9995982,0.00040181034
3565,0.00021988153,0.9997801
5477,0.020946562,0.97905344
4964,0.99956226,0.00043775607
672,0.9999041,9.58841e-05
4000,0.99956185,0.000438151
4490,0.00019365549,0.99980634
4015,0.00017094612,0.99982905
875,0.9997847,0.00021527654
4041,0.99960816,0.0003918281
2180,0.9995537,0.00044630474
2343,0.9996315,0.0003684461
7607,0.00036394596,0.99963605
7251,0.9996116,0.00038840645
3750,0.00048589706,0.9995141
4514,0.0004608631,0.99953914
4827,0.00017094612,0.99982905
4580,0.00019532442,0.9998047
5331,0.002735734,0.99726427
2992,0.99955946,0.000440547
5407,0.0013058782,0.9986941
2648,0.99962485,0.00037516005
7322,0.00036394596,0.99963605
1798,0.0033715367,0.99662846
5338,0.022527337,0.97747266
3071,0.99962485,0.00037516005
3778,0.99960816,0.0003918281
3752,0.99956185,0.000438151
4971,0.00019365549,0.99980634
5917,0.99960005,0.00039993817
4620,0.000210464,0.99978954
3454,0.006479323,0.9935207
63,0.99959624,0.00040374743
6923,0.00018817186,0.9998118
8034,0.9996154,0.0003846071
3521,0.010653675,0.9893463
3733,0.99952596,0.00047404363
4066,0.00019365549,0.99980634
6624,0.00023192167,0.9997681
3445,0.99952596,0.00047404363
5147,0.00038963556,0.99961036
2047,0.99983394,0.0001660714
7956,0.9996116,0.00038840645
810,0.9990703,0.0009297339
4856,0.00046384335,0.99953616
8121,0.9996116,0.00038840645
850,0.99849164,0.0015083633
7660,0.00027805567,0.99972194
542,0.0011321306,0.99886787
1664,0.9997609,0.0002390745
6525,0.000121593475,0.9998784
2520,0.9995537,0.00044630474
2130,0.9995537,0.00044630474
4210,0.000210464,0.99978954
6305,0.00022095442,0.99977905
2721,0.99955946,0.000440547
5092,0.000210464,0.99978954
1243,0.0028871298,0.9971129
1890,0.99960095,0.00039907725
4342,0.0004608631,0.99953914
3518,0.9995537,0.00044630474
3097,0.0011085868,0.9988914
6221,0.00021082163,0.9997892
839,0.99936044,0.00063955126
8017,0.99753785,0.0024621566
3947,0.0001591444,0.99984086
6310,0.00017875433,0.99982125
295,0.9990703,0.0009297339
787,0.99968064,0.00031936157
2906,0.9995537,0.00044630474
8027,0.0002169013,0.9997831
4220,0.00019365549,0.99980634
7600,0.05679339,0.9432066
2689,0.99955946,0.000440547
3291,0.99956185,0.000438151
4022,0.00046384335,0.99953616
1727,0.99969286,0.00030711322
6812,0.00054866076,0.99945134
520,0.99879354,0.001206469
4283,0.99948376,0.00051622087
2765,0.9995537,0.00044630474
1314,0.9995716,0.00042834887
2381,0.9995537,0.00044630474
8023,0.00051790476,0.9994821
3416,0.99960816,0.0003918281
1382,0.0033715367,0.99662846
6697,0.00025087595,0.9997491
6177,0.00059628487,0.9994037
2207,0.99961996,0.00038006366
5879,0.0034397244,0.9965603
2739,0.99955946,0.000440547
5211,0.00046384335,0.99953616
6892,0.00022095442,0.99977905
5249,0.0001591444,0.99984086
6420,0.00017815828,0.99982184
1050,0.9995537,0.00044630474
3560,0.0124349,0.9875651
7229,0.9969539,0.0030461142
8041,0.00027030706,0.9997297
3568,0.99952596,0.00047404363
4652,0.99960816,0.0003918281
6715,0.00015759468,0.9998424
1652,0.99957997,0.00042003268
1147,0.9999258,7.42214e-05
6018,0.00043803453,0.99956197
370,0.99946725,0.00053276704
3490,0.00048589706,0.9995141
3567,0.00048589706,0.9995141
391,0.999227,0.00077302026
3945,0.99952596,0.00047404363
6138,0.00015759468,0.9998424
2991,0.99961996,0.00038006366
7653,0.0027287602,0.99727124
1432,0.0010586381,0.99894136
1958,0.9995537,0.00044630474
4988,0.00046384335,0.99953616
463,0.999699,0.0003010176
7385,0.99865687,0.0013431336
7756,0.00016987324,0.9998301
4131,0.00017094612,0.99982905
6489,0.00052052736,0.9994795
2129,0.0009458661,0.99905413
7572,0.00020891428,0.9997911
1461,0.99960095,0.00039907725
2199,0.99956185,0.000438151
2097,0.9998567,0.00014326574
7864,0.00029176474,0.99970824
6599,0.99912316,0.0008768422
3032,0.99956185,0.000438151
1446,0.99972606,0.00027396422
1517,0.99987054,0.00012945358
1012,0.9997427,0.000257296
6383,0.00022226572,0.99977773
6173,0.00018817186,0.9998118
4891,0.00046384335,0.99953616
3693,0.99956185,0.000438151
962,0.99961996,0.00038006366
452,0.9990703,0.0009297339
3338,0.99960816,0.0003918281
7287,0.00012052059,0.9998795
2,0.9985849,0.0014150807
838,0.99968064,0.00031936157
5248,0.011202753,0.98879725
4352,0.0004608631,0.99953914
6886,0.002061665,0.99793833
2550,0.99962485,0.00037516005
3726,0.0004608631,0.99953914
1360,0.9998329,0.00016708428
507,0.99969286,0.00030711322
337,0.9989857,0.001014313
7413,0.9995982,0.00040181034
2282,0.9995537,0.00044630474
8051,0.9989949,0.0010050917
466,0.99879354,0.001206469
5665,0.0001591444,0.99984086
2900,0.99955946,0.000440547
1692,0.99979764,0.00020233751
5734,0.99956656,0.00043347426
2809,0.9995537,0.00044630474
735,0.9991704,0.00082956825
602,0.9997504,0.00024962635
2213,0.99955946,0.000440547
3632,0.011634707,0.9883653
6538,0.000957191,0.9990428
1869,0.99981904,0.00018095181
1164,0.99960095,0.00039907725
5948,0.97552013,0.024479894
5052,0.9994832,0.0005167762
3189,0.99956185,0.000438151
1399,0.0010586381,0.99894136
1068,0.99961996,0.00038006366
494,0.99946725,0.00053276704
1090,0.99423075,0.005769254
4347,0.000210464,0.99978954
638,0.9997943,0.0002057014
6791,0.00039225817,0.99960774
6975,0.9994282,0.0005717989
4133,0.0011918545,0.99880815
2616,0.99955946,0.000440547
143,0.9996929,0.00030707574
1525,0.99957997,0.00042003268
3943,0.99956185,0.000438151
2379,0.9995537,0.00044630474
402,0.007039368,0.99296063
546,0.99959624,0.00040374743
2905,0.99955946,0.000440547
3682,0.99952596,0.00047404363
1722,0.999871,0.0001289819
275,0.9997209,0.00027912974
1213,0.99980164,0.00019837705
5901,0.0068255067,0.9931745
7424,0.0012454987,0.9987545
6333,0.00017923117,0.99982077
4796,0.00018686056,0.99981314
2072,0.9995537,0.00044630474
5644,0.00029176474,0.99970824
5642,0.00041276217,0.99958724
7053,0.00021082163,0.9997892
15,0.99257714,0.0074228407
7217,0.9975663,0.0024337175
4533,0.9868415,0.013158488
1015,0.9958368,0.004163185
6073,0.00037956238,0.99962044
2017,0.9902675,0.009732496
5110,0.00018686056,0.99981314
506,0.9998443,0.00015569007
873,0.99961996,0.00038006366
4510,0.0004608631,0.99953914
8044,0.9996116,0.00038840645
3198,0.99956185,0.000438151
7839,0.0021349788,0.997865
7395,0.0012454987,0.9987545
5031,0.00019365549,0.99980634
3145,0.99952596,0.00047404363
5387,0.99948376,0.00051622087
1066,0.99936044,0.00063955126
4639,0.00019532442,0.9998047
2452,0.9999012,9.884526e-05
3631,0.9995537,0.00044630474
3526,0.9996315,0.0003684461
6050,0.00048184395,0.99951816
6824,0.00016987324,0.9998301
6924,0.9979979,0.0020021456
950,0.0036048293,0.9963952
528,0.98975575,0.010244226
7733,0.00025516748,0.99974483
7731,0.00017923117,0.99982077
5861,0.99960005,0.00039993817
432,0.9989857,0.001014313
1397,0.9996967,0.00030332716
2271,0.99987054,0.00012945358
6912,0.05679339,0.9432066
2675,0.9996315,0.0003684461
5459,0.000210464,0.99978954
5788,0.003494501,0.9965055
1014,0.99979764,0.00020233751
6506,0.0014135838,0.9985864
4676,0.00046384335,0.99953616
5912,0.003484249,0.99651575
5713,0.00018078089,0.9998192
6071,0.0011031628,0.99889684
6908,0.00094264746,0.99905735
5104,0.00018018484,0.9998198
1108,0.9995716,0.00042834887
5165,0.0015332103,0.9984668
3242,0.00087183714,0.99912816
5647,0.0012769103,0.9987231
1258,0.99969894,0.00030107299
2411,0.9996315,0.0003684461
3092,0.99952596,0.00047404363
1021,0.9990703,0.0009297339
4595,0.000210464,0.99978954
6713,0.0011925697,0.99880743
6344,0.00023061037,0.9997694
862,0.9993285,0.0006715226
6834,0.00014543533,0.99985456
7752,0.999634,0.00036597674
6378,0.00013184547,0.99986815
5263,0.003132999,0.996867
249,0.9996967,0.00030332716
7403,0.00013673306,0.99986327
477,0.9991704,0.00082956825
3917,0.00018686056,0.99981314
3627,0.0077703595,0.99222964
27,0.99938303,0.0006169807
4865,0.0017338395,0.99826616
330,0.007039368,0.99296063
6354,0.00015938282,0.9998406
5582,0.93482006,0.06517993
5316,0.9993906,0.0006094141
3369,0.99952596,0.00047404363
3170,0.99952596,0.00047404363
7369,0.0008401871,0.9991598
2448,0.9996315,0.0003684461
981,0.999227,0.00077302026
207,0.9985849,0.0014150807
5699,0.00017094612,0.99982905
6389,0.00022095442,0.99977905
2923,0.9995537,0.00044630474
5365,0.00023013353,0.99976987
1450,0.9998329,0.00016708428
3983,0.00046384335,0.99953616
4905,0.00019329786,0.9998067
433,0.9989857,0.001014313
5099,0.00046384335,0.99953616
4883,0.0004608631,0.99953914
628,0.9991704,0.00082956825
571,0.9958368,0.004163185
5869,0.00023061037,0.9997694
2545,0.99955946,0.000440547
6408,0.00023061037,0.9997694
2361,0.9996315,0.0003684461
2143,0.99955946,0.000440547
5747,0.00095659494,0.9990434
5988,0.0025667548,0.99743325
2541,0.9995537,0.00044630474
1496,0.9997874,0.0002126062
7907,0.9994104,0.00058960967
6980,0.00012052059,0.9998795
6701,0.00017923117,0.99982077
7283,0.0011638999,0.9988361
53,0.007039368,0.99296063
3116,0.99960816,0.0003918281
4857,0.0004608631,0.99953914
4877,0.00046384335,0.99953616
7349,0.99905396,0.0009460192
6056,0.0012024641,0.99879754
7562,0.0004620552,0.99953794
2506,0.99955946,0.000440547
3981,0.008089125,0.9919109
1445,0.0010586381,0.99894136
8071,0.9996154,0.0003846071
3473,0.00048589706,0.9995141
4496,0.0022895336,0.99771047
3546,0.99952596,0.00047404363
6317,0.00084221363,0.9991578
708,0.99879354,0.001206469
482,0.9821417,0.017858353
5730,0.0001591444,0.99984086
3041,0.00019365549,0.99980634
2656,0.99955946,0.000440547
634,0.9993159,0.00068406446
3458,0.99955946,0.000440547
8087,0.00022095442,0.99977905
4799,0.99956185,0.000438151
4789,0.00046384335,0.99953616
2479,0.99974155,0.00025843948
797,0.9997095,0.00029051848
6835,0.00017815828,0.99982184
1130,0.0042926073,0.9957074
2962,0.99955946,0.000440547
2740,0.99962485,0.00037516005
4670,0.000210464,0.99978954
7163,0.00015115738,0.99984884
6497,0.0012998581,0.99870014
953,0.9999012,9.884526e-05
1974,0.99969286,0.00030711322
6419,0.00059628487,0.9994037
6689,0.0011031628,0.99889684
2079,0.99955946,0.000440547
7831,0.9996116,0.00038840645
4507,0.0001591444,0.99984086
2236,0.99955946,0.000440547
2881,0.9997609,0.0002390745
7449,0.9745651,0.025434924
7415,0.9566484,0.043351617
6368,0.00029581785,0.9997042
1282,0.99986035,0.00013966177
4660,0.0001591444,0.99984086
3278,0.99956185,0.000438151
4379,0.99952596,0.00047404363
2368,0.99962485,0.00037516005
6144,0.00018078089,0.9998192
5385,0.99948376,0.00051622087
6168,0.00034749508,0.9996525
2121,0.99952596,0.00047404363
4779,0.010653675,0.9893463
808,0.9990703,0.0009297339
7359,0.99767333,0.0023266908
7581,0.9989228,0.0010771757
6572,0.00022727251,0.9997727
2834,0.99955946,0.000440547
3856,0.99952596,0.00047404363
5172,0.00052160025,0.9994784
1763,0.99961996,0.00038006366
6229,0.0024015307,0.99759847
6876,0.000121593475,0.9998784
1723,0.99972606,0.00027396422
2269,0.9995537,0.00044630474
3233,0.00048589706,0.9995141
3784,0.99952596,0.00047404363
604,0.9991997,0.00080029713
5119,0.0038552284,0.9961448
2662,0.9996315,0.0003684461
6048,0.0029656887,0.9970343
6132,0.00037956238,0.99962044
2139,0.9995537,0.00044630474
5276,0.0051116347,0.99488837
7216,0.0010778904,0.9989221
4582,0.00046384335,0.99953616
3129,0.99960816,0.0003918281
7260,0.9996739,0.0003261045
5959,0.0022895336,0.99771047
7872,0.9969539,0.0030461142
6605,0.0008275509,0.99917245
2654,0.99955946,0.000440547
2536,0.00019532442,0.9998047
4199,0.008089125,0.9919109
2036,0.9996967,0.00030332716
7101,0.00016760826,0.9998324
834,0.9997847,0.00021527654
2561,0.9996315,0.0003684461
5218,0.0022586584,0.99774134
5776,0.99310887,0.0068911486
1553,0.9997504,0.00024962635
7624,0.00034737587,0.9996526
7595,0.00017684698,0.99982315
7042,0.00023585558,0.99976414
3276,0.006479323,0.9935207
959,0.999699,0.0003010176
6370,0.00029581785,0.9997042
4996,0.9994348,0.0005651728
2661,0.9995537,0.00044630474
8109,0.9994364,0.0005636386
2486,0.99955946,0.000440547
3251,0.99952596,0.00047404363
6670,0.00015938282,0.9998406
6492,0.00023061037,0.9997694
6753,0.00039166212,0.99960834
5838,0.0013213754,0.9986786
4390,0.00018686056,0.99981314
1189,0.99990314,9.685138e-05
3800,0.99952596,0.00047404363
2924,0.99955946,0.000440547
1466,0.99961996,0.00038006366
4696,0.99960816,0.0003918281
5452,0.00041276217,0.99958724
5463,0.9995704,0.00042959466
3313,0.00019532442,0.9998047
2151,0.9996315,0.0003684461
4428,0.00021988153,0.9997801
5145,0.00014138222,0.9998586
3796,0.00087183714,0.99912816
4461,0.0021811724,0.9978188
6112,0.00015759468,0.9998424
5808,0.004656613,0.9953434
4208,0.00017094612,0.99982905
5556,0.99960005,0.00039993817
4430,0.0004608631,0.99953914
7487,0.002061665,0.99793833
6972,0.00036394596,0.99963605
7255,0.9994364,0.0005636386
4225,0.00019365549,0.99980634
7063,0.9420959,0.057904102
6388,0.0001282692,0.99987173
2703,0.9996315,0.0003684461
6493,0.00013840199,0.9998616
1596,0.9995537,0.00044630474
4993,0.99956226,0.00043775607
4310,0.00018686056,0.99981314
1678,0.99979174,0.00020826898
8058,0.0003902316,0.99960977
1681,0.9998443,0.00015569007
4495,0.0004608631,0.99953914
7348,0.00013017654,0.9998698
4445,0.00019365549,0.99980634
5787,0.9995445,0.0004554952
3831,0.0074917674,0.99250823
4837,0.00048589706,0.9995141
945,0.99976546,0.00023454403
2166,0.99955946,0.000440547
4449,0.00019329786,0.9998067
3478,0.99960816,0.0003918281
2985,0.99952596,0.00047404363
5607,0.0001591444,0.99984086
6322,0.00014173985,0.99985826
2635,0.99952596,0.00047404363
2870,0.99962485,0.00037516005
1469,0.9997943,0.0002057014
608,0.99879354,0.001206469
1868,0.99972606,0.00027396422
3673,0.99956185,0.000438151
1680,0.99849164,0.0015083633
1184,0.99936044,0.00063955126
4181,0.00019365549,0.99980634
255,0.9991997,0.00080029713
3168,0.00046384335,0.99953616
2202,0.9996315,0.0003684461
4847,0.00046384335,0.99953616
316,0.98911774,0.010882251
2629,0.99961996,0.00038006366
25,0.0009458661,0.99905413
4565,0.000210464,0.99978954
2823,0.9996315,0.0003684461
1751,0.9997427,0.000257296
3640,0.99952596,0.00047404363
1058,0.99968064,0.00031936157
2056,0.9995537,0.00044630474
2705,0.99962485,0.00037516005
5278,0.015899539,0.98410046
4020,0.0001591444,0.99984086
4600,0.00019365549,0.99980634
4247,0.0005477071,0.9994523
3625,0.00019532442,0.9998047
7361,0.999634,0.00036597674
6960,0.0002169013,0.9997831
2141,0.99955946,0.000440547
606,0.99979264,0.00020736028
4059,0.9995537,0.00044630474
2789,0.99955946,0.000440547
6312,0.00097072124,0.9990293
1265,0.9995883,0.00041168008
1491,0.0028871298,0.9971129
7846,0.0027287602,0.99727124
5899,0.0001591444,0.99984086
7899,0.0011006594,0.99889934
3456,0.99952596,0.00047404363
3982,0.0015332103,0.9984668
7434,0.99965155,0.0003484401
5583,0.0010588765,0.9989411
6934,0.00022727251,0.9997727
956,0.0029532313,0.99704677
1753,0.99975777,0.00024221437
3176,0.99956185,0.000438151
64,0.9991704,0.00082956825
4870,0.0004608631,0.99953914
7386,0.012660086,0.9873399
1581,0.99961996,0.00038006366
7074,0.0008506775,0.9991493
72,0.9958368,0.004163185
2659,0.9995537,0.00044630474
7384,0.0002180934,0.9997819
679,0.9985849,0.0014150807
5618,0.0032773614,0.99672264
3803,0.99952596,0.00047404363
5325,0.97552013,0.024479894
1264,0.99961996,0.00038006366
4078,0.0001591444,0.99984086
7871,0.9995982,0.00040181034
475,0.99277014,0.0072298474
2317,0.99960816,0.0003918281
1162,0.9995537,0.00044630474
505,0.0012874603,0.99871254
6831,0.00050485134,0.99949515
2780,0.9996315,0.0003684461
5428,0.0048234463,0.99517655
2393,0.99955946,0.000440547
7425,0.9996116,0.00038840645
4222,0.00046384335,0.99953616
1757,0.99990314,9.685138e-05
3642,0.99952596,0.00047404363
687,0.9991997,0.00080029713
5750,0.0015332103,0.9984668
5567,0.0004608631,0.99953914
1214,0.99990314,9.685138e-05
4864,0.0001591444,0.99984086
4116,0.00019532442,0.9998047
5373,0.001640141,0.99835986
5868,0.00081294775,0.99918705
1524,0.99972606,0.00027396422
6832,0.00015759468,0.9998424
1612,0.98975575,0.010244226
6868,0.00029426813,0.99970573
7958,0.9994282,0.0005717989
888,0.9997847,0.00021527654
155,0.9993159,0.00068406446
5224,0.00063341856,0.9993666
7957,0.9996154,0.0003846071
6673,0.00023907423,0.9997609
4431,0.00018686056,0.99981314
6201,0.00020927191,0.9997907
1812,0.0012874603,0.99871254
7800,0.0003682375,0.99963176
144,0.99968064,0.00031936157
7228,0.9996116,0.00038840645
3208,0.00021988153,0.9997801
2562,0.99955946,0.000440547
6818,0.00013017654,0.9998698
1136,0.99961996,0.00038006366
5511,0.0001475811,0.9998524
7642,0.9989944,0.0010056103
7785,0.00036394596,0.99963605
2510,0.99956185,0.000438151
4474,0.0001591444,0.99984086
3769,0.99956185,0.000438151
4539,0.0001591444,0.99984086
5587,0.03324026,0.96675974
5616,0.0001591444,0.99984086
3378,0.99952596,0.00047404363
6725,0.0004413724,0.9995586
7922,0.9996154,0.0003846071
8053,0.00023585558,0.99976414
7029,0.0002798438,0.99972016
727,0.99982077,0.00017923446
7446,0.9995982,0.00040181034
2148,0.99956185,0.000438151
7893,0.9996179,0.00038214072
4571,0.00019329786,0.9998067
3383,0.99956185,0.000438151
4087,0.9995537,0.00044630474
1249,0.9998559,0.00014413969
4321,0.000210464,0.99978954
2060,0.99973714,0.00026286236
1788,0.99979264,0.00020736028
3690,0.99952596,0.00047404363
3216,0.99952596,0.00047404363
3444,0.00087183714,0.99912816
1830,0.99955946,0.000440547
4909,0.00019329786,0.9998067
4481,0.00019329786,0.9998067
7122,0.0011031628,0.99889684
5306,0.9995445,0.0004554952
901,0.99975777,0.00024221437
7812,0.0007661581,0.99923384
1538,0.99964213,0.0003578799
7932,0.00051790476,0.9994821
6733,0.0011925697,0.99880743
5467,0.003484249,0.99651575
7014,0.0023190975,0.9976809
4958,0.004656613,0.9953434
6548,0.00022727251,0.9997727
3470,0.99956185,0.000438151
8097,0.00013327599,0.9998667
2528,0.99962485,0.00037516005
7110,0.9994104,0.00058960967
7764,0.0002180934,0.9997819
1512,0.99979174,0.00020826898
6413,0.00042635202,0.99957365
2104,0.9996315,0.0003684461
3552,0.99962485,0.00037516005
298,0.9902675,0.009732496
4959,0.0004608631,0.99953914
6630,0.00016963482,0.99983037
7130,0.0027287602,0.99727124
6939,0.00013017654,0.9998698
386,0.9997209,0.00027912974
3885,0.0124349,0.9875651
7942,0.0029367805,0.9970632
6607,0.00094264746,0.99905735
344,0.9995716,0.00042834887
6299,0.00015115738,0.99984884
7928,0.00027662516,0.9997234
3388,0.0074917674,0.99250823
7891,0.0010778904,0.9989221
4101,0.00048589706,0.9995141
3967,0.00041276217,0.99958724
6522,0.0002180934,0.9997819
7554,0.00036394596,0.99963605
6070,0.00094264746,0.99905735
6875,0.00017875433,0.99982125
2658,0.99955946,0.000440547
5000,0.00019365549,0.99980634
1592,0.99979764,0.00020233751
612,0.99975026,0.00024975394
3353,0.99956185,0.000438151
1177,0.99425554,0.005744448
5082,0.0004608631,0.99953914
92,0.99968064,0.00031936157
136,0.9931076,0.0068923556
4888,0.9993155,0.000684504
3735,0.99952596,0.00047404363
4219,0.00017094612,0.99982905
3586,0.9995537,0.00044630474
4671,0.00046384335,0.99953616
7183,0.9969539,0.0030461142
3235,0.00021988153,0.9997801
1232,0.9998559,0.00014413969
2731,0.9996315,0.0003684461
5439,0.020946562,0.97905344
4115,0.000210464,0.99978954
2761,0.9995537,0.00044630474
4544,0.00019365549,0.99980634
6577,0.00037956238,0.99962044
4400,0.00021988153,0.9997801
4741,0.00041276217,0.99958724
2475,0.99955946,0.000440547
4665,0.00019329786,0.9998067
7865,0.0004069209,0.9995931
5472,0.0104397535,0.98956025
5526,0.014677763,0.98532224
5559,0.0010588765,0.9989411
4882,0.019512475,0.9804875
7189,0.00022095442,0.99977905
5431,0.0001591444,0.99984086
980,0.9996315,0.0003684461
2169,0.99955946,0.000440547
6079,0.00016963482,0.99983037
3267,0.99960816,0.0003918281
8101,0.00054591894,0.9994541
7959,0.00021368265,0.9997863
3902,0.00041276217,0.99958724
5177,0.011202753,0.98879725
6445,0.00039750338,0.9996025
5191,0.0013213754,0.9986786
6294,0.0013443232,0.9986557
6738,0.00013327599,0.9998667
7113,0.00044113398,0.99955887
2212,0.99956185,0.000438151
2086,0.99976546,0.00023454403
4693,0.00021988153,0.9997801
1218,0.9997504,0.00024962635
1030,0.9995537,0.00044630474
1546,0.0042926073,0.9957074
7195,0.99203664,0.007963351
124,0.999227,0.00077302026
5690,0.00092327595,0.9990767
7381,0.00023061037,0.9997694
7939,0.9995982,0.00040181034
3466,0.99956185,0.000438151
6946,0.0011925697,0.99880743
4286,0.00019329786,0.9998067
5135,0.9994832,0.0005167762
6990,0.9975663,0.0024337175
5891,0.0011436939,0.9988563
6041,0.003137827,0.9968622
430,0.99936044,0.00063955126
2636,0.99955946,0.000440547
5686,0.99956226,0.00043775607
1991,0.9995537,0.00044630474
2265,0.99962485,0.00037516005
2061,0.0021358132,0.9978642
7822,0.0009979606,0.99900204
111,0.99257714,0.0074228407
3263,0.99955946,0.000440547
4822,0.00018686056,0.99981314
4904,0.0001475811,0.9998524
1111,0.0009458661,0.99905413
6777,0.0002798438,0.99972016
4826,0.001935184,0.9980648
4839,0.00041276217,0.99958724
1342,0.0028871298,0.9971129
6910,0.9996179,0.00038214072
860,0.9996929,0.00030707574
4284,0.0004608631,0.99953914
5738,0.012033522,0.9879665
5509,0.0012155175,0.9987845
4236,0.00019365549,0.99980634
4729,0.000210464,0.99978954
8102,0.9996179,0.00038214072
7776,0.9994823,0.00051773636
6411,0.00020927191,0.9997907
2198,0.9995537,0.00044630474
6503,0.0002515912,0.9997484
2223,0.99955946,0.000440547
4574,0.00041276217,0.99958724
4409,0.00019365549,0.99980634
969,0.99986035,0.00013966177
105,0.999699,0.0003010176
3841,0.99956185,0.000438151
1343,0.99956185,0.000438151
1988,0.9995537,0.00044630474
6257,0.003137827,0.9968622
6815,0.0001282692,0.99987173
4003,0.99956185,0.000438151
7240,0.00015544891,0.99984455
3699,0.0011085868,0.9988914
4455,0.00018686056,0.99981314
1019,0.99961996,0.00038006366
2185,0.99960816,0.0003918281
2413,0.99955946,0.000440547
4300,0.00019365549,0.99980634
5062,0.00046384335,0.99953616
7694,0.0011006594,0.99889934
1626,0.99983394,0.0001660714
135,0.0036048293,0.9963952
1881,0.99989253,0.00010745372
6279,0.9969539,0.0030461142
2940,0.9995537,0.00044630474
2396,0.9995537,0.00044630474
7302,0.001321137,0.99867886
1891,0.99975777,0.00024221437
5389,0.9995704,0.00042959466
7008,0.99905926,0.0009407305
5101,0.9994832,0.0005167762
6580,0.00013184547,0.99986815
7933,0.998108,0.0018919413
6665,0.00025087595,0.9997491
4649,0.0001591444,0.99984086
2401,0.99956185,0.000438151
7363,0.0012454987,0.9987545
2553,0.99956185,0.000438151
6696,0.0009200573,0.99907994
909,0.0012874603,0.99871254
5140,0.003494501,0.9965055
2552,0.9996315,0.0003684461
2296,0.99955946,0.000440547
2028,0.99957997,0.00042003268
2233,0.99952596,0.00047404363
5731,0.9995965,0.00040355002
3005,0.99956185,0.000438151
2351,0.0033715367,0.99662846
4408,0.0001591444,0.99984086
2691,0.99955946,0.000440547
2160,0.99961996,0.00038006366
7514,0.9994698,0.0005301913
1624,0.9995537,0.00044630474
2734,0.99961996,0.00038006366
961,0.9998178,0.0001822088
658,0.9997847,0.00021527654
341,0.9991704,0.00082956825
1513,0.999699,0.0003010176
2969,0.9996315,0.0003684461
1393,0.9997095,0.00029051848
4594,0.00019532442,0.9998047
4070,0.00046384335,0.99953616
6601,0.00029176474,0.99970824
4747,0.0004608631,0.99953914
3580,0.99956185,0.000438151
2570,0.9995537,0.00044630474
6468,0.00023907423,0.9997609
778,0.99915665,0.0008433548
1599,0.9993159,0.00068406446
4824,0.99960697,0.0003930342
2902,0.9995537,0.00044630474
3775,0.00048589706,0.9995141
1754,0.0021358132,0.9978642
1355,0.9997504,0.00024962635
2641,0.99955946,0.000440547
1653,0.99974155,0.00025843948
7567,0.00012052059,0.9998795
6097,0.00048184395,0.99951816
886,0.99915665,0.0008433548
5898,0.99956614,0.0004338382
4751,0.00019329786,0.9998067
1845,0.9998555,0.00014450258
4206,0.00041276217,0.99958724
1805,0.99952596,0.00047404363
1464,0.99977005,0.00022995334
6300,0.0012024641,0.99879754
5791,0.0012634397,0.99873656
5330,0.00017094612,0.99982905
289,0.99277014,0.0072298474
1900,0.99956185,0.000438151
4146,0.00046384335,0.99953616
