Age,CAEC,CALC,CH2O,FAF,family_history_with_overweight,FAVC,FCVC,Gender,Height,MTRANS,NCP,SCC,SMOKE,TUE,Weight,NObeyesdad
21.0,Sometimes,no,2.0,0.0,yes,no,2.0,Female,1.62,Public_Transportation,3.0,no,no,1.0,64.0,Normal_Weight
21.0,Sometimes,Sometimes,3.0,3.0,yes,no,3.0,Female,1.52,Public_Transportation,3.0,yes,yes,0.0,56.0,Normal_Weight
23.0,Sometimes,Frequently,2.0,2.0,yes,no,2.0,Male,1.8,Public_Transportation,3.0,no,no,1.0,77.0,Normal_Weight
27.0,Sometimes,Frequently,2.0,2.0,no,no,3.0,Male,1.8,Walking,3.0,no,no,0.0,87.0,Overweight_Level_I
22.0,Sometimes,Sometimes,2.0,0.0,no,no,2.0,Male,1.78,Public_Transportation,1.0,no,no,0.0,89.8,Overweight_Level_II
29.0,Sometimes,Sometimes,2.0,0.0,no,yes,2.0,Male,1.62,Automobile,3.0,no,no,0.0,53.0,Normal_Weight
23.0,Sometimes,Sometimes,2.0,1.0,yes,yes,3.0,Female,1.5,Motorbike,3.0,no,no,0.0,55.0,Normal_Weight
22.0,Sometimes,Sometimes,2.0,3.0,no,no,2.0,Male,1.64,Public_Transportation,3.0,no,no,0.0,53.0,Normal_Weight
24.0,Sometimes,Frequently,2.0,1.0,yes,yes,3.0,Male,1.78,Public_Transportation,3.0,no,no,1.0,64.0,Normal_Weight
22.0,Sometimes,no,2.0,1.0,yes,yes,2.0,Male,1.72,Public_Transportation,3.0,no,no,1.0,68.0,Normal_Weight
26.0,Frequently,Sometimes,3.0,2.0,yes,yes,3.0,Male,1.85,Public_Transportation,3.0,no,no,2.0,105.0,Obesity_Type_I
21.0,Frequently,Sometimes,2.0,2.0,yes,yes,2.0,Female,1.72,Public_Transportation,3.0,yes,no,1.0,80.0,Overweight_Level_II
22.0,Sometimes,Sometimes,3.0,2.0,no,no,3.0,Male,1.65,Public_Transportation,3.0,no,no,0.0,56.0,Normal_Weight
41.0,Sometimes,Frequently,2.0,2.0,no,yes,2.0,Male,1.8,Automobile,3.0,no,no,1.0,99.0,Obesity_Type_I
23.0,Sometimes,Sometimes,1.0,1.0,yes,yes,3.0,Male,1.77,Public_Transportation,1.0,no,no,1.0,60.0,Normal_Weight
22.0,Always,Sometimes,2.0,2.0,yes,no,3.0,Female,1.7,Public_Transportation,3.0,yes,no,1.0,66.0,Normal_Weight
27.0,Sometimes,Sometimes,1.0,1.0,yes,yes,2.0,Male,1.93,Public_Transportation,1.0,no,no,0.0,102.0,Overweight_Level_II
29.0,Sometimes,no,2.0,0.0,no,yes,2.0,Female,1.53,Automobile,1.0,no,no,0.0,78.0,Obesity_Type_I
30.0,Frequently,no,1.0,0.0,yes,yes,3.0,Female,1.71,Automobile,4.0,no,yes,0.0,82.0,Overweight_Level_II
23.0,Sometimes,Sometimes,2.0,0.0,yes,no,2.0,Female,1.65,Public_Transportation,1.0,no,no,0.0,70.0,Overweight_Level_I
22.0,Sometimes,no,2.0,3.0,yes,no,2.0,Male,1.65,Walking,3.0,no,no,2.0,80.0,Overweight_Level_II
52.0,Sometimes,no,2.0,0.0,yes,yes,3.0,Female,1.69,Automobile,1.0,no,yes,0.0,87.0,Obesity_Type_I
22.0,Sometimes,Sometimes,2.0,1.0,yes,yes,3.0,Female,1.65,Automobile,3.0,no,no,0.0,60.0,Normal_Weight
22.0,Sometimes,Sometimes,2.0,0.0,yes,yes,1.0,Female,1.6,Public_Transportation,1.0,no,no,2.0,82.0,Obesity_Type_I
21.0,Sometimes,Sometimes,2.0,0.0,yes,yes,2.0,Male,1.85,Public_Transportation,3.0,no,no,1.0,68.0,Normal_Weight
20.0,Frequently,no,2.0,3.0,yes,no,2.0,Male,1.6,Public_Transportation,4.0,no,yes,2.0,50.0,Normal_Weight
21.0,Frequently,Always,2.0,1.0,yes,yes,2.0,Male,1.7,Walking,1.0,no,no,2.0,65.0,Normal_Weight
23.0,Frequently,Sometimes,2.0,2.0,no,yes,2.0,Female,1.6,Automobile,4.0,no,no,1.0,52.0,Normal_Weight
19.0,Sometimes,Sometimes,2.0,3.0,yes,yes,3.0,Male,1.75,Public_Transportation,3.0,yes,no,1.0,76.0,Normal_Weight
23.0,Sometimes,Frequently,2.0,2.0,no,yes,2.0,Male,1.68,Walking,3.0,no,no,2.0,70.0,Normal_Weight
29.0,Frequently,no,3.0,0.0,no,yes,1.0,Male,1.77,Motorbike,4.0,no,no,1.0,83.0,Overweight_Level_I
31.0,Sometimes,Sometimes,1.0,1.0,yes,no,2.0,Female,1.58,Public_Transportation,1.0,no,no,0.0,68.0,Overweight_Level_II
24.0,Sometimes,Sometimes,3.0,1.0,no,no,2.0,Female,1.77,Walking,3.0,no,no,1.0,76.0,Normal_Weight
39.0,Sometimes,Sometimes,2.0,0.0,no,no,2.0,Male,1.79,Public_Transportation,1.0,no,no,0.0,90.0,Overweight_Level_II
22.0,Frequently,Sometimes,2.0,2.0,no,yes,2.0,Male,1.65,Public_Transportation,4.0,no,no,0.0,62.0,Normal_Weight
21.0,Sometimes,Sometimes,2.0,2.0,yes,no,2.0,Female,1.5,Public_Transportation,3.0,no,no,2.0,65.0,Overweight_Level_II
22.0,Sometimes,no,1.0,2.0,no,yes,2.0,Female,1.56,Walking,3.0,yes,no,0.0,49.0,Normal_Weight
21.0,Sometimes,Sometimes,1.0,1.0,no,yes,2.0,Female,1.6,Public_Transportation,3.0,no,no,0.0,48.0,Normal_Weight
23.0,Sometimes,Sometimes,2.0,1.0,yes,yes,2.0,Male,1.65,Public_Transportation,3.0,no,no,1.0,67.0,Normal_Weight
21.0,Sometimes,Sometimes,3.0,3.0,yes,yes,2.0,Female,1.75,Public_Transportation,3.0,no,no,0.0,88.0,Overweight_Level_II
21.0,Sometimes,Sometimes,2.0,1.0,yes,yes,2.0,Female,1.67,Public_Transportation,3.0,no,no,0.0,75.0,Overweight_Level_I
23.0,Frequently,no,2.0,0.0,no,no,2.0,Male,1.68,Walking,4.0,no,no,0.0,60.0,Normal_Weight
21.0,Sometimes,no,1.0,0.0,yes,yes,1.0,Female,1.66,Public_Transportation,3.0,no,no,0.0,64.0,Normal_Weight
21.0,Sometimes,Frequently,2.0,1.0,yes,yes,2.0,Male,1.66,Public_Transportation,3.0,no,yes,1.0,62.0,Normal_Weight
21.0,no,no,2.0,2.0,no,no,1.0,Male,1.81,Public_Transportation,3.0,no,no,0.0,80.0,Normal_Weight
21.0,Sometimes,no,1.0,0.0,yes,no,2.0,Female,1.53,Public_Transportation,3.0,no,no,1.0,65.0,Overweight_Level_II
21.0,Frequently,Sometimes,3.0,2.0,yes,yes,1.0,Male,1.82,Public_Transportation,3.0,no,no,0.0,72.0,Normal_Weight
21.0,Frequently,Sometimes,3.0,2.0,yes,yes,1.0,Male,1.75,Public_Transportation,3.0,no,no,0.0,72.0,Normal_Weight
20.0,Sometimes,Sometimes,2.0,1.0,yes,no,3.0,Female,1.66,Walking,3.0,no,no,0.0,60.0,Normal_Weight
21.0,Sometimes,Sometimes,2.0,0.0,no,yes,2.0,Female,1.55,Public_Transportation,3.0,no,no,0.0,50.0,Normal_Weight
21.0,Sometimes,Sometimes,3.0,0.0,yes,yes,3.0,Female,1.61,Walking,3.0,no,no,1.0,54.5,Normal_Weight
20.0,Sometimes,Sometimes,1.0,0.0,no,yes,2.0,Female,1.5,Automobile,3.0,no,no,0.0,44.0,Normal_Weight
23.0,Sometimes,no,2.0,2.0,no,yes,3.0,Female,1.64,Public_Transportation,1.0,no,no,2.0,52.0,Normal_Weight
23.0,no,no,2.0,2.0,yes,no,3.0,Female,1.63,Public_Transportation,3.0,yes,no,1.0,55.0,Normal_Weight
22.0,Always,no,3.0,2.0,no,no,3.0,Female,1.6,Public_Transportation,4.0,no,no,0.0,55.0,Normal_Weight
23.0,Frequently,Sometimes,2.0,0.0,no,no,2.0,Male,1.68,Automobile,4.0,no,no,0.0,62.0,Normal_Weight
22.0,Sometimes,Sometimes,1.0,0.0,yes,yes,2.0,Male,1.7,Automobile,3.0,no,no,1.0,70.0,Normal_Weight
21.0,Sometimes,no,1.0,0.0,yes,no,2.0,Male,1.64,Public_Transportation,3.0,no,no,1.0,65.0,Normal_Weight
17.0,Sometimes,no,2.0,1.0,yes,yes,3.0,Female,1.65,Walking,1.0,no,no,1.0,67.0,Normal_Weight
20.0,Sometimes,no,3.0,2.0,yes,yes,2.0,Male,1.76,Public_Transportation,4.0,no,no,2.0,55.0,Insufficient_Weight
21.0,Sometimes,Sometimes,3.0,3.0,yes,yes,2.0,Female,1.55,Public_Transportation,3.0,no,no,1.0,49.0,Normal_Weight
20.0,Sometimes,Sometimes,2.0,3.0,no,yes,2.0,Male,1.65,Public_Transportation,3.0,no,no,1.0,58.0,Normal_Weight
22.0,no,Sometimes,2.0,0.0,no,yes,2.0,Male,1.67,Public_Transportation,1.0,no,no,0.0,62.0,Normal_Weight
22.0,Sometimes,Sometimes,2.0,0.0,yes,yes,2.0,Male,1.68,Automobile,3.0,no,no,2.0,55.0,Normal_Weight
21.0,Frequently,no,1.0,1.0,yes,yes,2.0,Female,1.66,Public_Transportation,3.0,no,no,1.0,57.0,Normal_Weight
21.0,Frequently,no,2.0,0.0,yes,yes,1.0,Female,1.62,Public_Transportation,3.0,no,no,1.0,69.0,Overweight_Level_I
23.0,Always,Frequently,2.0,0.0,yes,yes,1.0,Male,1.8,Public_Transportation,3.0,no,no,2.0,90.0,Overweight_Level_II
23.0,Always,Frequently,2.0,0.0,yes,yes,2.0,Male,1.65,Automobile,3.0,no,no,1.0,95.0,Obesity_Type_I
30.0,no,Frequently,2.0,0.0,yes,yes,1.0,Male,1.76,Automobile,3.0,yes,yes,0.0,112.0,Obesity_Type_II
23.0,no,Sometimes,3.0,0.0,yes,no,2.0,Male,1.8,Public_Transportation,3.0,no,no,1.0,60.0,Normal_Weight
23.0,Always,no,2.0,0.0,yes,yes,2.0,Female,1.65,Public_Transportation,3.0,no,no,2.0,80.0,Overweight_Level_II
22.0,no,Sometimes,3.0,2.0,yes,no,3.0,Female,1.67,Public_Transportation,3.0,yes,no,1.0,50.0,Insufficient_Weight
24.0,Sometimes,no,3.0,1.0,yes,no,2.0,Female,1.65,Public_Transportation,3.0,yes,no,0.0,60.0,Normal_Weight
19.0,Sometimes,Sometimes,3.0,2.0,yes,no,2.0,Male,1.85,Bike,3.0,no,no,1.0,65.0,Normal_Weight
24.0,Frequently,Frequently,3.0,0.0,yes,yes,2.0,Male,1.7,Public_Transportation,3.0,no,no,1.0,85.0,Overweight_Level_II
23.0,Sometimes,no,3.0,2.0,yes,no,3.0,Female,1.63,Public_Transportation,3.0,yes,no,0.0,45.0,Insufficient_Weight
24.0,no,no,2.0,1.0,yes,no,2.0,Female,1.6,Public_Transportation,3.0,no,no,0.0,45.0,Insufficient_Weight
24.0,Sometimes,no,3.0,0.0,yes,yes,2.0,Female,1.7,Public_Transportation,3.0,no,no,0.0,80.0,Overweight_Level_II
23.0,Sometimes,no,3.0,0.0,yes,yes,2.0,Female,1.65,Public_Transportation,3.0,no,no,1.0,90.0,Obesity_Type_I
23.0,Sometimes,Sometimes,2.0,0.0,yes,no,2.0,Male,1.65,Public_Transportation,3.0,no,no,0.0,60.0,Normal_Weight
19.0,Sometimes,no,2.0,0.0,no,no,3.0,Female,1.63,Public_Transportation,3.0,yes,no,0.0,58.0,Normal_Weight
30.0,Frequently,Sometimes,2.0,0.0,yes,yes,2.0,Male,1.8,Public_Transportation,3.0,no,no,0.0,91.0,Overweight_Level_II
23.0,Always,no,2.0,0.0,yes,yes,2.0,Male,1.67,Public_Transportation,3.0,no,no,1.0,85.5,Obesity_Type_I
19.0,no,no,3.0,2.0,no,no,3.0,Female,1.6,Walking,3.0,yes,no,0.0,45.0,Insufficient_Weight
25.0,Frequently,Sometimes,2.0,0.0,yes,yes,2.0,Male,1.7,Public_Transportation,3.0,no,no,1.0,83.0,Overweight_Level_II
23.0,Sometimes,no,2.0,0.0,yes,no,2.0,Male,1.65,Public_Transportation,3.0,no,no,0.0,58.5,Normal_Weight
21.0,Frequently,no,3.0,1.0,yes,yes,2.0,Male,1.85,Public_Transportation,1.0,no,no,0.0,83.0,Normal_Weight
19.0,Sometimes,no,2.0,0.0,yes,yes,2.0,Male,1.82,Public_Transportation,3.0,no,no,0.0,87.0,Overweight_Level_I
22.0,Frequently,no,2.0,1.0,yes,yes,2.0,Female,1.65,Automobile,3.0,yes,no,0.0,65.0,Normal_Weight
29.0,Sometimes,Frequently,1.0,2.0,yes,yes,3.0,Female,1.7,Automobile,3.0,no,no,1.0,78.0,Overweight_Level_II
25.0,Always,no,1.0,2.0,no,no,3.0,Female,1.63,Public_Transportation,4.0,no,no,0.0,93.0,Obesity_Type_II
20.0,Always,Frequently,2.0,0.0,yes,no,3.0,Female,1.61,Public_Transportation,3.0,yes,no,1.0,64.0,Normal_Weight
55.0,Frequently,Frequently,3.0,3.0,yes,no,3.0,Male,1.78,Walking,4.0,yes,no,0.0,84.0,Overweight_Level_I
20.0,Always,no,2.0,1.0,no,no,3.0,Female,1.6,Walking,3.0,no,no,0.0,57.0,Normal_Weight
24.0,Sometimes,no,2.0,2.0,no,yes,3.0,Female,1.6,Public_Transportation,3.0,no,no,0.0,48.0,Normal_Weight
26.0,Frequently,Frequently,2.0,2.0,yes,no,3.0,Male,1.7,Public_Transportation,1.0,no,no,0.0,70.0,Normal_Weight
23.0,Sometimes,Sometimes,2.0,3.0,yes,no,2.0,Female,1.66,Public_Transportation,3.0,no,no,0.0,60.0,Normal_Weight
21.0,Frequently,Sometimes,1.0,0.0,no,no,3.0,Female,1.52,Public_Transportation,1.0,no,no,0.0,42.0,Insufficient_Weight
23.0,Sometimes,Frequently,2.0,3.0,no,no,2.0,Male,1.72,Public_Transportation,3.0,no,no,1.0,70.0,Normal_Weight
21.0,Sometimes,Sometimes,1.0,0.0,no,yes,3.0,Female,1.69,Public_Transportation,1.0,no,no,0.0,63.0,Normal_Weight
22.0,Frequently,no,2.0,0.0,yes,no,2.0,Male,1.7,Public_Transportation,3.0,no,no,0.0,66.4,Normal_Weight
21.0,Frequently,Sometimes,2.0,2.0,no,yes,2.0,Female,1.55,Automobile,4.0,yes,no,0.0,57.0,Normal_Weight
22.0,Frequently,Sometimes,2.0,1.0,yes,yes,3.0,Female,1.65,Public_Transportation,4.0,no,no,0.0,58.0,Normal_Weight
38.0,Sometimes,Sometimes,2.0,0.0,yes,yes,2.0,Female,1.56,Automobile,3.0,no,no,0.0,80.0,Obesity_Type_I
25.0,Sometimes,Sometimes,2.0,2.0,no,yes,2.0,Female,1.57,Public_Transportation,1.0,no,no,0.0,55.0,Normal_Weight
22.0,Always,Sometimes,1.0,0.0,yes,yes,2.0,Male,1.88,Automobile,3.0,no,no,1.0,90.0,Overweight_Level_I
22.0,Sometimes,no,3.0,3.0,yes,no,2.0,Male,1.75,Walking,3.0,no,no,2.0,95.0,Obesity_Type_I
21.0,Sometimes,no,3.0,2.0,yes,yes,3.0,Female,1.65,Public_Transportation,1.0,no,no,1.0,88.0,Obesity_Type_I
21.0,Sometimes,Sometimes,2.0,0.0,yes,yes,3.0,Male,1.75,Public_Transportation,3.0,no,no,1.0,75.0,Normal_Weight
22.0,Sometimes,no,1.0,0.0,yes,yes,2.0,Female,1.58,Public_Transportation,1.0,no,no,0.0,58.0,Normal_Weight
18.0,Frequently,Sometimes,2.0,1.0,yes,yes,2.0,Female,1.56,Public_Transportation,4.0,no,no,0.0,51.0,Normal_Weight
22.0,Sometimes,no,2.0,3.0,yes,no,2.0,Female,1.5,Walking,1.0,no,no,0.0,49.0,Normal_Weight
19.0,Frequently,Frequently,2.0,1.0,yes,yes,3.0,Female,1.61,Public_Transportation,1.0,no,no,0.0,62.0,Normal_Weight
17.0,Frequently,no,2.0,0.0,yes,yes,3.0,Female,1.75,Public_Transportation,3.0,no,no,1.0,57.0,Normal_Weight
15.0,Sometimes,no,1.0,3.0,yes,yes,3.0,Female,1.65,Walking,3.0,no,no,2.0,86.0,Obesity_Type_I
17.0,Frequently,no,2.0,1.0,yes,no,2.0,Female,1.7,Public_Transportation,3.0,no,no,1.0,85.0,Overweight_Level_II
23.0,Sometimes,Sometimes,2.0,1.0,yes,yes,2.0,Male,1.62,Public_Transportation,3.0,no,no,1.0,53.0,Normal_Weight
19.0,Frequently,Sometimes,3.0,2.0,yes,no,3.0,Female,1.63,Automobile,3.0,no,yes,1.0,76.0,Overweight_Level_II
23.0,Frequently,no,2.0,0.0,yes,yes,2.0,Female,1.67,Walking,3.0,no,yes,2.0,75.0,Overweight_Level_I
23.0,Frequently,Frequently,2.0,0.0,yes,yes,1.0,Male,1.87,Public_Transportation,3.0,no,no,2.0,95.0,Overweight_Level_II
21.0,Frequently,no,1.0,1.0,yes,no,3.0,Male,1.75,Walking,4.0,no,no,0.0,50.0,Insufficient_Weight
24.0,Sometimes,no,2.0,1.0,yes,yes,3.0,Male,1.66,Public_Transportation,1.0,no,no,0.0,67.0,Normal_Weight
23.0,Sometimes,no,1.0,0.0,no,yes,3.0,Male,1.76,Public_Transportation,3.0,no,no,0.0,90.0,Overweight_Level_II
18.0,Always,Frequently,2.0,0.0,yes,yes,2.0,Male,1.75,Public_Transportation,3.0,no,no,0.0,80.0,Overweight_Level_I
19.0,Sometimes,Sometimes,2.0,1.0,no,yes,2.0,Male,1.67,Public_Transportation,3.0,no,no,0.0,68.0,Normal_Weight
19.0,Sometimes,Sometimes,3.0,1.0,no,yes,3.0,Female,1.65,Public_Transportation,1.0,yes,no,0.0,61.0,Normal_Weight
20.0,Frequently,Sometimes,1.0,0.0,yes,yes,3.0,Male,1.72,Public_Transportation,3.0,no,no,0.0,70.0,Normal_Weight
27.0,Sometimes,Frequently,3.0,1.0,no,yes,3.0,Male,1.7,Public_Transportation,3.0,no,no,1.0,78.0,Overweight_Level_II
20.0,Frequently,no,2.0,1.0,yes,yes,2.0,Female,1.58,Public_Transportation,4.0,no,no,1.0,53.0,Normal_Weight
23.0,Sometimes,no,1.0,1.0,no,no,2.0,Male,1.62,Public_Transportation,3.0,no,no,0.0,58.0,Normal_Weight
19.0,Frequently,Frequently,3.0,1.0,yes,yes,3.0,Female,1.65,Public_Transportation,3.0,yes,yes,2.0,56.0,Normal_Weight
61.0,Always,Frequently,2.0,1.0,no,yes,3.0,Female,1.65,Public_Transportation,3.0,no,no,1.0,66.0,Normal_Weight
30.0,Sometimes,Sometimes,1.0,2.0,yes,yes,3.0,Male,1.77,Automobile,3.0,no,no,0.0,109.0,Obesity_Type_I
24.0,Sometimes,Sometimes,2.0,1.0,yes,yes,2.0,Male,1.7,Automobile,3.0,no,no,0.0,75.0,Overweight_Level_I
25.0,Sometimes,Sometimes,2.0,1.0,yes,yes,2.0,Male,1.79,Public_Transportation,3.0,no,no,1.0,72.0,Normal_Weight
44.0,Sometimes,no,3.0,0.0,yes,no,2.0,Male,1.6,Motorbike,3.0,no,yes,0.0,80.0,Obesity_Type_I
31.0,Always,no,3.0,3.0,yes,no,3.0,Male,1.76,Bike,3.0,yes,no,0.0,75.0,Normal_Weight
25.0,Frequently,no,2.0,0.0,no,yes,2.0,Male,1.7,Public_Transportation,3.0,no,no,1.0,68.0,Normal_Weight
23.0,Frequently,Sometimes,3.0,1.0,yes,yes,3.0,Male,1.89,Public_Transportation,3.0,no,no,1.0,65.0,Insufficient_Weight
25.0,Always,Frequently,2.0,2.0,no,yes,3.0,Male,1.87,Public_Transportation,3.0,no,no,0.0,66.0,Normal_Weight
23.0,Frequently,Frequently,1.0,1.0,no,yes,2.0,Male,1.74,Automobile,3.0,no,yes,1.0,93.5,Obesity_Type_I
34.0,Sometimes,Sometimes,1.0,0.0,no,yes,3.0,Female,1.68,Automobile,1.0,no,no,0.0,75.0,Overweight_Level_I
22.0,Sometimes,Sometimes,3.0,2.0,yes,no,2.0,Male,1.61,Public_Transportation,4.0,yes,no,2.0,67.0,Overweight_Level_I
21.0,no,Sometimes,3.0,1.0,no,yes,2.0,Male,1.62,Public_Transportation,1.0,no,no,0.0,70.0,Overweight_Level_I
24.0,Frequently,Frequently,2.0,2.0,no,no,3.0,Female,1.56,Public_Transportation,3.0,no,no,2.0,51.0,Normal_Weight
36.0,Sometimes,Sometimes,1.0,0.0,yes,no,3.0,Female,1.63,Automobile,3.0,no,no,0.0,80.0,Obesity_Type_I
27.0,Always,Sometimes,2.0,0.0,no,yes,3.0,Female,1.6,Automobile,3.0,no,no,0.0,61.0,Normal_Weight
32.0,Sometimes,Sometimes,2.0,2.0,yes,yes,3.0,Female,1.67,Automobile,1.0,no,no,0.0,90.0,Obesity_Type_I
25.0,Sometimes,Sometimes,2.0,2.0,yes,yes,2.0,Male,1.78,Public_Transportation,1.0,no,no,1.0,78.0,Normal_Weight
30.0,Sometimes,Sometimes,2.0,2.0,yes,yes,3.0,Female,1.62,Automobile,3.0,no,no,0.0,59.0,Normal_Weight
38.0,Always,Sometimes,2.0,0.0,yes,yes,2.0,Female,1.5,Automobile,1.0,no,yes,0.0,60.0,Overweight_Level_I
34.0,Sometimes,no,3.0,2.0,yes,no,2.0,Male,1.69,Automobile,3.0,no,no,0.0,84.0,Overweight_Level_II
22.0,Sometimes,Sometimes,2.0,0.0,yes,yes,2.0,Male,1.74,Public_Transportation,3.0,no,no,0.0,94.0,Obesity_Type_I
31.0,Frequently,Sometimes,2.0,1.0,yes,yes,3.0,Female,1.68,Automobile,1.0,no,no,1.0,63.0,Normal_Weight
35.0,Frequently,no,1.0,0.0,yes,no,3.0,Female,1.53,Automobile,3.0,no,no,1.0,45.0,Normal_Weight
21.0,Frequently,Sometimes,2.0,2.0,yes,yes,2.0,Male,1.67,Public_Transportation,3.0,no,no,1.0,60.0,Normal_Weight
40.0,Sometimes,Sometimes,3.0,0.0,yes,no,3.0,Female,1.55,Automobile,3.0,no,no,0.0,62.0,Overweight_Level_I
27.0,Sometimes,Frequently,2.0,0.0,yes,yes,2.0,Male,1.64,Automobile,1.0,no,no,0.0,78.0,Overweight_Level_II
20.0,Sometimes,Sometimes,1.0,2.0,yes,no,3.0,Male,1.83,Public_Transportation,3.0,no,yes,1.0,72.0,Normal_Weight
55.0,Sometimes,no,2.0,1.0,no,yes,2.0,Male,1.65,Automobile,3.0,no,no,0.0,80.0,Overweight_Level_II
21.0,Always,Sometimes,2.0,2.0,yes,yes,3.0,Female,1.63,Public_Transportation,3.0,no,yes,0.0,60.0,Normal_Weight
25.0,Frequently,no,2.0,3.0,no,no,3.0,Male,1.89,Public_Transportation,3.0,yes,no,0.0,75.0,Normal_Weight
35.0,Frequently,Sometimes,3.0,2.0,yes,no,3.0,Male,1.77,Automobile,3.0,no,no,1.0,85.0,Overweight_Level_II
30.0,Sometimes,Sometimes,1.0,1.0,yes,no,2.0,Male,1.92,Public_Transportation,3.0,no,yes,0.0,130.0,Obesity_Type_II
29.0,Always,Sometimes,2.0,0.0,yes,no,3.0,Female,1.74,Automobile,3.0,no,no,0.0,72.0,Normal_Weight
20.0,Sometimes,no,2.0,1.0,yes,no,2.0,Male,1.65,Walking,3.0,no,no,2.0,80.0,Overweight_Level_II
22.0,Sometimes,Sometimes,2.0,1.0,yes,yes,2.0,Female,1.73,Public_Transportation,1.0,no,no,0.0,79.0,Overweight_Level_I
45.0,Frequently,no,1.0,0.0,yes,yes,2.0,Female,1.63,Automobile,3.0,no,no,0.0,77.0,Overweight_Level_II
22.0,Sometimes,Sometimes,2.0,2.0,no,yes,2.0,Male,1.72,Public_Transportation,1.0,no,no,1.0,82.0,Overweight_Level_II
18.0,Frequently,Sometimes,2.0,1.0,yes,yes,2.0,Male,1.6,Public_Transportation,3.0,no,no,0.0,58.0,Normal_Weight
23.0,Sometimes,Sometimes,2.0,1.0,no,no,3.0,Female,1.65,Public_Transportation,1.0,no,no,2.0,59.0,Normal_Weight
18.0,Sometimes,no,2.0,0.0,no,no,3.0,Male,1.74,Public_Transportation,3.0,yes,no,1.0,64.0,Normal_Weight
38.0,Sometimes,no,2.0,2.0,yes,yes,2.0,Female,1.64,Public_Transportation,3.0,no,no,0.0,59.8,Normal_Weight
18.0,Always,no,1.0,1.0,yes,yes,3.0,Female,1.57,Public_Transportation,1.0,no,no,0.0,48.0,Normal_Weight
22.0,Frequently,Sometimes,2.0,3.0,yes,yes,3.0,Male,1.84,Public_Transportation,3.0,yes,no,0.0,84.0,Normal_Weight
26.0,Frequently,Frequently,2.0,2.0,yes,yes,3.0,Male,1.91,Public_Transportation,3.0,no,yes,2.0,84.0,Normal_Weight
18.0,Sometimes,no,2.0,1.0,no,yes,2.0,Female,1.58,Public_Transportation,3.0,no,no,0.0,48.0,Normal_Weight
23.0,Frequently,Sometimes,1.0,0.0,yes,yes,2.0,Female,1.68,Public_Transportation,3.0,no,no,0.0,67.0,Normal_Weight
22.0,Frequently,no,2.0,0.0,no,yes,3.0,Female,1.68,Public_Transportation,3.0,no,no,1.0,52.0,Insufficient_Weight
23.0,Sometimes,Sometimes,1.0,0.0,yes,yes,2.0,Female,1.48,Public_Transportation,1.0,no,yes,0.0,60.0,Overweight_Level_II
31.0,Sometimes,Sometimes,2.0,1.0,no,no,3.0,Female,1.62,Automobile,3.0,no,no,0.0,68.0,Overweight_Level_I
39.0,Sometimes,Frequently,3.0,1.0,yes,no,2.0,Male,1.78,Automobile,3.0,no,no,0.0,96.0,Obesity_Type_I
25.0,Sometimes,no,3.0,3.0,yes,no,2.0,Male,1.78,Public_Transportation,3.0,no,no,2.0,98.0,Obesity_Type_I
35.0,no,Frequently,3.0,3.0,yes,yes,3.0,Male,1.78,Automobile,1.0,no,no,1.0,105.0,Obesity_Type_I
33.0,Sometimes,no,2.0,1.0,yes,yes,2.0,Female,1.63,Public_Transportation,3.0,no,no,1.0,62.0,Normal_Weight
20.0,Sometimes,Sometimes,2.0,1.0,no,yes,2.0,Male,1.6,Public_Transportation,3.0,no,no,0.0,56.0,Normal_Weight
26.0,Frequently,Sometimes,2.0,2.0,yes,yes,3.0,Male,1.75,Public_Transportation,1.0,yes,yes,0.0,80.0,Overweight_Level_I
20.0,Sometimes,Sometimes,3.0,3.0,yes,no,3.0,Male,1.83,Automobile,3.0,yes,no,0.0,85.0,Overweight_Level_I
20.0,Frequently,no,3.0,2.0,no,no,2.0,Male,1.78,Public_Transportation,1.0,yes,no,1.0,68.0,Normal_Weight
23.0,Frequently,no,3.0,3.0,yes,yes,3.0,Female,1.6,Public_Transportation,3.0,no,no,0.0,83.0,Obesity_Type_I
19.0,Sometimes,Sometimes,2.0,1.0,yes,yes,3.0,Male,1.8,Walking,3.0,no,no,1.0,85.0,Overweight_Level_I
22.0,Sometimes,Sometimes,2.0,1.0,yes,no,2.0,Male,1.75,Bike,3.0,no,no,2.0,74.0,Normal_Weight
41.0,Sometimes,Sometimes,2.0,0.0,yes,yes,2.0,Male,1.75,Bike,3.0,no,no,0.0,118.0,Obesity_Type_II
18.0,Frequently,no,1.0,0.0,yes,yes,2.0,Female,1.59,Public_Transportation,1.0,no,no,2.0,40.0,Insufficient_Weight
23.0,Sometimes,Sometimes,1.0,1.0,yes,yes,2.0,Female,1.66,Public_Transportation,1.0,no,no,1.0,60.0,Normal_Weight
23.0,Sometimes,Sometimes,3.0,1.0,yes,no,3.0,Female,1.63,Public_Transportation,1.0,no,yes,2.0,83.0,Obesity_Type_I
41.0,Always,Sometimes,1.0,0.0,yes,yes,2.0,Female,1.54,Automobile,3.0,no,no,0.0,80.0,Obesity_Type_I
26.0,Sometimes,Sometimes,1.0,0.0,yes,yes,3.0,Female,1.56,Public_Transportation,3.0,no,yes,1.0,102.0,Obesity_Type_III
29.0,Sometimes,Sometimes,3.0,1.0,yes,no,2.0,Male,1.69,Automobile,3.0,no,no,0.0,90.0,Obesity_Type_I
27.0,Sometimes,no,2.0,3.0,yes,yes,2.0,Male,1.83,Automobile,3.0,no,no,2.0,71.0,Normal_Weight
23.0,Sometimes,Frequently,2.0,1.0,yes,yes,2.0,Female,1.6,Public_Transportation,1.0,no,yes,0.0,78.0,Obesity_Type_I
19.0,Frequently,no,2.0,2.0,yes,yes,2.0,Male,1.75,Public_Transportation,3.0,no,no,0.0,100.0,Obesity_Type_I
30.0,no,Sometimes,2.0,1.0,yes,no,2.0,Male,1.75,Walking,3.0,yes,no,0.0,73.0,Normal_Weight
22.0,Sometimes,Sometimes,2.0,1.0,yes,yes,2.0,Female,1.69,Public_Transportation,3.0,no,no,1.0,65.0,Normal_Weight
20.0,Frequently,no,2.0,0.0,yes,yes,2.0,Male,1.8,Public_Transportation,3.0,no,no,1.0,114.0,Obesity_Type_II
21.0,Sometimes,no,1.0,1.0,no,yes,2.0,Female,1.63,Public_Transportation,1.0,no,no,1.0,51.0,Normal_Weight
24.0,Sometimes,no,2.0,0.0,yes,no,2.0,Female,1.5,Public_Transportation,1.0,no,no,0.0,63.0,Overweight_Level_II
21.0,Sometimes,no,2.0,1.0,yes,yes,3.0,Male,1.8,Public_Transportation,3.0,no,no,0.0,62.0,Normal_Weight
21.0,Sometimes,Sometimes,2.0,1.0,yes,yes,2.0,Male,1.65,Public_Transportation,3.0,no,no,0.0,53.0,Normal_Weight
21.0,Sometimes,Sometimes,3.0,0.0,yes,yes,3.0,Male,1.68,Public_Transportation,3.0,no,no,2.0,70.0,Normal_Weight
23.0,Frequently,Sometimes,2.0,3.0,yes,no,3.0,Female,1.6,Walking,3.0,no,no,0.0,63.0,Normal_Weight
21.0,Frequently,Frequently,3.0,3.0,no,no,2.0,Male,1.71,Automobile,3.0,yes,no,1.0,75.0,Overweight_Level_I
21.0,Sometimes,no,2.0,3.0,yes,no,1.0,Female,1.5,Public_Transportation,1.0,no,no,0.0,42.3,Normal_Weight
21.0,Sometimes,Sometimes,3.0,1.0,yes,yes,2.0,Female,1.6,Public_Transportation,3.0,no,no,0.0,68.0,Overweight_Level_I
21.0,Frequently,Frequently,2.0,0.0,yes,no,2.0,Female,1.75,Public_Transportation,3.0,yes,no,2.0,78.0,Overweight_Level_I
23.0,Sometimes,Sometimes,1.0,1.0,yes,yes,2.0,Male,1.72,Public_Transportation,1.0,no,no,1.0,82.0,Overweight_Level_II
21.0,Always,no,3.0,0.0,yes,yes,3.0,Female,1.72,Public_Transportation,4.0,no,no,2.0,66.5,Normal_Weight
22.0,Frequently,no,3.0,1.0,yes,yes,3.0,Female,1.61,Public_Transportation,3.0,no,no,0.0,63.0,Normal_Weight
23.0,Sometimes,no,2.0,0.0,yes,yes,2.0,Female,1.63,Public_Transportation,1.0,no,no,0.0,82.0,Obesity_Type_I
25.0,Sometimes,Sometimes,3.0,2.0,yes,no,3.0,Male,1.83,Walking,3.0,no,no,0.0,121.0,Obesity_Type_II
20.0,Sometimes,no,1.0,0.0,no,yes,2.0,Female,1.6,Automobile,3.0,no,no,1.0,50.0,Normal_Weight
24.0,Sometimes,Sometimes,2.0,1.0,no,yes,3.0,Female,1.62,Public_Transportation,3.0,no,no,1.0,58.0,Normal_Weight
40.0,Sometimes,no,3.0,0.0,no,no,3.0,Female,1.68,Automobile,3.0,no,no,0.0,80.0,Overweight_Level_II
32.0,Sometimes,no,3.0,0.0,yes,no,3.0,Male,1.75,Automobile,3.0,no,no,2.0,120.0,Obesity_Type_II
20.0,Sometimes,Sometimes,3.0,2.0,yes,yes,3.0,Male,1.9,Walking,4.0,no,no,0.0,91.0,Overweight_Level_I
21.0,Sometimes,Sometimes,3.0,0.0,yes,yes,3.0,Female,1.63,Public_Transportation,1.0,no,yes,0.0,66.0,Normal_Weight
51.0,Sometimes,no,3.0,2.0,yes,no,3.0,Female,1.59,Public_Transportation,3.0,yes,yes,0.0,50.0,Normal_Weight
34.0,Sometimes,Sometimes,2.0,1.0,yes,no,3.0,Female,1.68,Automobile,1.0,no,no,0.0,77.0,Overweight_Level_II
19.0,no,no,2.0,2.0,yes,yes,2.0,Female,1.59,Public_Transportation,1.0,no,no,0.0,49.0,Normal_Weight
19.0,no,no,2.0,2.0,yes,no,2.0,Female,1.69,Public_Transportation,1.0,no,no,0.0,70.0,Normal_Weight
21.0,Always,no,2.0,3.0,no,yes,1.0,Female,1.66,Automobile,3.0,yes,no,0.0,59.0,Normal_Weight
19.0,Sometimes,no,1.0,1.0,yes,yes,3.0,Female,1.64,Public_Transportation,3.0,no,no,1.0,53.0,Normal_Weight
20.0,Sometimes,no,3.0,1.0,no,yes,3.0,Female,1.62,Public_Transportation,1.0,no,no,1.0,53.0,Normal_Weight
19.0,no,no,3.0,3.0,yes,yes,3.0,Female,1.7,Public_Transportation,3.0,yes,no,1.0,64.0,Normal_Weight
17.0,Sometimes,no,3.0,1.0,no,yes,2.0,Female,1.63,Public_Transportation,1.0,no,no,1.0,65.0,Normal_Weight
22.0,Sometimes,no,2.0,3.0,no,yes,3.0,Male,1.6,Bike,3.0,no,no,0.0,66.0,Overweight_Level_I
20.0,Always,no,2.0,0.0,yes,yes,1.0,Female,1.63,Automobile,3.0,no,no,2.0,64.0,Normal_Weight
33.0,Sometimes,Sometimes,3.0,1.0,yes,yes,2.0,Male,1.85,Automobile,3.0,no,yes,0.0,99.0,Overweight_Level_II
21.0,Sometimes,Sometimes,2.0,2.0,yes,no,2.0,Female,1.54,Public_Transportation,1.0,yes,no,0.0,49.0,Normal_Weight
20.0,Sometimes,Sometimes,2.0,2.0,no,no,3.0,Female,1.64,Automobile,3.0,no,yes,1.0,49.0,Insufficient_Weight
20.0,Sometimes,Sometimes,3.0,0.0,no,yes,3.0,Female,1.57,Public_Transportation,3.0,no,no,1.0,60.0,Normal_Weight
20.0,Frequently,no,1.0,3.0,no,yes,3.0,Female,1.62,Automobile,3.0,no,no,1.0,52.0,Normal_Weight
21.0,Always,Sometimes,3.0,3.0,yes,yes,3.0,Male,1.72,Automobile,3.0,yes,no,0.0,72.0,Normal_Weight
21.0,Sometimes,Sometimes,2.0,3.0,yes,yes,3.0,Male,1.76,Walking,1.0,no,no,0.0,78.0,Overweight_Level_I
20.0,Sometimes,no,2.0,1.0,yes,yes,3.0,Female,1.65,Public_Transportation,1.0,no,no,1.0,75.0,Overweight_Level_II
20.0,Sometimes,Frequently,3.0,0.0,yes,no,2.0,Male,1.67,Automobile,1.0,no,no,0.0,78.0,Overweight_Level_II
56.0,Sometimes,Frequently,2.0,1.0,yes,no,2.0,Male,1.79,Automobile,3.0,no,yes,0.0,90.0,Overweight_Level_II
26.0,Sometimes,Sometimes,2.0,0.0,yes,yes,2.0,Female,1.59,Public_Transportation,1.0,no,no,2.0,47.0,Normal_Weight
22.0,Sometimes,no,2.0,0.0,yes,no,3.0,Female,1.64,Public_Transportation,3.0,no,no,0.0,56.0,Normal_Weight
19.0,Sometimes,no,2.0,3.0,yes,no,1.0,Male,1.78,Bike,3.0,no,no,0.0,81.0,Overweight_Level_I
18.0,Sometimes,Sometimes,3.0,1.0,yes,no,2.0,Male,1.75,Public_Transportation,3.0,no,no,0.0,85.0,Overweight_Level_II
19.0,Sometimes,no,3.0,1.0,no,no,2.0,Male,1.85,Public_Transportation,3.0,yes,no,2.0,115.0,Obesity_Type_I
18.0,Sometimes,no,1.0,1.0,no,no,3.0,Male,1.7,Public_Transportation,1.0,no,no,0.0,80.0,Overweight_Level_II
18.0,Frequently,Sometimes,1.0,0.0,yes,yes,1.0,Female,1.67,Public_Transportation,3.0,no,no,1.0,91.0,Obesity_Type_I
21.0,Sometimes,no,1.0,1.0,no,yes,2.0,Male,1.72,Public_Transportation,3.0,no,no,0.0,75.0,Overweight_Level_I
28.0,Frequently,Sometimes,2.0,2.0,yes,no,2.0,Female,1.7,Walking,3.0,yes,no,0.0,73.0,Overweight_Level_I
18.0,Sometimes,Sometimes,2.0,1.0,no,yes,2.0,Male,1.74,Public_Transportation,3.0,no,no,1.0,70.0,Normal_Weight
23.0,Frequently,no,1.0,3.0,no,yes,2.0,Male,1.74,Public_Transportation,3.0,no,no,2.0,53.0,Insufficient_Weight
18.0,Frequently,Sometimes,3.0,1.0,yes,yes,3.0,Male,1.87,Automobile,3.0,yes,no,1.0,67.0,Normal_Weight
18.0,Frequently,Sometimes,1.0,2.0,no,yes,1.0,Male,1.7,Public_Transportation,3.0,no,no,1.0,50.0,Insufficient_Weight
39.0,Frequently,Sometimes,2.0,0.0,no,yes,3.0,Female,1.65,Public_Transportation,4.0,no,no,0.0,50.0,Insufficient_Weight
38.0,Frequently,Frequently,2.0,0.0,no,yes,3.0,Male,1.7,Automobile,3.0,no,no,0.0,78.0,Overweight_Level_II
17.0,Always,no,2.0,0.0,no,no,2.0,Male,1.67,Public_Transportation,4.0,no,no,2.0,60.0,Normal_Weight
23.0,Sometimes,Sometimes,2.0,0.0,yes,yes,2.0,Male,1.72,Walking,3.0,no,no,1.0,66.0,Normal_Weight
23.0,Sometimes,Sometimes,3.0,0.0,no,yes,2.0,Male,1.82,Public_Transportation,3.0,no,no,1.0,107.0,Obesity_Type_I
19.0,Frequently,Sometimes,1.0,0.0,no,yes,2.0,Female,1.5,Public_Transportation,3.0,no,no,2.0,50.0,Normal_Weight
18.0,Sometimes,no,2.0,2.0,no,yes,2.0,Male,1.7,Public_Transportation,3.0,no,no,1.0,60.0,Normal_Weight
25.0,Frequently,Sometimes,2.0,0.0,yes,yes,2.0,Male,1.71,Motorbike,3.0,no,no,0.0,71.0,Normal_Weight
25.0,Sometimes,Sometimes,1.0,2.0,no,no,2.0,Female,1.61,Public_Transportation,3.0,no,no,1.0,61.0,Normal_Weight
18.0,Frequently,Sometimes,2.0,0.0,yes,yes,3.0,Female,1.5,Public_Transportation,3.0,no,no,1.0,50.0,Normal_Weight
16.0,Frequently,no,3.0,1.0,yes,yes,2.0,Male,1.67,Public_Transportation,1.0,no,no,0.0,50.0,Insufficient_Weight
21.0,Always,Sometimes,3.0,3.0,no,yes,2.0,Male,1.82,Walking,4.0,no,yes,2.0,67.0,Normal_Weight
32.0,Sometimes,Sometimes,2.0,0.0,yes,yes,3.0,Female,1.57,Automobile,3.0,no,no,0.0,57.0,Normal_Weight
18.0,Sometimes,Sometimes,2.0,1.0,no,no,3.0,Male,1.79,Public_Transportation,3.0,no,no,1.0,52.0,Insufficient_Weight
21.0,Frequently,Sometimes,2.0,0.0,no,yes,3.0,Male,1.75,Public_Transportation,4.0,no,yes,0.0,62.0,Normal_Weight
18.0,Frequently,Sometimes,2.0,0.0,yes,yes,2.0,Male,1.7,Public_Transportation,3.0,no,no,0.0,55.0,Normal_Weight
18.0,Frequently,no,1.0,1.0,yes,yes,2.0,Female,1.62,Public_Transportation,3.0,no,no,1.0,55.0,Normal_Weight
17.0,Sometimes,Sometimes,3.0,2.0,no,no,2.0,Male,1.69,Walking,3.0,no,no,1.0,60.0,Normal_Weight
20.0,Sometimes,Sometimes,2.0,1.0,yes,yes,1.0,Male,1.77,Public_Transportation,1.0,no,no,1.0,70.0,Normal_Weight
21.0,Always,Sometimes,1.0,0.0,yes,yes,2.0,Male,1.79,Public_Transportation,3.0,no,no,0.0,105.0,Obesity_Type_I
21.0,Sometimes,Sometimes,1.0,1.0,no,yes,2.0,Female,1.6,Public_Transportation,3.0,no,no,1.0,61.0,Normal_Weight
18.0,Sometimes,no,3.0,3.0,yes,yes,2.0,Female,1.6,Public_Transportation,3.0,no,no,0.0,58.0,Normal_Weight
17.0,Sometimes,no,1.0,0.0,no,yes,3.0,Female,1.56,Public_Transportation,3.0,no,no,2.0,51.0,Normal_Weight
19.0,Sometimes,Sometimes,3.0,3.0,no,no,2.0,Male,1.88,Automobile,3.0,no,no,0.0,79.0,Normal_Weight
16.0,Frequently,Sometimes,2.0,2.0,yes,yes,2.0,Male,1.82,Public_Transportation,3.0,no,no,1.0,71.0,Normal_Weight
17.0,Frequently,no,2.0,2.0,no,yes,2.0,Male,1.8,Walking,3.0,no,no,1.0,58.0,Insufficient_Weight
21.0,Frequently,no,1.0,1.0,yes,yes,2.0,Male,1.7,Public_Transportation,3.0,no,no,1.0,65.0,Normal_Weight
19.0,Frequently,no,2.0,1.0,yes,no,2.0,Male,1.82,Public_Transportation,3.0,no,no,0.0,75.0,Normal_Weight
18.0,Sometimes,Sometimes,2.0,1.0,yes,yes,2.0,Male,1.86,Public_Transportation,1.0,no,yes,2.0,110.0,Obesity_Type_I
16.0,Sometimes,no,1.0,0.0,no,no,2.0,Female,1.66,Walking,1.0,no,no,1.0,58.0,Normal_Weight
21.0,Sometimes,Sometimes,2.0,2.0,no,yes,3.0,Female,1.53,Public_Transportation,3.0,no,no,1.0,53.0,Normal_Weight
26.0,Sometimes,no,2.0,2.0,no,no,2.0,Male,1.74,Automobile,3.0,no,no,0.0,80.0,Overweight_Level_I
18.0,Frequently,Frequently,1.0,0.0,yes,yes,2.0,Male,1.8,Public_Transportation,3.0,no,no,1.0,80.0,Normal_Weight
23.0,Sometimes,Sometimes,3.0,1.0,no,yes,3.0,Male,1.7,Public_Transportation,3.0,no,no,2.0,75.0,Overweight_Level_I
26.0,Sometimes,Sometimes,1.0,0.0,no,yes,2.0,Male,1.7,Public_Transportation,3.0,no,yes,0.0,70.0,Normal_Weight
18.0,Sometimes,Sometimes,2.0,2.0,no,yes,2.0,Male,1.72,Public_Transportation,4.0,no,no,1.0,55.0,Normal_Weight
16.0,Always,Sometimes,3.0,3.0,yes,yes,3.0,Male,1.84,Walking,3.0,no,no,2.0,45.0,Insufficient_Weight
16.0,Always,Sometimes,2.0,0.0,no,yes,2.0,Female,1.57,Public_Transportation,4.0,no,no,1.0,49.0,Normal_Weight
20.0,Sometimes,Sometimes,3.0,2.0,yes,no,2.0,Male,1.8,Public_Transportation,3.0,no,no,1.0,85.0,Overweight_Level_I
23.0,Sometimes,Sometimes,2.0,2.0,yes,yes,2.0,Male,1.75,Public_Transportation,3.0,no,yes,1.0,120.0,Obesity_Type_II
24.0,Always,Sometimes,2.0,0.0,yes,yes,1.0,Female,1.56,Public_Transportation,3.0,no,no,2.0,60.0,Normal_Weight
23.0,Frequently,Sometimes,1.0,0.0,yes,yes,2.0,Female,1.59,Public_Transportation,1.0,no,no,2.0,48.0,Normal_Weight
20.0,Always,Sometimes,3.0,2.0,no,yes,3.0,Male,1.8,Public_Transportation,4.0,no,no,0.0,75.0,Normal_Weight
17.0,Frequently,no,2.0,2.0,yes,yes,2.0,Male,1.79,Public_Transportation,4.0,no,no,1.0,57.0,Insufficient_Weight
17.0,Always,no,2.0,3.0,no,yes,2.0,Male,1.72,Public_Transportation,3.0,no,no,1.0,62.0,Normal_Weight
16.0,Sometimes,no,1.0,3.0,no,yes,3.0,Female,1.6,Public_Transportation,3.0,no,no,0.0,57.0,Normal_Weight
17.0,Always,Sometimes,2.0,1.0,yes,yes,1.0,Male,1.66,Public_Transportation,3.0,no,no,1.0,56.0,Normal_Weight
26.0,Sometimes,no,1.0,1.0,no,yes,3.0,Female,1.65,Walking,3.0,no,no,0.0,63.0,Normal_Weight
26.0,Always,Sometimes,2.0,0.0,no,yes,2.0,Male,1.7,Public_Transportation,3.0,no,no,0.0,72.0,Normal_Weight
38.0,Frequently,no,1.0,2.0,yes,no,3.0,Male,1.75,Automobile,3.0,no,no,1.0,75.0,Normal_Weight
18.0,Sometimes,no,2.0,1.0,no,yes,3.0,Male,1.75,Public_Transportation,4.0,no,no,1.0,70.0,Normal_Weight
25.0,Sometimes,Sometimes,1.0,0.0,no,yes,2.0,Female,1.56,Public_Transportation,3.0,no,no,0.0,45.0,Normal_Weight
27.0,Sometimes,Sometimes,1.0,0.0,no,yes,2.0,Female,1.55,Automobile,3.0,no,no,1.0,63.0,Overweight_Level_I
21.0,Always,no,2.0,1.0,yes,yes,3.0,Male,1.67,Public_Transportation,1.0,no,no,1.0,67.0,Normal_Weight
38.0,Frequently,no,1.0,3.0,yes,no,3.0,Male,1.75,Automobile,3.0,no,no,1.0,75.0,Normal_Weight
23.0,Frequently,Sometimes,2.0,2.0,no,no,3.0,Female,1.75,Public_Transportation,3.0,no,no,0.0,56.0,Insufficient_Weight
18.0,Sometimes,Sometimes,2.0,3.0,yes,yes,2.0,Male,1.8,Automobile,3.0,no,no,0.0,72.0,Normal_Weight
30.0,Sometimes,Sometimes,1.0,0.0,yes,yes,2.0,Female,1.65,Public_Transportation,3.0,no,no,0.0,71.0,Overweight_Level_I
21.0,Sometimes,Sometimes,1.0,1.0,no,yes,2.0,Female,1.55,Public_Transportation,1.0,no,no,0.0,58.0,Normal_Weight
18.0,Sometimes,Sometimes,2.0,3.0,yes,yes,3.0,Male,1.7,Public_Transportation,3.0,no,no,0.0,55.3,Normal_Weight
23.0,Frequently,Sometimes,1.0,0.0,yes,no,3.0,Male,1.72,Public_Transportation,4.0,no,no,0.0,76.0,Overweight_Level_I
19.0,Sometimes,Sometimes,3.0,3.0,yes,no,3.0,Male,1.74,Walking,1.0,no,no,1.0,74.0,Normal_Weight
19.0,Sometimes,Sometimes,1.0,0.0,yes,yes,3.0,Female,1.65,Public_Transportation,3.0,no,no,1.0,82.0,Obesity_Type_I
17.0,Frequently,Sometimes,1.0,2.0,no,yes,3.0,Female,1.8,Public_Transportation,4.0,no,no,1.0,50.0,Insufficient_Weight
17.0,Sometimes,no,2.0,2.0,yes,yes,2.0,Male,1.74,Public_Transportation,3.0,no,no,1.0,56.0,Normal_Weight
27.0,Sometimes,no,2.0,1.0,yes,yes,2.0,Male,1.85,Walking,1.0,no,no,0.0,75.0,Normal_Weight
23.0,Always,no,3.0,3.0,no,no,3.0,Female,1.7,Automobile,4.0,yes,no,0.0,56.0,Normal_Weight
18.0,Frequently,Frequently,2.0,1.0,no,yes,2.0,Female,1.45,Public_Transportation,3.0,yes,no,2.0,53.0,Overweight_Level_I
19.0,Frequently,Sometimes,1.0,2.0,no,yes,1.0,Male,1.7,Public_Transportation,4.0,no,no,1.0,50.0,Insufficient_Weight
20.0,Sometimes,no,2.0,0.0,no,yes,2.0,Male,1.7,Public_Transportation,3.0,no,no,1.0,65.0,Normal_Weight
18.0,Frequently,no,2.0,3.0,yes,yes,3.0,Male,1.78,Walking,3.0,no,no,2.0,64.4,Normal_Weight
17.0,Sometimes,Sometimes,2.0,1.0,no,yes,3.0,Female,1.6,Public_Transportation,1.0,yes,no,2.0,65.0,Overweight_Level_I
19.0,Sometimes,Frequently,1.0,2.0,no,no,2.0,Female,1.53,Public_Transportation,3.0,yes,no,0.0,42.0,Insufficient_Weight
21.0,Sometimes,no,2.0,1.0,no,yes,3.0,Male,1.8,Public_Transportation,3.0,no,no,1.0,72.0,Normal_Weight
20.0,Sometimes,Sometimes,1.0,0.0,no,no,2.0,Male,1.6,Public_Transportation,3.0,no,no,0.0,50.0,Normal_Weight
23.0,Sometimes,Sometimes,2.0,1.0,yes,yes,3.0,Male,1.74,Public_Transportation,3.0,no,no,0.0,105.0,Obesity_Type_I
23.0,Sometimes,no,2.0,3.0,no,no,3.0,Male,1.65,Public_Transportation,3.0,no,no,0.0,66.0,Normal_Weight
18.0,Frequently,Sometimes,2.0,2.0,yes,yes,3.0,Male,1.87,Public_Transportation,3.0,no,no,1.0,173.0,Obesity_Type_III
17.0,Always,Sometimes,2.0,3.0,no,yes,3.0,Male,1.7,Public_Transportation,3.0,no,no,1.0,55.0,Normal_Weight
21.0,Always,no,1.0,2.0,yes,no,3.0,Female,1.54,Public_Transportation,3.0,no,no,0.0,47.0,Normal_Weight
17.0,Sometimes,Sometimes,3.0,1.0,yes,yes,2.0,Male,1.8,Walking,3.0,no,no,1.0,97.0,Overweight_Level_II
18.0,Sometimes,no,2.0,3.0,yes,yes,2.0,Male,1.82,Walking,3.0,no,no,2.0,80.0,Normal_Weight
20.0,Always,Sometimes,3.0,1.0,yes,yes,2.0,Male,1.98,Public_Transportation,3.0,no,no,1.0,125.0,Obesity_Type_I
17.0,Sometimes,Sometimes,1.0,3.0,yes,no,2.0,Male,1.75,Walking,3.0,no,no,2.0,70.0,Normal_Weight
26.0,Always,no,2.0,2.0,no,no,3.0,Female,1.65,Walking,4.0,no,no,0.0,60.0,Normal_Weight
17.0,Sometimes,Sometimes,1.0,2.0,no,yes,1.0,Female,1.6,Walking,3.0,no,no,2.0,53.0,Normal_Weight
24.0,Sometimes,Sometimes,2.0,0.0,yes,yes,1.0,Female,1.6,Automobile,3.0,no,no,1.0,51.0,Normal_Weight
17.0,Sometimes,no,2.0,1.0,no,yes,2.0,Female,1.6,Public_Transportation,3.0,no,no,2.0,59.0,Normal_Weight
27.0,Sometimes,Sometimes,1.0,1.0,no,yes,3.0,Female,1.55,Public_Transportation,1.0,no,no,0.0,62.0,Overweight_Level_I
17.0,Sometimes,no,2.0,3.0,no,no,3.0,Male,1.9,Walking,3.0,no,no,1.0,60.0,Insufficient_Weight
17.0,Sometimes,no,1.0,1.0,yes,yes,1.0,Female,1.7,Automobile,3.0,no,no,1.0,56.0,Normal_Weight
41.0,Sometimes,Frequently,1.0,1.0,yes,no,2.0,Male,1.75,Automobile,1.0,no,no,0.0,110.0,Obesity_Type_II
33.0,Sometimes,Sometimes,2.0,1.0,yes,no,2.0,Female,1.56,Public_Transportation,3.0,no,no,0.0,48.0,Normal_Weight
20.0,Frequently,Sometimes,1.0,1.0,no,yes,2.0,Male,1.87,Public_Transportation,3.0,no,no,1.0,75.0,Normal_Weight
40.0,Sometimes,no,2.0,2.0,yes,yes,2.0,Female,1.56,Public_Transportation,1.0,no,no,0.0,80.0,Obesity_Type_I
37.0,Sometimes,Sometimes,2.0,1.0,yes,no,3.0,Female,1.65,Automobile,3.0,no,no,0.0,73.0,Overweight_Level_I
19.0,Sometimes,Sometimes,2.0,2.0,no,yes,2.0,Male,1.8,Public_Transportation,1.0,no,no,1.0,80.0,Normal_Weight
24.0,Always,Sometimes,2.0,2.0,yes,yes,2.0,Male,1.84,Public_Transportation,1.0,no,no,1.0,86.0,Overweight_Level_I
24.0,Sometimes,Sometimes,2.0,0.0,no,yes,3.0,Male,1.7,Motorbike,3.0,no,no,0.0,68.0,Normal_Weight
33.0,Sometimes,Sometimes,2.0,3.0,yes,yes,2.0,Male,1.72,Automobile,1.0,no,no,0.0,83.0,Overweight_Level_II
40.0,Frequently,Sometimes,2.0,3.0,no,yes,2.0,Female,1.58,Public_Transportation,3.0,no,no,1.0,63.0,Overweight_Level_I
37.0,Sometimes,no,2.0,0.0,yes,yes,2.0,Female,1.68,Automobile,1.0,no,no,0.0,83.0,Overweight_Level_II
20.0,Frequently,Sometimes,2.0,3.0,no,no,3.0,Male,1.58,Public_Transportation,3.0,no,no,1.0,74.0,Overweight_Level_II
19.0,Sometimes,no,1.0,1.0,no,yes,2.0,Male,1.8,Public_Transportation,3.0,no,no,1.0,60.0,Normal_Weight
17.0,Always,Sometimes,2.0,1.0,yes,yes,3.0,Male,1.62,Public_Transportation,1.0,yes,no,2.0,69.0,Overweight_Level_I
18.0,Sometimes,no,1.0,0.0,no,yes,3.0,Female,1.62,Automobile,3.0,no,no,2.0,58.0,Normal_Weight
21.0,Sometimes,Sometimes,2.0,0.0,no,yes,2.0,Female,1.54,Public_Transportation,1.0,no,no,2.0,56.0,Normal_Weight
18.0,Frequently,Sometimes,2.0,2.0,yes,yes,2.0,Male,1.76,Automobile,4.0,no,no,1.0,70.0,Normal_Weight
41.0,Frequently,Sometimes,3.0,1.0,yes,yes,2.0,Male,1.8,Automobile,1.0,no,no,0.0,92.0,Overweight_Level_II
36.0,Sometimes,Sometimes,1.0,2.0,yes,no,3.0,Female,1.58,Automobile,3.0,no,no,0.0,60.0,Normal_Weight
18.0,Frequently,Sometimes,2.0,1.0,no,no,2.0,Male,1.76,Public_Transportation,4.0,no,no,1.0,68.0,Normal_Weight
18.0,Frequently,Sometimes,1.0,2.0,no,yes,3.0,Male,1.73,Public_Transportation,3.0,no,no,1.0,70.0,Normal_Weight
17.0,Sometimes,Sometimes,2.0,0.0,yes,yes,3.0,Male,1.7,Walking,3.0,no,no,2.0,70.0,Normal_Weight
25.0,Sometimes,no,3.0,3.0,no,yes,3.0,Male,1.7,Motorbike,3.0,yes,no,0.0,83.0,Overweight_Level_II
21.0,Frequently,Sometimes,1.0,2.0,yes,yes,3.0,Male,1.8,Public_Transportation,3.0,no,no,0.0,75.0,Normal_Weight
29.0,Frequently,Sometimes,1.0,0.0,yes,no,2.0,Female,1.6,Public_Transportation,3.0,no,no,1.0,56.0,Normal_Weight
17.0,Sometimes,Sometimes,2.0,0.0,yes,no,2.0,Male,1.7,Automobile,3.0,no,no,1.0,98.0,Obesity_Type_I
18.0,Sometimes,no,1.0,0.0,yes,yes,3.0,Female,1.6,Walking,1.0,yes,no,2.0,60.0,Normal_Weight
16.0,Frequently,no,2.0,1.0,no,yes,2.0,Female,1.55,Public_Transportation,3.0,no,no,1.0,45.0,Normal_Weight
18.0,Sometimes,no,1.0,1.0,no,no,1.0,Female,1.59,Public_Transportation,3.0,no,no,2.0,53.0,Normal_Weight
37.0,Frequently,Sometimes,1.0,0.0,yes,yes,2.0,Female,1.5,Motorbike,3.0,no,no,0.0,75.0,Obesity_Type_I
18.0,Sometimes,no,3.0,1.0,yes,no,2.0,Male,1.78,Public_Transportation,3.0,no,no,0.0,108.0,Obesity_Type_I
16.0,Sometimes,no,2.0,0.0,yes,yes,1.0,Female,1.61,Public_Transportation,1.0,no,no,0.0,65.0,Overweight_Level_I
23.0,Always,no,3.0,0.0,yes,yes,2.0,Male,1.71,Public_Transportation,3.0,no,no,2.0,50.0,Insufficient_Weight
18.0,Sometimes,Sometimes,2.0,0.0,no,no,2.0,Female,1.7,Walking,3.0,no,no,1.0,50.0,Insufficient_Weight
18.0,Frequently,no,3.0,2.0,no,no,3.0,Male,1.76,Public_Transportation,3.0,no,no,2.0,69.5,Normal_Weight
18.0,Sometimes,Sometimes,2.0,0.0,no,yes,1.0,Male,1.7,Public_Transportation,3.0,no,no,1.0,78.0,Overweight_Level_II
17.0,Sometimes,no,1.0,0.0,yes,yes,2.0,Female,1.53,Public_Transportation,3.0,no,no,1.0,55.0,Normal_Weight
20.0,Sometimes,Sometimes,2.0,3.0,yes,yes,1.0,Female,1.54,Public_Transportation,3.0,no,no,2.0,39.0,Insufficient_Weight
38.0,Sometimes,Frequently,1.0,2.0,yes,no,3.0,Female,1.55,Automobile,3.0,no,no,1.0,59.0,Normal_Weight
20.0,Frequently,no,3.0,0.0,no,yes,2.0,Male,1.66,Public_Transportation,4.0,no,no,0.0,60.0,Normal_Weight
21.0,Always,Sometimes,1.0,0.0,yes,yes,3.0,Male,1.85,Public_Transportation,1.0,no,no,0.0,125.0,Obesity_Type_II
21.0,Frequently,Sometimes,1.0,0.0,no,no,3.0,Male,1.65,Motorbike,1.0,no,no,0.0,60.0,Normal_Weight
18.0,Sometimes,no,2.0,0.0,yes,no,2.0,Male,1.65,Public_Transportation,3.0,no,no,0.0,70.0,Overweight_Level_I
26.0,Always,Sometimes,2.0,1.0,no,yes,2.0,Male,1.83,Public_Transportation,3.0,no,no,1.0,82.0,Normal_Weight
27.0,Frequently,Sometimes,2.0,2.0,yes,yes,3.0,Male,1.83,Walking,1.0,no,no,1.0,99.0,Overweight_Level_II
26.0,Sometimes,no,3.0,0.0,yes,no,3.0,Female,1.66,Automobile,3.0,no,no,0.0,112.0,Obesity_Type_III
34.0,Sometimes,Sometimes,2.0,3.0,no,yes,2.0,Male,1.78,Automobile,3.0,no,no,1.0,73.0,Normal_Weight
18.0,Sometimes,no,2.0,3.0,no,no,3.0,Male,1.74,Public_Transportation,3.0,no,no,0.0,86.0,Overweight_Level_II
33.0,Sometimes,Sometimes,2.0,3.0,no,no,2.0,Male,1.76,Automobile,3.0,no,no,1.0,66.5,Normal_Weight
19.0,Frequently,Sometimes,1.0,1.0,yes,yes,3.0,Female,1.51,Walking,3.0,no,no,2.0,59.0,Overweight_Level_I
20.0,Sometimes,Sometimes,2.0,0.0,yes,no,3.0,Male,1.81,Public_Transportation,1.0,no,no,0.0,79.0,Normal_Weight
33.0,Sometimes,Sometimes,3.0,2.0,yes,yes,3.0,Female,1.55,Public_Transportation,1.0,no,no,1.0,55.0,Normal_Weight
20.0,Sometimes,no,2.0,1.0,no,no,2.0,Male,1.83,Public_Transportation,3.0,no,no,1.0,66.0,Normal_Weight
20.0,Sometimes,Sometimes,2.0,0.0,no,no,3.0,Female,1.6,Public_Transportation,3.0,yes,no,0.0,65.0,Overweight_Level_I
33.0,Frequently,Sometimes,2.0,1.0,no,yes,2.0,Male,1.85,Automobile,3.0,no,no,0.0,85.0,Normal_Weight
33.0,Sometimes,Sometimes,2.0,1.0,no,no,2.0,Male,1.75,Public_Transportation,3.0,yes,no,0.0,85.0,Overweight_Level_II
33.0,Always,Frequently,2.0,1.0,yes,yes,2.0,Male,1.83,Automobile,1.0,no,no,2.0,113.0,Obesity_Type_I
14.0,Sometimes,no,3.0,2.0,yes,yes,3.0,Male,1.71,Walking,3.0,no,no,1.0,72.0,Normal_Weight
34.0,Sometimes,no,1.0,2.0,no,yes,3.0,Male,1.84,Automobile,3.0,yes,no,0.0,88.0,Overweight_Level_I
18.0,Sometimes,Frequently,2.0,1.0,yes,yes,3.0,Male,1.77,Public_Transportation,3.0,no,no,1.0,87.0,Overweight_Level_II
18.0,Sometimes,Sometimes,2.0,2.0,no,yes,3.0,Male,1.7,Public_Transportation,3.0,no,no,0.0,90.0,Obesity_Type_I
29.0,Sometimes,Sometimes,1.0,0.0,yes,yes,1.0,Male,1.62,Public_Transportation,3.0,no,no,0.0,89.0,Obesity_Type_I
18.0,Sometimes,Sometimes,2.0,2.0,yes,yes,3.0,Male,1.85,Automobile,4.0,yes,no,0.0,60.0,Insufficient_Weight
18.0,Sometimes,Sometimes,2.0,2.0,yes,yes,3.0,Male,1.84,Automobile,4.0,yes,no,0.0,60.0,Insufficient_Weight
19.0,Sometimes,Sometimes,2.0,2.0,no,yes,2.0,Male,1.75,Bike,3.0,no,no,0.0,58.0,Normal_Weight
33.0,Sometimes,Sometimes,1.0,1.0,yes,yes,2.0,Male,1.85,Walking,3.0,no,no,1.0,93.0,Overweight_Level_II
33.0,Sometimes,Sometimes,1.0,0.0,no,no,2.0,Male,1.74,Walking,3.0,no,no,2.0,76.0,Overweight_Level_I
19.0,Always,Sometimes,2.0,2.0,yes,yes,2.0,Female,1.61,Public_Transportation,3.0,no,no,1.0,53.8,Normal_Weight
22.0,Sometimes,no,3.0,1.0,no,no,2.0,Male,1.75,Public_Transportation,3.0,no,no,1.0,70.0,Normal_Weight
20.0,no,Sometimes,2.0,3.0,no,yes,3.0,Female,1.67,Public_Transportation,3.0,no,no,0.0,60.0,Normal_Weight
23.0,Frequently,Sometimes,1.0,2.0,no,yes,3.0,Male,1.7,Public_Transportation,1.0,no,no,1.0,69.0,Normal_Weight
26.0,Frequently,Sometimes,1.0,1.0,yes,yes,2.0,Male,1.9,Automobile,3.0,yes,no,0.0,80.0,Normal_Weight
18.0,Sometimes,Sometimes,1.0,1.0,no,yes,2.0,Male,1.65,Public_Transportation,3.0,no,no,0.0,85.0,Obesity_Type_I
18.0,Frequently,Sometimes,2.0,2.0,no,yes,2.0,Female,1.6,Public_Transportation,4.0,no,no,1.0,55.0,Normal_Weight
19.0,Frequently,no,1.0,2.0,no,yes,3.0,Male,1.8,Public_Transportation,3.0,no,no,0.0,70.0,Normal_Weight
18.0,Sometimes,Sometimes,1.0,1.0,yes,yes,2.0,Female,1.64,Public_Transportation,3.0,no,no,1.0,59.0,Normal_Weight
19.0,Frequently,Frequently,2.0,3.0,no,yes,2.0,Male,1.89,Automobile,4.0,no,no,1.0,87.0,Normal_Weight
19.0,Sometimes,no,3.0,3.0,yes,yes,2.0,Female,1.76,Public_Transportation,1.0,no,no,1.0,80.0,Overweight_Level_I
18.0,Sometimes,Frequently,1.0,0.0,no,yes,2.0,Female,1.56,Automobile,3.0,no,no,0.0,55.0,Normal_Weight
18.0,Always,Sometimes,2.0,1.0,yes,yes,2.0,Female,1.6,Walking,1.0,no,no,0.0,56.0,Normal_Weight
19.0,Sometimes,Sometimes,2.0,2.0,no,yes,3.0,Female,1.67,Automobile,3.0,no,no,1.0,64.0,Normal_Weight
19.0,Frequently,Sometimes,2.0,0.0,no,yes,2.0,Female,1.6,Public_Transportation,3.0,no,no,1.0,60.0,Normal_Weight
18.0,Sometimes,no,1.0,0.0,no,yes,2.0,Female,1.55,Automobile,3.0,no,no,0.0,56.0,Normal_Weight
18.0,Frequently,no,1.0,1.0,yes,yes,3.0,Female,1.55,Public_Transportation,3.0,no,no,2.0,50.0,Normal_Weight
26.0,Sometimes,Sometimes,2.0,0.0,yes,yes,2.0,Male,1.72,Walking,3.0,no,no,1.0,65.0,Normal_Weight
18.0,Sometimes,Sometimes,2.0,0.0,yes,yes,2.0,Male,1.72,Public_Transportation,3.0,no,no,2.0,53.0,Insufficient_Weight
19.0,Sometimes,Sometimes,2.0,2.0,yes,yes,2.0,Male,1.7,Public_Transportation,1.0,no,no,0.0,60.0,Normal_Weight
19.0,Sometimes,Sometimes,1.0,3.0,no,yes,2.0,Female,1.51,Public_Transportation,4.0,no,no,0.0,45.0,Normal_Weight
19.0,Frequently,Sometimes,2.0,2.0,yes,yes,3.0,Male,1.83,Public_Transportation,3.0,no,no,0.0,82.0,Normal_Weight
19.0,Sometimes,Sometimes,2.0,2.0,yes,yes,2.0,Male,1.8,Public_Transportation,4.0,no,no,1.0,87.0,Overweight_Level_I
24.0,Sometimes,Sometimes,1.0,0.0,yes,yes,3.0,Female,1.6,Public_Transportation,1.0,no,no,2.0,100.5,Obesity_Type_II
18.0,Sometimes,Sometimes,2.0,2.0,yes,yes,1.0,Female,1.63,Public_Transportation,3.0,no,no,2.0,63.0,Normal_Weight
19.0,Sometimes,Sometimes,2.0,1.0,no,yes,3.0,Male,1.71,Public_Transportation,3.0,no,no,1.0,71.0,Normal_Weight
19.0,Frequently,no,2.0,1.0,yes,no,2.0,Male,1.7,Public_Transportation,3.0,no,no,0.0,65.0,Normal_Weight
23.0,no,Sometimes,2.0,2.0,no,no,3.0,Male,1.75,Automobile,3.0,no,no,1.0,69.0,Normal_Weight
18.0,Sometimes,Sometimes,1.0,0.0,no,yes,3.0,Female,1.62,Automobile,3.0,no,no,0.0,50.0,Normal_Weight
20.0,Sometimes,no,1.0,1.0,no,yes,3.0,Female,1.68,Public_Transportation,1.0,no,no,0.0,68.0,Normal_Weight
18.0,Frequently,Sometimes,1.0,1.0,no,yes,2.0,Male,1.85,Public_Transportation,3.0,no,no,1.0,66.0,Normal_Weight
33.0,Frequently,no,2.0,0.0,no,yes,3.0,Female,1.59,Public_Transportation,1.0,no,no,0.0,60.0,Normal_Weight
19.0,Sometimes,Sometimes,1.0,0.0,no,yes,2.0,Female,1.5,Public_Transportation,3.0,no,no,0.0,45.0,Normal_Weight
19.0,Always,Sometimes,1.0,1.0,no,yes,2.0,Male,1.69,Public_Transportation,3.0,no,no,1.0,60.0,Normal_Weight
19.0,Frequently,Frequently,3.0,1.0,yes,yes,2.0,Male,1.76,Public_Transportation,3.0,no,no,2.0,79.0,Overweight_Level_I
21.0,Sometimes,no,2.0,0.0,yes,yes,2.0,Male,1.71,Public_Transportation,1.0,no,no,2.0,100.0,Obesity_Type_I
27.0,Always,Sometimes,2.0,0.0,yes,yes,2.0,Male,1.72,Automobile,1.0,no,no,0.0,88.0,Overweight_Level_II
17.0,Sometimes,Sometimes,1.0,2.0,yes,no,2.0,Male,1.8,Public_Transportation,3.0,no,no,1.0,68.0,Normal_Weight
18.0,Always,Sometimes,2.0,2.0,no,no,3.0,Male,1.93,Walking,4.0,no,no,0.0,86.0,Normal_Weight
18.0,Frequently,Sometimes,1.0,1.0,yes,yes,2.0,Female,1.6,Public_Transportation,3.0,no,no,1.0,51.0,Normal_Weight
22.0,Frequently,no,1.0,1.0,yes,yes,3.0,Male,1.74,Automobile,3.0,no,no,0.0,75.0,Normal_Weight
20.0,Frequently,Sometimes,1.0,1.0,no,yes,3.0,Female,1.62,Public_Transportation,3.0,no,no,0.0,45.0,Insufficient_Weight
19.0,Sometimes,no,2.0,0.0,no,yes,3.0,Female,1.54,Public_Transportation,1.0,no,no,1.0,42.0,Insufficient_Weight
20.0,Frequently,Sometimes,2.0,3.0,no,yes,2.0,Female,1.56,Public_Transportation,3.0,no,no,0.0,51.5,Normal_Weight
18.0,Sometimes,no,2.0,1.0,yes,yes,2.0,Female,1.6,Public_Transportation,3.0,yes,no,0.0,83.0,Obesity_Type_I
18.0,Frequently,no,2.0,1.0,no,no,3.0,Female,1.54,Public_Transportation,4.0,no,no,1.0,71.0,Overweight_Level_II
18.0,Frequently,Sometimes,1.0,1.0,yes,yes,1.0,Female,1.63,Public_Transportation,3.0,no,no,0.0,51.0,Normal_Weight
19.0,Sometimes,no,1.0,1.0,no,yes,2.0,Male,1.78,Public_Transportation,3.0,no,no,0.0,64.0,Normal_Weight
18.0,Sometimes,no,1.0,0.0,no,no,2.0,Female,1.62,Public_Transportation,1.0,no,no,2.0,68.0,Overweight_Level_I
18.0,Sometimes,no,2.0,1.0,yes,yes,3.0,Female,1.71,Public_Transportation,3.0,no,no,0.0,75.0,Overweight_Level_I
18.0,Frequently,no,1.0,1.0,yes,yes,3.0,Female,1.64,Public_Transportation,3.0,yes,no,1.0,56.0,Normal_Weight
19.0,Frequently,Sometimes,1.0,1.0,no,yes,2.0,Male,1.69,Public_Transportation,3.0,no,no,1.0,65.0,Normal_Weight
17.0,Frequently,Sometimes,2.0,1.0,no,yes,1.0,Female,1.58,Public_Transportation,4.0,no,no,2.0,50.0,Normal_Weight
18.0,Sometimes,Sometimes,1.0,0.0,no,yes,2.0,Female,1.57,Public_Transportation,3.0,no,no,1.0,50.0,Normal_Weight
18.0,Sometimes,Sometimes,1.0,2.0,yes,yes,3.0,Male,1.74,Public_Transportation,4.0,yes,no,0.0,64.0,Normal_Weight
20.0,Frequently,Sometimes,2.0,1.0,yes,yes,2.0,Female,1.58,Public_Transportation,1.0,no,no,1.0,53.5,Normal_Weight
18.0,Sometimes,no,1.0,0.0,no,yes,2.0,Female,1.5,Public_Transportation,3.0,no,no,0.0,58.0,Overweight_Level_I
36.0,Sometimes,no,1.0,0.0,yes,yes,2.0,Female,1.65,Automobile,3.0,no,no,2.0,80.0,Overweight_Level_II
21.0,Always,Sometimes,2.0,3.0,yes,yes,1.0,Male,1.8,Public_Transportation,3.0,no,no,1.0,73.0,Normal_Weight
23.0,Sometimes,Frequently,2.0,1.0,no,yes,2.0,Male,1.75,Public_Transportation,3.0,no,no,0.0,75.0,Normal_Weight
20.0,Sometimes,no,3.0,3.0,yes,no,2.0,Male,1.84,Motorbike,3.0,no,no,0.0,104.0,Obesity_Type_I
21.0,Sometimes,Sometimes,3.0,2.0,yes,yes,3.0,Male,1.88,Walking,3.0,no,no,1.0,84.0,Normal_Weight
19.0,Sometimes,no,1.0,0.0,no,yes,2.0,Female,1.56,Public_Transportation,1.0,no,no,2.0,50.0,Normal_Weight
24.0,no,Sometimes,2.0,1.0,no,yes,3.0,Male,1.75,Public_Transportation,3.0,yes,no,0.0,84.0,Overweight_Level_II
25.0,Sometimes,Sometimes,1.0,1.0,no,yes,2.0,Male,1.66,Public_Transportation,3.0,no,yes,1.0,68.0,Normal_Weight
45.0,Frequently,no,1.0,0.0,no,yes,3.0,Male,1.7,Automobile,3.0,no,no,0.0,86.0,Overweight_Level_II
20.0,Frequently,Sometimes,1.0,2.0,no,yes,2.0,Male,1.8,Motorbike,3.0,no,no,0.0,65.0,Normal_Weight
18.0,Sometimes,Sometimes,2.0,0.0,no,yes,3.0,Female,1.67,Public_Transportation,3.0,no,no,0.0,66.0,Normal_Weight
19.0,Always,no,1.0,0.0,yes,yes,3.0,Male,1.8,Motorbike,1.0,yes,no,0.0,60.0,Normal_Weight
20.0,Sometimes,Sometimes,2.0,1.0,no,no,2.0,Male,1.56,Public_Transportation,3.0,no,no,1.0,45.0,Normal_Weight
25.196214,Sometimes,Sometimes,1.152736,0.319156,yes,yes,3.0,Female,1.686306,Public_Transportation,3.0,no,no,1.0,104.572712,Obesity_Type_III
18.503343,Sometimes,Sometimes,1.115967,1.541072,yes,yes,3.0,Female,1.683124,Public_Transportation,3.0,no,no,1.0,126.67378,Obesity_Type_III
26.0,Sometimes,Sometimes,2.704507,0.0,yes,yes,3.0,Female,1.622397,Public_Transportation,3.0,no,no,0.29499,110.79263,Obesity_Type_III
21.853826,Sometimes,Sometimes,2.184707,1.978631,yes,yes,3.0,Female,1.755643,Public_Transportation,3.0,no,no,0.838957,137.796884,Obesity_Type_III
21.90012,Sometimes,Sometimes,2.406541,0.10032,yes,yes,3.0,Female,1.843419,Public_Transportation,3.0,no,no,0.479221,165.057269,Obesity_Type_III
18.306615,Sometimes,Sometimes,2.984323,1.586525,yes,yes,3.0,Female,1.7456,Public_Transportation,3.0,no,no,0.62535,133.03441,Obesity_Type_III
26.0,Sometimes,Sometimes,2.444125,0.0,yes,yes,3.0,Female,1.630927,Public_Transportation,3.0,no,no,0.26579,111.485516,Obesity_Type_III
26.0,Sometimes,Sometimes,2.654702,0.0,yes,yes,3.0,Female,1.629191,Public_Transportation,3.0,no,no,0.555468,104.826776,Obesity_Type_III
21.849705,Sometimes,Sometimes,2.825629,1.399183,yes,yes,3.0,Female,1.770612,Public_Transportation,3.0,no,no,0.928972,133.963349,Obesity_Type_III
19.799054,Sometimes,Sometimes,2.847264,1.680844,yes,yes,2.0,Male,1.743702,Public_Transportation,3.28926,no,no,2.0,54.927529,Insufficient_Weight
17.188754,Sometimes,Sometimes,2.884033,2.0,yes,yes,2.0,Male,1.771915,Public_Transportation,4.0,no,no,1.340107,55.695036,Insufficient_Weight
22.285024,Sometimes,Sometimes,2.147746,2.0,yes,yes,2.450218,Male,1.75376,Public_Transportation,3.995147,no,no,0.58998,55.879263,Insufficient_Weight
22.0,Frequently,no,2.815293,1.978631,yes,yes,3.0,Female,1.675446,Public_Transportation,3.0,no,no,1.0,51.154201,Insufficient_Weight
21.02497,Frequently,no,2.593459,2.0,yes,yes,3.0,Female,1.666203,Public_Transportation,3.0,no,no,1.0,49.869791,Insufficient_Weight
22.038327,Frequently,no,1.031354,2.206738,yes,yes,2.880161,Female,1.711467,Public_Transportation,3.0,no,no,1.37465,51.965521,Insufficient_Weight
21.243142,Frequently,no,2.444125,1.31817,no,no,3.0,Female,1.598019,Public_Transportation,1.72626,no,no,0.0,44.845655,Insufficient_Weight
22.142432,Frequently,no,2.654702,0.902095,no,no,3.0,Female,1.59611,Public_Transportation,2.581015,no,no,0.0,42.848033,Insufficient_Weight
21.962426,Frequently,no,2.651258,0.600817,no,no,3.0,Female,1.57206,Public_Transportation,1.600812,no,no,0.0,43.919835,Insufficient_Weight
21.491055,Frequently,no,1.792022,0.119643,no,no,2.00876,Female,1.586952,Public_Transportation,1.73762,no,no,0.0,43.087508,Insufficient_Weight
22.717943,Frequently,no,1.490613,0.345684,no,no,2.596579,Female,1.59559,Public_Transportation,1.10548,no,no,0.0,44.581159,Insufficient_Weight
23.501249,Frequently,no,2.074048,1.679935,no,no,2.591439,Female,1.6,Public_Transportation,3.0,no,no,0.0,45.0,Insufficient_Weight
18.535075,Sometimes,no,3.0,2.539762,no,yes,3.0,Female,1.688025,Public_Transportation,3.0,yes,no,1.283673,45.0,Insufficient_Weight
19.0,Sometimes,no,2.13755,0.196152,no,yes,3.0,Female,1.556211,Public_Transportation,2.0846,yes,no,0.062488,42.339767,Insufficient_Weight
19.0,Sometimes,no,2.456581,1.596576,no,yes,3.0,Female,1.564199,Public_Transportation,1.894384,yes,no,0.9974,42.096062,Insufficient_Weight
20.254534,Frequently,Sometimes,1.0,0.0,no,yes,2.392665,Female,1.56948,Public_Transportation,1.0,no,no,0.738269,41.324558,Insufficient_Weight
21.0,Frequently,Sometimes,1.0,0.0,no,yes,3.0,Female,1.52,Public_Transportation,1.0,no,no,0.0,42.0,Insufficient_Weight
20.225396,Frequently,Sometimes,1.0,0.754646,no,yes,3.0,Female,1.550648,Public_Transportation,2.857787,no,no,0.0,44.641796,Insufficient_Weight
19.86997,Frequently,Sometimes,1.527036,0.0,no,yes,3.0,Female,1.520997,Public_Transportation,1.0,no,no,0.860497,42.0,Insufficient_Weight
20.147114,Frequently,Sometimes,1.322669,0.0,no,yes,3.0,Female,1.528011,Public_Transportation,1.0,no,no,0.478676,42.0,Insufficient_Weight
21.996523,Frequently,Sometimes,1.656082,0.42777,no,no,3.0,Female,1.733263,Public_Transportation,3.765526,no,no,0.555967,50.890363,Insufficient_Weight
21.376426,Frequently,Sometimes,1.569082,0.545931,no,no,3.0,Female,1.722527,Public_Transportation,3.285167,no,no,0.469735,50.833029,Insufficient_Weight
19.724106,Frequently,Sometimes,1.0,1.303976,no,no,1.123939,Female,1.734832,Public_Transportation,4.0,no,no,0.371941,50.0,Insufficient_Weight
23.0,Sometimes,Sometimes,2.843777,1.488843,yes,yes,3.0,Male,1.882779,Automobile,3.0,no,no,0.009254,64.106108,Insufficient_Weight
22.851834,Sometimes,Sometimes,2.650989,1.228136,yes,yes,3.0,Male,1.854592,Automobile,3.691226,no,no,0.8324,63.611109,Insufficient_Weight
23.0,Sometimes,Sometimes,2.027984,1.661556,yes,yes,3.0,Male,1.835643,Automobile,3.0,no,no,0.114716,58.854416,Insufficient_Weight
18.216032,Frequently,no,2.0,0.658894,yes,yes,3.0,Male,1.755507,Public_Transportation,3.0,no,no,1.0,52.0,Insufficient_Weight
21.81119,Frequently,no,1.253803,0.544784,yes,yes,3.0,Male,1.71266,Public_Transportation,3.156153,no,no,0.256382,51.598593,Insufficient_Weight
18.164768,Frequently,no,2.0,0.819682,yes,yes,3.0,Male,1.694265,Public_Transportation,3.0,no,no,1.0,52.0,Insufficient_Weight
18.871794,Sometimes,Sometimes,1.0,0.194745,no,yes,2.0,Female,1.586895,Public_Transportation,1.07976,no,no,1.547086,41.452385,Insufficient_Weight
18.766033,Sometimes,Sometimes,1.636326,0.0,no,yes,2.027574,Female,1.579561,Public_Transportation,1.0,no,no,1.906141,41.890204,Insufficient_Weight
18.540535,Sometimes,Sometimes,1.298165,0.0,no,yes,2.658112,Female,1.564568,Public_Transportation,1.0,no,no,1.639326,41.397378,Insufficient_Weight
19.88036,Frequently,Sometimes,1.632004,2.0,no,no,2.88626,Female,1.670635,Public_Transportation,3.559841,no,no,1.0,49.742931,Insufficient_Weight
19.717249,Frequently,Sometimes,2.0,1.903182,no,no,2.714447,Female,1.688426,Public_Transportation,3.0,no,no,1.0,49.660995,Insufficient_Weight
19.633898,Frequently,Sometimes,2.0,1.067817,no,no,2.750715,Female,1.66084,Public_Transportation,3.0,no,no,1.0,49.039794,Insufficient_Weight
23.0,Frequently,no,2.099863,1.63581,yes,yes,2.0,Female,1.710182,Public_Transportation,3.0,no,no,2.0,50.287967,Insufficient_Weight
20.406871,Frequently,no,1.86393,2.870127,yes,yes,2.0,Female,1.755978,Public_Transportation,3.891994,no,no,2.0,53.699561,Insufficient_Weight
23.0,Frequently,no,1.229915,0.619533,yes,yes,2.0,Female,1.728834,Public_Transportation,3.0,no,no,2.0,51.442293,Insufficient_Weight
19.058511,Sometimes,Sometimes,1.049134,2.0,no,yes,1.4925,Female,1.662017,Public_Transportation,3.0,no,no,1.0,49.838965,Insufficient_Weight
18.827008,Sometimes,Sometimes,1.0,2.0,no,yes,1.0,Female,1.7,Public_Transportation,3.240578,no,no,1.0,50.0,Insufficient_Weight
19.314964,Sometimes,Sometimes,1.530531,2.0,no,yes,2.205439,Female,1.661403,Public_Transportation,3.0,no,no,1.0,49.932199,Insufficient_Weight
29.970445,Frequently,no,2.0,0.821977,yes,yes,2.059138,Female,1.610863,Public_Transportation,3.904858,no,no,0.0,49.516027,Insufficient_Weight
32.383858,Frequently,no,2.721769,1.44287,yes,yes,3.0,Female,1.640688,Public_Transportation,3.11158,no,no,0.0,46.655622,Insufficient_Weight
24.163526,Frequently,no,2.7305,0.107078,yes,yes,3.0,Female,1.64603,Public_Transportation,3.590039,no,no,0.0,49.839685,Insufficient_Weight
17.038222,Sometimes,Sometimes,2.371015,0.288032,no,yes,2.0,Male,1.710564,Public_Transportation,2.057935,no,no,0.714627,51.588874,Insufficient_Weight
16.30687,Sometimes,Sometimes,1.787843,1.926592,no,yes,2.310423,Male,1.752755,Public_Transportation,3.558637,no,no,0.828549,50.0,Insufficient_Weight
16.198153,Sometimes,Sometimes,2.673835,0.99295,no,yes,2.0,Male,1.691007,Public_Transportation,2.000986,no,no,0.474836,52.629374,Insufficient_Weight
18.0,Sometimes,Sometimes,1.773236,1.252472,no,yes,2.823179,Male,1.753349,Public_Transportation,3.0,no,no,1.0,51.457226,Insufficient_Weight
18.0,Sometimes,Sometimes,2.0,0.520408,no,yes,2.052932,Male,1.781543,Public_Transportation,3.0,no,no,1.0,50.869704,Insufficient_Weight
18.0,Sometimes,Sometimes,2.0,0.281734,no,yes,2.596364,Male,1.755823,Public_Transportation,3.0,no,no,1.488372,52.331172,Insufficient_Weight
17.486869,Sometimes,no,2.0,2.0,yes,yes,2.767731,Male,1.836669,Automobile,3.821168,no,no,0.556245,58.943347,Insufficient_Weight
19.920629,Sometimes,no,2.622638,2.0,yes,yes,2.0,Male,1.768493,Automobile,3.897078,no,no,1.894105,57.790381,Insufficient_Weight
18.426619,Sometimes,no,2.426465,2.0,yes,yes,2.0,Male,1.777108,Automobile,3.092116,no,no,1.839862,57.145917,Insufficient_Weight
17.082867,Sometimes,Sometimes,2.911187,2.595128,no,yes,2.815157,Female,1.640824,Public_Transportation,3.0,no,no,1.380204,43.365005,Insufficient_Weight
17.000433,Sometimes,Sometimes,2.310921,2.240714,no,yes,2.737762,Female,1.584951,Public_Transportation,3.0,no,no,1.59257,44.411801,Insufficient_Weight
16.270434,Sometimes,Sometimes,2.148146,2.458237,no,yes,3.0,Female,1.818268,Public_Transportation,3.286431,no,no,1.273333,47.124717,Insufficient_Weight
17.908114,Sometimes,no,2.0,2.0,yes,yes,2.568063,Male,1.793926,Automobile,4.0,no,no,0.220029,59.682591,Insufficient_Weight
17.120699,Sometimes,no,2.0,2.0,yes,yes,2.524428,Male,1.809251,Automobile,4.0,no,no,0.03838,58.968994,Insufficient_Weight
19.329542,Sometimes,no,2.157395,2.0,yes,yes,2.0,Male,1.767335,Automobile,4.0,no,no,1.679149,55.700497,Insufficient_Weight
22.377998,Frequently,no,2.0,0.139808,yes,yes,3.0,Female,1.699568,Public_Transportation,3.0,no,no,0.875464,54.98774,Insufficient_Weight
20.954955,Frequently,no,2.894678,2.0,yes,yes,2.971574,Female,1.759358,Public_Transportation,3.592415,no,no,1.009632,55.01045,Insufficient_Weight
22.991668,Frequently,no,2.025279,2.0,yes,yes,3.0,Female,1.740295,Public_Transportation,3.0,no,no,0.152985,54.166453,Insufficient_Weight
19.300435,Sometimes,Sometimes,1.692112,2.0,no,yes,3.0,Female,1.739354,Public_Transportation,3.754599,no,no,1.0,49.649613,Insufficient_Weight
17.065445,Sometimes,Sometimes,1.438398,2.0,no,yes,3.0,Female,1.647811,Public_Transportation,3.566082,no,no,1.0,49.603807,Insufficient_Weight
19.084967,Sometimes,Sometimes,1.191401,2.0,no,yes,3.0,Female,1.768435,Public_Transportation,3.725797,no,no,1.0,49.597765,Insufficient_Weight
18.024853,Frequently,Sometimes,1.016968,0.651412,no,yes,1.0816,Female,1.7,Public_Transportation,3.520555,no,no,1.0,50.0,Insufficient_Weight
19.833682,Frequently,Sometimes,1.876915,2.0,no,yes,1.270448,Female,1.699464,Public_Transportation,3.731212,no,no,1.0,49.676046,Insufficient_Weight
17.767432,Frequently,Sometimes,1.0,2.0,no,yes,1.344854,Female,1.74379,Public_Transportation,4.0,no,no,1.0,50.0,Insufficient_Weight
19.504696,Frequently,Sometimes,1.0,1.522399,no,no,2.959658,Female,1.590317,Public_Transportation,3.0,no,no,0.0,42.367615,Insufficient_Weight
19.950605,Frequently,Sometimes,1.0,1.37467,no,no,2.725282,Female,1.527133,Public_Transportation,1.259803,no,no,0.0,42.0,Insufficient_Weight
19.0,Frequently,Sometimes,1.69551,0.260079,no,no,2.844607,Female,1.530875,Public_Transportation,1.273128,no,no,0.635867,42.0,Insufficient_Weight
17.0,Sometimes,no,2.0,2.784471,yes,yes,2.44004,Male,1.848294,Automobile,3.0,no,no,1.0,59.409018,Insufficient_Weight
17.0,Sometimes,no,2.0,2.349495,yes,yes,2.432302,Male,1.824414,Automobile,3.0,no,no,1.0,59.295172,Insufficient_Weight
18.525525,Sometimes,no,2.036764,2.038653,yes,yes,2.592247,Male,1.856633,Automobile,3.304123,no,no,1.119877,59.258372,Insufficient_Weight
22.926352,Frequently,no,1.266018,0.866045,yes,yes,2.449267,Female,1.715597,Public_Transportation,3.647154,no,no,0.097234,50.0,Insufficient_Weight
21.785351,Frequently,no,2.792074,0.630944,yes,yes,2.929889,Female,1.675054,Public_Transportation,3.0,no,no,1.366355,49.945233,Insufficient_Weight
23.0,Frequently,no,1.426874,2.20208,yes,yes,2.0,Female,1.717601,Public_Transportation,3.0,no,no,2.0,51.073918,Insufficient_Weight
17.402028,Sometimes,Sometimes,1.315608,0.069802,no,yes,2.015258,Female,1.710756,Public_Transportation,3.300666,no,no,1.0,50.0,Insufficient_Weight
18.0,Sometimes,Sometimes,1.963628,0.028202,no,yes,1.031149,Female,1.7,Public_Transportation,3.0,no,no,1.0,50.0,Insufficient_Weight
18.48207,Sometimes,Sometimes,1.086391,0.618913,no,yes,1.592183,Female,1.7,Public_Transportation,3.535016,no,no,1.0,50.0,Insufficient_Weight
18.53084,Sometimes,Sometimes,1.179942,0.684739,no,yes,1.21498,Female,1.573816,Public_Transportation,1.717608,no,no,2.0,39.850137,Insufficient_Weight
19.94814,Sometimes,Sometimes,1.98126,2.306844,no,yes,1.522001,Female,1.530884,Public_Transportation,3.0,no,no,0.720454,39.371523,Insufficient_Weight
20.400053,Sometimes,Sometimes,1.439962,0.144627,no,yes,2.703436,Female,1.529724,Public_Transportation,2.884479,no,no,0.322307,40.343463,Insufficient_Weight
19.556729,Sometimes,no,2.358172,2.0,yes,yes,2.362918,Male,1.767563,Automobile,4.0,no,no,0.939819,56.307019,Insufficient_Weight
17.70368,Sometimes,no,2.0,2.011519,yes,yes,3.0,Male,1.883364,Automobile,3.626815,no,no,0.456462,60.0,Insufficient_Weight
18.274358,Sometimes,no,2.931438,2.0,yes,yes,2.14084,Male,1.824655,Automobile,4.0,no,no,1.164457,58.621349,Insufficient_Weight
18.0,Sometimes,no,2.0,2.0,yes,yes,3.0,Male,1.840138,Automobile,4.0,no,no,0.0,60.0,Insufficient_Weight
17.210933,Sometimes,no,2.0,2.0,yes,yes,2.5596,Male,1.819557,Automobile,4.0,no,no,0.331483,58.325122,Insufficient_Weight
17.469417,Sometimes,no,2.0,2.0,yes,yes,2.336044,Male,1.798645,Automobile,4.0,no,no,0.133005,59.612717,Insufficient_Weight
18.0,Sometimes,Sometimes,2.0,0.0,yes,yes,2.0,Male,1.7108,Public_Transportation,3.0,no,no,1.593704,50.92538,Insufficient_Weight
18.0,Sometimes,Sometimes,2.0,0.0,yes,yes,2.0,Male,1.70653,Public_Transportation,3.0,no,no,1.329237,51.121749,Insufficient_Weight
18.0,Sometimes,Sometimes,1.274815,0.520407,yes,yes,1.813234,Male,1.716691,Public_Transportation,3.0,no,no,1.673584,51.149283,Insufficient_Weight
19.010211,Frequently,Sometimes,1.0,1.070331,no,no,2.724285,Female,1.555431,Public_Transportation,3.0,yes,no,0.0,44.188767,Insufficient_Weight
19.091346,Frequently,Sometimes,1.28246,1.60195,no,no,3.0,Female,1.603923,Public_Transportation,3.0,yes,no,0.0,45.0,Insufficient_Weight
19.773303,Frequently,Sometimes,2.875583,1.258504,no,no,3.0,Female,1.602082,Public_Transportation,3.0,yes,no,0.0,45.0,Insufficient_Weight
19.483036,Frequently,Sometimes,1.387531,0.0,no,yes,3.0,Female,1.53777,Public_Transportation,1.0,no,no,0.466169,42.0,Insufficient_Weight
19.0,Frequently,Sometimes,1.164644,1.235675,no,yes,2.71897,Female,1.538398,Public_Transportation,1.473088,no,no,0.930926,42.0,Insufficient_Weight
19.407204,Frequently,Sometimes,1.848703,0.0,no,yes,3.0,Female,1.520862,Public_Transportation,1.0,no,no,0.744555,42.0,Insufficient_Weight
18.0,Sometimes,Sometimes,1.325326,0.227985,yes,yes,1.133844,Male,1.717826,Public_Transportation,3.0,no,no,1.708309,51.7325,Insufficient_Weight
18.424941,Sometimes,Sometimes,2.278578,1.838881,yes,yes,2.0,Male,1.753389,Public_Transportation,3.16645,no,no,2.0,54.121925,Insufficient_Weight
18.0,Sometimes,Sometimes,1.153559,0.833976,yes,yes,1.757466,Male,1.70165,Public_Transportation,3.0,no,no,1.616045,50.157707,Insufficient_Weight
19.97981,Sometimes,no,2.976672,1.94907,yes,yes,2.0,Male,1.75336,Public_Transportation,3.494849,no,no,2.0,54.997374,Insufficient_Weight
21.798856,Frequently,no,2.975887,0.945093,yes,yes,2.979383,Female,1.672007,Public_Transportation,3.0,no,no,1.241755,49.980968,Insufficient_Weight
22.209706,Frequently,no,2.702783,1.967234,no,no,3.0,Female,1.593847,Public_Transportation,2.99321,no,no,0.0,44.050251,Insufficient_Weight
23.018443,Frequently,no,2.120292,0.995735,no,no,2.204914,Female,1.584785,Public_Transportation,2.127797,no,no,0.0,44.376637,Insufficient_Weight
19.376997,Frequently,Sometimes,2.949419,1.295697,no,no,3.0,Female,1.600264,Public_Transportation,3.0,yes,no,0.0,45.0,Insufficient_Weight
20.971429,Frequently,Sometimes,1.0,0.0,no,yes,2.927218,Female,1.549311,Public_Transportation,1.0,no,no,0.276592,41.557468,Insufficient_Weight
20.345161,Frequently,Sometimes,1.0,0.0,no,yes,2.88853,Female,1.534385,Public_Transportation,1.0,no,no,0.196224,41.96525,Insufficient_Weight
20.519916,Frequently,no,1.109115,1.548953,yes,no,2.890535,Female,1.725548,Public_Transportation,3.90779,no,no,0.555468,49.815599,Insufficient_Weight
20.406066,Sometimes,Sometimes,2.825629,1.699592,yes,yes,3.0,Male,1.868931,Automobile,3.699594,no,no,0.071028,63.199726,Insufficient_Weight
21.478496,Frequently,no,1.910378,0.480614,yes,yes,3.0,Female,1.686936,Public_Transportation,3.179995,no,no,0.625079,51.256059,Insufficient_Weight
18.372563,Sometimes,Sometimes,1.0,0.127425,no,yes,2.0,Female,1.589829,Public_Transportation,1.075553,no,no,1.679442,40.202773,Insufficient_Weight
19.931667,Sometimes,Sometimes,1.965237,2.0,no,no,2.530066,Female,1.653209,Public_Transportation,3.0,no,no,1.0,49.026214,Insufficient_Weight
22.998709,Frequently,no,1.846626,2.460238,yes,yes,2.241606,Female,1.740108,Public_Transportation,3.0,no,no,0.814518,53.65727,Insufficient_Weight
18.006742,Frequently,Sometimes,1.014634,0.783676,no,yes,1.003566,Female,1.7,Public_Transportation,3.238258,no,no,1.0,50.0,Insufficient_Weight
34.799519,Frequently,no,1.60114,0.174692,yes,yes,2.652779,Female,1.689141,Public_Transportation,3.804944,no,no,0.096982,50.0,Insufficient_Weight
16.496978,Sometimes,Sometimes,2.975528,0.548991,no,yes,2.0,Male,1.691206,Public_Transportation,1.630846,no,no,0.369134,50.0,Insufficient_Weight
18.0,Sometimes,Sometimes,1.835545,1.162519,no,yes,2.897899,Male,1.788459,Public_Transportation,3.0,no,no,1.0,51.552595,Insufficient_Weight
17.377131,Sometimes,no,2.0,2.0,yes,yes,2.483979,Male,1.811238,Automobile,3.762778,no,no,0.930051,58.83071,Insufficient_Weight
16.611837,Sometimes,Sometimes,2.953192,2.830911,no,yes,2.945967,Female,1.830068,Public_Transportation,3.0,no,no,1.466667,43.534531,Insufficient_Weight
17.080493,Sometimes,no,2.28525,2.0,yes,yes,2.0,Male,1.782756,Automobile,4.0,no,no,1.162801,56.029418,Insufficient_Weight
22.970655,Frequently,no,2.004126,2.0,yes,yes,2.478891,Female,1.751691,Public_Transportation,3.371832,no,no,0.327376,55.967655,Insufficient_Weight
17.764764,Sometimes,Sometimes,1.0,2.0,no,yes,2.784464,Female,1.78656,Public_Transportation,4.0,no,no,1.0,50.0,Insufficient_Weight
19.272573,Frequently,Sometimes,1.0,1.683957,no,yes,1.005578,Female,1.71367,Public_Transportation,4.0,no,no,0.704978,50.0,Insufficient_Weight
19.0,Frequently,Sometimes,1.333807,1.877369,no,no,2.938031,Female,1.540375,Public_Transportation,2.705445,yes,no,0.370973,42.006282,Insufficient_Weight
17.06713,Sometimes,no,2.0,2.511157,yes,yes,2.842102,Male,1.896734,Automobile,3.34175,no,no,0.560351,59.895052,Insufficient_Weight
23.0,Frequently,no,2.685842,0.373186,yes,yes,2.0,Female,1.710129,Public_Transportation,3.0,no,no,2.0,50.079991,Insufficient_Weight
18.0,Sometimes,Sometimes,2.0,0.0,no,yes,2.0,Female,1.704193,Public_Transportation,3.0,no,no,1.525597,50.631889,Insufficient_Weight
19.054008,Sometimes,Sometimes,2.013605,2.075293,no,yes,1.889199,Female,1.556611,Public_Transportation,2.217651,no,no,1.683261,39.695295,Insufficient_Weight
18.0,Sometimes,no,2.0,2.0,yes,yes,3.0,Male,1.845399,Automobile,4.0,no,no,0.0,60.0,Insufficient_Weight
17.491272,Sometimes,no,2.0,2.0,yes,yes,2.943749,Male,1.834637,Automobile,4.0,no,no,0.128895,59.990861,Insufficient_Weight
18.0,Sometimes,Sometimes,2.0,0.027433,yes,yes,2.33998,Male,1.721854,Public_Transportation,3.0,no,no,1.884138,52.514302,Insufficient_Weight
20.172661,Frequently,Sometimes,1.0,0.769726,no,no,3.0,Female,1.605521,Public_Transportation,2.893778,yes,no,0.0,44.661461,Insufficient_Weight
19.220108,Frequently,Sometimes,1.954889,0.0,no,yes,3.0,Female,1.530266,Public_Transportation,1.0,no,no,0.907868,42.0,Insufficient_Weight
18.0,Sometimes,Sometimes,1.751723,0.201136,yes,yes,1.950742,Male,1.71889,Public_Transportation,3.0,no,no,1.743319,52.058335,Insufficient_Weight
19.96247,Sometimes,no,2.891713,1.696294,yes,yes,2.277436,Male,1.756338,Public_Transportation,3.502604,no,no,1.894902,54.98234,Insufficient_Weight
17.580627,Sometimes,no,2.369627,2.0,yes,yes,2.0,Male,1.770324,Automobile,4.0,no,no,1.612466,55.695253,Insufficient_Weight
21.125098,Frequently,no,2.263466,2.0,yes,yes,2.371338,Female,1.767479,Public_Transportation,3.998766,no,no,0.844004,56.265959,Insufficient_Weight
22.033129,Frequently,no,2.044694,2.008256,yes,yes,2.984425,Female,1.704223,Public_Transportation,3.0,no,no,1.250871,51.437985,Insufficient_Weight
20.744839,Frequently,no,2.482933,2.0,yes,yes,2.977018,Female,1.667852,Public_Transportation,3.193671,no,no,1.0,49.803921,Insufficient_Weight
22.547298,Frequently,no,1.04111,0.794402,yes,yes,2.663421,Female,1.722461,Public_Transportation,3.0,no,no,1.391948,51.881263,Insufficient_Weight
21.837996,Frequently,no,2.550307,1.098862,no,no,3.0,Female,1.588046,Public_Transportation,1.69608,no,no,0.0,44.236067,Insufficient_Weight
23.035829,Frequently,no,2.346647,1.612248,no,no,2.753752,Female,1.598612,Public_Transportation,2.812377,no,no,0.0,42.993937,Insufficient_Weight
21.529439,Frequently,no,2.566629,1.190465,no,no,3.0,Female,1.592379,Public_Transportation,1.612747,no,no,0.0,44.00945,Insufficient_Weight
21.287999,Frequently,no,1.220365,0.033328,no,no,2.318355,Female,1.555778,Public_Transportation,1.082304,no,no,0.0,42.3601,Insufficient_Weight
23.444286,Frequently,no,1.916812,0.417119,no,no,2.594653,Female,1.596466,Public_Transportation,1.882158,no,no,0.0,44.594588,Insufficient_Weight
22.329041,Frequently,no,2.306821,1.42237,no,no,2.886157,Female,1.598393,Public_Transportation,2.326233,no,no,0.0,44.918255,Insufficient_Weight
18.91505,Sometimes,Sometimes,2.924594,1.352558,no,yes,3.0,Female,1.633316,Public_Transportation,3.0,yes,no,0.220087,45.0,Insufficient_Weight
19.0,Sometimes,no,2.241607,0.206025,no,yes,3.0,Female,1.559567,Public_Transportation,1.989398,no,no,0.284453,42.12617,Insufficient_Weight
19.052833,Sometimes,no,2.318736,1.193486,no,yes,3.0,Female,1.546551,Public_Transportation,1.735493,no,no,0.74568,42.069992,Insufficient_Weight
19.59904,Frequently,Sometimes,1.131185,0.0,no,yes,2.967853,Female,1.566501,Public_Transportation,1.0,no,no,0.504176,41.706283,Insufficient_Weight
19.673262,Frequently,Sometimes,1.145761,0.87967,no,no,3.0,Female,1.599486,Public_Transportation,2.974568,yes,no,0.0,44.810751,Insufficient_Weight
20.244359,Frequently,Sometimes,1.198883,0.0,no,yes,2.619835,Female,1.559186,Public_Transportation,1.0,no,no,0.751212,41.952805,Insufficient_Weight
20.552695,Frequently,Sometimes,1.185062,0.0,no,yes,3.0,Female,1.523426,Public_Transportation,1.0,no,no,0.076654,42.0,Insufficient_Weight
21.997683,Frequently,no,1.774576,0.10297,yes,yes,3.0,Female,1.689441,Public_Transportation,3.715118,no,no,0.646423,51.107925,Insufficient_Weight
21.274628,Frequently,no,1.326694,0.791929,yes,yes,3.0,Female,1.737453,Public_Transportation,3.489918,no,no,0.128394,50.479039,Insufficient_Weight
18.909439,Sometimes,Sometimes,1.0,1.853425,no,yes,1.053534,Female,1.732096,Public_Transportation,3.378859,no,no,0.861809,50.0,Insufficient_Weight
22.396504,Sometimes,Sometimes,2.233274,1.557737,yes,yes,3.0,Male,1.869098,Automobile,3.263201,no,no,0.000355,61.411141,Insufficient_Weight
19.084317,Sometimes,Sometimes,2.548527,1.285976,yes,yes,3.0,Male,1.851123,Automobile,3.994588,no,no,0.267076,61.264785,Insufficient_Weight
21.084625,Sometimes,no,2.387945,1.976341,yes,yes,2.530233,Male,1.787264,Automobile,3.24934,no,no,1.672508,58.585146,Insufficient_Weight
18.068767,Sometimes,Sometimes,2.0,0.854337,yes,yes,3.0,Male,1.787787,Public_Transportation,3.0,no,no,1.0,52.0,Insufficient_Weight
21.813083,Frequently,no,1.24818,1.952427,yes,yes,2.8813,Female,1.712515,Public_Transportation,3.087544,no,no,0.427461,51.710723,Insufficient_Weight
18.038422,Sometimes,Sometimes,2.0,0.533309,yes,yes,2.824559,Male,1.698914,Public_Transportation,3.0,no,no,1.099764,51.692272,Insufficient_Weight
18.874591,Sometimes,Sometimes,1.30491,0.25289,no,yes,2.762325,Female,1.533609,Public_Transportation,1.163666,no,no,1.001405,41.669346,Insufficient_Weight
19.21164,Sometimes,Sometimes,1.676975,0.0,no,yes,2.070964,Female,1.567981,Public_Transportation,1.0,no,no,1.718513,41.934368,Insufficient_Weight
18.988581,Sometimes,Sometimes,1.310074,0.0,no,yes,2.68601,Female,1.544263,Public_Transportation,1.0,no,no,1.0647,41.535047,Insufficient_Weight
19.408999,Sometimes,Sometimes,1.543021,2.0,no,yes,2.794197,Female,1.670552,Public_Transportation,3.409363,no,no,1.0,49.804245,Insufficient_Weight
19.665881,Sometimes,Sometimes,2.0,1.862235,no,no,2.720701,Female,1.676346,Public_Transportation,3.0,no,no,1.0,49.105025,Insufficient_Weight
19.758286,Sometimes,Sometimes,1.960131,1.513029,no,no,2.880792,Female,1.667404,Public_Transportation,3.281391,no,no,1.0,49.125955,Insufficient_Weight
22.422674,Frequently,no,2.453384,1.321624,yes,yes,2.674431,Female,1.70011,Public_Transportation,3.0,no,no,1.990617,50.173425,Insufficient_Weight
20.242237,Sometimes,no,2.654078,2.113151,yes,yes,2.0,Male,1.75633,Public_Transportation,3.98525,no,no,2.0,54.567343,Insufficient_Weight
22.637018,Frequently,no,1.990788,0.486006,yes,yes,2.55996,Female,1.703584,Public_Transportation,3.0,no,no,1.561272,51.607091,Insufficient_Weight
19.007177,Sometimes,Sometimes,1.029703,2.0,no,yes,1.212908,Female,1.690727,Public_Transportation,3.207071,no,no,1.0,49.895716,Insufficient_Weight
18.288205,Sometimes,Sometimes,1.0,2.0,no,yes,1.140615,Female,1.713564,Public_Transportation,3.471536,no,no,1.0,50.0,Insufficient_Weight
19.314429,Sometimes,Sometimes,1.67062,2.0,no,yes,2.562409,Female,1.67231,Public_Transportation,3.488342,no,no,1.0,49.713944,Insufficient_Weight
27.14823,Frequently,no,2.020764,1.078719,yes,yes,2.004146,Female,1.660446,Public_Transportation,3.443456,no,no,1.26729,49.558304,Insufficient_Weight
25.380557,Frequently,no,2.212296,1.616882,yes,yes,2.690754,Female,1.630379,Public_Transportation,3.03779,no,no,0.0,46.062954,Insufficient_Weight
22.867719,Frequently,no,1.995177,0.118271,yes,yes,3.0,Female,1.655413,Public_Transportation,3.642802,no,no,0.065515,50.424661,Insufficient_Weight
17.729923,Sometimes,Sometimes,2.35752,0.291309,no,yes,2.051283,Male,1.732862,Public_Transportation,2.645858,no,no,0.897942,51.216463,Insufficient_Weight
16.834813,Sometimes,Sometimes,1.356405,1.351996,no,yes,2.19005,Female,1.74402,Public_Transportation,3.420618,no,no,0.98468,50.0,Insufficient_Weight
17.521754,Sometimes,Sometimes,2.121251,0.998391,no,yes,2.21498,Male,1.757958,Public_Transportation,2.64155,no,no,0.85882,52.09432,Insufficient_Weight
18.0,Sometimes,Sometimes,1.777486,1.077469,no,yes,2.91548,Male,1.786758,Public_Transportation,3.0,no,no,1.0,51.524444,Insufficient_Weight
18.0,Sometimes,Sometimes,1.873004,1.21718,yes,yes,2.708965,Male,1.767058,Public_Transportation,3.0,no,no,1.0,51.132809,Insufficient_Weight
18.128249,Sometimes,Sometimes,2.0,0.680464,yes,yes,2.853513,Male,1.699437,Public_Transportation,3.0,no,no,1.258881,52.08657,Insufficient_Weight
17.405104,Sometimes,no,2.0,2.0,yes,yes,2.580872,Male,1.82525,Automobile,3.887906,no,no,0.453649,58.913579,Insufficient_Weight
19.72925,Sometimes,no,2.076933,2.026668,yes,yes,2.508835,Male,1.793315,Automobile,3.435905,no,no,1.443328,58.19515,Insufficient_Weight
18.525834,Sometimes,no,2.575535,2.0,yes,yes,2.0,Male,1.776989,Automobile,3.747163,no,no,1.84383,57.275946,Insufficient_Weight
18.595614,Sometimes,no,2.839558,1.949667,no,yes,2.896562,Female,1.609495,Public_Transportation,2.625475,yes,no,1.253311,42.656563,Insufficient_Weight
16.613108,Sometimes,Sometimes,2.196405,2.328147,no,yes,2.911877,Female,1.777929,Public_Transportation,3.098399,no,no,1.55011,44.762023,Insufficient_Weight
16.928791,Sometimes,Sometimes,2.204263,2.407906,no,yes,2.910733,Female,1.710948,Public_Transportation,3.12544,no,no,1.403037,45.248627,Insufficient_Weight
17.758315,Sometimes,no,2.0,2.000088,yes,yes,2.966126,Male,1.854162,Automobile,3.96981,no,no,0.378619,59.881316,Insufficient_Weight
17.282945,Sometimes,no,2.0,2.002997,yes,yes,2.613249,Male,1.821514,Automobile,3.712183,no,no,0.174848,59.605028,Insufficient_Weight
19.993154,Sometimes,no,2.542415,2.0,yes,yes,2.0,Male,1.762073,Automobile,4.0,no,no,1.807465,55.511075,Insufficient_Weight
22.935612,Frequently,no,2.00357,1.25955,yes,yes,3.0,Female,1.732307,Public_Transportation,3.0,no,no,0.417116,54.835576,Insufficient_Weight
20.738469,Sometimes,no,2.993448,2.0,yes,yes,2.627031,Male,1.759933,Public_Transportation,3.832911,no,no,1.425903,55.003417,Insufficient_Weight
22.99368,Frequently,no,2.009796,2.0,yes,yes,3.0,Female,1.741377,Public_Transportation,3.0,no,no,0.071317,54.877111,Insufficient_Weight
19.317148,Sometimes,Sometimes,1.949308,1.940182,no,yes,2.919751,Female,1.731195,Public_Transportation,3.576103,no,no,1.0,49.650897,Insufficient_Weight
16.910997,Sometimes,Sometimes,1.491268,1.951027,no,yes,2.494451,Female,1.74823,Public_Transportation,3.56544,no,no,0.956204,49.928447,Insufficient_Weight
19.071027,Sometimes,Sometimes,1.095417,2.0,no,yes,1.69427,Female,1.756865,Public_Transportation,3.266644,no,no,1.0,49.699672,Insufficient_Weight
18.019572,Sometimes,Sometimes,1.055019,0.819269,no,yes,1.601236,Female,1.701378,Public_Transportation,3.433908,no,no,1.030848,50.088468,Insufficient_Weight
19.735968,Sometimes,Sometimes,1.134658,2.0,no,yes,1.204855,Female,1.699956,Public_Transportation,3.531038,no,no,1.0,49.98297,Insufficient_Weight
18.094079,Frequently,Sometimes,1.0,2.0,no,yes,1.052699,Female,1.723328,Public_Transportation,3.998618,no,no,1.0,50.0,Insufficient_Weight
19.054938,Frequently,Sometimes,1.0,1.461005,no,no,2.910345,Female,1.585886,Public_Transportation,3.0,yes,no,0.0,42.541794,Insufficient_Weight
20.850119,Frequently,Sometimes,1.0,0.14495,no,yes,2.866383,Female,1.524926,Public_Transportation,1.226342,no,no,0.0,42.0,Insufficient_Weight
19.349258,Frequently,Sometimes,1.596212,0.108948,no,yes,2.913486,Female,1.52337,Public_Transportation,1.060796,no,no,0.773087,42.0,Insufficient_Weight
17.0,Sometimes,no,2.0,2.697949,yes,yes,2.432886,Male,1.844749,Automobile,3.0,no,no,1.0,59.313525,Insufficient_Weight
17.203917,Sometimes,no,2.0,2.077653,yes,yes,2.883745,Male,1.853325,Automobile,3.595761,no,no,0.714701,59.619485,Insufficient_Weight
17.671064,Sometimes,no,2.026547,2.009397,yes,yes,2.707666,Male,1.854706,Automobile,3.737914,no,no,0.613971,59.20945,Insufficient_Weight
21.310907,Frequently,no,1.147121,0.993058,yes,yes,2.919584,Female,1.72064,Public_Transportation,3.697831,no,no,0.08922,50.0,Insufficient_Weight
21.708354,Frequently,no,2.765876,0.611037,yes,yes,2.969205,Female,1.704167,Public_Transportation,3.21043,no,no,1.300692,50.165754,Insufficient_Weight
22.176922,Frequently,no,1.064378,2.206055,yes,yes,2.486189,Female,1.71746,Public_Transportation,3.0,no,no,1.958089,51.491957,Insufficient_Weight
17.823438,Sometimes,Sometimes,1.099231,0.418875,no,yes,1.642241,Female,1.708406,Public_Transportation,3.45259,no,no,1.0,50.0,Insufficient_Weight
18.0,Sometimes,Sometimes,1.994139,0.107981,no,yes,1.567101,Female,1.763465,Public_Transportation,3.0,no,no,1.0,50.279053,Insufficient_Weight
18.281092,Sometimes,Sometimes,1.745959,0.115974,no,yes,1.036414,Female,1.7,Public_Transportation,3.205587,no,no,1.0,50.0,Insufficient_Weight
18.656912,Sometimes,Sometimes,1.549974,0.227802,no,yes,1.649974,Female,1.574017,Public_Transportation,1.513835,no,no,1.972926,41.220175,Insufficient_Weight
19.994543,Sometimes,Sometimes,1.997744,2.432443,no,yes,1.118436,Female,1.537739,Public_Transportation,3.0,no,no,1.626194,39.101805,Insufficient_Weight
20.255616,Frequently,Sometimes,1.249074,0.043412,no,yes,2.673638,Female,1.534223,Public_Transportation,2.779379,no,no,0.403694,41.268597,Insufficient_Weight
19.865895,Sometimes,no,2.582165,2.0,yes,yes,2.120185,Male,1.76033,Automobile,4.0,no,no,1.510609,55.3707,Insufficient_Weight
17.888073,Sometimes,no,2.0,2.000934,yes,yes,3.0,Male,1.841879,Automobile,3.732126,no,no,0.384662,60.0,Insufficient_Weight
18.470562,Sometimes,no,2.311791,2.013377,yes,yes,2.34222,Male,1.856406,Automobile,3.937099,no,no,1.128355,58.673963,Insufficient_Weight
17.925497,Sometimes,no,2.0,2.0,yes,yes,2.86099,Male,1.829142,Automobile,4.0,no,no,0.007872,59.933015,Insufficient_Weight
17.000752,Sometimes,no,2.0,2.011646,yes,yes,2.559571,Male,1.822084,Automobile,3.047959,no,no,0.588994,58.443049,Insufficient_Weight
17.362129,Sometimes,no,2.0,2.0,yes,yes,2.424977,Male,1.80671,Automobile,4.0,no,no,0.03921,59.243506,Insufficient_Weight
18.0,Sometimes,Sometimes,1.546856,0.512094,yes,yes,1.786841,Male,1.707259,Public_Transportation,3.0,no,no,1.608265,50.664459,Insufficient_Weight
18.0,Sometimes,Sometimes,1.755497,0.062932,yes,yes,1.303878,Male,1.708107,Public_Transportation,3.0,no,no,1.672532,51.314659,Insufficient_Weight
18.0,Sometimes,Sometimes,1.959531,0.520407,yes,yes,1.889883,Male,1.739344,Public_Transportation,3.0,no,no,1.151166,50.951444,Insufficient_Weight
19.029494,Frequently,Sometimes,1.015249,1.327833,no,no,2.984004,Female,1.573987,Public_Transportation,3.0,yes,no,0.0,44.316254,Insufficient_Weight
19.269079,Frequently,Sometimes,1.246822,0.979701,no,no,3.0,Female,1.58092,Public_Transportation,2.975362,yes,no,0.0,44.753943,Insufficient_Weight
19.946244,Frequently,Sometimes,2.487919,1.230441,no,no,3.0,Female,1.603435,Public_Transportation,3.0,yes,no,0.0,45.0,Insufficient_Weight
19.639431,Frequently,Sometimes,1.49681,0.0,no,yes,3.0,Female,1.53535,Public_Transportation,1.0,no,no,0.513427,42.0,Insufficient_Weight
19.0,Frequently,Sometimes,1.322048,0.463949,no,yes,2.749268,Female,1.53161,Public_Transportation,1.394539,no,no,0.800993,42.0,Insufficient_Weight
19.434709,Frequently,Sometimes,1.764055,0.0,no,yes,3.0,Female,1.525691,Public_Transportation,1.0,no,no,0.560887,42.0,Insufficient_Weight
18.0,Sometimes,Sometimes,1.927976,0.023574,yes,yes,1.202075,Male,1.719827,Public_Transportation,3.0,no,no,1.747256,52.289828,Insufficient_Weight
18.381382,Sometimes,Sometimes,2.072194,1.487987,yes,yes,2.0,Male,1.722547,Public_Transportation,3.131032,no,no,2.0,53.783977,Insufficient_Weight
18.0,Sometimes,Sometimes,1.283738,0.684879,yes,yes,1.871213,Male,1.738702,Public_Transportation,3.0,no,no,1.487223,50.248677,Insufficient_Weight
26.69858,Sometimes,no,2.0,2.0,no,yes,2.341133,Male,1.816298,Automobile,1.578521,no,no,0.554072,86.963765,Overweight_Level_I
21.125836,no,Sometimes,2.115967,0.770536,no,yes,2.0,Male,1.638085,Public_Transportation,1.0,no,no,0.0,70.0,Overweight_Level_I
25.191627,Sometimes,no,2.147746,0.046836,no,yes,1.450218,Male,1.813678,Automobile,3.985442,no,no,1.0,85.637789,Overweight_Level_I
21.963457,Sometimes,Sometimes,1.815293,0.989316,yes,yes,2.204914,Male,1.697228,Public_Transportation,3.623364,no,no,0.0,75.5771,Overweight_Level_I
21.0,no,Sometimes,2.406541,0.94984,no,yes,1.206276,Male,1.617469,Public_Transportation,3.0,no,no,0.479221,68.869791,Overweight_Level_I
19.114981,Sometimes,Sometimes,1.015677,0.0,yes,yes,2.0,Male,1.855543,Public_Transportation,3.0,no,no,0.37465,88.965521,Overweight_Level_I
41.823567,Sometimes,Sometimes,2.722063,3.0,no,yes,2.81646,Female,1.721854,Automobile,3.36313,no,no,0.26579,82.919584,Overweight_Level_I
21.142432,Sometimes,Sometimes,1.345298,1.097905,yes,yes,2.0,Male,1.855353,Public_Transportation,3.0,no,no,1.0,86.413388,Overweight_Level_I
21.962426,Sometimes,Sometimes,1.825629,0.699592,yes,yes,2.0,Male,1.696336,Public_Transportation,3.0,no,no,0.142056,75.0,Overweight_Level_I
18.836315,Sometimes,Frequently,2.207978,2.641072,yes,yes,2.0,Female,1.751631,Public_Transportation,1.73762,no,no,0.707044,80.0,Overweight_Level_I
23.572648,Sometimes,Sometimes,2.0,0.345684,yes,yes,2.0,Male,1.698346,Public_Transportation,3.0,no,no,1.415536,75.0,Overweight_Level_I
33.700749,Sometimes,Sometimes,1.074048,0.679935,yes,no,3.0,Female,1.642971,Automobile,1.146052,no,no,0.0,74.803157,Overweight_Level_I
21.845025,Sometimes,Sometimes,2.174248,0.920476,yes,yes,1.758394,Female,1.613668,Public_Transportation,3.981997,no,no,1.358163,68.126955,Overweight_Level_I
21.0,no,Sometimes,3.0,1.0,no,yes,2.0,Male,1.605404,Public_Transportation,1.9154,no,no,0.0,68.226511,Overweight_Level_I
35.125401,Sometimes,Sometimes,1.456581,0.0,no,yes,2.0,Female,1.529834,Automobile,2.105616,no,no,0.9974,62.903938,Overweight_Level_I
36.769646,Sometimes,Sometimes,2.951056,0.0,yes,yes,2.392665,Female,1.55,Automobile,3.0,no,no,0.369134,62.337721,Overweight_Level_I
21.868932,Sometimes,Sometimes,2.0,2.287423,yes,yes,2.577427,Female,1.731261,Public_Transportation,1.0,no,no,0.0,78.175706,Overweight_Level_I
22.549208,no,Sometimes,2.803311,0.245354,no,yes,2.0,Male,1.629194,Public_Transportation,1.0,no,no,0.0,70.0,Overweight_Level_I
30.958957,Sometimes,Sometimes,1.972074,0.228307,yes,yes,2.052152,Female,1.633491,Automobile,3.0,no,no,0.0,68.803694,Overweight_Level_I
21.017383,Sometimes,Sometimes,2.0,2.57223,yes,yes,3.0,Male,1.752391,Automobile,1.0,no,no,0.0,79.109637,Overweight_Level_I
19.623574,Sometimes,Sometimes,2.430918,2.545931,yes,yes,2.954996,Male,1.818226,Public_Transportation,3.714833,no,no,0.469735,85.833029,Overweight_Level_I
19.637947,Sometimes,Sometimes,2.229171,1.607953,yes,yes,3.0,Male,1.809101,Public_Transportation,3.0,no,no,0.628059,85.0,Overweight_Level_I
21.413642,Sometimes,Sometimes,2.843777,2.022315,yes,yes,2.0,Male,1.709484,Public_Transportation,3.0,no,no,0.009254,75.0,Overweight_Level_I
21.029633,no,Sometimes,3.0,1.228136,yes,yes,2.0,Male,1.607082,Public_Transportation,3.691226,no,no,0.3352,67.722222,Overweight_Level_I
22.667596,Frequently,Sometimes,2.0,0.0,yes,yes,2.0,Female,1.718939,Public_Transportation,3.0,no,no,2.0,75.951472,Overweight_Level_I
20.0,Sometimes,Sometimes,3.0,2.0,yes,yes,2.555401,Male,1.831357,Public_Transportation,3.292386,no,no,0.315918,89.652557,Overweight_Level_I
21.81119,Sometimes,Sometimes,2.746197,1.910432,yes,yes,2.108711,Female,1.6,Public_Transportation,3.0,no,no,0.0,66.401407,Overweight_Level_I
21.0,Sometimes,Sometimes,1.530046,1.360635,yes,yes,2.915279,Female,1.754813,Public_Transportation,1.104642,no,no,0.0,77.929204,Overweight_Level_I
18.128206,Sometimes,no,2.0,2.707882,yes,yes,1.570089,Male,1.778447,Public_Transportation,3.0,no,no,0.0,80.273807,Overweight_Level_I
21.0,Sometimes,Sometimes,1.636326,1.0,yes,yes,2.0,Male,1.709561,Public_Transportation,3.0,no,no,0.0,75.0,Overweight_Level_I
29.08107,Sometimes,Sometimes,1.701835,1.682271,yes,yes,2.0,Female,1.674568,Automobile,3.0,no,no,0.0,71.602622,Overweight_Level_I
26.358919,Sometimes,Sometimes,2.367996,0.23553,yes,yes,1.94313,Male,1.755317,Public_Transportation,3.559841,no,no,0.879977,82.228794,Overweight_Level_I
22.717249,Sometimes,Sometimes,3.0,1.096818,yes,yes,2.714447,Male,1.708071,Public_Transportation,3.0,no,no,1.89388,75.0,Overweight_Level_I
19.816949,Sometimes,Sometimes,2.292073,1.067817,yes,yes,2.0,Male,1.806947,Public_Transportation,3.0,no,no,0.19668,85.079589,Overweight_Level_I
24.023972,Sometimes,Sometimes,1.549931,0.0,no,yes,2.903545,Female,1.599697,Public_Transportation,3.0,no,no,0.273882,64.808022,Overweight_Level_I
32.593129,Sometimes,Sometimes,1.0,0.0,yes,yes,2.0,Female,1.721903,Automobile,3.0,no,no,1.339232,72.748903,Overweight_Level_I
23.0,Sometimes,Sometimes,1.229915,0.793489,yes,yes,3.0,Male,1.712556,Public_Transportation,3.654061,no,no,1.597608,75.480764,Overweight_Level_I
16.941489,Sometimes,Sometimes,2.0,0.110174,no,yes,1.75375,Female,1.551288,Public_Transportation,1.296156,yes,no,1.944675,54.93242,Overweight_Level_I
16.172992,Sometimes,Sometimes,2.0,0.694281,yes,yes,2.543563,Female,1.603842,Public_Transportation,1.0,yes,no,1.056911,65.0,Overweight_Level_I
23.71259,Sometimes,Sometimes,2.061062,1.912981,no,yes,2.39728,Female,1.588597,Public_Transportation,2.656588,no,no,1.887386,62.339003,Overweight_Level_I
35.194089,Sometimes,Sometimes,1.591425,0.178023,yes,no,3.0,Female,1.673482,Automobile,2.809716,no,no,0.0,73.193589,Overweight_Level_I
23.172982,Sometimes,Sometimes,1.278231,0.55713,yes,yes,2.0,Male,1.858624,Automobile,2.77684,no,no,1.0,88.675503,Overweight_Level_I
37.218161,Sometimes,Sometimes,2.0,2.892922,yes,yes,2.37464,Female,1.593894,Automobile,3.0,no,no,0.480813,63.320629,Overweight_Level_I
19.076443,Sometimes,Sometimes,2.628985,1.0,no,yes,2.278644,Male,1.62,Public_Transportation,1.0,no,no,1.285373,69.529625,Overweight_Level_I
16.30687,Sometimes,no,2.0,0.926592,yes,yes,1.620845,Female,1.616366,Public_Transportation,1.0,yes,no,1.657098,67.183128,Overweight_Level_I
18.297229,Sometimes,no,2.326165,0.00705,yes,yes,2.0,Female,1.637396,Public_Transportation,1.999014,no,no,0.0,70.0,Overweight_Level_I
18.610761,Sometimes,Sometimes,1.226764,0.747528,no,yes,2.823179,Female,1.550723,Public_Transportation,2.644692,yes,no,0.008899,60.628321,Overweight_Level_I
17.451085,Sometimes,Sometimes,2.0,0.479592,yes,yes,3.0,Female,1.6,Public_Transportation,2.449723,yes,no,1.720642,65.0,Overweight_Level_I
29.740496,Sometimes,no,1.174611,2.0,no,yes,3.0,Male,1.820471,Automobile,3.0,no,no,0.0,87.668828,Overweight_Level_I
31.539393,Sometimes,Sometimes,1.0,0.0,yes,yes,2.0,Female,1.657496,Automobile,3.0,no,no,1.112489,73.641633,Overweight_Level_I
18.026457,Sometimes,no,2.377362,0.101236,yes,yes,2.0,Male,1.752123,Public_Transportation,2.794156,no,no,0.105895,80.0,Overweight_Level_I
19.47554,Sometimes,Sometimes,2.426465,2.0,yes,yes,2.061952,Male,1.857231,Public_Transportation,4.0,no,no,0.160138,88.138777,Overweight_Level_I
19.0,Sometimes,Frequently,3.0,1.809745,yes,yes,2.0,Female,1.76,Public_Transportation,1.146794,no,no,1.690102,79.544998,Overweight_Level_I
18.0,Sometimes,no,1.344539,0.0,yes,yes,2.0,Female,1.644682,Public_Transportation,1.131695,no,no,1.59257,68.392133,Overweight_Level_I
18.270434,Sometimes,Frequently,2.425927,1.0,yes,yes,2.838969,Female,1.737165,Public_Transportation,3.0,no,no,1.453335,76.699774,Overweight_Level_I
19.816228,Sometimes,Sometimes,1.817983,0.0,no,yes,2.568063,Female,1.507853,Public_Transportation,3.0,yes,no,0.0,64.259379,Overweight_Level_I
28.39124,Sometimes,no,1.205633,2.0,no,yes,3.0,Male,1.81006,Automobile,3.0,no,no,0.0,87.286783,Overweight_Level_I
26.758516,Sometimes,no,2.0,2.0,no,yes,2.652958,Male,1.80179,Automobile,2.488189,no,no,0.096614,86.981202,Overweight_Level_I
21.033794,no,Sometimes,2.00876,0.63119,no,yes,2.0,Male,1.625891,Public_Transportation,1.0,no,no,0.0,70.0,Overweight_Level_I
22.429812,no,Sometimes,2.069184,0.729898,no,yes,2.0,Male,1.64037,Public_Transportation,1.0,no,no,0.0,70.0,Overweight_Level_I
26.650419,Sometimes,no,2.495944,0.00342,no,yes,1.27785,Male,1.791047,Automobile,3.999591,no,no,1.0,83.26312,Overweight_Level_I
21.618246,Sometimes,Sometimes,1.957871,0.994592,yes,yes,2.0,Male,1.679306,Public_Transportation,3.0,no,no,0.117303,75.0,Overweight_Level_I
21.012542,no,Sometimes,2.043703,0.562118,yes,yes,1.729824,Female,1.615145,Public_Transportation,3.612941,no,no,0.426643,68.653347,Overweight_Level_I
21.071195,no,Sometimes,2.109858,0.508847,yes,yes,1.452524,Female,1.616467,Public_Transportation,3.950553,no,no,1.194633,68.77185,Overweight_Level_I
19.741202,Sometimes,Sometimes,2.177386,0.336814,yes,yes,2.0,Male,1.816783,Public_Transportation,3.0,no,no,0.004813,86.522799,Overweight_Level_I
19.21638,Sometimes,Sometimes,2.168651,0.977998,yes,yes,2.0,Male,1.812472,Public_Transportation,3.0,no,no,0.142638,86.748295,Overweight_Level_I
42.24475,Sometimes,Sometimes,2.112032,0.378683,yes,yes,3.0,Female,1.768231,Automobile,2.951837,no,no,0.0,75.62931,Overweight_Level_I
22.283082,Sometimes,Sometimes,1.081333,0.444347,yes,yes,2.0,Male,1.870931,Public_Transportation,2.799979,no,no,1.0,89.251639,Overweight_Level_I
21.086512,Sometimes,Sometimes,1.005727,0.0,yes,yes,2.0,Male,1.863685,Public_Transportation,3.0,no,no,0.798219,89.558854,Overweight_Level_I
23.451595,Sometimes,Sometimes,2.0,0.129163,yes,yes,2.0,Male,1.670227,Public_Transportation,3.0,no,no,1.983678,75.0,Overweight_Level_I
22.740275,Sometimes,Sometimes,2.0,0.0,yes,yes,2.0,Male,1.717288,Public_Transportation,3.0,no,no,2.0,75.948164,Overweight_Level_I
18.900253,Sometimes,Frequently,2.045004,1.293665,yes,yes,2.0,Male,1.750359,Public_Transportation,2.228113,no,no,0.961806,79.828725,Overweight_Level_I
23.170309,Sometimes,Sometimes,1.277636,0.944982,yes,yes,2.303367,Male,1.707557,Public_Transportation,3.042774,no,no,0.366126,75.306702,Overweight_Level_I
32.997118,Sometimes,Sometimes,1.0,0.0,yes,yes,2.948425,Female,1.672446,Automobile,1.198643,no,no,0.173796,74.812707,Overweight_Level_I
32.501143,Sometimes,Sometimes,1.0,0.0,yes,yes,2.291846,Female,1.675979,Automobile,1.555557,no,no,0.388271,74.959747,Overweight_Level_I
21.938831,Sometimes,Sometimes,2.597746,1.922234,yes,yes,1.906194,Female,1.611239,Public_Transportation,3.987707,no,no,1.376124,67.939653,Overweight_Level_I
21.909534,Sometimes,Sometimes,2.632871,1.236114,yes,yes,1.834155,Female,1.611356,Public_Transportation,3.995957,no,no,1.980875,68.06609,Overweight_Level_I
37.455752,Sometimes,Sometimes,2.0,0.15136,yes,yes,2.048582,Female,1.508908,Automobile,1.047197,no,no,0.22596,63.183846,Overweight_Level_I
40.0,Sometimes,Sometimes,2.429911,0.11964,yes,yes,2.948248,Female,1.561109,Automobile,3.0,no,no,0.360193,62.871794,Overweight_Level_I
38.943282,Sometimes,Sometimes,2.972426,2.16079,yes,yes,2.869436,Female,1.554728,Automobile,3.0,no,no,0.305954,63.011645,Overweight_Level_I
21.987341,Sometimes,Sometimes,2.0,2.063943,yes,yes,2.293705,Female,1.730182,Public_Transportation,1.0,no,no,0.0,78.55444,Overweight_Level_I
21.198217,Sometimes,Sometimes,2.0,2.119682,yes,yes,2.510583,Female,1.743841,Public_Transportation,1.0,no,no,0.0,78.88036,Overweight_Level_I
29.32038,Sometimes,Sometimes,1.926577,1.581242,yes,yes,2.366949,Female,1.642506,Automobile,3.0,no,no,0.0,69.906708,Overweight_Level_I
31.255587,Sometimes,Sometimes,1.771781,0.759422,yes,yes,2.615788,Female,1.69308,Automobile,3.0,no,no,0.686529,71.927379,Overweight_Level_I
22.851773,Sometimes,Sometimes,2.0,2.315983,yes,yes,3.0,Male,1.752115,Public_Transportation,1.0,no,no,0.0,79.414603,Overweight_Level_I
26.0,Sometimes,Sometimes,2.0,2.0,yes,yes,2.217267,Male,1.745033,Public_Transportation,1.193589,no,no,0.0,80.0,Overweight_Level_I
19.789291,Sometimes,Sometimes,2.759246,1.763277,yes,yes,3.0,Male,1.820643,Public_Transportation,3.0,no,no,0.453314,85.0,Overweight_Level_I
19.895877,Sometimes,Sometimes,2.734782,2.207881,yes,yes,2.801514,Male,1.80733,Public_Transportation,3.0,no,no,0.143675,85.073801,Overweight_Level_I
19.693804,Sometimes,Sometimes,2.721356,1.528968,yes,yes,2.188722,Male,1.8,Public_Transportation,3.0,no,no,1.0,85.0,Overweight_Level_I
19.226314,Sometimes,Sometimes,2.133767,2.318492,yes,yes,2.971351,Male,1.814255,Public_Transportation,3.390143,no,no,0.678618,85.255631,Overweight_Level_I
21.652229,Sometimes,Sometimes,2.081121,1.993666,yes,yes,2.086093,Male,1.700181,Public_Transportation,3.546352,no,no,0.673835,75.057177,Overweight_Level_I
21.687409,no,Sometimes,2.926995,0.985872,yes,yes,1.901611,Female,1.604697,Public_Transportation,3.266501,no,no,0.307982,68.016472,Overweight_Level_I
21.455463,no,Sometimes,2.217957,0.97812,yes,yes,1.977298,Female,1.611,Public_Transportation,3.554974,no,no,0.459759,68.107866,Overweight_Level_I
21.0,Sometimes,Sometimes,1.81031,0.094893,yes,yes,2.446872,Female,1.754497,Public_Transportation,2.372311,no,no,1.650778,77.956921,Overweight_Level_I
21.0,Sometimes,Sometimes,1.639202,1.117311,yes,yes,2.839048,Female,1.752944,Public_Transportation,2.10601,no,no,0.967919,77.965532,Overweight_Level_I
19.337404,Sometimes,Sometimes,2.374044,2.0,yes,yes,2.21232,Male,1.859927,Public_Transportation,4.0,no,no,0.622638,87.105828,Overweight_Level_I
21.701643,Sometimes,Sometimes,2.876096,1.815768,yes,yes,2.427689,Male,1.896073,Public_Transportation,3.715306,no,no,0.426465,90.52446,Overweight_Level_I
21.620245,Sometimes,Sometimes,2.184843,1.358185,yes,yes,2.357496,Male,1.605314,Public_Transportation,3.376717,no,no,0.014885,66.621646,Overweight_Level_I
21.012569,Sometimes,Sometimes,2.0,2.971832,yes,yes,3.0,Female,1.758628,Public_Transportation,1.0,no,no,0.0,78.370039,Overweight_Level_I
21.016623,Sometimes,Sometimes,2.0,2.877473,yes,yes,3.0,Female,1.755427,Public_Transportation,1.0,no,no,0.0,78.300084,Overweight_Level_I
19.0,Sometimes,no,2.568063,3.0,yes,yes,1.078529,Female,1.779882,Public_Transportation,1.211606,no,no,0.817983,80.091886,Overweight_Level_I
21.0,Sometimes,Sometimes,1.333707,1.0,yes,yes,2.0,Male,1.712061,Public_Transportation,3.0,no,no,0.0,75.0,Overweight_Level_I
21.0,Sometimes,Sometimes,1.164062,1.0,yes,yes,2.0,Male,1.676014,Public_Transportation,3.0,no,no,0.0,75.0,Overweight_Level_I
27.899784,Sometimes,Sometimes,2.0,1.722053,yes,yes,2.0,Female,1.7,Automobile,3.0,no,no,0.0,74.244004,Overweight_Level_I
28.825223,Sometimes,Sometimes,2.028426,0.81517,yes,yes,1.064162,Male,1.765874,Public_Transportation,3.98955,no,no,0.894678,82.045045,Overweight_Level_I
26.047077,Sometimes,Sometimes,2.364498,1.224743,yes,yes,1.993101,Male,1.74595,Public_Transportation,3.171082,no,no,0.022245,80.018571,Overweight_Level_I
23.0,Sometimes,Sometimes,2.824559,0.754599,yes,yes,2.620963,Male,1.690196,Public_Transportation,3.0,no,no,2.0,75.0,Overweight_Level_I
20.0,Sometimes,Sometimes,3.0,2.433918,yes,yes,2.95118,Male,1.81748,Public_Transportation,3.0,no,no,0.561602,85.0,Overweight_Level_I
21.832995,Sometimes,Sometimes,1.077917,0.523847,no,yes,2.021446,Female,1.580964,Public_Transportation,3.0,no,no,0.808599,65.363941,Overweight_Level_I
30.255744,Sometimes,Sometimes,1.0,0.0,yes,yes,2.0,Female,1.652084,Automobile,3.0,no,no,0.018877,73.575981,Overweight_Level_I
30.613586,Sometimes,Sometimes,1.131448,0.061366,yes,yes,2.000466,Female,1.645511,Automobile,3.0,no,no,0.0,69.168978,Overweight_Level_I
23.245408,Sometimes,Sometimes,1.172427,0.184917,yes,yes,2.5621,Male,1.707968,Public_Transportation,3.105007,no,no,0.923082,75.383716,Overweight_Level_I
18.0,Sometimes,Sometimes,1.040342,0.497373,no,yes,2.0,Female,1.456346,Public_Transportation,3.0,yes,no,1.783319,55.523481,Overweight_Level_I
18.0,Sometimes,Sometimes,1.274718,0.129902,no,yes,2.0,Female,1.498561,Public_Transportation,3.0,yes,no,0.978574,55.376512,Overweight_Level_I
16.950499,Sometimes,no,2.0,0.736032,yes,yes,2.96008,Female,1.603501,Public_Transportation,1.0,yes,no,1.344072,65.0,Overweight_Level_I
21.837058,Sometimes,Sometimes,1.977801,1.264616,no,yes,2.53915,Female,1.558045,Public_Transportation,1.590982,no,no,0.0,63.597633,Overweight_Level_I
27.0,Sometimes,Sometimes,1.0,0.792929,no,yes,2.244142,Female,1.55,Public_Transportation,1.704828,no,no,0.395468,62.877347,Overweight_Level_I
35.483601,Sometimes,Sometimes,1.62244,0.902661,yes,no,3.0,Female,1.647514,Automobile,2.725012,no,no,0.0,73.91692,Overweight_Level_I
23.801436,Sometimes,Sometimes,1.675733,1.066241,yes,yes,2.0,Male,1.855779,Automobile,2.372339,no,no,1.0,86.098523,Overweight_Level_I
23.367212,Sometimes,Sometimes,1.328835,1.264257,yes,yes,2.0,Male,1.853223,Automobile,1.097312,no,no,1.0,87.083266,Overweight_Level_I
40.0,Sometimes,Sometimes,2.756916,1.016042,yes,yes,2.253371,Female,1.570811,Automobile,3.0,no,no,0.213437,62.211572,Overweight_Level_I
16.38009,Sometimes,no,2.0,0.977929,yes,yes,2.851664,Female,1.617124,Public_Transportation,1.0,no,no,1.765321,67.913561,Overweight_Level_I
16.865984,Sometimes,no,1.364957,0.0,yes,yes,1.31415,Female,1.644053,Public_Transportation,1.068196,yes,no,0.057926,67.439589,Overweight_Level_I
16.093234,Sometimes,no,2.0,0.371452,yes,yes,1.321028,Female,1.608914,Public_Transportation,1.0,yes,no,0.965604,65.0,Overweight_Level_I
18.0,Sometimes,no,1.859089,0.0,yes,yes,2.0,Female,1.647971,Public_Transportation,1.411685,no,no,1.306,68.818893,Overweight_Level_I
18.83919,Sometimes,no,2.328331,0.815509,yes,yes,2.253998,Female,1.624831,Public_Transportation,2.752318,no,no,0.024088,69.975607,Overweight_Level_I
19.726522,Sometimes,Sometimes,1.696691,0.94224,no,yes,2.778079,Female,1.508267,Public_Transportation,3.0,yes,no,0.879925,61.10403,Overweight_Level_I
18.947102,Sometimes,Sometimes,1.144467,0.753782,no,yes,2.838037,Female,1.518917,Public_Transportation,2.737571,yes,no,1.286844,60.267427,Overweight_Level_I
17.781183,Sometimes,Sometimes,2.0,0.178976,yes,yes,3.0,Female,1.6,Public_Transportation,2.973504,yes,no,0.166076,65.0,Overweight_Level_I
33.100581,Sometimes,no,1.85916,2.0,no,yes,2.814453,Male,1.838791,Automobile,2.608055,no,no,0.516084,87.85785,Overweight_Level_I
33.251015,Sometimes,Sometimes,1.045586,0.553305,yes,yes,2.013782,Female,1.730379,Automobile,2.625942,no,no,0.480214,75.920519,Overweight_Level_I
18.985119,Sometimes,no,2.651194,2.878414,yes,yes,2.0,Female,1.759117,Public_Transportation,1.411808,no,no,0.953841,80.0,Overweight_Level_I
18.871917,Sometimes,no,2.474132,2.876696,yes,yes,2.0,Female,1.755254,Public_Transportation,1.095223,no,no,0.7939,80.0,Overweight_Level_I
19.478533,Sometimes,Sometimes,2.078011,1.779646,yes,yes,2.459976,Male,1.804099,Public_Transportation,3.30846,no,no,0.871772,85.196279,Overweight_Level_I
19.429723,Sometimes,Sometimes,2.397124,2.044165,yes,yes,2.643183,Male,1.813567,Public_Transportation,3.821461,no,no,0.471663,86.144904,Overweight_Level_I
20.979254,Sometimes,Frequently,2.813234,0.228753,yes,yes,2.0,Female,1.75655,Public_Transportation,3.0,no,no,2.0,78.721696,Overweight_Level_I
18.869151,Sometimes,Frequently,2.781628,1.955992,yes,yes,2.0,Female,1.756774,Public_Transportation,2.658639,no,no,1.409198,79.989789,Overweight_Level_I
18.236087,Sometimes,no,2.20312,0.104451,yes,yes,2.22399,Female,1.62,Public_Transportation,1.0,no,no,1.899073,69.3899,Overweight_Level_I
20.901393,Sometimes,Sometimes,1.871033,1.0,yes,yes,2.104105,Female,1.709585,Public_Transportation,3.0,no,no,0.0,75.0,Overweight_Level_I
17.08525,Sometimes,Sometimes,1.711074,0.095517,no,yes,1.972545,Female,1.535618,Public_Transportation,2.339614,yes,no,1.191053,57.259124,Overweight_Level_I
25.785925,Sometimes,no,1.797161,1.658698,no,yes,2.286481,Male,1.818848,Automobile,1.713762,no,no,0.926581,87.032398,Overweight_Level_I
26.787842,Sometimes,no,1.394883,2.0,no,yes,2.971588,Male,1.817641,Automobile,2.743277,no,no,0.470243,87.107317,Overweight_Level_I
21.037514,no,Sometimes,2.881677,0.915699,no,yes,2.0,Male,1.636592,Public_Transportation,1.0,no,no,0.0,70.0,Overweight_Level_I
21.00829,no,Sometimes,2.795651,0.80873,no,yes,2.0,Male,1.621412,Public_Transportation,1.0,no,no,0.0,70.0,Overweight_Level_I
26.70371,Sometimes,Sometimes,2.111913,0.843709,yes,yes,2.872121,Male,1.802871,Automobile,3.051804,no,no,0.153559,85.770013,Overweight_Level_I
21.731497,Sometimes,Sometimes,1.971774,0.989335,yes,yes,2.109162,Male,1.696201,Public_Transportation,3.245148,no,no,0.0,75.399191,Overweight_Level_I
21.052894,Sometimes,Sometimes,1.853991,0.997731,yes,yes,2.178889,Male,1.694633,Public_Transportation,3.563744,no,no,0.0,75.0522,Overweight_Level_I
21.0,no,Sometimes,2.197732,0.827506,yes,yes,1.142468,Female,1.618148,Public_Transportation,3.0,no,no,0.572877,68.981403,Overweight_Level_I
19.241058,Sometimes,Sometimes,1.641022,1.554817,yes,yes,2.047069,Male,1.856811,Public_Transportation,3.829101,no,no,0.248218,88.633616,Overweight_Level_I
38.939448,Sometimes,Sometimes,1.130079,2.834373,no,yes,2.843709,Female,1.738321,Automobile,3.058539,no,no,0.044954,86.934846,Overweight_Level_I
39.965474,Sometimes,Sometimes,1.352649,0.148628,no,yes,2.416044,Female,1.739293,Automobile,3.196043,no,no,1.08266,80.914382,Overweight_Level_I
20.261925,Sometimes,Sometimes,1.968011,1.072662,yes,yes,2.0,Male,1.807538,Public_Transportation,3.0,no,no,0.776758,85.316125,Overweight_Level_I
20.31094,Sometimes,Sometimes,2.100112,1.17116,yes,yes,2.146598,Male,1.849425,Public_Transportation,3.0,no,no,0.833761,85.228116,Overweight_Level_I
21.420537,Sometimes,Sometimes,1.362642,0.921268,yes,yes,2.0,Male,1.712473,Public_Transportation,3.0,no,no,0.139013,75.0,Overweight_Level_I
18.845518,Sometimes,no,2.64548,2.685087,yes,yes,2.0,Female,1.753471,Public_Transportation,1.391778,no,no,0.97554,80.0,Overweight_Level_I
23.562135,Sometimes,Sometimes,2.0,0.121585,yes,yes,2.0,Male,1.717432,Public_Transportation,3.0,no,no,1.967259,75.371244,Overweight_Level_I
23.118327,Sometimes,Sometimes,2.0,0.334579,yes,yes,2.0,Male,1.677573,Public_Transportation,3.0,no,no,1.905826,75.0,Overweight_Level_I
33.732714,Sometimes,Sometimes,1.000695,0.261274,yes,yes,3.0,Female,1.679725,Automobile,1.13715,no,no,0.0,74.885222,Overweight_Level_I
21.571288,Sometimes,Sometimes,2.616285,0.943058,yes,yes,1.766849,Female,1.600914,Public_Transportation,3.322522,no,no,0.256977,68.058902,Overweight_Level_I
21.165574,Sometimes,Sometimes,2.039535,0.779686,yes,yes,1.188089,Female,1.617749,Public_Transportation,3.269088,no,no,1.043108,68.908136,Overweight_Level_I
21.0,no,Sometimes,2.943097,0.997202,no,yes,1.910176,Male,1.610209,Public_Transportation,2.938135,no,no,0.207922,68.865008,Overweight_Level_I
21.0,no,Sometimes,3.0,1.0,no,yes,2.0,Male,1.612556,Public_Transportation,1.259628,no,no,0.0,69.463458,Overweight_Level_I
38.692265,Sometimes,Sometimes,2.868132,0.0,yes,yes,2.956671,Female,1.548178,Automobile,2.965494,no,no,0.54925,62.341438,Overweight_Level_I
38.952866,Sometimes,Sometimes,2.526775,0.271174,yes,yes,2.002796,Female,1.568441,Automobile,3.0,no,no,0.806069,62.855073,Overweight_Level_I
36.631456,Sometimes,Sometimes,2.638164,0.0,yes,yes,2.288604,Female,1.532322,Automobile,2.845307,no,no,0.990741,62.417228,Overweight_Level_I
21.996118,Sometimes,Sometimes,2.0,1.061743,yes,yes,2.277077,Female,1.730199,Public_Transportation,1.0,no,no,0.0,78.997062,Overweight_Level_I
21.951309,Sometimes,Sometimes,2.0,2.269058,yes,yes,2.138334,Female,1.730167,Public_Transportation,1.0,no,no,0.0,78.429312,Overweight_Level_I
22.018228,no,Sometimes,2.976177,0.780117,no,yes,2.0,Male,1.627396,Public_Transportation,1.0,no,no,0.0,70.0,Overweight_Level_I
29.934465,Sometimes,Sometimes,1.827515,0.480206,yes,yes,2.029634,Female,1.638744,Automobile,3.0,no,no,0.0,69.242354,Overweight_Level_I
31.166572,Sometimes,Sometimes,1.305816,0.170452,yes,yes,2.048216,Female,1.680858,Automobile,3.0,no,no,0.276806,71.81338,Overweight_Level_I
20.534606,Sometimes,Sometimes,2.663861,2.762711,yes,yes,2.8557,Female,1.758372,Public_Transportation,1.0,no,no,0.783336,79.469513,Overweight_Level_I
19.97166,Sometimes,Sometimes,2.568157,2.7243,yes,yes,2.995599,Male,1.822573,Public_Transportation,3.095663,no,no,0.330457,85.084364,Overweight_Level_I
19.627,Sometimes,Sometimes,2.359246,2.060415,yes,yes,2.987148,Male,1.815409,Public_Transportation,3.483449,no,no,0.598999,85.302146,Overweight_Level_I
21.929387,Sometimes,Sometimes,2.763573,1.502711,yes,yes,2.0,Male,1.698049,Public_Transportation,3.0,no,no,0.127879,75.0,Overweight_Level_I
21.009437,no,Sometimes,3.0,1.179592,yes,yes,2.0,Female,1.60681,Public_Transportation,3.156309,no,no,0.086868,67.773914,Overweight_Level_I
21.538225,no,Sometimes,2.682107,1.123931,yes,yes,1.887951,Female,1.610327,Public_Transportation,3.728377,no,no,0.492528,67.999778,Overweight_Level_I
22.828435,Sometimes,Sometimes,2.526193,0.925118,yes,yes,2.786008,Male,1.710415,Public_Transportation,3.0,no,no,2.0,75.142858,Overweight_Level_I
22.814657,Sometimes,Sometimes,2.0,0.092344,yes,yes,2.0,Male,1.716289,Public_Transportation,3.0,no,no,1.466496,75.688433,Overweight_Level_I
19.576682,Sometimes,Sometimes,2.878866,2.0,yes,yes,2.342323,Male,1.834715,Public_Transportation,3.60885,no,no,0.208323,89.429199,Overweight_Level_I
21.814653,Sometimes,Sometimes,2.558773,1.206121,yes,yes,1.874935,Female,1.611822,Public_Transportation,3.370362,no,no,0.271024,67.140367,Overweight_Level_I
21.979769,Sometimes,Sometimes,2.046766,2.172546,yes,yes,2.213135,Female,1.6,Public_Transportation,3.0,no,no,0.0,66.126964,Overweight_Level_I
21.0,Sometimes,Sometimes,1.648404,0.874643,yes,yes,2.273548,Female,1.753578,Public_Transportation,2.39007,no,no,1.102696,77.97917,Overweight_Level_I
21.0285,Sometimes,Sometimes,1.579207,1.153775,yes,yes,2.780699,Female,1.742364,Public_Transportation,1.101404,no,no,0.0,78.664618,Overweight_Level_I
18.721041,Sometimes,no,2.079131,2.931527,yes,yes,1.687569,Male,1.775626,Public_Transportation,2.756405,no,no,0.68173,80.113493,Overweight_Level_I
21.0,Sometimes,Sometimes,1.081597,1.0,yes,yes,2.0,Male,1.714253,Public_Transportation,3.0,no,no,0.0,75.0,Overweight_Level_I
21.0,Sometimes,Sometimes,1.833055,1.0,yes,yes,2.0,Male,1.693628,Public_Transportation,3.0,no,no,0.0,75.0,Overweight_Level_I
29.463168,Sometimes,Sometimes,1.281683,1.609801,yes,yes,2.0,Female,1.659172,Automobile,3.0,no,no,0.0,71.170001,Overweight_Level_I
24.284861,Sometimes,no,2.080968,1.107543,yes,yes,1.989905,Male,1.776347,Public_Transportation,3.054899,no,no,0.939726,82.329047,Overweight_Level_I
26.288417,Sometimes,no,2.136159,0.783963,yes,yes,1.947405,Male,1.767806,Public_Transportation,3.118013,no,no,0.88868,82.694689,Overweight_Level_I
23.455324,Sometimes,Sometimes,2.152666,1.078074,yes,yes,2.162519,Male,1.702516,Public_Transportation,3.0,no,no,1.502839,75.0,Overweight_Level_I
19.637203,Sometimes,Sometimes,2.372444,1.305633,yes,yes,2.923916,Male,1.814182,Public_Transportation,3.335876,no,no,0.311436,85.301029,Overweight_Level_I
22.239836,Sometimes,Sometimes,1.706568,0.784216,no,yes,2.99448,Female,1.59994,Public_Transportation,3.0,no,no,0.150969,65.423942,Overweight_Level_I
31.62638,Sometimes,Sometimes,1.0,0.0,yes,yes,2.0,Female,1.666023,Automobile,3.0,no,no,1.301385,72.906186,Overweight_Level_I
23.0,Sometimes,Sometimes,2.643468,0.998039,yes,yes,3.0,Male,1.701584,Public_Transportation,3.205009,no,no,1.898139,75.093569,Overweight_Level_I
22.874658,Sometimes,Sometimes,1.279756,0.132629,yes,yes,2.507841,Male,1.713343,Public_Transportation,3.648194,no,no,1.82753,75.828119,Overweight_Level_I
17.420269,Sometimes,Sometimes,2.0,0.320209,no,yes,1.836554,Female,1.489409,Public_Transportation,1.865238,yes,no,1.969507,53.620604,Overweight_Level_I
17.807828,Sometimes,Sometimes,1.075239,0.085388,no,yes,1.773265,Female,1.518067,Public_Transportation,2.118153,yes,no,1.915191,55.822119,Overweight_Level_I
16.240576,Sometimes,no,1.438018,0.110887,yes,yes,2.388168,Female,1.616533,Public_Transportation,1.0,yes,no,1.165817,65.062945,Overweight_Level_I
23.252457,Sometimes,Sometimes,2.657303,1.91108,no,yes,2.286146,Female,1.589616,Public_Transportation,2.961113,no,no,1.618227,65.127324,Overweight_Level_I
34.772902,Sometimes,Sometimes,1.509734,0.167125,yes,yes,3.0,Female,1.675612,Automobile,2.400943,no,no,0.0,73.501233,Overweight_Level_I
22.766227,Sometimes,Sometimes,1.15031,0.417724,yes,yes,2.0,Male,1.874061,Automobile,2.870005,no,no,1.0,89.754302,Overweight_Level_I
39.214514,Sometimes,Sometimes,2.396977,0.577063,yes,yes,2.487167,Female,1.580765,Automobile,3.0,no,no,0.435072,62.631382,Overweight_Level_I
19.858973,no,Sometimes,2.81353,1.0,no,yes,2.185938,Male,1.62,Public_Transportation,1.0,no,no,1.110222,69.575315,Overweight_Level_I
16.370009,Sometimes,no,2.0,0.94893,yes,yes,2.206399,Female,1.613921,Public_Transportation,1.0,yes,no,1.772463,66.738769,Overweight_Level_I
17.992717,Sometimes,no,1.334856,0.732276,yes,yes,1.952987,Female,1.618683,Public_Transportation,1.0,yes,no,1.890214,67.193585,Overweight_Level_I
19.179932,Sometimes,no,2.118716,0.529259,yes,yes,2.0,Male,1.637537,Public_Transportation,1.030416,no,no,0.0,70.0,Overweight_Level_I
19.621545,Sometimes,Sometimes,1.622827,0.539952,no,yes,2.908757,Female,1.566524,Public_Transportation,2.696051,yes,no,0.001096,61.616,Overweight_Level_I
19.755797,Sometimes,Sometimes,1.512035,0.303722,no,yes,2.628791,Female,1.542328,Public_Transportation,2.762883,yes,no,0.003229,63.856193,Overweight_Level_I
17.099015,Sometimes,Sometimes,2.0,0.663896,yes,yes,3.0,Female,1.6,Public_Transportation,2.401341,yes,no,1.753745,65.0,Overweight_Level_I
17.25813,Sometimes,Sometimes,2.0,0.547515,yes,yes,2.749629,Female,1.600184,Public_Transportation,2.298612,yes,no,1.619473,65.0,Overweight_Level_I
29.153907,Sometimes,no,1.274389,1.504003,no,yes,1.595746,Male,1.773656,Automobile,3.618722,no,no,0.370067,87.070234,Overweight_Level_I
32.278869,Sometimes,Sometimes,1.017006,0.588673,yes,yes,2.885178,Female,1.64602,Automobile,2.562895,no,no,0.916291,74.147443,Overweight_Level_I
31.793937,Sometimes,Sometimes,1.028538,0.675983,yes,yes,2.372494,Female,1.65015,Automobile,2.849848,no,no,0.303025,73.810728,Overweight_Level_I
18.014333,Sometimes,Frequently,2.122884,0.045651,yes,yes,2.0,Male,1.751029,Public_Transportation,2.805436,no,no,0.017225,80.0,Overweight_Level_I
19.685,Sometimes,Sometimes,2.703337,2.0,yes,yes,2.153639,Male,1.838266,Public_Transportation,3.715148,no,no,0.226097,89.496905,Overweight_Level_I
19.506389,Sometimes,Sometimes,2.429059,2.094542,yes,yes,2.793561,Male,1.824449,Public_Transportation,3.788602,no,no,0.393358,87.656029,Overweight_Level_I
19.0,Sometimes,no,3.0,1.376229,yes,yes,2.0,Female,1.76,Public_Transportation,1.893811,no,no,1.801322,79.349221,Overweight_Level_I
18.0,Sometimes,no,1.319437,0.0,yes,yes,2.0,Female,1.622241,Public_Transportation,1.010319,no,no,1.626456,68.250249,Overweight_Level_I
18.003153,Sometimes,Frequently,2.004908,1.0,yes,yes,2.992329,Female,1.729996,Public_Transportation,3.0,no,no,1.405086,75.816864,Overweight_Level_I
18.052394,Sometimes,Frequently,2.209991,1.0,yes,yes,2.927409,Female,1.725233,Public_Transportation,3.0,no,no,0.797215,75.970712,Overweight_Level_I
19.774317,Sometimes,Sometimes,1.979848,0.445238,no,yes,2.706134,Female,1.541039,Public_Transportation,2.669766,yes,no,0.908836,64.726948,Overweight_Level_I
21.180346,Sometimes,Sometimes,2.0,0.540397,yes,yes,2.010684,Male,1.773766,Public_Transportation,1.322087,no,no,0.973834,89.28282,Overweight_Level_II
21.793724,Sometimes,Sometimes,2.38725,0.813917,yes,yes,2.0,Male,1.75463,Public_Transportation,2.041558,no,no,0.0,89.068227,Overweight_Level_II
20.880161,Sometimes,no,2.0,1.66639,yes,yes,2.0,Male,1.674327,Public_Transportation,3.0,no,no,1.443212,80.0,Overweight_Level_II
21.18354,Sometimes,no,2.0,2.0,yes,yes,2.0,Male,1.72,Public_Transportation,2.468421,no,no,1.0,80.555875,Overweight_Level_II
32.774488,Sometimes,Sometimes,2.175632,1.0,yes,yes,2.0,Male,1.913241,Walking,2.110937,no,no,0.0,101.482054,Overweight_Level_II
31.327609,Sometimes,Sometimes,1.738959,0.090147,yes,yes,2.300408,Male,1.737984,Automobile,3.071028,no,no,0.0,82.523113,Overweight_Level_II
29.956198,Sometimes,Sometimes,1.723372,0.0,yes,yes,2.119643,Male,1.703688,Automobile,3.292956,no,no,0.987102,82.207978,Overweight_Level_II
21.403421,Sometimes,no,2.0,2.936551,yes,yes,2.0,Male,1.716308,Public_Transportation,3.0,no,no,1.40913,80.0,Overweight_Level_II
22.591439,Sometimes,no,2.0,0.451078,yes,yes,2.0,Male,1.65,Public_Transportation,3.0,no,no,2.0,80.0,Overweight_Level_II
28.583944,Sometimes,Sometimes,1.970622,1.863258,yes,no,2.0,Female,1.57856,Public_Transportation,2.283673,no,no,1.581703,65.522744,Overweight_Level_II
38.825189,Sometimes,Sometimes,2.76382,0.8554,yes,yes,2.901924,Male,1.780846,Automobile,1.124977,no,no,0.999183,85.687751,Overweight_Level_II
35.217173,Sometimes,Sometimes,1.290979,0.87599,yes,yes,2.0,Male,1.823168,Automobile,2.9948,no,no,0.85405,91.630257,Overweight_Level_II
20.392665,Sometimes,no,2.0,2.177243,yes,no,2.451009,Female,1.525234,Public_Transportation,3.0,no,no,1.323877,65.220249,Overweight_Level_II
22.154854,Sometimes,no,1.453626,0.32896,yes,no,2.0,Female,1.481682,Public_Transportation,2.983297,no,no,0.509396,61.373868,Overweight_Level_II
19.108796,Sometimes,Sometimes,2.957821,2.242754,yes,yes,2.754646,Male,1.768578,Public_Transportation,3.0,no,no,0.786609,87.803311,Overweight_Level_II
20.70768,Sometimes,no,1.937674,1.417035,yes,no,2.417635,Female,1.569878,Public_Transportation,3.0,no,no,1.0,69.743323,Overweight_Level_II
20.634694,Sometimes,no,1.131169,0.095389,yes,no,2.512719,Female,1.568188,Public_Transportation,3.0,no,no,1.0,67.904023,Overweight_Level_II
22.052152,Sometimes,Sometimes,2.0,0.0,yes,yes,1.771693,Male,1.792527,Public_Transportation,1.890213,no,no,1.36595,89.994415,Overweight_Level_II
22.869778,Sometimes,Sometimes,2.0,0.0,yes,yes,1.57223,Male,1.795311,Public_Transportation,1.888067,no,no,0.552498,89.868784,Overweight_Level_II
22.909992,Sometimes,no,2.0,0.973114,yes,yes,2.0,Female,1.700038,Public_Transportation,3.0,no,no,1.540298,80.0,Overweight_Level_II
23.0,Sometimes,no,1.142873,0.807076,yes,yes,2.0,Female,1.668649,Public_Transportation,2.256119,no,no,1.611271,80.458343,Overweight_Level_II
24.679807,Sometimes,Sometimes,2.020424,0.0,yes,yes,2.0,Male,1.7,Public_Transportation,3.0,no,no,1.0,84.687554,Overweight_Level_II
23.884212,Sometimes,Sometimes,1.810738,0.80989,yes,yes,2.0,Male,1.713825,Public_Transportation,2.6648,no,no,1.0,83.952968,Overweight_Level_II
25.461411,Sometimes,Sometimes,3.0,0.55181,yes,yes,2.661556,Female,1.7,Public_Transportation,3.0,no,no,0.658783,78.055968,Overweight_Level_II
31.333798,Sometimes,Sometimes,1.18423,0.155579,yes,yes,2.0,Male,1.835381,Public_Transportation,3.0,no,no,0.453404,91.059595,Overweight_Level_II
24.108711,Sometimes,Sometimes,2.879402,0.0,yes,yes,2.0,Male,1.7,Public_Transportation,3.0,no,no,0.322405,80.761409,Overweight_Level_II
28.830558,Sometimes,Frequently,1.699971,1.727114,yes,yes,3.0,Female,1.7,Automobile,3.0,no,no,1.0,78.0,Overweight_Level_II
17.570089,Sometimes,no,1.538626,1.0,yes,no,2.097373,Male,1.7,Public_Transportation,2.547086,no,no,0.761898,83.199034,Overweight_Level_II
19.027574,Sometimes,Sometimes,3.0,0.362441,yes,yes,2.061461,Female,1.659877,Public_Transportation,2.812283,no,no,0.78519,77.272652,Overweight_Level_II
25.632447,Sometimes,Sometimes,2.0,1.80674,yes,yes,1.317729,Male,1.836943,Public_Transportation,2.278652,no,no,1.93977,96.192662,Overweight_Level_II
22.94313,Sometimes,Sometimes,2.0,0.0,yes,yes,1.882235,Male,1.819614,Public_Transportation,1.240046,no,no,1.541493,93.086419,Overweight_Level_II
23.285553,Sometimes,Sometimes,2.971557,0.0,yes,yes,2.951591,Male,1.717775,Public_Transportation,3.0,no,no,0.947192,85.312639,Overweight_Level_II
23.0,Sometimes,Sometimes,1.082084,0.0,yes,yes,2.067817,Male,1.791867,Public_Transportation,3.0,no,no,1.922364,90.0,Overweight_Level_II
25.19291,Sometimes,Frequently,2.269564,0.503122,yes,yes,2.54527,Female,1.7,Public_Transportation,3.0,no,no,1.0,80.749657,Overweight_Level_II
34.389906,Sometimes,no,2.482294,0.891205,yes,yes,2.0,Male,1.68108,Automobile,1.660768,no,no,0.0,83.568035,Overweight_Level_II
26.595893,Sometimes,Frequently,2.0,0.0,yes,yes,2.0,Female,1.660756,Public_Transportation,2.597608,no,no,0.434198,78.574786,Overweight_Level_II
55.24625,Sometimes,no,2.0,1.0,no,yes,2.0,Male,1.769269,Automobile,3.0,no,no,0.0,80.491339,Overweight_Level_II
34.543563,Sometimes,no,2.653831,1.96582,yes,yes,2.694281,Male,1.765188,Automobile,3.0,no,no,0.891189,85.0,Overweight_Level_II
21.808159,Sometimes,no,2.0,0.826609,yes,yes,2.0,Male,1.65,Public_Transportation,3.0,no,no,2.0,80.0,Overweight_Level_II
18.118277,Sometimes,no,1.954968,1.0,yes,yes,2.821977,Male,1.654757,Public_Transportation,2.044035,no,no,0.854536,80.0,Overweight_Level_II
42.189023,Sometimes,no,1.0,0.0,yes,yes,2.0,Female,1.647768,Automobile,3.0,no,no,1.48189,79.165306,Overweight_Level_II
22.0,Sometimes,Sometimes,2.0,2.70825,yes,yes,2.0,Male,1.691303,Public_Transportation,2.038373,no,no,1.506576,80.539,Overweight_Level_II
28.770852,Sometimes,no,1.0,0.262171,yes,no,2.0,Female,1.532897,Public_Transportation,1.0,no,no,0.0,65.031879,Overweight_Level_II
25.483381,Sometimes,no,1.0,0.740633,yes,no,2.0,Female,1.565288,Public_Transportation,1.0,no,no,0.0,64.848627,Overweight_Level_II
21.67315,Sometimes,no,2.0,0.274838,yes,no,2.0,Female,1.5,Public_Transportation,1.474836,no,no,0.613902,63.65233,Overweight_Level_II
23.469538,Sometimes,no,2.0,0.934286,yes,no,2.252472,Female,1.507106,Public_Transportation,3.986652,no,no,0.890626,64.814109,Overweight_Level_II
23.0,Sometimes,Sometimes,1.5197,0.279375,yes,yes,2.0,Male,1.70074,Public_Transportation,2.720642,no,no,1.043435,81.32297,Overweight_Level_II
23.0,Sometimes,Sometimes,1.628997,0.880584,yes,yes,2.0,Male,1.715118,Public_Transportation,1.976744,no,no,1.127675,81.650778,Overweight_Level_II
38.464538,Sometimes,no,2.981604,0.0,yes,yes,3.0,Female,1.696423,Automobile,3.0,no,no,0.0,78.967919,Overweight_Level_II
37.496175,Sometimes,no,1.517225,0.0,yes,yes,2.033745,Female,1.653088,Automobile,3.0,no,no,1.517897,80.0,Overweight_Level_II
33.690239,Sometimes,no,1.999737,1.747347,yes,yes,3.0,Female,1.681842,Automobile,2.679724,no,no,0.681773,77.426465,Overweight_Level_II
34.369686,Sometimes,no,1.642251,0.662831,yes,yes,2.595128,Female,1.652202,Automobile,1.619796,no,no,0.999268,77.13322,Overweight_Level_II
31.426573,Sometimes,Sometimes,2.549617,1.427233,yes,yes,2.759286,Male,1.848683,Automobile,2.59257,no,no,0.519395,99.0,Overweight_Level_II
34.288249,Sometimes,Sometimes,3.0,1.0,yes,yes,2.0,Male,1.835678,Automobile,1.546665,no,no,0.0,96.01851,Overweight_Level_II
18.863875,Sometimes,Sometimes,2.0,1.0,yes,no,3.0,Female,1.560029,Public_Transportation,3.339914,no,no,1.0,71.728069,Overweight_Level_II
18.951144,Sometimes,Sometimes,2.0,1.0,yes,no,3.0,Female,1.621048,Public_Transportation,3.884861,no,no,1.0,72.105856,Overweight_Level_II
19.671876,Sometimes,no,2.774043,0.0,yes,no,1.925064,Male,1.699474,Public_Transportation,2.358298,no,no,0.133566,78.0,Overweight_Level_II
50.832559,Sometimes,no,1.774778,0.943266,yes,yes,2.0,Male,1.745528,Automobile,3.0,no,no,0.0,82.130728,Overweight_Level_II
17.971574,Sometimes,Sometimes,2.802498,1.0,yes,yes,2.0,Male,1.720379,Public_Transportation,3.0,no,no,0.41758,85.0,Overweight_Level_II
18.0,Sometimes,Sometimes,2.87781,1.0,yes,yes,2.846981,Male,1.758787,Public_Transportation,3.0,no,no,0.429081,85.050558,Overweight_Level_II
18.701766,Sometimes,Sometimes,1.708083,1.876051,yes,yes,2.650629,Male,1.704908,Public_Transportation,1.0,no,no,0.938791,81.384224,Overweight_Level_II
34.389679,Sometimes,no,2.0,0.390877,yes,yes,3.0,Female,1.691322,Automobile,1.802305,no,no,0.0,77.561602,Overweight_Level_II
17.178483,Sometimes,Sometimes,3.0,1.072318,yes,yes,2.0,Male,1.78629,Public_Transportation,3.0,no,no,0.651904,95.277392,Overweight_Level_II
33.0816,Sometimes,no,2.991671,2.148738,yes,yes,2.0,Male,1.705617,Automobile,2.7976,no,no,0.0,83.016968,Overweight_Level_II
33.270448,Sometimes,no,2.253422,2.690756,yes,yes,2.631565,Male,1.733439,Automobile,2.627173,no,no,0.845774,84.75383,Overweight_Level_II
36.310292,Sometimes,no,2.0,1.472172,yes,yes,2.0,Female,1.701397,Automobile,1.0,no,no,0.0,83.0,Overweight_Level_II
20.0,Sometimes,Sometimes,2.397653,2.358699,yes,no,2.522399,Female,1.625236,Public_Transportation,1.032887,no,no,0.440087,74.433362,Overweight_Level_II
18.549437,Sometimes,Sometimes,2.0,1.997529,yes,no,3.0,Female,1.545196,Public_Transportation,3.014808,no,no,1.0,72.467862,Overweight_Level_II
34.243146,Sometimes,Sometimes,2.629043,1.0,yes,yes,2.0,Male,1.843172,Automobile,2.271734,no,no,0.075823,92.69551,Overweight_Level_II
23.32012,Sometimes,Sometimes,2.984153,2.164472,yes,yes,2.784471,Male,1.705813,Public_Transportation,2.122545,no,no,0.203978,82.011962,Overweight_Level_II
19.703095,Sometimes,Sometimes,2.0,1.73234,yes,no,1.650505,Male,1.704141,Public_Transportation,3.0,no,no,1.0,78.790936,Overweight_Level_II
19.223259,Sometimes,Sometimes,2.0,1.655488,yes,no,1.961347,Male,1.706082,Public_Transportation,3.0,no,no,1.0,78.073528,Overweight_Level_II
29.695603,Sometimes,Sometimes,1.753464,1.729987,yes,yes,2.133955,Male,1.842943,Public_Transportation,2.902766,no,no,1.0,93.798055,Overweight_Level_II
27.0,Sometimes,Sometimes,1.05668,1.516147,yes,yes,2.684528,Male,1.880992,Public_Transportation,1.0,no,no,0.084006,99.623778,Overweight_Level_II
21.027662,Sometimes,Sometimes,2.0,2.21722,yes,yes,2.265973,Male,1.726774,Public_Transportation,2.687502,no,no,0.648522,82.853749,Overweight_Level_II
33.015258,Sometimes,no,2.205911,1.293396,yes,yes,2.0,Male,1.73196,Automobile,3.0,no,no,0.0,84.315608,Overweight_Level_II
18.0,Sometimes,Sometimes,2.0,1.271667,yes,no,3.0,Male,1.751278,Public_Transportation,3.0,no,no,0.155278,86.963628,Overweight_Level_II
30.553097,Sometimes,Sometimes,1.791286,0.893362,yes,yes,2.0,Male,1.780448,Public_Transportation,1.178708,no,no,0.276364,88.431954,Overweight_Level_II
33.0,Sometimes,Sometimes,1.117464,1.0,yes,yes,2.0,Male,1.85,Public_Transportation,3.0,no,no,0.663649,97.92035,Overweight_Level_II
24.911994,Sometimes,Sometimes,2.0,0.0,yes,yes,1.306844,Male,1.785241,Public_Transportation,2.279546,no,no,0.739609,88.03748,Overweight_Level_II
24.444846,Sometimes,Sometimes,2.693978,0.0,yes,yes,2.0,Male,1.718845,Public_Transportation,2.677693,no,no,0.688013,86.319887,Overweight_Level_II
19.911246,Sometimes,no,1.172186,0.678943,yes,no,2.258795,Female,1.530248,Public_Transportation,3.53009,no,no,1.0,68.85097,Overweight_Level_II
34.204408,Sometimes,no,2.641642,0.285889,yes,yes,2.0,Female,1.664927,Automobile,3.0,no,no,1.50301,80.386078,Overweight_Level_II
34.281681,Sometimes,no,1.718569,0.674348,yes,yes,2.689929,Female,1.673333,Automobile,1.835543,no,no,0.707246,77.205685,Overweight_Level_II
23.384374,Sometimes,Sometimes,1.526313,1.0,yes,yes,2.712747,Male,1.725587,Public_Transportation,2.853676,no,no,0.173665,82.480214,Overweight_Level_II
43.238402,Sometimes,no,1.830614,0.706287,yes,yes,2.353603,Female,1.733875,Automobile,2.337035,no,no,0.0,86.94538,Overweight_Level_II
45.0,Sometimes,no,1.0,0.0,yes,yes,2.598051,Female,1.675953,Automobile,3.0,no,no,0.0,79.66832,Overweight_Level_II
22.087389,Sometimes,Sometimes,2.0,0.0,yes,yes,1.718156,Male,1.786238,Public_Transportation,1.631184,no,no,0.306124,89.802492,Overweight_Level_II
21.378039,Sometimes,no,2.0,2.721646,yes,yes,2.0,Male,1.718534,Public_Transportation,3.0,no,no,1.269982,80.0,Overweight_Level_II
31.398281,Sometimes,Sometimes,2.001936,1.0,yes,yes,2.0,Male,1.919543,Public_Transportation,1.005391,no,no,0.0,101.544589,Overweight_Level_II
31.484494,Sometimes,no,1.367876,0.022958,yes,yes,2.795086,Male,1.707613,Automobile,3.250467,no,no,0.0,82.586893,Overweight_Level_II
21.709159,Sometimes,no,2.0,2.939733,yes,yes,2.0,Male,1.658393,Public_Transportation,3.0,no,no,1.692287,80.0,Overweight_Level_II
30.711381,Sometimes,no,1.984323,0.986414,yes,no,2.030256,Female,1.536819,Public_Transportation,2.948721,no,no,0.333673,65.912688,Overweight_Level_II
34.821442,Sometimes,Sometimes,2.174835,0.340915,yes,yes,2.0,Male,1.805459,Automobile,1.80993,no,no,0.020153,90.13868,Overweight_Level_II
20.843363,Sometimes,no,1.849997,0.954459,yes,no,2.493448,Female,1.521008,Public_Transportation,3.0,no,no,1.444532,67.083121,Overweight_Level_II
19.443639,Sometimes,Sometimes,2.825629,3.0,yes,yes,2.442536,Male,1.744733,Public_Transportation,3.0,no,no,0.0,87.27989,Overweight_Level_II
20.492077,Sometimes,no,1.207978,1.916751,yes,no,2.003951,Female,1.529223,Public_Transportation,3.0,no,no,1.228995,65.140408,Overweight_Level_II
22.944349,Sometimes,Sometimes,2.0,0.0,yes,yes,1.34138,Male,1.799742,Public_Transportation,1.94671,no,no,0.975504,89.98168,Overweight_Level_II
23.0,Sometimes,no,1.964435,0.189957,yes,yes,2.0,Female,1.681314,Public_Transportation,2.9796,no,no,1.73216,80.037202,Overweight_Level_II
24.06894,Sometimes,Sometimes,2.747302,0.0,yes,yes,2.0,Male,1.706912,Public_Transportation,2.994198,no,no,0.799756,85.743727,Overweight_Level_II
23.728707,Sometimes,no,2.13755,0.0,yes,yes,2.0,Female,1.663509,Public_Transportation,3.0,no,no,0.124977,80.0,Overweight_Level_II
29.216019,Sometimes,Sometimes,2.0,0.0,yes,yes,2.0,Male,1.752265,Public_Transportation,1.894384,no,no,0.0,88.096062,Overweight_Level_II
24.751511,Sometimes,Sometimes,2.0,0.451009,yes,yes,2.607335,Male,1.735343,Public_Transportation,3.0,no,no,0.630866,83.337721,Overweight_Level_II
28.977792,Sometimes,Frequently,1.507638,1.82434,yes,yes,3.0,Female,1.7,Automobile,3.0,no,no,1.0,78.0,Overweight_Level_II
17.441593,Sometimes,Sometimes,1.909253,1.0,yes,no,2.061384,Male,1.7,Public_Transportation,2.579291,no,no,0.962468,83.414072,Overweight_Level_II
19.126145,Sometimes,Sometimes,2.472964,1.856119,yes,no,2.696381,Female,1.633794,Public_Transportation,3.0,no,no,1.0,77.858532,Overweight_Level_II
24.122589,Sometimes,Sometimes,2.0,0.92635,yes,yes,1.116068,Male,1.856759,Public_Transportation,2.449067,no,no,1.97117,95.887056,Overweight_Level_II
23.0,Sometimes,Sometimes,1.002292,0.0,yes,yes,2.116432,Male,1.77433,Public_Transportation,3.0,no,no,1.066708,90.0,Overweight_Level_II
28.824194,Sometimes,Frequently,2.147074,1.416076,yes,yes,3.0,Female,1.7,Automobile,3.0,no,no,1.0,78.0,Overweight_Level_II
34.204611,Sometimes,no,2.803002,1.98448,yes,yes,2.031246,Male,1.719509,Automobile,3.0,no,no,0.418623,84.416515,Overweight_Level_II
28.167799,Sometimes,Frequently,1.931242,0.525002,yes,yes,2.938031,Female,1.658202,Automobile,1.532833,no,no,0.371941,78.0,Overweight_Level_II
55.137881,Sometimes,no,2.0,1.0,yes,yes,2.0,Male,1.657221,Automobile,3.0,no,no,0.0,80.993213,Overweight_Level_II
34.970367,Sometimes,no,3.0,2.0,yes,yes,2.884212,Male,1.713348,Automobile,3.0,no,no,0.8324,84.722222,Overweight_Level_II
20.986834,Sometimes,no,2.0,1.661556,yes,yes,2.0,Male,1.677178,Public_Transportation,2.961706,no,no,1.114716,80.379575,Overweight_Level_II
38.378056,Sometimes,no,1.029798,0.0,yes,yes,2.444599,Female,1.67805,Automobile,3.0,no,no,0.0,77.224574,Overweight_Level_II
22.18881,Sometimes,Sometimes,1.723159,1.39016,yes,yes,2.0,Male,1.717722,Public_Transportation,1.152521,no,no,1.094941,81.92991,Overweight_Level_II
21.082384,Sometimes,no,1.0,0.0,yes,no,2.0,Female,1.486484,Public_Transportation,1.104642,no,no,0.969097,60.117993,Overweight_Level_II
25.293202,Sometimes,no,1.639807,0.072117,yes,no,2.0,Female,1.503379,Public_Transportation,1.0,no,no,0.0,64.342459,Overweight_Level_II
23.0,Sometimes,Sometimes,1.400247,0.887923,yes,yes,2.0,Male,1.718981,Public_Transportation,1.729553,no,no,1.011983,81.66995,Overweight_Level_II
39.170029,Sometimes,no,2.994515,0.0,yes,yes,3.0,Female,1.688354,Automobile,3.0,no,no,0.0,79.278896,Overweight_Level_II
34.044229,Sometimes,no,1.868349,0.702538,yes,yes,2.976975,Female,1.665807,Automobile,1.346987,no,no,0.879333,77.098973,Overweight_Level_II
33.182127,Sometimes,Sometimes,3.0,1.0,yes,yes,2.0,Male,1.838441,Automobile,1.977221,no,no,0.0,97.029249,Overweight_Level_II
19.821996,Sometimes,Sometimes,2.707927,0.702839,yes,no,2.766036,Female,1.653431,Public_Transportation,2.443812,no,no,0.827439,75.090439,Overweight_Level_II
19.149706,Sometimes,Sometimes,2.450069,0.0,yes,no,1.096455,Male,1.699818,Public_Transportation,2.491315,no,no,0.726118,78.0,Overweight_Level_II
46.491859,Sometimes,no,1.568035,0.870127,yes,yes,2.129969,Male,1.718097,Automobile,3.0,no,no,0.0,88.600878,Overweight_Level_II
17.894784,Sometimes,Sometimes,2.832004,1.0,yes,no,2.019674,Male,1.731389,Public_Transportation,2.843319,no,no,0.608607,84.064875,Overweight_Level_II
18.88485,Sometimes,no,1.087166,0.110174,yes,no,2.735297,Male,1.699667,Public_Transportation,2.157164,no,no,0.003695,79.67793,Overweight_Level_II
38.384177,Sometimes,no,2.503198,0.0,yes,yes,3.0,Female,1.698626,Automobile,3.0,no,no,0.0,78.637307,Overweight_Level_II
22.675679,Sometimes,Sometimes,2.469469,1.736538,yes,yes,1.588782,Male,1.823765,Public_Transportation,2.601675,no,no,1.886855,96.945262,Overweight_Level_II
33.049121,Sometimes,no,2.405172,2.300282,yes,yes,2.0,Male,1.708742,Automobile,1.171027,no,no,0.0,83.001642,Overweight_Level_II
37.205173,Sometimes,no,1.651548,0.0,yes,yes,2.01054,Female,1.667469,Automobile,2.77684,no,no,0.790967,80.993373,Overweight_Level_II
19.027417,Sometimes,Sometimes,2.0,2.892922,yes,no,3.0,Female,1.588147,Public_Transportation,3.362758,no,no,1.0,73.939268,Overweight_Level_II
37.492444,Sometimes,Sometimes,2.766674,1.0,yes,yes,2.0,Male,1.835024,Automobile,1.672706,no,no,0.027093,92.368359,Overweight_Level_II
24.657598,Sometimes,Sometimes,2.279214,0.970661,yes,yes,2.689577,Male,1.7088,Public_Transportation,2.714115,no,no,0.828549,83.520113,Overweight_Level_II
18.011718,Sometimes,Sometimes,1.985312,0.00705,yes,yes,2.413156,Male,1.680991,Public_Transportation,2.521546,no,no,0.965464,79.752916,Overweight_Level_II
27.349745,Sometimes,Sometimes,1.944095,1.931829,yes,yes,2.923433,Male,1.835271,Public_Transportation,1.338033,no,no,1.0,97.58826,Overweight_Level_II
18.0,Sometimes,Sometimes,2.0,2.040816,yes,yes,3.0,Male,1.742819,Public_Transportation,3.0,no,no,0.860321,86.565148,Overweight_Level_II
33.009285,Sometimes,no,2.035954,1.210736,yes,yes,2.0,Male,1.741192,Automobile,3.0,no,no,0.0,84.773349,Overweight_Level_II
18.0,Sometimes,Sometimes,2.452986,1.0,yes,yes,2.882522,Male,1.759721,Public_Transportation,3.0,no,no,0.746651,86.0805,Overweight_Level_II
30.079371,Sometimes,Sometimes,1.622638,0.033745,yes,yes,2.0,Male,1.810616,Public_Transportation,3.0,no,no,0.105895,92.860254,Overweight_Level_II
25.035915,Sometimes,Sometimes,2.0,0.0,yes,yes,1.973499,Male,1.763101,Public_Transportation,1.081805,no,no,0.464022,88.532032,Overweight_Level_II
18.198322,Sometimes,no,2.0,1.403872,yes,no,3.0,Female,1.543338,Public_Transportation,3.087119,no,no,1.0,71.799982,Overweight_Level_II
35.456326,Sometimes,no,1.221281,0.503279,yes,yes,2.156065,Female,1.651812,Automobile,2.909117,no,no,1.796136,79.437921,Overweight_Level_II
23.806789,Sometimes,Sometimes,2.413813,0.458237,yes,yes,2.992205,Male,1.732492,Public_Transportation,3.0,no,no,0.688293,84.557797,Overweight_Level_II
39.392569,Sometimes,no,2.442775,0.675262,yes,yes,2.944287,Female,1.706349,Automobile,1.466393,no,no,0.779334,85.720788,Overweight_Level_II
21.384259,Sometimes,Sometimes,2.0,0.467562,yes,yes,1.780746,Male,1.780679,Public_Transportation,1.471053,no,no,0.568668,89.667406,Overweight_Level_II
22.730414,Sometimes,Sometimes,2.168904,0.752926,yes,yes,2.164062,Male,1.758687,Public_Transportation,2.983201,no,no,0.0,89.673648,Overweight_Level_II
21.20563,Sometimes,no,2.0,2.847761,yes,yes,2.0,Male,1.704573,Public_Transportation,3.0,no,no,1.413375,80.0,Overweight_Level_II
21.333429,Sometimes,no,2.0,2.536615,yes,yes,2.0,Male,1.716545,Public_Transportation,2.783336,no,no,1.206535,80.005809,Overweight_Level_II
32.787101,Sometimes,Sometimes,2.196471,1.0,yes,yes,2.0,Male,1.903832,Automobile,1.863012,no,no,0.0,99.812443,Overweight_Level_II
32.610018,Sometimes,no,1.919629,0.408023,yes,yes,2.247704,Male,1.742538,Automobile,3.053598,no,no,0.0,83.390983,Overweight_Level_II
30.022598,Sometimes,no,1.844645,0.889963,yes,yes,2.011656,Male,1.747739,Automobile,3.165837,no,no,0.395979,83.314157,Overweight_Level_II
21.123048,Sometimes,no,2.0,2.270555,yes,yes,2.0,Male,1.717037,Public_Transportation,3.0,no,no,1.343044,80.0,Overweight_Level_II
22.989846,Sometimes,no,2.0,0.146919,yes,yes,2.0,Female,1.65,Public_Transportation,3.0,no,no,2.0,80.0,Overweight_Level_II
24.320154,Sometimes,no,1.996384,1.276552,yes,no,2.03414,Female,1.577921,Public_Transportation,2.741413,no,no,1.019452,65.293179,Overweight_Level_II
37.275298,Sometimes,no,2.265727,0.885633,yes,yes,2.746408,Male,1.746055,Automobile,1.058123,no,no,0.673408,83.282232,Overweight_Level_II
34.098174,Sometimes,Sometimes,1.259454,0.935217,yes,yes,2.0,Male,1.841151,Automobile,2.997414,no,no,0.9976,91.798103,Overweight_Level_II
21.001282,Sometimes,no,2.0,1.582428,yes,no,2.1239,Female,1.517998,Public_Transportation,1.672958,no,no,1.313363,64.696248,Overweight_Level_II
21.95994,Sometimes,no,1.833635,0.281876,yes,no,2.0,Female,1.483284,Public_Transportation,1.680838,no,no,0.575848,62.894283,Overweight_Level_II
19.795269,Sometimes,Sometimes,2.999495,2.405963,yes,yes,2.332074,Male,1.758972,Public_Transportation,3.0,no,no,0.441502,87.861431,Overweight_Level_II
19.090023,Sometimes,no,1.962322,1.145752,yes,no,2.748243,Female,1.562434,Public_Transportation,3.070386,no,no,1.0,70.442775,Overweight_Level_II
20.820455,Sometimes,no,1.163111,1.926381,yes,no,2.303656,Female,1.547066,Public_Transportation,3.0,no,no,1.119877,67.473282,Overweight_Level_II
22.087056,Sometimes,Sometimes,1.204175,0.0,yes,yes,1.904732,Male,1.792435,Public_Transportation,2.608416,no,no,1.895312,89.998729,Overweight_Level_II
22.185756,Sometimes,Sometimes,2.0,0.17048,yes,yes,1.979944,Male,1.784555,Public_Transportation,1.599464,no,no,0.819475,89.836692,Overweight_Level_II
22.980957,Sometimes,no,1.622214,0.463891,yes,yes,2.0,Female,1.700216,Public_Transportation,2.815255,no,no,1.462664,80.473587,Overweight_Level_II
23.0,Sometimes,no,1.40077,0.788659,yes,yes,2.0,Male,1.672101,Public_Transportation,2.395785,no,no,1.544357,80.939733,Overweight_Level_II
24.190896,Sometimes,Sometimes,2.056053,0.0,yes,yes,2.0,Male,1.7,Public_Transportation,3.0,no,no,1.0,84.849349,Overweight_Level_II
23.94003,Sometimes,Sometimes,1.983649,0.868721,yes,yes,2.407817,Male,1.721348,Public_Transportation,2.844138,no,no,0.089354,83.986714,Overweight_Level_II
26.591628,Sometimes,Frequently,3.0,0.897702,yes,yes,2.734314,Female,1.7,Public_Transportation,3.0,no,no,0.908271,78.008388,Overweight_Level_II
31.264628,Sometimes,Sometimes,1.199517,0.047738,yes,yes,2.0,Male,1.803129,Public_Transportation,3.0,no,no,0.163329,91.052215,Overweight_Level_II
23.629159,Sometimes,Sometimes,2.386904,0.926201,yes,yes,2.0,Female,1.70002,Public_Transportation,3.0,no,no,1.34403,80.420434,Overweight_Level_II
26.208134,Sometimes,Frequently,2.165605,0.855973,yes,yes,2.784383,Female,1.7,Automobile,3.0,no,no,0.839659,78.041338,Overweight_Level_II
17.689057,Sometimes,Sometimes,1.660614,1.0,yes,yes,2.009952,Male,1.713599,Public_Transportation,2.716106,no,no,0.60473,83.285753,Overweight_Level_II
19.16097,Sometimes,Sometimes,3.0,0.112383,yes,no,2.008656,Male,1.662728,Public_Transportation,1.402771,no,no,0.32803,77.473204,Overweight_Level_II
25.45763,Sometimes,Sometimes,2.0,1.28775,yes,yes,1.122127,Male,1.837399,Public_Transportation,2.865657,no,no,1.944177,95.952027,Overweight_Level_II
22.988004,Sometimes,Sometimes,1.85537,0.0,yes,yes,1.963965,Male,1.80827,Public_Transportation,1.836226,no,no,1.667745,91.363293,Overweight_Level_II
23.603191,Sometimes,Sometimes,2.154898,0.325534,yes,yes,2.319776,Male,1.714508,Public_Transportation,2.884848,no,no,0.954216,85.137113,Overweight_Level_II
22.882558,Sometimes,Sometimes,1.39854,0.0,yes,yes,1.899116,Male,1.793451,Public_Transportation,2.375026,no,no,1.365793,89.909259,Overweight_Level_II
23.586058,Sometimes,Sometimes,1.522426,0.501417,yes,yes,2.042762,Female,1.700499,Public_Transportation,2.9774,no,no,1.029135,81.108599,Overweight_Level_II
34.432669,Sometimes,no,2.60669,1.170823,yes,yes,2.129668,Male,1.694997,Automobile,2.693646,no,no,0.290898,84.451423,Overweight_Level_II
25.472995,Sometimes,Frequently,2.456939,0.038809,yes,yes,2.182401,Female,1.688911,Public_Transportation,2.832018,no,no,0.524015,78.434492,Overweight_Level_II
55.022494,Sometimes,no,2.0,1.0,yes,yes,2.0,Male,1.673394,Automobile,3.0,no,no,0.0,80.400306,Overweight_Level_II
34.647036,Sometimes,no,2.978465,1.974656,yes,yes,2.802696,Male,1.769499,Automobile,3.0,no,no,0.936925,85.0,Overweight_Level_II
21.997335,Sometimes,no,2.0,0.527341,yes,yes,2.0,Male,1.65,Public_Transportation,3.0,no,no,2.0,80.0,Overweight_Level_II
18.181821,Sometimes,no,1.992586,1.452467,yes,no,2.492758,Male,1.662669,Public_Transportation,2.270163,no,no,0.864583,79.863546,Overweight_Level_II
41.743333,Sometimes,no,1.302594,0.0,yes,yes,2.733129,Female,1.67861,Automobile,3.0,no,no,1.103349,79.849252,Overweight_Level_II
21.473078,Sometimes,no,2.0,2.627515,yes,yes,2.0,Male,1.694423,Public_Transportation,2.646717,no,no,1.358812,80.311273,Overweight_Level_II
27.757187,Sometimes,no,1.278578,0.02112,yes,no,2.0,Female,1.505437,Public_Transportation,1.0,no,no,0.0,63.892071,Overweight_Level_II
25.113537,Sometimes,no,1.846441,0.546402,yes,no,2.0,Female,1.505387,Public_Transportation,1.193729,no,no,0.235711,63.715219,Overweight_Level_II
21.82165,Sometimes,no,1.995035,0.324676,yes,no,2.0,Female,1.491441,Public_Transportation,1.477581,no,no,0.51743,62.269912,Overweight_Level_II
20.670975,Sometimes,no,2.0,1.103088,yes,no,2.294067,Female,1.509408,Public_Transportation,3.209508,no,no,1.261043,64.852953,Overweight_Level_II
22.649792,Sometimes,no,1.606076,0.432973,yes,yes,2.0,Male,1.685045,Public_Transportation,2.756622,no,no,1.749586,81.022119,Overweight_Level_II
23.154311,Sometimes,Sometimes,1.568476,0.949976,yes,yes,2.315932,Male,1.723072,Public_Transportation,2.658478,no,no,0.544899,82.338464,Overweight_Level_II
38.097395,Sometimes,no,2.166024,0.0,yes,yes,3.0,Female,1.696954,Automobile,3.0,no,no,0.0,78.156035,Overweight_Level_II
37.642177,Sometimes,no,1.744628,0.0,yes,yes,2.802128,Female,1.676095,Automobile,3.0,no,no,0.721167,79.079738,Overweight_Level_II
34.176795,Sometimes,no,1.921601,0.935217,yes,yes,2.79606,Female,1.681021,Automobile,1.971472,no,no,0.704637,77.392179,Overweight_Level_II
34.231083,Sometimes,no,2.088929,0.305422,yes,yes,2.086898,Female,1.654067,Automobile,1.818026,no,no,1.040787,79.697278,Overweight_Level_II
31.965402,Sometimes,Sometimes,2.559265,1.327193,yes,yes,2.333503,Male,1.840708,Automobile,1.820779,no,no,0.481357,98.259423,Overweight_Level_II
33.185661,Sometimes,Sometimes,3.0,1.0,yes,yes,2.0,Male,1.836007,Automobile,1.724887,no,no,0.0,97.416417,Overweight_Level_II
18.741188,Sometimes,no,2.0,1.634134,yes,no,3.0,Female,1.556789,Public_Transportation,3.129155,no,no,1.0,71.788181,Overweight_Level_II
19.955257,Sometimes,Sometimes,2.0,1.32417,yes,no,3.0,Female,1.5891,Public_Transportation,3.856434,no,no,1.0,72.713611,Overweight_Level_II
19.684891,Sometimes,Sometimes,2.192063,1.474937,yes,no,1.653081,Male,1.700627,Public_Transportation,2.753418,no,no,0.518542,78.048207,Overweight_Level_II
47.7061,Sometimes,no,1.146595,0.31381,yes,yes,2.535315,Male,1.743935,Automobile,3.0,no,no,0.0,84.729197,Overweight_Level_II
17.997009,Sometimes,Sometimes,2.976229,1.0,yes,no,2.0,Male,1.742654,Public_Transportation,3.0,no,no,0.121992,85.0,Overweight_Level_II
17.971786,Sometimes,Sometimes,2.845134,1.0,yes,yes,2.765769,Male,1.754441,Public_Transportation,3.0,no,no,0.42683,85.002884,Overweight_Level_II
20.432717,Sometimes,no,1.80996,1.910577,yes,yes,2.215464,Male,1.719342,Public_Transportation,2.116195,no,no,0.971746,80.790813,Overweight_Level_II
33.954433,Sometimes,no,1.999882,1.637368,yes,yes,3.0,Female,1.682253,Automobile,2.049908,no,no,0.10724,77.431678,Overweight_Level_II
17.039058,Sometimes,Sometimes,3.0,1.04729,yes,yes,2.0,Male,1.799902,Public_Transportation,3.0,no,no,0.933802,95.419668,Overweight_Level_II
33.070142,Sometimes,no,2.01051,2.805801,yes,yes,2.0,Male,1.709428,Automobile,1.044628,no,no,0.0,83.014033,Overweight_Level_II
34.993835,Sometimes,no,2.778587,2.667739,yes,yes,2.63165,Male,1.752456,Automobile,2.98212,no,no,0.905181,84.783756,Overweight_Level_II
35.719457,Sometimes,no,2.136398,1.060349,yes,yes,2.0,Male,1.685947,Automobile,1.009426,no,no,0.0,83.3258,Overweight_Level_II
19.005725,Sometimes,Sometimes,2.184768,1.524405,yes,no,2.942154,Female,1.599999,Public_Transportation,2.667711,no,no,0.805008,73.513873,Overweight_Level_II
18.850466,Sometimes,Sometimes,2.0,2.274248,yes,no,3.0,Female,1.550053,Public_Transportation,3.000974,no,no,1.0,72.9518,Overweight_Level_II
31.540751,Sometimes,Sometimes,2.035104,0.598438,yes,yes,2.0,Male,1.828092,Automobile,2.698883,no,no,0.017016,91.495718,Overweight_Level_II
23.335391,Sometimes,Sometimes,2.90545,1.600431,yes,yes,2.716909,Male,1.71338,Public_Transportation,2.598079,no,no,0.176892,82.085549,Overweight_Level_II
19.749627,Sometimes,no,2.0,1.194519,yes,no,1.83746,Male,1.680764,Public_Transportation,3.0,no,no,1.212762,79.621463,Overweight_Level_II
19.565496,Sometimes,Sometimes,2.159987,1.475772,yes,no,1.936479,Male,1.705584,Public_Transportation,2.837388,no,no,0.646514,78.025625,Overweight_Level_II
30.357745,Sometimes,Sometimes,1.307563,1.442485,yes,yes,2.045027,Male,1.841852,Public_Transportation,2.946063,no,no,0.934493,93.614246,Overweight_Level_II
27.0,Sometimes,Sometimes,1.336378,1.898889,yes,yes,2.760607,Male,1.834986,Public_Transportation,1.0,no,no,0.487375,99.083478,Overweight_Level_II
21.380336,Sometimes,Sometimes,2.0,2.079709,yes,yes,2.09449,Male,1.724839,Public_Transportation,1.873484,no,no,0.880414,82.27635,Overweight_Level_II
33.151905,Sometimes,no,2.452789,0.932792,yes,yes,2.0,Male,1.685127,Automobile,2.473911,no,no,0.0,83.986895,Overweight_Level_II
18.0,Sometimes,Sometimes,2.740848,1.219827,yes,yes,2.907062,Male,1.750097,Public_Transportation,3.0,no,no,0.037634,86.372141,Overweight_Level_II
32.241587,Sometimes,Sometimes,1.855054,1.083572,yes,yes,2.0,Male,1.757961,Public_Transportation,1.79558,no,no,0.218574,87.906019,Overweight_Level_II
31.662814,Sometimes,Sometimes,2.535127,1.030752,yes,yes,2.399531,Male,1.848965,Automobile,2.623079,no,no,0.606264,98.912261,Overweight_Level_II
24.347414,Sometimes,Sometimes,2.0,0.0,yes,yes,1.521604,Male,1.789193,Public_Transportation,2.174968,no,no,0.632467,89.393589,Overweight_Level_II
24.362124,Sometimes,Sometimes,2.083939,0.632164,yes,yes,2.0,Male,1.716677,Public_Transportation,2.676148,no,no,0.993786,85.261339,Overweight_Level_II
19.462713,Sometimes,no,1.337378,0.932888,yes,no,2.501683,Female,1.550122,Public_Transportation,3.394788,no,no,1.0,69.936073,Overweight_Level_II
35.432059,Sometimes,no,1.992548,0.039207,yes,yes,2.0,Female,1.663178,Automobile,3.0,no,no,1.528714,80.135167,Overweight_Level_II
33.864257,Sometimes,no,1.873591,0.966973,yes,yes,2.76802,Female,1.679299,Automobile,2.137068,no,no,0.691944,77.355417,Overweight_Level_II
23.807181,Sometimes,Sometimes,1.99467,1.0,yes,yes,2.742796,Male,1.729177,Public_Transportation,2.937607,no,no,0.023564,82.52724,Overweight_Level_II
39.585811,Sometimes,no,1.94609,0.604259,yes,yes,2.325623,Male,1.719153,Automobile,1.313403,no,no,0.0,86.464843,Overweight_Level_II
45.821267,Sometimes,no,1.026729,0.647798,yes,yes,2.076689,Female,1.687326,Automobile,3.0,no,no,0.0,80.413997,Overweight_Level_II
25.929746,Sometimes,Sometimes,2.045069,1.725931,yes,yes,3.0,Male,1.772449,Public_Transportation,3.0,no,no,1.619596,105.0,Obesity_Type_I
26.042738,Sometimes,Sometimes,2.509147,2.0,yes,yes,3.0,Male,1.837117,Public_Transportation,3.0,no,no,1.564796,105.712219,Obesity_Type_I
30.551762,Sometimes,Sometimes,1.771198,2.0,yes,yes,2.271306,Male,1.784377,Automobile,3.0,no,no,0.413752,102.872505,Obesity_Type_I
39.759575,Sometimes,Sometimes,2.504136,2.998981,yes,yes,2.33361,Male,1.792507,Automobile,2.113575,no,no,1.0,101.780099,Obesity_Type_I
31.386405,Sometimes,Sometimes,1.505381,0.0,yes,yes,2.13683,Female,1.556579,Public_Transportation,2.092179,no,no,0.0,78.233341,Obesity_Type_I
25.706285,Sometimes,Sometimes,2.0,0.0,yes,yes,2.0,Female,1.585547,Public_Transportation,1.0,no,no,0.0,80.351263,Obesity_Type_I
43.604901,Sometimes,no,2.0,1.308852,yes,yes,2.909853,Female,1.569234,Automobile,1.0,no,no,0.0,81.827288,Obesity_Type_I
42.31607,Sometimes,no,1.846754,0.0,yes,yes,2.490507,Female,1.583943,Automobile,2.974204,no,no,0.0,81.936398,Obesity_Type_I
22.654316,Sometimes,Sometimes,2.0,0.0,yes,yes,1.063449,Female,1.621233,Public_Transportation,1.0,no,no,1.482016,82.0,Obesity_Type_I
22.679935,Sometimes,Sometimes,2.598632,0.292093,yes,yes,2.699282,Female,1.6084,Public_Transportation,1.0,no,no,2.0,82.603984,Obesity_Type_I
24.079524,Sometimes,no,2.843675,1.309304,yes,yes,2.0,Male,1.733439,Public_Transportation,3.0,no,no,1.338655,97.911865,Obesity_Type_I
21.196152,Sometimes,no,3.0,1.172641,yes,yes,2.4277,Male,1.65,Public_Transportation,1.001633,no,no,1.0,88.472359,Obesity_Type_I
22.596576,Sometimes,no,2.777712,0.432813,yes,yes,2.87599,Female,1.650052,Public_Transportation,1.2919,no,no,1.0,87.272552,Obesity_Type_I
23.0,Sometimes,no,2.715572,2.230109,yes,yes,2.177243,Female,1.644161,Public_Transportation,3.0,no,no,0.070897,84.340406,Obesity_Type_I
37.356288,Sometimes,Sometimes,1.630528,0.0,yes,yes,2.0,Female,1.559499,Automobile,3.0,no,no,0.0,77.26813,Obesity_Type_I
22.754646,Sometimes,no,2.287248,2.669179,yes,yes,2.0,Male,1.734237,Public_Transportation,3.0,no,no,1.237867,95.0,Obesity_Type_I
23.252906,Sometimes,no,3.0,3.0,yes,yes,2.0,Male,1.775815,Public_Transportation,3.0,no,no,2.0,97.813023,Obesity_Type_I
22.025438,Sometimes,no,3.0,1.280924,yes,yes,3.0,Female,1.640426,Public_Transportation,1.0,no,no,1.77795,87.344156,Obesity_Type_I
18.086772,Sometimes,Sometimes,1.0,1.02975,yes,yes,3.0,Female,1.65,Public_Transportation,3.0,no,no,1.350099,82.13682,Obesity_Type_I
25.994393,Sometimes,Sometimes,1.776991,1.757724,yes,yes,3.0,Male,1.753321,Automobile,3.0,no,no,0.0,107.998815,Obesity_Type_I
40.821515,Sometimes,Sometimes,1.406115,0.0,yes,yes,2.0,Female,1.553026,Automobile,3.0,no,no,0.0,77.74518,Obesity_Type_I
23.0,Sometimes,no,1.530493,0.967627,yes,yes,2.0,Male,1.706525,Public_Transportation,3.0,no,no,1.0,90.500055,Obesity_Type_I
37.955371,Sometimes,Sometimes,1.459511,1.71807,yes,yes,2.846452,Female,1.560648,Automobile,1.139317,no,no,0.0,80.0,Obesity_Type_I
31.315593,Sometimes,Sometimes,2.348981,1.946907,yes,yes,2.19011,Male,1.673352,Automobile,2.029858,no,no,0.0,90.0,Obesity_Type_I
22.661556,Sometimes,no,2.0,0.0,yes,yes,2.0,Male,1.660324,Public_Transportation,3.0,no,no,0.105936,94.189167,Obesity_Type_I
40.317787,Sometimes,Sometimes,2.680292,1.549693,yes,yes,2.0,Male,1.786318,Automobile,3.0,no,no,0.522259,98.447311,Obesity_Type_I
23.365649,Sometimes,no,3.0,3.0,yes,yes,2.0,Male,1.757691,Public_Transportation,3.0,no,no,2.0,95.361795,Obesity_Type_I
21.72127,Sometimes,no,2.205977,2.698874,yes,yes,2.0,Male,1.712163,Public_Transportation,2.977543,no,no,2.0,98.699971,Obesity_Type_I
35.389491,Sometimes,Frequently,3.0,2.05252,yes,yes,2.069267,Male,1.78,Automobile,1.476204,no,no,0.092736,100.84763,Obesity_Type_I
22.061461,Sometimes,no,2.166228,2.232851,yes,yes,1.362441,Female,1.6,Public_Transportation,2.57038,no,no,1.281141,82.040318,Obesity_Type_I
23.0,Sometimes,no,2.432967,1.887012,yes,yes,2.09663,Female,1.61082,Public_Transportation,2.879541,no,no,0.0,82.532994,Obesity_Type_I
23.0,Sometimes,no,2.777379,0.354541,yes,yes,2.928234,Female,1.665199,Public_Transportation,1.458507,no,no,1.707018,83.15115,Obesity_Type_I
40.951591,Sometimes,Sometimes,1.372811,1.629432,yes,yes,2.0,Female,1.542122,Automobile,1.105617,no,no,0.0,80.0,Obesity_Type_I
39.135634,Sometimes,Sometimes,1.0,0.0,yes,yes,2.0,Female,1.507867,Automobile,3.0,no,no,0.0,79.58958,Obesity_Type_I
26.271621,Sometimes,Sometimes,3.0,0.669278,yes,yes,2.0,Male,1.660955,Automobile,3.0,no,no,0.505266,90.0,Obesity_Type_I
23.779235,Sometimes,no,2.0,0.827502,yes,yes,2.0,Female,1.553127,Public_Transportation,1.0,no,no,0.0,78.0,Obesity_Type_I
20.586978,Sometimes,no,1.689793,1.464204,yes,yes,2.0,Male,1.781952,Public_Transportation,3.0,no,no,0.0,102.910613,Obesity_Type_I
21.669478,Sometimes,no,2.771469,2.359339,yes,yes,2.0,Male,1.75,Public_Transportation,3.0,no,no,1.206251,96.940255,Obesity_Type_I
23.0,Sometimes,no,2.0,0.026142,yes,yes,2.0,Female,1.615854,Public_Transportation,1.0,no,no,0.0,80.615325,Obesity_Type_I
20.825962,Sometimes,Sometimes,1.155384,0.003938,yes,yes,2.0,Male,1.793378,Public_Transportation,3.0,no,no,0.526999,105.655037,Obesity_Type_I
18.178023,Sometimes,Sometimes,2.160169,1.0,yes,yes,2.0,Male,1.85478,Public_Transportation,1.854536,no,no,2.0,114.77484,Obesity_Type_I
18.0,Sometimes,Sometimes,1.850344,1.066101,yes,yes,2.496455,Female,1.685633,Public_Transportation,3.0,no,no,0.732265,90.032671,Obesity_Type_I
18.267696,Sometimes,Sometimes,1.0,0.899864,yes,yes,1.70825,Female,1.706343,Public_Transportation,3.0,no,no,1.0,93.348843,Obesity_Type_I
23.0,Sometimes,Sometimes,2.03415,0.317363,yes,yes,2.262171,Male,1.791415,Public_Transportation,3.0,no,no,0.508663,105.138073,Obesity_Type_I
23.0,Sometimes,Sometimes,2.081005,0.650235,yes,yes,2.740633,Male,1.753716,Public_Transportation,3.0,no,no,0.76906,106.49141,Obesity_Type_I
20.9859,Sometimes,no,1.608128,0.478134,yes,yes,2.0,Male,1.780503,Public_Transportation,3.0,no,no,0.0,103.189532,Obesity_Type_I
21.504943,Sometimes,no,2.715252,0.0,yes,yes,2.0,Male,1.819867,Public_Transportation,3.0,no,no,0.621605,106.038468,Obesity_Type_I
18.0,Sometimes,no,2.279124,1.0,yes,yes,2.0,Male,1.791174,Public_Transportation,1.08687,no,no,1.609773,108.9606,Obesity_Type_I
18.0,Sometimes,no,2.497065,1.0,yes,yes,2.0,Male,1.82093,Public_Transportation,1.25535,no,no,1.441605,108.742005,Obesity_Type_I
19.442663,Sometimes,Sometimes,1.11756,0.0,yes,yes,1.081585,Female,1.627812,Public_Transportation,2.870661,no,no,1.616826,82.0,Obesity_Type_I
22.865018,Sometimes,Sometimes,1.911664,0.0,yes,yes,2.587789,Female,1.632118,Public_Transportation,1.482103,no,no,0.128681,82.0,Obesity_Type_I
21.948577,Sometimes,Sometimes,2.962371,1.0,yes,yes,2.252653,Male,1.773594,Public_Transportation,3.0,no,no,0.0,105.000789,Obesity_Type_I
21.214617,Sometimes,Sometimes,3.0,0.732186,yes,yes,2.0,Male,1.930416,Public_Transportation,3.0,no,no,1.0,118.560509,Obesity_Type_I
22.277859,Sometimes,Sometimes,3.0,0.975187,yes,yes,2.0,Male,1.947406,Public_Transportation,3.0,no,no,1.0,116.893105,Obesity_Type_I
37.832949,Sometimes,Sometimes,1.93059,1.851404,yes,yes,2.036613,Female,1.610867,Automobile,1.81698,no,no,0.0,80.0,Obesity_Type_I
37.631769,Sometimes,Sometimes,1.535134,1.88452,yes,yes,2.0,Female,1.513202,Automobile,2.582591,no,no,0.0,75.410647,Obesity_Type_I
17.6739,Sometimes,no,2.0,0.0,yes,yes,2.0,Male,1.738465,Public_Transportation,3.0,no,no,0.233314,97.185474,Obesity_Type_I
37.524551,Sometimes,Sometimes,2.102976,0.0,yes,yes,2.0,Female,1.567915,Automobile,3.0,no,no,0.0,76.129784,Obesity_Type_I
43.510672,Sometimes,Sometimes,2.091934,0.0,yes,yes,2.0,Female,1.587546,Automobile,3.0,no,no,0.0,76.126112,Obesity_Type_I
18.0,Sometimes,Sometimes,2.094479,1.0,yes,yes,2.0,Male,1.820385,Public_Transportation,2.164839,no,no,0.676557,108.395005,Obesity_Type_I
18.0,Sometimes,Sometimes,2.939847,1.0,yes,yes,2.0,Male,1.792239,Public_Transportation,2.141839,no,no,0.103056,108.244379,Obesity_Type_I
29.506287,Sometimes,Sometimes,2.358038,0.877295,yes,yes,2.0,Male,1.82697,Automobile,2.877583,no,no,1.817146,108.751502,Obesity_Type_I
18.0,Sometimes,no,1.955053,1.186013,yes,yes,2.609123,Female,1.670058,Public_Transportation,3.0,no,no,0.0,86.242679,Obesity_Type_I
24.733308,Sometimes,Sometimes,1.0,0.344013,yes,yes,1.036159,Male,1.639383,Automobile,3.0,no,no,0.329367,91.267087,Obesity_Type_I
29.0,Sometimes,Sometimes,2.11267,0.388269,yes,yes,1.851262,Male,1.682916,Automobile,3.0,no,no,0.0,89.991671,Obesity_Type_I
18.0,Sometimes,no,1.051735,1.0,yes,yes,2.0,Female,1.609321,Public_Transportation,3.0,no,no,0.0,84.493156,Obesity_Type_I
21.098035,Sometimes,no,2.0,0.0,yes,yes,2.0,Male,1.690437,Public_Transportation,2.95833,no,no,1.595306,96.366777,Obesity_Type_I
19.089595,Sometimes,no,2.0,0.0,yes,yes,2.0,Male,1.700164,Public_Transportation,2.119826,no,no,1.882539,99.204695,Obesity_Type_I
18.312665,Sometimes,no,1.220331,0.245003,yes,yes,2.501236,Female,1.60074,Public_Transportation,3.0,no,no,0.537202,82.249831,Obesity_Type_I
18.260079,Sometimes,no,3.0,1.783858,yes,yes,2.0,Male,1.801848,Public_Transportation,3.0,no,no,0.0,104.741914,Obesity_Type_I
26.004294,Sometimes,Sometimes,2.925029,2.0,yes,yes,3.0,Male,1.844751,Public_Transportation,3.0,no,no,1.758865,105.025808,Obesity_Type_I
25.994746,Sometimes,Sometimes,2.858171,1.813318,yes,yes,3.0,Male,1.811602,Public_Transportation,3.0,no,no,0.680215,106.042142,Obesity_Type_I
36.726617,Sometimes,Frequently,2.852254,2.00123,yes,yes,2.031185,Male,1.787521,Automobile,2.992606,no,no,0.36037,100.624553,Obesity_Type_I
38.297259,Sometimes,Frequently,2.184707,2.000561,yes,yes,2.014194,Male,1.789109,Automobile,2.050121,no,no,0.853891,100.066268,Obesity_Type_I
30.163408,Sometimes,no,1.798917,0.0,yes,yes,2.028225,Female,1.533364,Public_Transportation,1.923607,no,no,0.0,78.030383,Obesity_Type_I
28.770039,Sometimes,no,2.0,0.005405,yes,yes,2.0,Female,1.580858,Public_Transportation,1.0,no,no,0.0,79.713492,Obesity_Type_I
42.337283,Sometimes,no,1.722063,0.0,yes,yes,2.81646,Female,1.64639,Automobile,2.27374,no,no,0.0,86.639861,Obesity_Type_I
47.283374,Sometimes,no,1.827351,0.0,yes,yes,2.037585,Female,1.643786,Automobile,1.418985,no,no,0.0,81.978743,Obesity_Type_I
22.518787,Sometimes,Sometimes,2.135552,0.248034,yes,yes,1.853314,Female,1.634342,Public_Transportation,1.320768,no,no,1.727828,82.414477,Obesity_Type_I
22.836315,Sometimes,Sometimes,2.0,0.0,yes,yes,1.00876,Female,1.604893,Public_Transportation,1.0,no,no,0.585912,82.0,Obesity_Type_I
23.0,Sometimes,no,1.490613,0.654316,yes,yes,2.0,Male,1.654961,Public_Transportation,3.0,no,no,1.0,94.790579,Obesity_Type_I
22.975526,Sometimes,no,2.02127,1.814869,yes,yes,2.0,Male,1.701986,Public_Transportation,3.0,no,no,1.066603,95.0,Obesity_Type_I
22.720449,Sometimes,no,3.0,0.632947,yes,yes,2.103335,Male,1.65,Public_Transportation,2.964024,no,no,1.0,89.139209,Obesity_Type_I
23.887569,Sometimes,no,3.0,0.603638,yes,yes,2.0,Male,1.657995,Public_Transportation,3.0,no,no,0.969085,90.0,Obesity_Type_I
23.0,Sometimes,no,2.235282,0.380633,yes,yes,2.060922,Female,1.634688,Public_Transportation,2.933409,no,no,0.0026,82.628,Obesity_Type_I
23.0,Sometimes,no,2.010596,0.851059,yes,yes,2.058687,Female,1.628168,Public_Transportation,2.962004,no,no,0.630866,84.49798,Obesity_Type_I
38.148845,Sometimes,Sometimes,1.274774,0.0,yes,yes,2.0,Female,1.557808,Automobile,3.0,no,no,0.0,79.661693,Obesity_Type_I
37.96543,Sometimes,Sometimes,1.893691,1.296535,yes,yes,2.533605,Female,1.560199,Automobile,1.271624,no,no,0.0,80.0,Obesity_Type_I
22.771612,Sometimes,no,3.0,3.0,yes,yes,2.0,Male,1.750384,Public_Transportation,3.0,no,no,2.0,95.324282,Obesity_Type_I
22.582371,Sometimes,no,3.0,3.0,yes,yes,2.0,Male,1.753081,Public_Transportation,3.0,no,no,2.0,95.269089,Obesity_Type_I
21.008051,Sometimes,no,3.0,1.361533,yes,yes,2.457547,Female,1.65,Public_Transportation,1.00061,no,no,1.0,88.126544,Obesity_Type_I
22.591026,Sometimes,no,2.854161,1.103209,yes,yes,2.983851,Female,1.650012,Public_Transportation,1.068443,no,no,1.0,87.676154,Obesity_Type_I
16.129279,Sometimes,no,1.0,2.091862,yes,yes,2.954996,Female,1.65,Public_Transportation,3.0,no,no,1.06053,85.583485,Obesity_Type_I
16.913841,Sometimes,no,1.229171,2.392047,yes,yes,2.061969,Female,1.634832,Public_Transportation,3.0,no,no,1.256119,85.803809,Obesity_Type_I
29.43879,Sometimes,Sometimes,1.163264,1.866023,yes,yes,3.0,Male,1.770126,Automobile,3.0,no,no,1.604608,108.602715,Obesity_Type_I
29.881301,Sometimes,Sometimes,1.271178,1.944728,yes,yes,3.0,Male,1.758189,Automobile,3.0,no,no,0.0,108.721893,Obesity_Type_I
43.591999,Sometimes,no,2.117346,0.0,yes,yes,2.0,Female,1.595165,Automobile,3.0,no,no,0.0,77.354744,Obesity_Type_I
40.993179,Sometimes,no,2.952506,0.0,yes,yes,2.0,Female,1.567756,Automobile,3.0,no,no,0.0,79.493626,Obesity_Type_I
22.936098,Sometimes,no,1.746197,0.455216,yes,yes,2.0,Male,1.702825,Public_Transportation,3.0,no,no,0.335158,93.638318,Obesity_Type_I
23.0,Sometimes,no,1.249307,0.973465,yes,yes,2.0,Male,1.735659,Public_Transportation,3.0,no,no,1.0,93.429205,Obesity_Type_I
37.597953,Sometimes,Sometimes,1.335192,0.180276,yes,yes,2.450784,Female,1.62901,Automobile,2.952821,no,no,0.0,80.0,Obesity_Type_I
37.532066,Sometimes,Sometimes,1.636326,0.0,yes,yes,2.972426,Female,1.615385,Automobile,3.0,no,no,0.0,80.0,Obesity_Type_I
31.630054,Sometimes,Sometimes,2.104054,1.991565,yes,yes,2.467002,Male,1.671705,Automobile,1.851088,no,no,0.0,90.0,Obesity_Type_I
31.641081,Sometimes,Sometimes,2.041462,0.578074,yes,yes,2.934671,Male,1.676595,Automobile,2.119682,no,no,0.0,89.993812,Obesity_Type_I
21.872484,Sometimes,no,2.0,0.0,yes,yes,2.0,Male,1.699998,Public_Transportation,2.970675,no,no,0.169294,95.564428,Obesity_Type_I
21.834894,Sometimes,no,2.0,0.0,yes,yes,2.0,Male,1.722785,Public_Transportation,2.966803,no,no,1.281541,94.094184,Obesity_Type_I
36.023972,Sometimes,Sometimes,2.450069,1.45473,yes,yes,2.903545,Male,1.670667,Automobile,1.508685,no,no,0.0,90.575934,Obesity_Type_I
39.656559,Sometimes,Sometimes,2.785804,1.259613,yes,yes,2.043359,Male,1.789992,Automobile,2.209314,no,no,0.669616,98.021766,Obesity_Type_I
24.184891,Sometimes,no,2.973729,2.491642,yes,yes,2.0,Male,1.768834,Public_Transportation,3.0,no,no,1.36595,97.449743,Obesity_Type_I
23.237302,Sometimes,no,2.988771,2.429923,yes,yes,2.0,Male,1.761008,Public_Transportation,3.0,no,no,1.978043,97.829344,Obesity_Type_I
35.322112,Sometimes,Sometimes,3.0,2.710338,yes,yes,2.787589,Male,1.78,Automobile,1.114564,no,no,0.572185,102.265955,Obesity_Type_I
31.387982,Sometimes,Sometimes,2.659419,1.062011,yes,yes,2.39728,Male,1.810215,Automobile,2.036794,no,no,1.771135,105.254354,Obesity_Type_I
23.0,Sometimes,no,2.768325,2.08515,yes,yes,2.150054,Female,1.608469,Public_Transportation,2.988539,no,no,0.0,82.954796,Obesity_Type_I
23.0,Sometimes,no,2.839319,1.091474,yes,yes,2.977585,Female,1.630357,Public_Transportation,1.630506,no,no,0.889517,83.1011,Obesity_Type_I
22.679454,Sometimes,Sometimes,2.2695,0.946461,yes,yes,2.274491,Female,1.62826,Public_Transportation,1.0,no,no,1.73107,82.967937,Obesity_Type_I
22.480889,Sometimes,Sometimes,2.371015,0.288032,yes,yes,1.557287,Female,1.605662,Public_Transportation,1.0,no,no,2.0,82.470375,Obesity_Type_I
41.403862,Sometimes,Sometimes,1.513199,0.0,yes,yes,2.152264,Female,1.567973,Automobile,2.977999,no,no,0.0,81.056851,Obesity_Type_I
40.702771,Sometimes,Sometimes,1.326165,0.0,yes,yes,2.0,Female,1.548403,Automobile,3.0,no,no,0.0,80.0,Obesity_Type_I
29.389239,Sometimes,Sometimes,2.773236,1.252472,yes,yes,2.08841,Male,1.681855,Automobile,2.644692,no,no,0.0,90.0,Obesity_Type_I
30.967417,Sometimes,Sometimes,2.77962,1.454129,yes,yes,2.180047,Male,1.688436,Automobile,2.733077,no,no,0.0,90.0,Obesity_Type_I
23.474165,Sometimes,no,2.0,0.876101,yes,yes,2.0,Female,1.577115,Public_Transportation,1.0,no,no,0.0,78.0,Obesity_Type_I
24.317607,Sometimes,no,2.0,0.852446,yes,yes,2.0,Female,1.586751,Public_Transportation,1.0,no,no,0.0,79.109029,Obesity_Type_I
17.052914,Sometimes,no,2.0,0.067491,yes,yes,2.0,Male,1.710616,Public_Transportation,3.0,no,no,0.894105,99.860254,Obesity_Type_I
18.04892,Sometimes,no,2.0,1.579431,yes,yes,2.0,Male,1.721384,Public_Transportation,3.0,no,no,0.839862,99.430612,Obesity_Type_I
22.875223,Sometimes,no,2.0,0.0,yes,yes,1.826885,Female,1.624367,Public_Transportation,1.0,no,no,0.459274,82.0,Obesity_Type_I
22.884722,Sometimes,no,2.0,0.0,yes,yes,1.754401,Female,1.622787,Public_Transportation,1.0,no,no,0.301909,82.0,Obesity_Type_I
18.729566,Sometimes,Sometimes,2.574073,1.0,yes,yes,2.0,Male,1.855433,Public_Transportation,2.427137,no,no,2.0,112.875283,Obesity_Type_I
21.011124,Sometimes,Sometimes,3.0,0.788585,yes,yes,2.0,Male,1.856315,Public_Transportation,3.0,no,no,1.220029,118.183797,Obesity_Type_I
18.603496,Sometimes,Sometimes,1.383831,0.130417,yes,yes,1.524428,Female,1.681719,Public_Transportation,3.0,no,no,1.0,90.671871,Obesity_Type_I
21.106056,Sometimes,Sometimes,1.157395,0.0,yes,yes,1.164062,Female,1.722884,Public_Transportation,3.0,no,no,0.320851,92.949254,Obesity_Type_I
23.0,Sometimes,Sometimes,2.415343,0.295178,yes,yes,2.123159,Male,1.799406,Public_Transportation,3.0,no,no,0.569852,106.528811,Obesity_Type_I
21.980847,Sometimes,Sometimes,2.745242,0.0,yes,yes,2.0,Male,1.819875,Public_Transportation,3.0,no,no,0.80898,106.048516,Obesity_Type_I
21.016665,Sometimes,Sometimes,1.026143,0.268801,yes,yes,2.259679,Male,1.790172,Public_Transportation,3.0,no,no,0.077818,105.042194,Obesity_Type_I
21.72738,Sometimes,Sometimes,2.35818,0.349371,yes,yes,2.044326,Male,1.783782,Public_Transportation,3.0,no,no,0.0,105.000276,Obesity_Type_I
18.0,Sometimes,no,2.438398,1.0,yes,yes,2.0,Male,1.783906,Public_Transportation,1.867836,no,no,0.802305,109.207614,Obesity_Type_I
18.0,Sometimes,no,2.191401,1.0,yes,yes,2.0,Male,1.844218,Public_Transportation,1.548407,no,no,1.676944,109.195529,Obesity_Type_I
19.431662,Sometimes,no,1.001995,0.0,yes,yes,2.843456,Female,1.631662,Public_Transportation,2.937989,no,no,1.554404,82.0,Obesity_Type_I
18.166318,Sometimes,no,1.876915,0.631565,yes,yes,2.864776,Female,1.649553,Public_Transportation,3.0,no,no,0.186414,82.323954,Obesity_Type_I
22.352025,Sometimes,Sometimes,2.627569,1.0,yes,yes,2.871137,Male,1.754711,Public_Transportation,3.0,no,no,0.0,105.000706,Obesity_Type_I
22.469351,Sometimes,Sometimes,2.104264,1.0,yes,yes,2.282803,Male,1.762515,Public_Transportation,3.0,no,no,0.0,105.000097,Obesity_Type_I
19.524698,Sometimes,Sometimes,3.0,1.0,yes,yes,2.0,Male,1.942725,Public_Transportation,3.0,no,no,1.014808,121.657979,Obesity_Type_I
20.491475,Sometimes,Sometimes,3.0,0.767013,yes,yes,2.0,Male,1.975663,Public_Transportation,3.0,no,no,1.0,120.702935,Obesity_Type_I
39.213399,Sometimes,Sometimes,1.93142,1.967973,yes,yes,2.020502,Female,1.586301,Automobile,1.237454,no,no,0.0,80.0,Obesity_Type_I
38.098745,Sometimes,Sometimes,1.972551,1.903338,yes,yes,2.020785,Female,1.598448,Automobile,1.169173,no,no,0.0,80.0,Obesity_Type_I
19.034033,Sometimes,no,2.0,0.0,yes,yes,2.0,Male,1.703098,Public_Transportation,2.391753,no,no,1.119877,98.296651,Obesity_Type_I
17.073648,Sometimes,no,2.0,1.73209,yes,yes,2.0,Male,1.706996,Public_Transportation,3.0,no,no,0.048617,99.544696,Obesity_Type_I
38.547267,Sometimes,Sometimes,1.084442,0.0,yes,yes,2.0,Female,1.526472,Automobile,3.0,no,no,0.0,75.150345,Obesity_Type_I
38.683794,Sometimes,Sometimes,1.0,0.0,yes,yes,2.0,Female,1.501993,Automobile,3.0,no,no,0.0,76.642944,Obesity_Type_I
18.0,Sometimes,no,2.655795,1.0,yes,yes,2.0,Male,1.784402,Public_Transportation,2.475444,no,no,0.169879,108.413119,Obesity_Type_I
18.0,Sometimes,no,2.967064,1.0,yes,yes,2.0,Male,1.792687,Public_Transportation,2.478794,no,no,0.4346,108.204547,Obesity_Type_I
29.622804,Sometimes,Sometimes,1.796257,1.234483,yes,yes,2.407817,Male,1.814052,Automobile,2.070033,no,no,0.178708,109.411622,Obesity_Type_I
30.79626,Sometimes,Sometimes,1.179942,1.771754,yes,yes,2.21498,Male,1.789421,Automobile,2.282392,no,no,0.537659,109.599453,Obesity_Type_I
18.0,Sometimes,Sometimes,1.997195,1.352663,yes,yes,2.737149,Female,1.686904,Public_Transportation,3.0,no,no,0.468483,90.004046,Obesity_Type_I
18.107092,Sometimes,Sometimes,1.439962,0.9529,yes,yes,1.899793,Female,1.703259,Public_Transportation,3.0,no,no,0.838847,91.499683,Obesity_Type_I
31.335093,Sometimes,Sometimes,1.358172,1.482411,yes,yes,2.274164,Male,1.665798,Automobile,1.049534,no,no,0.0,89.738596,Obesity_Type_I
29.0,Sometimes,Sometimes,1.193039,0.011519,yes,yes,1.897796,Male,1.66671,Automobile,3.0,no,no,0.0,89.048151,Obesity_Type_I
18.011903,Sometimes,no,1.0,1.020525,yes,yes,2.85916,Female,1.65,Public_Transportation,3.0,no,no,0.786066,84.210535,Obesity_Type_I
18.0,Sometimes,no,1.039313,1.0,yes,yes,2.0,Female,1.649439,Public_Transportation,3.0,no,no,0.0,84.897738,Obesity_Type_I
21.077356,Sometimes,no,2.0,0.0,yes,yes,2.0,Male,1.702002,Public_Transportation,1.66338,no,no,1.865851,97.971598,Obesity_Type_I
21.052016,Sometimes,no,2.0,0.0,yes,yes,2.0,Male,1.69382,Public_Transportation,1.672751,no,no,1.946173,99.530971,Obesity_Type_I
18.078256,Sometimes,no,1.655245,1.006884,yes,yes,2.340405,Female,1.622999,Public_Transportation,3.0,no,no,0.548539,82.403076,Obesity_Type_I
18.063582,Sometimes,no,1.003636,1.000227,yes,yes,2.921576,Female,1.633675,Public_Transportation,3.0,no,no,0.905596,82.459577,Obesity_Type_I
20.418832,Sometimes,no,2.793505,2.21939,yes,yes,2.0,Male,1.836669,Public_Transportation,3.0,no,no,0.202902,105.257543,Obesity_Type_I
20.580984,Sometimes,no,2.401315,2.891986,yes,yes,2.0,Male,1.798354,Public_Transportation,3.0,no,no,0.0,103.705418,Obesity_Type_I
26.032416,Sometimes,Sometimes,2.110611,1.890907,yes,yes,3.0,Male,1.824432,Public_Transportation,3.0,no,no,1.58483,105.131956,Obesity_Type_I
25.955361,Sometimes,Sometimes,2.480277,1.796779,yes,yes,3.0,Male,1.830384,Public_Transportation,3.0,no,no,1.596562,105.479313,Obesity_Type_I
26.015448,Sometimes,Sometimes,2.224914,1.781589,yes,yes,3.0,Male,1.829907,Public_Transportation,3.0,no,no,1.59405,105.436173,Obesity_Type_I
25.920738,Sometimes,Sometimes,2.151496,1.166064,yes,yes,2.92711,Male,1.823755,Public_Transportation,3.0,no,no,1.509831,105.800158,Obesity_Type_I
29.633715,Sometimes,Sometimes,1.882847,2.0,yes,yes,2.805533,Male,1.834842,Automobile,3.0,no,no,0.70778,105.19936,Obesity_Type_I
32.895637,Sometimes,Sometimes,2.600238,2.113992,yes,yes,2.902469,Male,1.783901,Automobile,1.734762,no,no,0.584755,103.771371,Obesity_Type_I
38.748307,Sometimes,Frequently,2.642273,2.999918,yes,yes,2.845961,Male,1.782067,Automobile,1.92822,no,no,1.0,103.586342,Obesity_Type_I
39.685846,Sometimes,Frequently,2.923856,2.165429,yes,yes,2.252698,Male,1.781032,Automobile,2.475228,no,no,0.616045,96.303855,Obesity_Type_I
33.226808,Sometimes,Sometimes,1.506518,0.0,yes,yes,2.02091,Female,1.557943,Automobile,2.093831,no,no,0.0,77.647716,Obesity_Type_I
26.220065,Sometimes,Sometimes,1.808127,0.0,yes,yes,2.108163,Female,1.560258,Automobile,1.231915,no,no,0.0,78.435904,Obesity_Type_I
23.090215,Sometimes,no,2.0,0.0,yes,yes,1.518966,Female,1.596586,Public_Transportation,1.0,no,no,1.094046,80.726195,Obesity_Type_I
24.565628,Sometimes,no,1.947935,0.0,yes,yes,2.260543,Female,1.62093,Public_Transportation,1.374791,no,no,0.078607,81.718232,Obesity_Type_I
42.586285,Sometimes,no,1.872673,1.048507,yes,yes,2.522183,Female,1.571417,Automobile,1.326982,no,no,0.0,81.918809,Obesity_Type_I
43.719395,Sometimes,no,2.471033,0.256113,yes,yes,2.186322,Female,1.584322,Automobile,2.900915,no,no,0.0,80.986496,Obesity_Type_I
43.37634,Sometimes,no,1.889341,0.990642,yes,yes,2.76632,Female,1.582523,Automobile,1.317884,no,no,0.0,81.919454,Obesity_Type_I
39.648946,Sometimes,no,1.468297,0.0,yes,yes,2.071622,Female,1.572791,Automobile,2.977909,no,no,0.0,80.086524,Obesity_Type_I
22.693989,Sometimes,Sometimes,1.998108,0.0,yes,yes,1.918251,Female,1.627908,Public_Transportation,1.355752,no,no,1.382906,82.0,Obesity_Type_I
22.676243,Sometimes,Sometimes,2.548651,0.249264,yes,yes,1.967061,Female,1.620938,Public_Transportation,1.0,no,no,1.516731,82.283185,Obesity_Type_I
22.804818,Sometimes,Sometimes,2.977516,0.742113,yes,yes,2.964419,Female,1.613119,Public_Transportation,1.0,no,no,2.0,82.636162,Obesity_Type_I
22.857123,Sometimes,Sometimes,2.022355,0.244749,yes,yes,2.640801,Female,1.62686,Public_Transportation,1.015488,no,no,0.289218,82.410189,Obesity_Type_I
23.096353,Sometimes,no,2.364208,2.492402,yes,yes,2.0,Male,1.728183,Public_Transportation,2.986172,no,no,1.632506,97.959899,Obesity_Type_I
22.815416,Sometimes,no,2.326635,2.236586,yes,yes,2.0,Male,1.732694,Public_Transportation,2.993623,no,no,1.529423,98.44113,Obesity_Type_I
21.02064,Sometimes,no,3.0,1.322558,yes,yes,2.870152,Female,1.65,Public_Transportation,1.001383,no,no,1.0,88.129437,Obesity_Type_I
21.001458,Sometimes,no,3.0,1.751656,yes,yes,2.482575,Female,1.65,Public_Transportation,1.001542,no,no,1.0,88.026943,Obesity_Type_I
22.87795,Sometimes,no,2.506296,0.312254,yes,yes,2.290095,Female,1.66913,Public_Transportation,2.590283,no,no,1.0,86.002736,Obesity_Type_I
22.847618,Sometimes,no,2.428271,0.035091,yes,yes,2.074843,Female,1.669136,Public_Transportation,1.773916,no,no,1.0,85.568385,Obesity_Type_I
23.0,Sometimes,no,2.519841,2.11137,yes,yes,2.14128,Female,1.611058,Public_Transportation,2.989112,no,no,0.013483,84.191125,Obesity_Type_I
23.0,Sometimes,no,2.776724,0.782416,yes,yes,2.334474,Female,1.649736,Public_Transportation,1.496776,no,no,0.167728,84.134712,Obesity_Type_I
39.129291,Sometimes,Sometimes,1.186996,0.0,yes,yes,2.0,Female,1.532643,Automobile,3.0,no,no,0.0,77.550345,Obesity_Type_I
37.441044,Sometimes,Sometimes,1.603549,1.335857,yes,yes,2.0,Female,1.524293,Automobile,2.994046,no,no,0.0,76.202761,Obesity_Type_I
22.969366,Sometimes,no,2.133469,1.030199,yes,yes,2.0,Male,1.701634,Public_Transportation,3.0,no,no,1.082838,95.0,Obesity_Type_I
22.735328,Sometimes,no,2.183149,1.932386,yes,yes,2.0,Male,1.723921,Public_Transportation,3.0,no,no,0.212767,94.743892,Obesity_Type_I
23.32471,Sometimes,no,3.0,3.0,yes,yes,2.0,Male,1.769484,Public_Transportation,3.0,no,no,2.0,96.078462,Obesity_Type_I
23.668137,Sometimes,no,3.0,3.0,yes,yes,2.0,Male,1.777416,Public_Transportation,3.0,no,no,2.0,97.842406,Obesity_Type_I
21.895468,Sometimes,no,3.0,1.201403,yes,yes,2.693859,Female,1.64456,Public_Transportation,1.000283,no,no,1.612432,88.119139,Obesity_Type_I
21.3928,Sometimes,no,3.0,1.269169,yes,yes,2.607747,Female,1.641149,Public_Transportation,1.000414,no,no,1.460564,88.079177,Obesity_Type_I
18.178076,Sometimes,no,1.172593,0.886448,yes,yes,2.66889,Female,1.642892,Public_Transportation,3.0,no,no,1.252677,82.144405,Obesity_Type_I
18.907514,Sometimes,no,1.0,0.215187,yes,yes,3.0,Female,1.65,Public_Transportation,3.0,no,no,1.195929,82.01831,Obesity_Type_I
26.011928,Sometimes,Sometimes,1.911379,1.911096,yes,yes,3.0,Male,1.777251,Public_Transportation,3.0,no,no,1.032392,106.452367,Obesity_Type_I
25.696736,Sometimes,Sometimes,2.869439,0.181753,yes,yes,2.921225,Male,1.814696,Public_Transportation,3.0,no,no,0.133523,107.55963,Obesity_Type_I
40.466313,Sometimes,Sometimes,1.572371,0.0,yes,yes,2.0,Female,1.559005,Automobile,3.0,no,no,0.0,77.601483,Obesity_Type_I
38.445148,Sometimes,Sometimes,1.440629,0.0,yes,yes,2.0,Female,1.556028,Automobile,3.0,no,no,0.0,77.684229,Obesity_Type_I
24.473062,Sometimes,no,1.005367,0.922739,yes,yes,1.492834,Male,1.653751,Automobile,3.0,no,no,0.733221,91.204753,Obesity_Type_I
23.479181,Sometimes,no,1.046254,0.520989,yes,yes,1.220024,Male,1.680171,Automobile,3.0,no,no,0.61599,91.068054,Obesity_Type_I
38.397463,Sometimes,Sometimes,1.399629,1.648883,yes,yes,2.667676,Female,1.552648,Automobile,1.135278,no,no,0.0,80.0,Obesity_Type_I
37.974483,Sometimes,Sometimes,1.567366,0.359134,yes,yes,2.569075,Female,1.560215,Automobile,2.463113,no,no,0.0,80.0,Obesity_Type_I
31.783524,Sometimes,Sometimes,2.210997,1.992719,yes,yes,2.949242,Male,1.672959,Automobile,1.782109,no,no,0.0,90.0,Obesity_Type_I
29.681308,Sometimes,Sometimes,2.218691,1.52184,yes,yes,2.104772,Male,1.680058,Automobile,2.376374,no,no,0.0,89.994351,Obesity_Type_I
21.587743,Sometimes,no,2.0,0.0,yes,yes,2.0,Male,1.664752,Public_Transportation,2.976098,no,no,1.39322,94.256547,Obesity_Type_I
21.746113,Sometimes,no,2.0,0.0,yes,yes,2.0,Male,1.668553,Public_Transportation,2.968098,no,no,1.292476,94.454394,Obesity_Type_I
39.569004,Sometimes,Frequently,2.691322,2.545707,yes,yes,2.871768,Male,1.785286,Automobile,1.792695,no,no,0.903903,100.431625,Obesity_Type_I
36.67933,Sometimes,Frequently,2.929123,2.787319,yes,yes,2.540949,Male,1.780725,Automobile,1.116401,no,no,0.732881,98.790167,Obesity_Type_I
22.927011,Sometimes,no,2.530301,2.89118,yes,yes,2.0,Male,1.751046,Public_Transportation,3.0,no,no,1.287117,95.285898,Obesity_Type_I
23.329344,Sometimes,no,3.0,3.0,yes,yes,2.0,Male,1.751365,Public_Transportation,3.0,no,no,2.0,95.290429,Obesity_Type_I
22.126325,Sometimes,no,2.263551,2.819661,yes,yes,2.0,Male,1.717262,Public_Transportation,2.984523,no,no,2.0,98.579156,Obesity_Type_I
21.679158,Sometimes,no,2.668261,2.462269,yes,yes,2.0,Male,1.741393,Public_Transportation,2.978103,no,no,1.402414,98.182498,Obesity_Type_I
36.673882,Sometimes,Sometimes,2.791604,2.352091,yes,yes,2.222282,Male,1.7921,Automobile,1.578751,no,no,0.317846,101.285765,Obesity_Type_I
37.936044,Sometimes,Sometimes,2.856521,2.005286,yes,yes,2.04516,Male,1.785957,Automobile,1.874532,no,no,0.105408,99.199287,Obesity_Type_I
22.226815,Sometimes,no,2.257922,2.230547,yes,yes,2.094184,Female,1.609068,Public_Transportation,2.735706,no,no,0.195339,83.785312,Obesity_Type_I
22.538932,Sometimes,no,2.042078,1.846666,yes,yes,1.123672,Female,1.603963,Public_Transportation,1.014916,no,no,1.426103,82.012637,Obesity_Type_I
22.307413,Sometimes,no,2.280555,2.052896,yes,yes,2.049112,Female,1.605495,Public_Transportation,2.622055,no,no,0.896185,82.528575,Obesity_Type_I
22.362877,Sometimes,no,2.313245,2.146778,yes,yes,1.880534,Female,1.607182,Public_Transportation,2.806566,no,no,0.196084,82.368441,Obesity_Type_I
22.89974,Sometimes,Sometimes,2.765593,0.128342,yes,yes,1.203754,Female,1.661715,Public_Transportation,1.355354,no,no,1.659476,82.595793,Obesity_Type_I
22.997168,Sometimes,Sometimes,2.677409,0.065264,yes,yes,2.73691,Female,1.655742,Public_Transportation,1.478334,no,no,0.40699,82.46376,Obesity_Type_I
38.895069,Sometimes,Sometimes,1.385175,1.666965,yes,yes,2.736628,Female,1.549257,Automobile,1.130751,no,no,0.0,80.0,Obesity_Type_I
40.789529,Sometimes,Sometimes,1.687611,1.874662,yes,yes,2.0,Female,1.549748,Automobile,1.099151,no,no,0.0,80.0,Obesity_Type_I
40.654155,Sometimes,Sometimes,1.0,0.0,yes,yes,2.0,Female,1.52906,Automobile,3.0,no,no,0.0,79.760922,Obesity_Type_I
38.542937,Sometimes,Sometimes,1.095134,0.0,yes,yes,2.0,Female,1.517248,Automobile,3.0,no,no,0.0,79.843221,Obesity_Type_I
25.95383,Sometimes,Sometimes,3.0,0.413643,yes,yes,2.0,Male,1.65731,Automobile,3.0,no,no,0.920858,90.0,Obesity_Type_I
26.826961,Sometimes,Sometimes,3.0,0.884935,yes,yes,2.0,Male,1.673287,Automobile,3.0,no,no,0.12228,90.0,Obesity_Type_I
23.803904,Sometimes,no,2.0,0.057758,yes,yes,2.0,Female,1.581527,Public_Transportation,1.0,no,no,0.0,78.089575,Obesity_Type_I
23.652435,Sometimes,no,2.0,0.389717,yes,yes,2.0,Female,1.562724,Public_Transportation,1.0,no,no,0.0,80.535698,Obesity_Type_I
20.677105,Sometimes,no,1.618189,0.571648,yes,yes,2.0,Male,1.781251,Public_Transportation,3.0,no,no,0.0,102.950929,Obesity_Type_I
21.797388,Sometimes,no,2.500556,1.20758,yes,yes,2.121909,Male,1.775584,Public_Transportation,3.0,no,no,0.0,103.605896,Obesity_Type_I
22.719385,Sometimes,no,2.714091,2.64102,yes,yes,2.0,Male,1.746645,Public_Transportation,3.0,no,no,1.224737,96.875502,Obesity_Type_I
22.177099,Sometimes,no,2.697661,2.614909,yes,yes,2.0,Male,1.741353,Public_Transportation,3.0,no,no,1.229474,96.738014,Obesity_Type_I
23.099906,Sometimes,no,2.0,0.402614,yes,yes,2.0,Female,1.571812,Public_Transportation,1.0,no,no,0.0,78.997166,Obesity_Type_I
24.17851,Sometimes,no,2.0,0.011477,yes,yes,2.0,Female,1.589027,Public_Transportation,1.0,no,no,0.0,80.553067,Obesity_Type_I
20.924808,Sometimes,Sometimes,2.290368,0.001086,yes,yes,2.0,Male,1.803245,Public_Transportation,3.0,no,no,0.544128,105.686091,Obesity_Type_I
20.975973,Sometimes,Sometimes,1.025275,0.00203,yes,yes,2.0,Male,1.792646,Public_Transportation,3.0,no,no,0.175587,105.619143,Obesity_Type_I
21.856301,Sometimes,Sometimes,2.515765,0.98232,yes,yes,2.0,Male,1.87199,Public_Transportation,2.358455,no,no,1.157466,115.627554,Obesity_Type_I
18.140751,Sometimes,Sometimes,2.039514,1.0,yes,yes,2.0,Male,1.859056,Public_Transportation,1.706551,no,no,2.0,111.235188,Obesity_Type_I
18.0,Sometimes,Sometimes,1.904054,1.645654,yes,yes,2.642744,Female,1.692242,Public_Transportation,3.0,no,no,0.363549,90.019501,Obesity_Type_I
18.0,Sometimes,Sometimes,1.77962,0.743005,yes,yes,2.387426,Female,1.683,Public_Transportation,3.0,no,no,0.920162,90.924208,Obesity_Type_I
20.206358,Sometimes,Sometimes,1.033199,0.584793,yes,yes,1.996638,Female,1.738397,Public_Transportation,3.0,no,no,0.518297,93.890682,Obesity_Type_I
18.152876,Sometimes,Sometimes,1.383894,1.030526,yes,yes,2.107854,Female,1.694969,Public_Transportation,3.0,no,no,0.831412,92.508122,Obesity_Type_I
22.336216,Sometimes,Sometimes,2.524432,0.58216,yes,yes,2.253707,Male,1.785718,Public_Transportation,3.0,no,no,0.175694,105.055686,Obesity_Type_I
23.0,Sometimes,Sometimes,2.01499,0.978815,yes,yes,2.393837,Male,1.7425,Public_Transportation,3.0,no,no,0.41322,105.028665,Obesity_Type_I
22.088059,Sometimes,Sometimes,2.096751,0.544564,yes,yes,2.348745,Male,1.803132,Public_Transportation,3.0,no,no,0.67688,106.329569,Obesity_Type_I
23.0,Sometimes,Sometimes,2.073497,0.614466,yes,yes,2.312825,Male,1.774644,Public_Transportation,3.0,no,no,0.579541,105.966894,Obesity_Type_I
20.993067,Sometimes,Sometimes,1.234943,0.008368,yes,yes,2.0,Male,1.782269,Public_Transportation,3.0,no,no,0.0,104.97003,Obesity_Type_I
20.654752,Sometimes,Sometimes,1.613829,1.251665,yes,yes,2.0,Male,1.780791,Public_Transportation,3.0,no,no,0.0,102.921218,Obesity_Type_I
21.624552,Sometimes,Sometimes,2.654517,0.112454,yes,yes,2.490776,Male,1.790151,Public_Transportation,3.0,no,no,0.756339,106.320686,Obesity_Type_I
21.682636,Sometimes,Sometimes,2.895614,0.06275,yes,yes,2.078082,Male,1.818641,Public_Transportation,3.0,no,no,0.261793,105.496975,Obesity_Type_I
18.0,Sometimes,no,2.416213,1.0,yes,yes,2.0,Male,1.806827,Public_Transportation,1.24884,no,no,1.546738,108.829395,Obesity_Type_I
18.0,Sometimes,no,2.121176,1.0,yes,yes,2.0,Male,1.811189,Public_Transportation,1.250548,no,no,0.741069,108.800964,Obesity_Type_I
18.0,Sometimes,no,2.36293,1.0,yes,yes,2.0,Male,1.811738,Public_Transportation,1.202179,no,no,1.47574,108.897324,Obesity_Type_I
18.0,Sometimes,no,2.434832,1.0,yes,yes,2.0,Male,1.799779,Public_Transportation,1.194815,no,no,1.541455,108.934574,Obesity_Type_I
19.374207,Sometimes,Sometimes,1.001307,0.0,yes,yes,2.805512,Female,1.632605,Public_Transportation,2.880817,no,no,1.376597,82.0,Obesity_Type_I
19.275687,Sometimes,Sometimes,1.403784,0.552511,yes,yes,1.276858,Female,1.623377,Public_Transportation,2.918124,no,no,1.560402,82.851318,Obesity_Type_I
22.956845,Sometimes,no,1.979833,0.022598,yes,yes,2.396265,Female,1.618686,Public_Transportation,1.073421,no,no,0.061282,81.281578,Obesity_Type_I
22.829681,Sometimes,no,2.379275,0.256323,yes,yes,2.663866,Female,1.616085,Public_Transportation,1.416309,no,no,0.598244,82.582954,Obesity_Type_I
22.200779,Sometimes,Sometimes,2.649459,1.0,yes,yes,2.685484,Male,1.769328,Public_Transportation,3.0,no,no,0.0,105.000576,Obesity_Type_I
21.688557,Sometimes,Sometimes,2.885852,0.903369,yes,yes,2.055209,Male,1.807029,Public_Transportation,3.0,no,no,0.14451,105.696358,Obesity_Type_I
20.803186,Sometimes,Sometimes,2.325091,0.891444,yes,yes,2.0,Male,1.882533,Public_Transportation,2.18162,no,no,1.223661,117.468516,Obesity_Type_I
19.515324,Sometimes,Sometimes,2.53369,0.917563,yes,yes,2.0,Male,1.879144,Public_Transportation,2.152733,no,no,1.285838,112.932984,Obesity_Type_I
21.962219,Sometimes,Sometimes,3.0,0.743593,yes,yes,2.0,Male,1.931263,Public_Transportation,3.0,no,no,1.0,118.20313,Obesity_Type_I
20.534089,Sometimes,Sometimes,3.0,0.987591,yes,yes,2.0,Male,1.861358,Public_Transportation,3.0,no,no,1.914531,115.39792,Obesity_Type_I
39.29266,Sometimes,Sometimes,1.941224,1.983265,yes,yes,2.025479,Female,1.567131,Automobile,1.046144,no,no,0.0,80.0,Obesity_Type_I
37.872971,Sometimes,Sometimes,1.935398,1.649299,yes,yes,2.002564,Female,1.565366,Automobile,1.974233,no,no,0.0,80.0,Obesity_Type_I
37.613378,Sometimes,Sometimes,1.61837,0.120165,yes,yes,2.0,Female,1.516007,Automobile,2.880794,no,no,0.0,77.033049,Obesity_Type_I
37.471683,Sometimes,Sometimes,1.551266,1.350001,yes,yes,2.0,Female,1.549812,Automobile,2.765213,no,no,0.0,76.082517,Obesity_Type_I
18.611197,Sometimes,no,2.0,0.0,yes,yes,2.0,Male,1.714143,Public_Transportation,2.967089,no,no,0.467048,96.568814,Obesity_Type_I
17.412629,Sometimes,no,2.0,0.0,yes,yes,2.0,Male,1.723191,Public_Transportation,3.0,no,no,0.931721,97.350366,Obesity_Type_I
39.12631,Sometimes,Sometimes,1.440526,0.0,yes,yes,2.0,Female,1.562889,Automobile,3.0,no,no,0.0,76.65949,Obesity_Type_I
37.063599,Sometimes,Sometimes,1.759803,0.0,yes,yes,2.0,Female,1.502609,Automobile,3.0,no,no,0.0,75.279605,Obesity_Type_I
41.318302,Sometimes,Sometimes,2.090413,0.0,yes,yes,2.0,Female,1.544937,Automobile,3.0,no,no,0.0,77.053948,Obesity_Type_I
43.726081,Sometimes,Sometimes,2.806922,0.0,yes,yes,2.0,Female,1.592316,Automobile,3.0,no,no,0.0,77.00103,Obesity_Type_I
18.0,Sometimes,no,2.616138,1.0,yes,yes,2.0,Male,1.787733,Public_Transportation,2.37985,no,no,0.652485,108.019211,Obesity_Type_I
18.0,Sometimes,no,2.297896,1.0,yes,yes,2.0,Male,1.782722,Public_Transportation,2.655265,no,no,0.552665,108.044313,Obesity_Type_I
18.0,Sometimes,no,2.708168,1.0,yes,yes,2.0,Male,1.797523,Public_Transportation,1.941307,no,no,1.425852,108.316462,Obesity_Type_I
18.0,Sometimes,no,2.530157,1.0,yes,yes,2.0,Male,1.803527,Public_Transportation,1.709546,no,no,0.6454,108.251044,Obesity_Type_I
29.409825,Sometimes,Sometimes,2.140544,1.144876,yes,yes,2.385502,Male,1.801224,Automobile,2.883984,no,no,1.767468,108.15619,Obesity_Type_I
28.421533,Sometimes,Sometimes,2.480555,1.00183,yes,yes,2.465575,Male,1.829239,Automobile,2.935381,no,no,1.670313,107.10819,Obesity_Type_I
18.0,Sometimes,no,1.991251,1.492967,yes,yes,2.818502,Female,1.692913,Public_Transportation,3.0,no,no,0.0,89.93889,Obesity_Type_I
18.0,Sometimes,no,1.18363,1.17177,yes,yes,2.081238,Female,1.668555,Public_Transportation,3.0,no,no,0.0,85.607466,Obesity_Type_I
23.246702,Sometimes,no,1.953152,0.104707,yes,yes,1.368978,Male,1.652971,Automobile,3.0,no,no,0.22183,93.310284,Obesity_Type_I
24.481032,Sometimes,no,1.162153,0.458981,yes,yes,1.712848,Male,1.661277,Automobile,3.0,no,no,0.885532,90.744965,Obesity_Type_I
29.0,Sometimes,Sometimes,1.880967,0.322013,yes,yes,1.3307,Male,1.641784,Automobile,3.0,no,no,0.0,89.424947,Obesity_Type_I
27.968765,Sometimes,Sometimes,2.652327,0.56931,yes,yes,1.961069,Male,1.673767,Automobile,3.0,no,no,0.319008,89.995034,Obesity_Type_I
18.024744,Sometimes,no,1.022705,1.02569,yes,yes,2.976509,Female,1.617192,Public_Transportation,3.0,no,no,0.313016,83.121811,Obesity_Type_I
18.10682,Sometimes,no,1.107164,0.692123,yes,yes,2.319648,Female,1.602129,Public_Transportation,3.0,no,no,0.30402,82.412665,Obesity_Type_I
21.379676,Sometimes,no,2.623344,0.981686,yes,yes,2.0,Male,1.701413,Public_Transportation,2.961192,no,no,1.35537,96.710735,Obesity_Type_I
21.353237,Sometimes,no,2.0,0.0,yes,yes,2.0,Male,1.709731,Public_Transportation,2.973476,no,no,1.331527,95.032177,Obesity_Type_I
20.338815,Sometimes,no,2.0,0.0,yes,yes,2.0,Male,1.698829,Public_Transportation,2.392811,no,no,1.80931,98.572753,Obesity_Type_I
20.720639,Sometimes,no,2.0,0.0,yes,yes,2.0,Male,1.705304,Public_Transportation,1.293342,no,no,1.917679,99.873716,Obesity_Type_I
19.045357,Sometimes,no,1.166655,0.133398,yes,yes,1.261288,Female,1.61291,Public_Transportation,2.930044,no,no,0.95174,82.193405,Obesity_Type_I
18.945961,Sometimes,no,1.048584,0.192559,yes,yes,2.76533,Female,1.605469,Public_Transportation,3.0,no,no,0.720411,82.039,Obesity_Type_I
18.88061,Sometimes,no,3.0,2.2405,yes,yes,2.0,Male,1.80416,Public_Transportation,3.0,no,no,0.0,104.40682,Obesity_Type_I
19.850524,Sometimes,no,2.15157,1.605983,yes,yes,2.0,Male,1.785062,Public_Transportation,3.0,no,no,0.0,104.187314,Obesity_Type_I
30.200946,Sometimes,no,2.152736,0.0,yes,yes,2.317734,Male,1.755926,Automobile,3.0,no,no,1.108145,112.289883,Obesity_Type_II
25.314589,Sometimes,no,2.115967,1.541072,yes,yes,1.588114,Male,1.787802,Automobile,3.0,no,no,0.0,115.127662,Obesity_Type_II
37.186795,Sometimes,no,1.0,1.976582,yes,yes,2.549782,Male,1.704877,Public_Transportation,3.985442,no,no,0.0,107.94747,Obesity_Type_II
32.707653,Sometimes,no,1.0,1.989316,yes,yes,2.795086,Male,1.695347,Public_Transportation,2.129909,no,no,0.0,102.810704,Obesity_Type_II
27.562425,Sometimes,Sometimes,1.813082,1.94984,yes,yes,2.206276,Male,1.908608,Public_Transportation,3.0,no,no,0.0,128.828122,Obesity_Type_II
30.421596,Sometimes,Sometimes,1.984323,0.793262,yes,yes,2.0,Male,1.819296,Public_Transportation,3.0,no,no,0.0,122.137917,Obesity_Type_II
26.945139,Sometimes,Sometimes,2.277937,0.68183,yes,no,2.18354,Male,1.773259,Automobile,3.0,no,no,0.0,118.154345,Obesity_Type_II
34.139453,Sometimes,Sometimes,2.172649,1.097905,yes,no,2.962415,Male,1.774647,Automobile,3.0,no,no,0.0,120.151967,Obesity_Type_II
26.225442,Sometimes,Sometimes,2.174371,0.0,yes,yes,2.442536,Male,1.773664,Public_Transportation,3.0,no,no,1.928972,116.160329,Obesity_Type_II
28.363149,Sometimes,Sometimes,2.0,0.0,yes,yes,1.99124,Male,1.793476,Public_Transportation,3.0,no,no,0.292956,112.725005,Obesity_Type_II
27.991467,Sometimes,Sometimes,3.0,0.691369,yes,yes,3.0,Male,1.82559,Public_Transportation,3.0,no,no,1.415536,120.860386,Obesity_Type_II
25.498751,Sometimes,Sometimes,2.851904,1.320065,yes,yes,2.408561,Male,1.885543,Public_Transportation,3.0,no,no,0.0,121.253083,Obesity_Type_II
30.605225,Sometimes,Sometimes,2.174248,1.079524,yes,yes,2.758394,Male,1.75,Automobile,3.0,no,yes,1.358163,120.0,Obesity_Type_II
31.457413,Sometimes,Sometimes,1.2751,0.901924,yes,yes,2.956297,Male,1.87407,Automobile,3.0,no,yes,1.875023,128.867444,Obesity_Type_II
24.82929,Sometimes,Sometimes,2.0,1.596576,yes,yes,1.369529,Male,1.755967,Public_Transportation,3.0,no,no,0.0026,112.256165,Obesity_Type_II
24.739421,Sometimes,Sometimes,2.0,1.097983,yes,yes,1.392665,Male,1.757069,Public_Transportation,3.0,no,no,0.630866,117.298233,Obesity_Type_II
41.0,Sometimes,Sometimes,1.725226,0.356288,yes,yes,2.0,Male,1.75,Automobile,2.831771,no,no,0.0,116.594351,Obesity_Type_II
27.83173,Sometimes,Sometimes,1.0,0.245354,yes,yes,2.630401,Male,1.704028,Automobile,1.0,no,no,0.315261,101.634313,Obesity_Type_II
23.260061,Sometimes,Sometimes,2.054072,0.835271,yes,yes,3.0,Male,1.849003,Public_Transportation,2.595126,no,no,0.0,121.414744,Obesity_Type_II
22.705772,Sometimes,Sometimes,1.645338,1.025438,yes,yes,3.0,Male,1.841989,Public_Transportation,2.52751,no,no,0.0,122.024954,Obesity_Type_II
24.041043,Sometimes,no,1.0,1.543386,yes,yes,3.0,Male,1.613491,Public_Transportation,2.120936,no,no,0.890213,98.490766,Obesity_Type_II
20.013906,Sometimes,no,1.656082,0.0,yes,yes,2.869778,Male,1.647821,Public_Transportation,1.468948,no,no,1.444033,106.509947,Obesity_Type_II
30.02019,Sometimes,Sometimes,2.023328,0.0,yes,yes,1.868212,Male,1.75834,Automobile,3.0,no,no,0.613992,112.010504,Obesity_Type_II
25.15462,Sometimes,Sometimes,2.0,1.230219,yes,yes,1.108663,Male,1.758398,Automobile,3.0,no,no,0.001716,112.089022,Obesity_Type_II
30.870724,Sometimes,no,1.0,1.99975,yes,yes,2.907744,Male,1.670774,Public_Transportation,3.990925,no,no,0.0,101.626189,Obesity_Type_II
28.712995,Sometimes,no,1.0,1.999886,yes,yes,2.95801,Male,1.665585,Public_Transportation,2.834253,no,no,0.0,98.66176,Obesity_Type_II
30.710511,Sometimes,Sometimes,1.11184,0.906843,yes,yes,2.197261,Male,1.914186,Public_Transportation,3.0,no,no,0.976473,129.852531,Obesity_Type_II
29.827481,Sometimes,Sometimes,2.822871,1.066169,yes,yes,2.048962,Male,1.899588,Public_Transportation,3.0,no,no,0.0,124.269251,Obesity_Type_II
31.86893,Sometimes,Sometimes,2.04843,0.368026,yes,yes,2.139196,Male,1.75,Automobile,3.0,no,no,0.360986,118.102897,Obesity_Type_II
36.542885,Sometimes,Sometimes,2.030084,0.592607,yes,yes,2.72989,Male,1.75,Automobile,3.0,no,no,0.754417,119.434645,Obesity_Type_II
21.556361,Sometimes,Sometimes,2.0,1.399183,yes,yes,2.0,Male,1.773664,Public_Transportation,3.0,no,no,1.0,116.160329,Obesity_Type_II
23.963649,Sometimes,Sometimes,2.0,0.966617,yes,yes,1.994679,Male,1.792998,Public_Transportation,3.0,no,no,0.739006,116.102615,Obesity_Type_II
24.145295,Sometimes,Sometimes,2.490613,2.0,yes,yes,2.403421,Male,1.82559,Public_Transportation,3.0,no,no,0.707768,120.860386,Obesity_Type_II
25.2984,Sometimes,Sometimes,3.0,1.110215,yes,yes,3.0,Male,1.827279,Public_Transportation,3.0,no,no,0.396352,120.996074,Obesity_Type_II
31.755387,Sometimes,Sometimes,2.161303,0.428173,yes,yes,2.758394,Male,1.775416,Automobile,3.0,no,no,0.716327,121.204668,Obesity_Type_II
30.62865,Sometimes,Sometimes,2.377257,0.614959,yes,yes,2.964319,Male,1.766975,Automobile,3.0,no,no,1.875023,118.363376,Obesity_Type_II
23.454558,Sometimes,Sometimes,2.0,1.818052,yes,yes,1.617093,Male,1.754218,Public_Transportation,3.0,no,no,0.631825,117.384745,Obesity_Type_II
23.432227,Sometimes,Sometimes,2.0,1.593183,yes,yes,1.631144,Male,1.754996,Public_Transportation,3.0,no,no,0.86374,119.087557,Obesity_Type_II
40.50021,Sometimes,no,1.0,1.628637,yes,yes,2.317459,Male,1.748103,Automobile,3.734323,no,no,0.0,108.308112,Obesity_Type_II
34.576714,Sometimes,no,1.0,1.746583,yes,yes,2.501224,Male,1.73325,Automobile,2.049565,no,no,0.0,103.669116,Obesity_Type_II
22.276969,Sometimes,Sometimes,1.555534,0.348839,yes,yes,3.0,Male,1.84995,Public_Transportation,2.272214,no,no,0.0,121.786485,Obesity_Type_II
21.963787,Sometimes,Sometimes,1.340117,0.428259,yes,yes,3.0,Male,1.849601,Public_Transportation,2.218285,no,no,0.0,122.333425,Obesity_Type_II
24.001685,Sometimes,no,1.0,1.19102,yes,yes,3.0,Male,1.606066,Public_Transportation,1.418833,no,no,1.384186,99.961731,Obesity_Type_II
20.027764,Sometimes,no,1.430444,0.0,yes,yes,2.983042,Male,1.611434,Public_Transportation,1.109956,no,no,1.690901,103.175516,Obesity_Type_II
28.704462,Sometimes,Sometimes,2.165048,0.0,yes,yes,2.323351,Male,1.762887,Automobile,3.0,no,no,1.493716,113.90198,Obesity_Type_II
26.774115,Sometimes,Sometimes,2.117733,0.485322,yes,yes,1.428289,Male,1.755938,Automobile,3.0,no,no,0.696948,112.287678,Obesity_Type_II
25.539411,Sometimes,Sometimes,2.141271,1.121038,yes,yes,1.992889,Male,1.787052,Public_Transportation,3.0,no,no,0.0,115.428276,Obesity_Type_II
25.300208,Sometimes,Sometimes,2.075493,1.553734,yes,yes,1.562804,Male,1.765258,Public_Transportation,3.0,no,no,0.000436,114.330023,Obesity_Type_II
31.194458,Sometimes,no,1.972016,0.668963,yes,yes,1.794825,Male,1.726279,Automobile,3.914454,no,no,0.0,110.714711,Obesity_Type_II
40.794057,Sometimes,no,1.02161,0.908981,yes,yes,2.305349,Male,1.735851,Automobile,3.169089,no,no,0.0,109.889334,Obesity_Type_II
33.55336,Sometimes,no,1.0,1.982379,yes,yes,2.576449,Male,1.699793,Public_Transportation,2.419656,no,no,0.0,103.841672,Obesity_Type_II
30.304203,Sometimes,no,1.541733,0.358709,yes,yes,2.754645,Male,1.703202,Public_Transportation,2.175432,no,no,1.0739,103.0344,Obesity_Type_II
30.958051,Sometimes,Sometimes,1.619305,1.847802,yes,yes,2.633855,Male,1.906821,Public_Transportation,3.0,no,no,0.424612,128.856677,Obesity_Type_II
29.429687,Sometimes,Sometimes,1.295697,1.058378,yes,yes,2.200588,Male,1.910987,Public_Transportation,3.0,no,no,0.0,129.935666,Obesity_Type_II
30.520854,Sometimes,Sometimes,2.040952,0.838739,yes,yes,2.499108,Male,1.784049,Automobile,3.0,no,no,0.489854,120.644178,Obesity_Type_II
30.610436,Sometimes,Sometimes,2.358088,0.093418,yes,yes,2.05687,Male,1.783914,Automobile,3.0,no,no,1.759954,120.549592,Obesity_Type_II
26.740655,Sometimes,Sometimes,2.816015,0.712726,yes,yes,2.247795,Male,1.863883,Public_Transportation,3.0,no,no,0.0,120.202596,Obesity_Type_II
26.680376,Sometimes,Sometimes,2.684264,0.979306,yes,yes,2.239634,Male,1.812259,Public_Transportation,3.0,no,no,0.0,118.277657,Obesity_Type_II
37.056193,Sometimes,Sometimes,2.077704,0.598655,yes,yes,2.09283,Male,1.75015,Automobile,3.0,no,no,0.0,118.206565,Obesity_Type_II
28.825279,Sometimes,Sometimes,2.530035,1.045107,yes,yes,2.9673,Male,1.815347,Automobile,3.0,no,no,0.947866,120.399758,Obesity_Type_II
25.883749,Sometimes,Sometimes,2.154326,1.266866,yes,yes,2.225731,Male,1.767077,Public_Transportation,3.0,no,no,0.390178,114.133149,Obesity_Type_II
25.486521,Sometimes,Sometimes,2.165804,1.420675,yes,yes,2.178308,Male,1.762461,Public_Transportation,3.0,no,no,1.875683,115.531622,Obesity_Type_II
29.883021,Sometimes,Sometimes,2.078297,0.0,yes,yes,2.065752,Male,1.779049,Automobile,3.0,no,no,0.677354,112.438508,Obesity_Type_II
26.957645,Sometimes,Sometimes,2.092509,0.0,yes,yes,2.263245,Male,1.780731,Automobile,3.0,no,no,1.836853,112.957922,Obesity_Type_II
26.490926,Sometimes,Sometimes,2.939492,1.208142,yes,yes,2.443538,Male,1.872517,Public_Transportation,3.0,no,no,0.738935,120.898397,Obesity_Type_II
27.558801,Sometimes,Sometimes,2.478838,0.684487,yes,yes,2.744994,Male,1.801224,Public_Transportation,3.0,no,no,0.677909,119.050381,Obesity_Type_II
22.908879,Sometimes,Sometimes,1.970508,1.304291,yes,yes,2.630137,Male,1.876898,Public_Transportation,2.806298,no,no,0.0,121.277832,Obesity_Type_II
24.201622,Sometimes,Sometimes,2.316069,1.804157,yes,yes,2.113843,Male,1.77558,Public_Transportation,3.0,no,no,0.357314,120.589419,Obesity_Type_II
31.689773,Sometimes,Sometimes,2.173279,1.096556,yes,yes,2.821727,Male,1.76569,Automobile,3.0,no,no,0.232858,120.082941,Obesity_Type_II
30.242597,Sometimes,Sometimes,2.208068,1.07672,yes,yes,2.312528,Male,1.759772,Automobile,3.0,no,no,1.035711,118.382361,Obesity_Type_II
31.346845,Sometimes,Sometimes,1.478994,0.946763,yes,yes,2.938801,Male,1.823545,Public_Transportation,3.0,no,yes,1.360463,126.460936,Obesity_Type_II
30.577343,Sometimes,Sometimes,1.515183,0.849811,yes,yes,2.050619,Male,1.868923,Public_Transportation,3.0,no,yes,0.261901,125.064264,Obesity_Type_II
25.124595,Sometimes,Sometimes,2.020249,1.556709,yes,yes,1.457758,Male,1.77151,Public_Transportation,3.0,no,no,0.00133,113.207124,Obesity_Type_II
25.509034,Sometimes,Sometimes,2.089983,1.360994,yes,yes,2.19331,Male,1.77219,Public_Transportation,3.0,no,no,0.857438,114.097656,Obesity_Type_II
25.478662,Sometimes,Sometimes,2.530428,1.31257,yes,yes,2.028571,Male,1.858265,Public_Transportation,3.0,no,no,0.066805,117.57457,Obesity_Type_II
25.100513,Sometimes,Sometimes,2.363307,1.144683,yes,yes,1.455602,Male,1.830596,Public_Transportation,3.0,no,no,0.101026,118.424156,Obesity_Type_II
38.523646,Sometimes,Sometimes,1.745095,0.656548,yes,yes,2.177896,Male,1.765836,Automobile,2.987652,no,no,0.0,118.533246,Obesity_Type_II
38.71216,Sometimes,Sometimes,1.879381,0.919388,yes,yes,2.252382,Male,1.770278,Automobile,2.842848,no,no,0.0,117.29188,Obesity_Type_II
25.717522,Sometimes,no,1.279443,0.11243,yes,yes,2.668949,Male,1.673491,Public_Transportation,1.134321,no,no,1.135503,103.706181,Obesity_Type_II
32.259623,Sometimes,no,1.0,1.622055,yes,yes,2.723953,Male,1.703346,Public_Transportation,1.924168,no,no,0.069367,102.686239,Obesity_Type_II
23.47007,Sometimes,Sometimes,2.738485,0.992253,yes,yes,3.0,Male,1.842906,Public_Transportation,2.701689,no,no,0.0,121.142535,Obesity_Type_II
24.408805,Sometimes,Sometimes,2.045561,0.854957,yes,yes,2.736298,Male,1.779547,Public_Transportation,2.992903,no,no,0.428452,118.740035,Obesity_Type_II
24.443011,Sometimes,Sometimes,2.375707,1.299469,yes,yes,2.722161,Male,1.873368,Public_Transportation,2.658837,no,no,0.0,121.82962,Obesity_Type_II
22.906342,Sometimes,Sometimes,1.962646,1.583832,yes,yes,2.971574,Male,1.755902,Public_Transportation,2.80742,no,no,0.504816,120.021161,Obesity_Type_II
24.007488,Sometimes,no,1.016585,0.236168,yes,yes,2.871016,Male,1.617655,Public_Transportation,1.834472,no,no,0.974939,100.941357,Obesity_Type_II
30.686701,Sometimes,no,1.0,1.699181,yes,yes,2.96405,Male,1.644517,Public_Transportation,2.123138,no,no,0.620465,100.004418,Obesity_Type_II
20.184451,Sometimes,no,1.368457,0.218356,yes,yes,2.653721,Male,1.701284,Public_Transportation,1.265463,no,no,0.768071,104.578255,Obesity_Type_II
25.447208,Sometimes,no,1.530508,0.174475,yes,yes,2.859097,Male,1.65891,Public_Transportation,1.340361,no,no,1.261705,104.548794,Obesity_Type_II
30.002029,Sometimes,Sometimes,2.003563,0.0,yes,yes,1.572036,Male,1.759324,Automobile,3.0,no,no,0.340196,112.000381,Obesity_Type_II
30.188303,Sometimes,Sometimes,2.017712,0.0,yes,yes,1.387489,Male,1.758382,Automobile,3.0,no,no,0.731257,112.10074,Obesity_Type_II
24.244029,Sometimes,no,1.014135,1.958694,yes,yes,2.941929,Male,1.622297,Public_Transportation,3.989492,no,no,0.687342,99.982541,Obesity_Type_II
24.521879,Sometimes,no,1.003063,1.981154,yes,yes,2.973569,Male,1.623278,Public_Transportation,2.650088,no,no,0.157007,97.582959,Obesity_Type_II
29.721964,Sometimes,Sometimes,1.120213,1.05545,yes,yes,2.041376,Male,1.918859,Public_Transportation,3.0,no,no,0.0,129.991623,Obesity_Type_II
29.906575,Sometimes,Sometimes,1.800335,1.196368,yes,yes,2.02472,Male,1.913252,Public_Transportation,3.0,no,no,0.0,129.232216,Obesity_Type_II
37.084742,Sometimes,Sometimes,2.008361,0.202029,yes,yes,2.133964,Male,1.75,Automobile,3.0,no,no,0.200516,118.07381,Obesity_Type_II
39.08886,Sometimes,Sometimes,2.005194,0.325313,yes,yes,2.702457,Male,1.75,Automobile,3.0,no,no,0.419055,119.029103,Obesity_Type_II
22.658572,Sometimes,Sometimes,2.003531,1.089061,yes,yes,1.760038,Male,1.784994,Public_Transportation,3.0,no,no,0.072264,113.714521,Obesity_Type_II
22.889099,Sometimes,Sometimes,2.0,1.600536,yes,yes,1.996646,Male,1.792533,Public_Transportation,3.0,no,no,0.739684,116.157766,Obesity_Type_II
24.63474,Sometimes,Sometimes,2.740525,2.0,yes,yes,2.644094,Male,1.829757,Public_Transportation,3.0,no,no,0.500936,120.980508,Obesity_Type_II
24.920362,Sometimes,Sometimes,2.949356,1.866839,yes,yes,2.475892,Male,1.796415,Public_Transportation,3.0,no,no,0.100048,120.988454,Obesity_Type_II
31.783845,Sometimes,Sometimes,2.318134,0.582686,yes,yes,2.941627,Male,1.75,Automobile,3.0,no,no,1.588046,120.0,Obesity_Type_II
31.627962,Sometimes,Sometimes,2.462916,0.554646,yes,yes,2.998441,Male,1.762389,Automobile,3.0,no,no,1.99219,118.548733,Obesity_Type_II
22.976188,Sometimes,Sometimes,1.983973,1.859667,yes,yes,2.397284,Male,1.825718,Public_Transportation,2.89292,no,no,0.0026,121.236915,Obesity_Type_II
22.977357,Sometimes,Sometimes,1.999278,1.686229,yes,yes,2.382705,Male,1.839699,Public_Transportation,2.938902,no,no,0.630866,120.431551,Obesity_Type_II
40.973007,Sometimes,no,1.015672,0.94141,yes,yes,2.176317,Male,1.749405,Automobile,2.986637,no,no,0.0,109.908779,Obesity_Type_II
41.0,Sometimes,no,1.142644,0.514225,yes,yes,2.0,Male,1.75,Automobile,2.701521,no,no,0.0,115.806977,Obesity_Type_II
21.721507,Sometimes,Sometimes,1.292786,0.145687,yes,yes,3.0,Male,1.849998,Public_Transportation,2.014671,no,no,0.0,122.119682,Obesity_Type_II
21.544554,Sometimes,Sometimes,1.179254,0.178856,yes,yes,3.0,Male,1.84998,Public_Transportation,1.971659,no,no,0.0,122.609911,Obesity_Type_II
24.000307,Sometimes,no,1.000463,0.182249,yes,yes,2.877743,Male,1.607939,Public_Transportation,1.311797,no,no,1.4312,100.618239,Obesity_Type_II
24.0409,Sometimes,no,1.0,0.883171,yes,yes,3.0,Male,1.603226,Public_Transportation,1.262831,no,no,1.382995,99.605527,Obesity_Type_II
29.509151,Sometimes,Sometimes,2.065817,0.0,yes,yes,2.303041,Male,1.770663,Automobile,3.0,no,no,0.725222,112.471118,Obesity_Type_II
29.246269,Sometimes,Sometimes,2.155558,0.0,yes,yes,2.323003,Male,1.758038,Automobile,3.0,no,no,1.251554,112.395309,Obesity_Type_II
25.341399,Sometimes,Sometimes,2.111908,1.453042,yes,yes,1.99953,Male,1.786997,Public_Transportation,3.0,no,no,0.849503,115.025361,Obesity_Type_II
25.314163,Sometimes,Sometimes,2.101841,1.543961,yes,yes,1.585183,Male,1.771837,Public_Transportation,3.0,no,no,7.3e-05,114.906095,Obesity_Type_II
40.366238,Sometimes,no,1.0,1.330519,yes,yes,2.281963,Male,1.722396,Automobile,3.770379,no,no,0.0,109.349025,Obesity_Type_II
33.749594,Sometimes,no,1.0,1.980401,yes,yes,2.561638,Male,1.701387,Automobile,2.87747,no,no,0.0,107.025415,Obesity_Type_II
32.867331,Sometimes,no,1.0,1.985536,yes,yes,2.600217,Male,1.697421,Public_Transportation,2.175153,no,no,0.0,103.017623,Obesity_Type_II
30.403205,Sometimes,no,1.254589,0.652736,yes,yes,2.79166,Male,1.696365,Public_Transportation,2.13229,no,no,1.040713,102.815983,Obesity_Type_II
29.687488,Sometimes,Sometimes,1.520215,1.857351,yes,yes,2.08868,Male,1.909198,Public_Transportation,3.0,no,no,0.0,129.679131,Obesity_Type_II
28.992809,Sometimes,Sometimes,1.483856,1.113169,yes,yes,2.206119,Male,1.909105,Public_Transportation,3.0,no,no,0.0,129.874864,Obesity_Type_II
30.475248,Sometimes,Sometimes,2.001208,0.800487,yes,yes,2.328469,Male,1.801368,Automobile,3.0,no,no,0.176678,121.094257,Obesity_Type_II
30.350516,Sometimes,Sometimes,2.292906,1.034031,yes,yes,2.002784,Male,1.860292,Automobile,3.0,no,no,0.0,123.721352,Obesity_Type_II
26.684354,Sometimes,Sometimes,2.357969,0.704236,yes,yes,1.975675,Male,1.819535,Public_Transportation,3.0,no,no,0.010721,118.332689,Obesity_Type_II
26.607478,Sometimes,Sometimes,2.338373,0.897562,yes,yes,2.002076,Male,1.793174,Public_Transportation,3.0,no,no,0.081156,118.165082,Obesity_Type_II
33.174147,Sometimes,Sometimes,2.104337,0.766007,yes,yes,2.218599,Male,1.75015,Automobile,3.0,no,no,0.262118,118.299585,Obesity_Type_II
32.29016,Sometimes,Sometimes,2.530035,0.955317,yes,yes,2.9673,Male,1.754956,Automobile,3.0,no,no,1.339232,120.098812,Obesity_Type_II
26.050109,Sometimes,Sometimes,2.16467,1.079934,yes,yes,2.392179,Male,1.773115,Public_Transportation,3.0,no,no,1.073026,115.089316,Obesity_Type_II
25.846279,Sometimes,Sometimes,2.170225,1.211048,yes,yes,2.381164,Male,1.772731,Public_Transportation,3.0,no,no,1.89933,115.828167,Obesity_Type_II
29.620095,Sometimes,Sometimes,2.040137,0.0,yes,yes,2.008245,Male,1.787933,Automobile,3.0,no,no,0.474216,112.536367,Obesity_Type_II
27.439056,Sometimes,Sometimes,2.049079,0.0,yes,yes,2.155182,Male,1.785277,Automobile,3.0,no,no,1.74992,112.740797,Obesity_Type_II
28.493397,Sometimes,Sometimes,2.807984,0.982134,yes,yes,2.969233,Male,1.817572,Public_Transportation,3.0,no,no,1.191998,120.8158,Obesity_Type_II
27.474245,Sometimes,Sometimes,2.867206,0.706777,yes,yes,2.765063,Male,1.84342,Public_Transportation,3.0,no,no,0.677909,120.420406,Obesity_Type_II
25.036269,Sometimes,Sometimes,2.960088,1.356468,yes,yes,2.630137,Male,1.874519,Public_Transportation,3.0,no,no,0.0,121.244969,Obesity_Type_II
24.825398,Sometimes,Sometimes,2.514872,1.664722,yes,yes,2.195964,Male,1.796332,Public_Transportation,3.0,no,no,0.127673,120.901591,Obesity_Type_II
30.493946,Sometimes,Sometimes,2.194746,1.076926,yes,yes,2.619987,Male,1.756221,Automobile,3.0,no,no,1.090995,119.117122,Obesity_Type_II
30.607546,Sometimes,Sometimes,2.240463,1.076248,yes,yes,2.918113,Male,1.757132,Automobile,3.0,no,no,1.480875,118.565568,Obesity_Type_II
31.194323,Sometimes,Sometimes,1.279771,0.941424,yes,yes,2.889485,Male,1.889104,Public_Transportation,3.0,no,yes,0.008343,129.157346,Obesity_Type_II
31.36347,Sometimes,Sometimes,1.344122,0.923428,yes,yes,2.939727,Male,1.869323,Public_Transportation,3.0,no,yes,1.432336,127.507411,Obesity_Type_II
25.027254,Sometimes,Sometimes,2.0,1.333435,yes,yes,1.264234,Male,1.757154,Public_Transportation,3.0,no,no,0.002168,112.200812,Obesity_Type_II
25.058566,Sometimes,Sometimes,2.038958,1.590255,yes,yes,1.517912,Male,1.764484,Public_Transportation,3.0,no,no,0.00164,113.234349,Obesity_Type_II
24.417552,Sometimes,Sometimes,2.028368,0.863158,yes,yes,2.23372,Male,1.774775,Public_Transportation,2.993634,no,no,0.449886,117.398976,Obesity_Type_II
24.5822,Sometimes,Sometimes,2.01943,1.046878,yes,yes,1.475906,Male,1.769933,Public_Transportation,2.999346,no,no,0.460866,117.708705,Obesity_Type_II
40.106145,Sometimes,Sometimes,1.726109,0.477855,yes,yes,2.032883,Male,1.760175,Automobile,2.976211,no,no,0.0,117.651046,Obesity_Type_II
40.174191,Sometimes,Sometimes,1.732072,0.584272,yes,yes,2.046651,Male,1.763029,Automobile,2.842035,no,no,0.0,116.974504,Obesity_Type_II
27.186873,Sometimes,no,1.225958,0.206954,yes,yes,2.667229,Male,1.679515,Public_Transportation,1.09749,no,no,1.003011,102.872802,Obesity_Type_II
30.424369,Sometimes,no,1.0,1.39302,yes,yes,2.819934,Male,1.699354,Public_Transportation,1.91863,no,no,0.553311,100.176866,Obesity_Type_II
23.141402,Sometimes,Sometimes,1.693362,0.769709,yes,yes,3.0,Male,1.849307,Public_Transportation,2.510135,no,no,0.0,121.658729,Obesity_Type_II
24.178638,Sometimes,Sometimes,2.104696,0.870056,yes,yes,2.954417,Male,1.86741,Public_Transportation,2.65772,no,no,0.0,121.684311,Obesity_Type_II
22.832105,Sometimes,Sometimes,1.842173,1.284798,yes,yes,2.826251,Male,1.86714,Public_Transportation,2.604998,no,no,0.0,121.835883,Obesity_Type_II
23.083621,Sometimes,Sometimes,2.011023,0.916478,yes,yes,3.0,Male,1.848553,Public_Transportation,2.567567,no,no,0.0,121.421121,Obesity_Type_II
24.079971,Sometimes,no,1.0,1.930033,yes,yes,2.95841,Male,1.61981,Public_Transportation,2.434347,no,no,0.754023,98.54302,Obesity_Type_II
26.947786,Sometimes,no,1.0,1.089891,yes,yes,2.935157,Male,1.647807,Public_Transportation,1.845858,no,no,0.715993,99.592225,Obesity_Type_II
20.101026,Sometimes,no,1.375728,0.210181,yes,yes,2.870895,Male,1.619128,Public_Transportation,1.627555,no,no,1.163117,104.303711,Obesity_Type_II
22.789402,Sometimes,no,1.533682,0.167943,yes,yes,2.869833,Male,1.64187,Public_Transportation,1.569176,no,no,1.368262,104.270062,Obesity_Type_II
28.404332,Sometimes,Sometimes,2.022933,0.0,yes,yes,1.878251,Male,1.787379,Automobile,3.0,no,no,0.325445,112.173731,Obesity_Type_II
30.003358,Sometimes,Sometimes,2.002871,0.0,yes,yes,1.750809,Male,1.758355,Automobile,3.0,no,no,0.114457,112.007101,Obesity_Type_II
25.136116,Sometimes,Sometimes,2.013205,1.246223,yes,yes,1.168856,Male,1.76414,Public_Transportation,3.0,no,no,0.00159,113.089716,Obesity_Type_II
25.139466,Sometimes,Sometimes,2.002194,1.386151,yes,yes,1.443674,Male,1.767186,Public_Transportation,3.0,no,no,0.001337,112.226032,Obesity_Type_II
31.743821,Sometimes,no,1.0,1.996487,yes,yes,2.826036,Male,1.67782,Public_Transportation,2.371658,no,no,0.0,102.022057,Obesity_Type_II
30.796262,Sometimes,no,1.0,1.738267,yes,yes,2.9553,Male,1.668478,Public_Transportation,2.378211,no,no,0.394533,100.543983,Obesity_Type_II
28.393111,Sometimes,no,1.0,1.621733,yes,yes,2.774562,Male,1.685462,Public_Transportation,2.301129,no,no,0.138314,99.540122,Obesity_Type_II
27.93982,Sometimes,no,1.0,0.858554,yes,yes,2.772027,Male,1.694642,Public_Transportation,2.454432,no,no,0.051268,99.709329,Obesity_Type_II
31.034092,Sometimes,Sometimes,1.125338,0.94522,yes,yes,2.499626,Male,1.886109,Public_Transportation,3.0,no,yes,1.022505,129.349471,Obesity_Type_II
30.684347,Sometimes,Sometimes,1.014876,0.987521,yes,yes,2.108638,Male,1.915,Public_Transportation,3.0,no,yes,0.047473,129.966428,Obesity_Type_II
30.108216,Sometimes,Sometimes,2.66029,0.994422,yes,yes,2.467548,Male,1.841908,Public_Transportation,3.0,no,no,0.310394,124.070717,Obesity_Type_II
31.347497,Sometimes,Sometimes,2.302506,0.597863,yes,yes,2.585942,Male,1.868127,Public_Transportation,3.0,no,no,0.111925,123.172214,Obesity_Type_II
31.761799,Sometimes,Sometimes,2.133876,0.393452,yes,yes,2.14961,Male,1.751688,Automobile,3.0,no,no,0.345887,119.205308,Obesity_Type_II
30.976932,Sometimes,Sometimes,2.06039,0.371508,yes,yes,2.938616,Male,1.755333,Automobile,3.0,no,no,1.333559,118.237782,Obesity_Type_II
37.588628,Sometimes,Sometimes,1.8924,0.693732,yes,yes,2.535154,Male,1.754217,Automobile,2.915921,no,no,0.06741,117.8972,Obesity_Type_II
37.997912,Sometimes,Sometimes,1.796376,0.641954,yes,yes,2.611222,Male,1.76071,Automobile,2.992083,no,no,0.20281,118.668332,Obesity_Type_II
21.6548,Sometimes,Sometimes,2.0,1.689525,yes,yes,1.800122,Male,1.755938,Public_Transportation,3.0,no,no,0.764452,116.311962,Obesity_Type_II
22.829753,Sometimes,Sometimes,2.0,1.112504,yes,yes,1.482722,Male,1.765137,Public_Transportation,3.0,no,no,0.690353,116.669906,Obesity_Type_II
25.015173,Sometimes,Sometimes,2.041536,1.392406,yes,yes,1.735664,Male,1.788239,Public_Transportation,3.0,no,no,0.39174,115.382519,Obesity_Type_II
23.812795,Sometimes,Sometimes,2.0,0.976425,yes,yes,1.655684,Male,1.767121,Public_Transportation,3.0,no,no,0.690082,116.164351,Obesity_Type_II
23.975685,Sometimes,Sometimes,2.006167,1.52001,yes,yes,2.598207,Male,1.840039,Public_Transportation,2.849347,no,no,0.295685,120.975489,Obesity_Type_II
24.149036,Sometimes,Sometimes,2.357978,1.943743,yes,yes,2.225149,Male,1.824901,Public_Transportation,3.0,no,no,0.682128,120.805715,Obesity_Type_II
25.062942,Sometimes,Sometimes,3.0,1.685369,yes,yes,3.0,Male,1.828391,Public_Transportation,3.0,no,no,0.264969,120.998266,Obesity_Type_II
25.140074,Sometimes,Sometimes,3.0,1.467863,yes,yes,3.0,Male,1.829529,Public_Transportation,3.0,no,no,0.343635,120.996581,Obesity_Type_II
30.722801,Sometimes,Sometimes,2.229145,0.350717,yes,yes,2.519592,Male,1.779325,Automobile,3.0,no,no,1.140348,120.751656,Obesity_Type_II
30.916426,Sometimes,Sometimes,2.357373,0.425621,yes,yes,2.111887,Male,1.781139,Automobile,3.0,no,no,1.416353,120.794535,Obesity_Type_II
31.010302,Sometimes,Sometimes,2.828861,0.454944,yes,yes,2.970983,Male,1.764166,Automobile,3.0,no,no,1.915818,119.373019,Obesity_Type_II
30.605464,Sometimes,Sometimes,2.284494,0.647632,yes,yes,2.907542,Male,1.754796,Automobile,3.0,no,no,1.668318,118.805937,Obesity_Type_II
24.622054,Sometimes,Sometimes,2.0,1.384607,yes,yes,1.451337,Male,1.756509,Public_Transportation,3.0,no,no,0.631217,117.368716,Obesity_Type_II
23.745833,Sometimes,Sometimes,2.0,1.631912,yes,yes,1.537505,Male,1.756772,Public_Transportation,3.0,no,no,0.631422,117.326523,Obesity_Type_II
23.327836,Sometimes,Sometimes,2.0,1.917383,yes,yes,1.893428,Male,1.754439,Public_Transportation,3.0,no,no,0.93648,119.441207,Obesity_Type_II
23.411141,Sometimes,Sometimes,1.968796,1.587406,yes,yes,2.007845,Male,1.755142,Public_Transportation,2.954446,no,no,0.838947,119.192922,Obesity_Type_II
39.825592,Sometimes,no,1.0,1.860765,yes,yes,2.487781,Male,1.706741,Automobile,3.755976,no,no,0.0,108.012603,Obesity_Type_II
36.839761,Sometimes,no,1.0,1.668961,yes,yes,2.541785,Male,1.74285,Automobile,2.902639,no,no,0.0,106.421042,Obesity_Type_II
33.789301,Sometimes,no,1.0,1.979355,yes,yes,2.813775,Male,1.6811,Public_Transportation,2.372705,no,no,0.0,102.523111,Obesity_Type_II
34.161998,Sometimes,no,1.458545,1.167856,yes,yes,2.562687,Male,1.705682,Public_Transportation,2.100918,no,no,0.412329,103.067766,Obesity_Type_II
22.580038,Sometimes,Sometimes,1.560064,0.79677,yes,yes,3.0,Male,1.849507,Public_Transportation,2.272801,no,no,0.0,121.560938,Obesity_Type_II
22.851721,Sometimes,Sometimes,1.809531,0.478595,yes,yes,2.922511,Male,1.853373,Public_Transportation,2.692889,no,no,0.0,121.737836,Obesity_Type_II
23.254934,Sometimes,Sometimes,1.591597,0.932783,yes,yes,3.0,Male,1.84753,Public_Transportation,2.280545,no,no,0.0,122.06261,Obesity_Type_II
22.343204,Sometimes,Sometimes,1.711666,0.93732,yes,yes,2.836055,Male,1.87034,Public_Transportation,2.675411,no,no,0.0,121.458232,Obesity_Type_II
24.006271,Sometimes,no,1.01378,1.00109,yes,yes,2.880759,Male,1.607787,Public_Transportation,1.487674,no,no,1.09838,100.783434,Obesity_Type_II
24.001196,Sometimes,no,1.0,0.233056,yes,yes,3.0,Male,1.603091,Public_Transportation,1.02075,no,no,1.707421,100.209405,Obesity_Type_II
20.156664,Sometimes,no,1.413218,0.165269,yes,yes,2.766441,Male,1.620109,Public_Transportation,1.240424,no,no,0.862587,103.393354,Obesity_Type_II
23.360307,Sometimes,no,1.238057,1.1293,yes,yes,2.997524,Male,1.610647,Public_Transportation,1.154318,no,no,1.665621,100.642257,Obesity_Type_II
28.986237,Sometimes,Sometimes,2.164784,0.0,yes,yes,2.320201,Male,1.758618,Automobile,3.0,no,no,1.465479,113.501549,Obesity_Type_II
29.713169,Sometimes,Sometimes,2.08554,0.0,yes,yes,2.181057,Male,1.763259,Automobile,3.0,no,no,1.439004,113.215814,Obesity_Type_II
27.394123,Sometimes,Sometimes,2.006595,0.1768,yes,yes,1.924632,Male,1.764138,Automobile,3.0,no,no,0.511694,112.323213,Obesity_Type_II
24.912254,Sometimes,Sometimes,2.01897,0.665439,yes,yes,1.397468,Male,1.75596,Automobile,3.0,no,no,0.062167,112.277567,Obesity_Type_II
25.526746,Sometimes,Sometimes,2.102709,1.32534,yes,yes,2.191429,Male,1.783381,Public_Transportation,3.0,no,no,0.380979,115.347176,Obesity_Type_II
25.523127,Sometimes,Sometimes,2.099687,1.281165,yes,yes,2.100177,Male,1.786532,Public_Transportation,3.0,no,no,0.247332,114.534678,Obesity_Type_II
25.822348,Sometimes,Sometimes,2.144838,1.501754,yes,yes,2.075321,Male,1.766626,Public_Transportation,3.0,no,no,0.276319,114.187096,Obesity_Type_II
25.879411,Sometimes,Sometimes,2.109697,1.352973,yes,yes,1.626369,Male,1.765464,Public_Transportation,3.0,no,no,0.076693,114.144378,Obesity_Type_II
30.361365,Sometimes,Sometimes,1.981782,0.482625,yes,yes,1.263216,Male,1.75853,Automobile,3.219347,no,no,0.0,111.635463,Obesity_Type_II
30.451174,Sometimes,Sometimes,1.98459,0.054238,yes,yes,1.067909,Male,1.758539,Automobile,3.656401,no,no,0.0,111.950413,Obesity_Type_II
40.564513,Sometimes,no,1.006643,1.15804,yes,yes,2.310751,Male,1.748015,Automobile,3.220181,no,no,0.0,109.758736,Obesity_Type_II
40.501722,Sometimes,no,1.87029,0.917014,yes,yes,2.294259,Male,1.744974,Automobile,2.850948,no,no,0.0,111.169678,Obesity_Type_II
30.315784,Sometimes,no,1.38107,1.928275,yes,yes,2.57649,Male,1.701566,Public_Transportation,2.187145,no,no,0.413663,103.743534,Obesity_Type_II
33.293166,Sometimes,no,1.0,1.987296,yes,yes,2.679664,Male,1.696412,Public_Transportation,2.415522,no,no,0.0,103.250355,Obesity_Type_II
30.638944,Sometimes,no,1.251715,1.181811,yes,yes,2.938687,Male,1.680489,Public_Transportation,2.138375,no,no,0.778375,102.004554,Obesity_Type_II
29.791101,Sometimes,no,1.345407,0.327418,yes,yes,2.654792,Male,1.703317,Public_Transportation,1.077331,no,no,0.386861,102.592171,Obesity_Type_II
31.205668,Sometimes,Sometimes,1.486824,1.485978,yes,yes,2.731368,Male,1.877732,Public_Transportation,3.0,no,yes,1.150439,127.161381,Obesity_Type_II
30.899219,Sometimes,Sometimes,1.591909,1.392026,yes,yes,2.22259,Male,1.909639,Public_Transportation,3.0,no,yes,0.917727,129.013178,Obesity_Type_II
29.669219,Sometimes,Sometimes,1.336526,1.63812,yes,yes,2.432355,Male,1.909188,Public_Transportation,3.0,no,no,0.090341,129.19449,Obesity_Type_II
30.595632,Sometimes,Sometimes,1.362583,1.144076,yes,yes,2.497548,Male,1.910672,Public_Transportation,3.0,no,no,0.173232,129.232708,Obesity_Type_II
30.554956,Sometimes,Sometimes,2.145368,0.882709,yes,yes,2.671238,Male,1.779136,Automobile,3.0,no,no,0.593917,120.60094,Obesity_Type_II
31.571392,Sometimes,Sometimes,2.080187,1.04268,yes,yes,2.57691,Male,1.767485,Automobile,3.0,no,no,0.376683,120.158049,Obesity_Type_II
30.577944,Sometimes,Sometimes,2.299878,0.565242,yes,yes,2.341999,Male,1.783953,Automobile,3.0,no,no,0.921991,120.613561,Obesity_Type_II
30.717727,Sometimes,Sometimes,2.193008,0.992829,yes,yes,2.117121,Male,1.76714,Automobile,3.0,no,no,1.556052,120.344402,Obesity_Type_II
26.734476,Sometimes,Sometimes,2.718408,0.763595,yes,yes,2.247037,Male,1.816197,Public_Transportation,3.0,no,no,0.0,119.622764,Obesity_Type_II
26.699317,Sometimes,Sometimes,2.795752,0.839481,yes,yes,2.244654,Male,1.839941,Public_Transportation,3.0,no,no,0.0,119.956651,Obesity_Type_II
25.659092,Sometimes,Sometimes,2.531984,1.003294,yes,yes,2.128574,Male,1.84842,Public_Transportation,3.0,no,no,0.026575,117.631707,Obesity_Type_II
26.348156,Sometimes,Sometimes,2.543841,1.217993,yes,yes,2.068834,Male,1.830317,Public_Transportation,3.0,no,no,0.038253,117.75701,Obesity_Type_II
37.638102,Sometimes,Sometimes,2.024035,0.131371,yes,yes,2.073224,Male,1.750085,Automobile,3.0,no,no,0.0,118.114184,Obesity_Type_II
37.765356,Sometimes,Sometimes,2.038128,0.852344,yes,yes,2.145114,Male,1.763582,Automobile,2.888193,no,no,0.0,117.86159,Obesity_Type_II
28.255199,Sometimes,Sometimes,2.715856,0.739881,yes,yes,2.997951,Male,1.816547,Automobile,3.0,no,no,0.972054,120.699119,Obesity_Type_II
27.931432,Sometimes,Sometimes,2.501808,0.94676,yes,yes,2.911312,Male,1.805445,Automobile,3.0,no,no,0.785701,119.484614,Obesity_Type_II
25.492855,Sometimes,Sometimes,2.116399,1.331526,yes,yes,2.159033,Male,1.770124,Public_Transportation,3.0,no,no,0.052942,114.163921,Obesity_Type_II
25.550506,Sometimes,Sometimes,2.128176,1.306476,yes,yes,2.175276,Male,1.77274,Public_Transportation,3.0,no,no,0.079334,114.254278,Obesity_Type_II
25.542454,Sometimes,Sometimes,2.165408,1.315045,yes,yes,2.21965,Male,1.763215,Public_Transportation,3.0,no,no,0.688985,115.10813,Obesity_Type_II
25.758307,Sometimes,Sometimes,2.15687,1.289421,yes,yes,2.203962,Male,1.766547,Public_Transportation,3.0,no,no,1.220767,115.45845,Obesity_Type_II
29.981494,Sometimes,Sometimes,2.042073,0.0,yes,yes,1.947495,Male,1.773181,Automobile,3.0,no,no,0.618087,112.348722,Obesity_Type_II
29.891473,Sometimes,Sometimes,2.115354,0.0,yes,yes,2.262292,Male,1.76003,Automobile,3.0,no,no,0.847587,112.409191,Obesity_Type_II
26.778684,Sometimes,Sometimes,2.092326,0.545919,yes,yes,2.219186,Male,1.780089,Automobile,3.0,no,no,1.74288,113.15464,Obesity_Type_II
28.377958,Sometimes,Sometimes,2.151809,0.0,yes,yes,2.314175,Male,1.766946,Automobile,3.0,no,no,1.578517,113.235538,Obesity_Type_II
26.199321,Sometimes,Sometimes,2.902682,1.243567,yes,yes,2.423291,Male,1.885119,Public_Transportation,3.0,no,no,0.555591,121.065052,Obesity_Type_II
27.266287,Sometimes,Sometimes,2.966647,1.159598,yes,yes,2.637202,Male,1.828276,Public_Transportation,3.0,no,no,0.758897,120.872294,Obesity_Type_II
27.635029,Sometimes,Sometimes,2.565828,0.690269,yes,yes,2.974006,Male,1.806227,Public_Transportation,3.0,no,no,1.339691,120.423567,Obesity_Type_II
26.899886,Sometimes,Sometimes,2.730663,0.689371,yes,yes,2.347942,Male,1.812919,Public_Transportation,3.0,no,no,0.188693,119.841446,Obesity_Type_II
22.758998,Sometimes,Sometimes,1.78471,1.170537,yes,yes,2.654076,Male,1.859717,Public_Transportation,2.574108,no,no,0.0,121.284533,Obesity_Type_II
22.771001,Sometimes,Sometimes,1.824561,1.094839,yes,yes,2.739,Male,1.86516,Public_Transportation,2.740492,no,no,0.0,121.527369,Obesity_Type_II
23.826684,Sometimes,Sometimes,2.31083,1.48524,yes,yes,2.591292,Male,1.783609,Public_Transportation,2.956422,no,no,0.281815,120.921535,Obesity_Type_II
24.186273,Sometimes,Sometimes,2.364849,1.141708,yes,yes,2.611847,Male,1.794827,Public_Transportation,2.749334,no,no,0.063005,120.919703,Obesity_Type_II
30.945369,Sometimes,Sometimes,2.173417,1.089344,yes,yes,2.766612,Male,1.759647,Automobile,3.0,no,no,1.198439,120.009392,Obesity_Type_II
31.490699,Sometimes,Sometimes,2.106861,0.925941,yes,yes,2.777165,Male,1.773521,Automobile,3.0,no,no,0.2916,120.209711,Obesity_Type_II
31.56724,Sometimes,Sometimes,2.146398,0.886817,yes,yes,2.232836,Male,1.753327,Automobile,3.0,no,no,0.47787,118.26569,Obesity_Type_II
30.444081,Sometimes,Sometimes,2.224164,1.018158,yes,yes,2.571274,Male,1.761068,Automobile,3.0,no,no,1.152899,118.370628,Obesity_Type_II
31.199261,Sometimes,Sometimes,1.662117,0.992371,yes,yes,2.49619,Male,1.848845,Public_Transportation,3.0,no,yes,0.217632,125.077863,Obesity_Type_II
31.190219,Sometimes,Sometimes,1.491169,0.883542,yes,yes,2.151335,Male,1.842812,Public_Transportation,3.0,no,yes,0.527766,125.973927,Obesity_Type_II
30.575349,Sometimes,Sometimes,1.83412,0.797209,yes,yes,2.01695,Male,1.825449,Public_Transportation,3.0,no,no,0.185499,124.95278,Obesity_Type_II
30.702559,Sometimes,Sometimes,1.508796,0.902776,yes,yes,2.927187,Male,1.86198,Public_Transportation,3.0,no,no,1.015467,126.418413,Obesity_Type_II
25.057878,Sometimes,Sometimes,2.002495,1.592795,yes,yes,1.412566,Male,1.763987,Public_Transportation,3.0,no,no,0.001867,113.069667,Obesity_Type_II
25.151286,Sometimes,Sometimes,2.007348,1.376217,yes,yes,1.289315,Male,1.761519,Public_Transportation,3.0,no,no,0.001518,112.835195,Obesity_Type_II
25.137087,Sometimes,Sometimes,2.081719,1.538922,yes,yes,1.624366,Male,1.772045,Public_Transportation,3.0,no,no,0.356868,114.067936,Obesity_Type_II
25.3292,Sometimes,Sometimes,2.079353,1.522429,yes,yes,1.528331,Male,1.771817,Public_Transportation,3.0,no,no,0.228598,114.004832,Obesity_Type_II
25.66668,Sometimes,Sometimes,2.43699,1.016254,yes,yes,2.037042,Male,1.79858,Public_Transportation,3.0,no,no,0.020044,117.93329,Obesity_Type_II
25.01277,Sometimes,Sometimes,2.444917,1.055854,yes,yes,2.191108,Male,1.788586,Public_Transportation,2.993856,no,no,0.145284,117.849351,Obesity_Type_II
25.047945,Sometimes,Sometimes,2.098959,1.110868,yes,yes,1.431346,Male,1.803207,Public_Transportation,3.0,no,no,0.196952,118.332966,Obesity_Type_II
25.426457,Sometimes,Sometimes,2.503244,1.226019,yes,yes,1.84199,Male,1.836592,Public_Transportation,3.0,no,no,0.078207,118.377601,Obesity_Type_II
37.207082,Sometimes,Sometimes,1.885926,0.615298,yes,yes,2.13683,Male,1.762921,Automobile,2.993084,no,no,0.0,118.40174,Obesity_Type_II
38.10894,Sometimes,Sometimes,1.959777,0.6081,yes,yes,2.499388,Male,1.752863,Automobile,2.989791,no,no,0.64676,119.201465,Obesity_Type_II
38.644441,Sometimes,Sometimes,1.831187,0.756277,yes,yes,2.230742,Male,1.768235,Automobile,2.920373,no,no,0.0,117.792268,Obesity_Type_II
38.112989,Sometimes,Sometimes,1.895876,0.822186,yes,yes,2.240757,Male,1.766888,Automobile,2.911568,no,no,0.0,118.134898,Obesity_Type_II
24.825393,Sometimes,no,1.270166,0.073065,yes,yes,2.996186,Male,1.603501,Public_Transportation,1.134042,no,no,1.551934,101.038263,Obesity_Type_II
26.624342,Sometimes,no,1.153286,0.216908,yes,yes,2.649406,Male,1.690262,Public_Transportation,1.120102,no,no,0.619012,103.180918,Obesity_Type_II
33.722449,Sometimes,no,1.0,1.67036,yes,yes,2.525884,Male,1.712905,Public_Transportation,2.040582,no,no,0.023959,103.276087,Obesity_Type_II
32.516469,Sometimes,no,1.0,1.977918,yes,yes,2.736647,Male,1.695735,Public_Transportation,2.015675,no,no,0.056351,102.784864,Obesity_Type_II
23.881938,Sometimes,Sometimes,2.732331,1.156024,yes,yes,2.684335,Male,1.829971,Public_Transportation,2.711238,no,no,0.442456,121.04172,Obesity_Type_II
23.319635,Sometimes,Sometimes,2.628816,0.975384,yes,yes,3.0,Male,1.84629,Public_Transportation,2.695396,no,no,0.0,121.248035,Obesity_Type_II
23.912387,Sometimes,Sometimes,2.017602,1.580263,yes,yes,2.425503,Male,1.774983,Public_Transportation,2.996834,no,no,0.531769,119.081804,Obesity_Type_II
24.982997,Sometimes,Sometimes,2.067741,1.082236,yes,yes,1.469384,Male,1.78968,Public_Transportation,2.996444,no,no,0.150544,118.436166,Obesity_Type_II
24.511445,Sometimes,Sometimes,2.435489,1.266739,yes,yes,2.906269,Male,1.852664,Public_Transportation,2.894142,no,no,0.36216,121.310257,Obesity_Type_II
24.05331,Sometimes,Sometimes,2.640483,1.280191,yes,yes,2.808027,Male,1.872561,Public_Transportation,2.683061,no,no,0.0,121.471077,Obesity_Type_II
22.906886,Sometimes,Sometimes,1.967591,1.525384,yes,yes,2.636719,Male,1.81955,Public_Transportation,2.806341,no,no,0.315595,120.775439,Obesity_Type_II
23.147644,Sometimes,Sometimes,2.626309,1.194898,yes,yes,2.996717,Male,1.815514,Public_Transportation,2.791366,no,no,0.034897,120.337664,Obesity_Type_II
24.001889,Sometimes,no,1.006378,1.076729,yes,yes,2.880483,Male,1.614075,Public_Transportation,1.703299,no,no,1.058007,100.245302,Obesity_Type_II
24.002404,Sometimes,no,1.011849,0.503105,yes,yes,2.885693,Male,1.609418,Public_Transportation,1.685134,no,no,1.217929,100.078367,Obesity_Type_II
30.71516,Sometimes,no,1.0,1.889937,yes,yes,2.913452,Male,1.650189,Public_Transportation,2.269799,no,no,0.378818,101.141277,Obesity_Type_II
30.64243,Sometimes,no,1.175714,0.958555,yes,yes,2.919526,Male,1.653876,Public_Transportation,2.142328,no,no,0.636289,102.583895,Obesity_Type_II
20.068432,Sometimes,no,1.590418,0.029603,yes,yes,2.724121,Male,1.657132,Public_Transportation,1.437959,no,no,1.122118,105.580491,Obesity_Type_II
20.914366,Sometimes,no,1.128942,0.233987,yes,yes,2.801992,Male,1.644751,Public_Transportation,1.343117,no,no,0.81998,101.067988,Obesity_Type_II
25.512048,Sometimes,no,1.448875,0.128548,yes,yes,2.748971,Male,1.660761,Public_Transportation,1.213431,no,no,1.239038,104.321463,Obesity_Type_II
26.844812,Sometimes,no,1.366238,0.181324,yes,yes,2.680375,Male,1.69151,Public_Transportation,1.089048,no,no,1.041677,102.59518,Obesity_Type_II
25.919241,Sometimes,Sometimes,1.023328,0.05093,yes,yes,3.0,Female,1.611462,Public_Transportation,3.0,no,no,1.0,102.093223,Obesity_Type_III
26.0,Sometimes,Sometimes,1.197667,0.0,yes,yes,3.0,Female,1.584782,Public_Transportation,3.0,no,no,0.534769,105.055597,Obesity_Type_III
18.233541,Sometimes,Sometimes,2.838893,1.990317,yes,yes,3.0,Female,1.792378,Public_Transportation,3.0,no,no,0.735868,137.859737,Obesity_Type_III
18.147705,Sometimes,Sometimes,2.181811,1.995582,yes,yes,3.0,Female,1.802257,Public_Transportation,3.0,no,no,0.939665,149.935848,Obesity_Type_III
26.0,Sometimes,Sometimes,2.774014,0.0,yes,yes,3.0,Female,1.65632,Public_Transportation,3.0,no,no,0.138418,111.93301,Obesity_Type_III
26.0,Sometimes,Sometimes,1.031354,0.0,yes,yes,3.0,Female,1.600762,Public_Transportation,3.0,no,no,0.37465,105.448264,Obesity_Type_III
25.902283,Sometimes,Sometimes,1.66616,0.210351,yes,yes,3.0,Female,1.678658,Public_Transportation,3.0,no,no,0.73421,104.954834,Obesity_Type_III
25.540865,Sometimes,Sometimes,1.471664,0.143955,yes,yes,3.0,Female,1.678201,Public_Transportation,3.0,no,no,0.444532,109.900472,Obesity_Type_III
22.39251,Sometimes,Sometimes,1.347559,0.462951,yes,yes,3.0,Female,1.65563,Public_Transportation,3.0,no,no,0.31794,121.205171,Obesity_Type_III
21.305402,Sometimes,Sometimes,1.338241,1.92628,yes,yes,3.0,Female,1.694952,Public_Transportation,3.0,no,no,0.886135,133.76473,Obesity_Type_III
26.0,Sometimes,Sometimes,2.679137,0.0,yes,yes,3.0,Female,1.622771,Public_Transportation,3.0,no,no,0.479348,109.959714,Obesity_Type_III
26.0,Sometimes,Sometimes,2.578292,0.0,yes,yes,3.0,Female,1.583889,Public_Transportation,3.0,no,no,0.492394,110.545378,Obesity_Type_III
21.334585,Sometimes,Sometimes,1.302193,1.742453,yes,yes,3.0,Female,1.729045,Public_Transportation,3.0,no,no,0.94232,131.529267,Obesity_Type_III
22.978655,Sometimes,Sometimes,2.408442,0.194056,yes,yes,3.0,Female,1.664622,Public_Transportation,3.0,no,no,0.803141,114.465425,Obesity_Type_III
21.01245,Sometimes,Sometimes,1.705218,0.390937,yes,yes,3.0,Female,1.747773,Public_Transportation,3.0,no,no,0.998646,127.902844,Obesity_Type_III
21.056059,Sometimes,Sometimes,2.374958,0.750111,yes,yes,3.0,Female,1.730113,Public_Transportation,3.0,no,no,0.671458,152.094362,Obesity_Type_III
18.771001,Sometimes,Sometimes,2.869234,1.465931,yes,yes,3.0,Female,1.746652,Public_Transportation,3.0,no,no,0.627886,133.800129,Obesity_Type_III
24.265943,Sometimes,Sometimes,2.987406,0.38926,yes,yes,3.0,Female,1.719365,Public_Transportation,3.0,no,no,0.526776,114.511537,Obesity_Type_III
26.0,Sometimes,Sometimes,2.737091,0.0,yes,yes,3.0,Female,1.632377,Public_Transportation,3.0,no,no,0.037078,111.946655,Obesity_Type_III
26.0,Sometimes,Sometimes,2.623489,0.0,yes,yes,3.0,Female,1.642572,Public_Transportation,3.0,no,no,0.138563,111.868169,Obesity_Type_III
25.96701,Sometimes,Sometimes,2.612758,0.24629,yes,yes,3.0,Female,1.654875,Public_Transportation,3.0,no,no,0.802136,104.758713,Obesity_Type_III
26.0,Sometimes,Sometimes,2.687378,0.0,yes,yes,3.0,Female,1.627567,Public_Transportation,3.0,no,no,0.410651,107.482662,Obesity_Type_III
20.590046,Sometimes,Sometimes,1.852692,1.46361,yes,yes,3.0,Female,1.736276,Public_Transportation,3.0,no,no,0.962336,130.927138,Obesity_Type_III
24.497373,Sometimes,Sometimes,2.86559,0.973864,yes,yes,3.0,Female,1.737056,Public_Transportation,3.0,no,no,0.58345,132.527011,Obesity_Type_III
25.991886,Sometimes,Sometimes,1.003563,0.008127,yes,yes,3.0,Female,1.580968,Public_Transportation,3.0,no,no,1.0,102.003378,Obesity_Type_III
25.908431,Sometimes,Sometimes,1.077253,0.162083,yes,yes,3.0,Female,1.607128,Public_Transportation,3.0,no,no,0.824607,103.026858,Obesity_Type_III
18.177882,Sometimes,Sometimes,2.714949,1.999773,yes,yes,3.0,Female,1.821566,Public_Transportation,3.0,no,no,0.813784,142.102468,Obesity_Type_III
18.112503,Sometimes,Sometimes,2.154949,1.999897,yes,yes,3.0,Female,1.82773,Public_Transportation,3.0,no,no,0.957463,152.720545,Obesity_Type_III
26.0,Sometimes,Sometimes,2.893117,0.0,yes,yes,3.0,Female,1.656504,Public_Transportation,3.0,no,no,0.01931,111.993054,Obesity_Type_III
26.0,Sometimes,Sometimes,2.70914,0.0,yes,yes,3.0,Female,1.637725,Public_Transportation,3.0,no,no,0.110518,111.208963,Obesity_Type_III
25.902283,Sometimes,Sometimes,1.570188,0.210351,yes,yes,3.0,Female,1.669701,Public_Transportation,3.0,no,no,0.881848,104.585783,Obesity_Type_III
25.540865,Sometimes,Sometimes,1.412049,0.143955,yes,yes,3.0,Female,1.668709,Public_Transportation,3.0,no,no,0.753077,104.754958,Obesity_Type_III
20.520992,Sometimes,Sometimes,1.15635,0.786828,yes,yes,3.0,Female,1.668642,Public_Transportation,3.0,no,no,0.366385,124.704781,Obesity_Type_III
20.871153,Sometimes,Sometimes,1.154698,1.71836,yes,yes,3.0,Female,1.690614,Public_Transportation,3.0,no,no,0.959218,129.769141,Obesity_Type_III
26.0,Sometimes,Sometimes,2.691584,0.0,yes,yes,3.0,Female,1.622418,Public_Transportation,3.0,no,no,0.425473,110.676343,Obesity_Type_III
26.0,Sometimes,Sometimes,2.709654,0.0,yes,yes,3.0,Female,1.643332,Public_Transportation,3.0,no,no,0.25115,110.824698,Obesity_Type_III
21.768834,Sometimes,Sometimes,1.485736,1.950374,yes,yes,3.0,Female,1.733383,Public_Transportation,3.0,no,no,0.869238,135.524857,Obesity_Type_III
20.891491,Sometimes,Sometimes,2.874336,1.624981,yes,yes,3.0,Female,1.748313,Public_Transportation,3.0,no,no,0.825609,133.573787,Obesity_Type_III
20.941943,Sometimes,Sometimes,2.641489,0.481555,yes,yes,3.0,Female,1.812963,Public_Transportation,3.0,no,no,0.735201,138.730619,Obesity_Type_III
20.989016,Sometimes,Sometimes,2.417122,0.952725,yes,yes,3.0,Female,1.80734,Public_Transportation,3.0,no,no,0.573958,155.872093,Obesity_Type_III
18.367481,Sometimes,Sometimes,2.900857,1.508897,yes,yes,3.0,Female,1.745644,Public_Transportation,3.0,no,no,0.625371,133.665587,Obesity_Type_III
21.051107,Sometimes,Sometimes,2.95311,1.445148,yes,yes,3.0,Female,1.753266,Public_Transportation,3.0,no,no,0.67321,133.852432,Obesity_Type_III
26.0,Sometimes,Sometimes,2.617988,0.0,yes,yes,3.0,Female,1.632193,Public_Transportation,3.0,no,no,0.156187,111.886611,Obesity_Type_III
26.0,Sometimes,Sometimes,2.55057,0.0,yes,yes,3.0,Female,1.641098,Public_Transportation,3.0,no,no,0.20482,111.818345,Obesity_Type_III
25.998646,Sometimes,Sometimes,2.653531,0.190061,yes,yes,3.0,Female,1.640741,Public_Transportation,3.0,no,no,0.692343,104.808542,Obesity_Type_III
26.0,Sometimes,Sometimes,1.698767,0.0,yes,yes,3.0,Female,1.618573,Public_Transportation,3.0,no,no,0.54396,104.928643,Obesity_Type_III
22.846357,Sometimes,Sometimes,2.84837,1.206059,yes,yes,3.0,Female,1.757442,Public_Transportation,3.0,no,no,0.766668,133.365094,Obesity_Type_III
19.885655,Sometimes,Sometimes,2.835622,1.419473,yes,yes,3.0,Female,1.763343,Public_Transportation,3.0,no,no,0.816986,133.952675,Obesity_Type_III
25.930376,Sometimes,Sometimes,1.050564,0.026033,yes,yes,3.0,Female,1.610086,Public_Transportation,3.0,no,no,0.539074,102.38745,Obesity_Type_III
25.897815,Sometimes,Sometimes,1.068493,0.112122,yes,yes,3.0,Female,1.664463,Public_Transportation,3.0,no,no,1.0,102.781971,Obesity_Type_III
26.0,Sometimes,Sometimes,2.613928,0.0,yes,yes,3.0,Female,1.602025,Public_Transportation,3.0,no,no,0.553093,104.899348,Obesity_Type_III
25.968792,Sometimes,Sometimes,1.239833,0.162279,yes,yes,3.0,Female,1.632896,Public_Transportation,3.0,no,no,0.619235,104.988925,Obesity_Type_III
18.335019,Sometimes,Sometimes,2.861533,1.70464,yes,yes,3.0,Female,1.771043,Public_Transportation,3.0,no,no,0.655571,137.044959,Obesity_Type_III
21.700748,Sometimes,Sometimes,2.832659,1.505775,yes,yes,3.0,Female,1.789555,Public_Transportation,3.0,no,no,0.923005,137.767787,Obesity_Type_III
18.222536,Sometimes,Sometimes,2.418488,1.99507,yes,yes,3.0,Female,1.801746,Public_Transportation,3.0,no,no,0.893514,141.166265,Obesity_Type_III
20.3756,Sometimes,Sometimes,2.304716,0.82666,yes,yes,3.0,Female,1.787195,Public_Transportation,3.0,no,no,0.914492,151.975864,Obesity_Type_III
26.0,Sometimes,Sometimes,2.763005,0.0,yes,yes,3.0,Female,1.644141,Public_Transportation,3.0,no,no,0.101867,111.942544,Obesity_Type_III
26.0,Sometimes,Sometimes,2.652616,0.0,yes,yes,3.0,Female,1.643355,Public_Transportation,3.0,no,no,0.250502,111.600553,Obesity_Type_III
26.0,Sometimes,Sometimes,2.553198,0.0,yes,yes,3.0,Female,1.623707,Public_Transportation,3.0,no,no,0.393838,105.037463,Obesity_Type_III
26.0,Sometimes,Sometimes,2.180566,0.0,yes,yes,3.0,Female,1.610636,Public_Transportation,3.0,no,no,0.519905,105.423532,Obesity_Type_III
25.943827,Sometimes,Sometimes,2.20979,0.114698,yes,yes,3.0,Female,1.629491,Public_Transportation,3.0,no,no,0.604422,104.839068,Obesity_Type_III
25.291974,Sometimes,Sometimes,1.444379,0.224482,yes,yes,3.0,Female,1.684768,Public_Transportation,3.0,no,no,0.912187,104.821175,Obesity_Type_III
25.653233,Sometimes,Sometimes,1.604075,0.029728,yes,yes,3.0,Female,1.66494,Public_Transportation,3.0,no,no,0.200122,110.92217,Obesity_Type_III
25.783865,Sometimes,Sometimes,1.528258,0.01586,yes,yes,3.0,Female,1.655646,Public_Transportation,3.0,no,no,0.436068,110.21734,Obesity_Type_III
19.17614,Sometimes,Sometimes,1.228838,0.792553,yes,yes,3.0,Female,1.666194,Public_Transportation,3.0,no,no,0.639561,124.805868,Obesity_Type_III
21.207423,Sometimes,Sometimes,1.615548,1.376534,yes,yes,3.0,Female,1.707508,Public_Transportation,3.0,no,no,0.926052,121.864326,Obesity_Type_III
21.633056,Sometimes,Sometimes,1.94595,1.493018,yes,yes,3.0,Female,1.754174,Public_Transportation,3.0,no,no,0.906611,133.783955,Obesity_Type_III
21.009596,Sometimes,Sometimes,1.709556,1.592494,yes,yes,3.0,Female,1.714193,Public_Transportation,3.0,no,no,0.925843,131.866734,Obesity_Type_III
26.0,Sometimes,Sometimes,2.507461,0.0,yes,yes,3.0,Female,1.62439,Public_Transportation,3.0,no,no,0.368472,110.008636,Obesity_Type_III
26.0,Sometimes,Sometimes,2.644135,0.0,yes,yes,3.0,Female,1.638836,Public_Transportation,3.0,no,no,0.357581,110.970479,Obesity_Type_III
26.0,Sometimes,Sometimes,2.605685,0.0,yes,yes,3.0,Female,1.621245,Public_Transportation,3.0,no,no,0.199227,111.267334,Obesity_Type_III
25.954511,Sometimes,Sometimes,2.217348,0.001015,yes,yes,3.0,Female,1.623514,Public_Transportation,3.0,no,no,0.481031,109.980145,Obesity_Type_III
21.001969,Sometimes,Sometimes,1.657541,1.672639,yes,yes,3.0,Female,1.736215,Public_Transportation,3.0,no,no,0.629285,132.145549,Obesity_Type_III
21.772251,Sometimes,Sometimes,1.817899,1.577824,yes,yes,3.0,Female,1.732951,Public_Transportation,3.0,no,no,0.930836,132.904884,Obesity_Type_III
23.76197,Sometimes,Sometimes,2.509535,0.334264,yes,yes,3.0,Female,1.69135,Public_Transportation,3.0,no,no,0.668172,114.480696,Obesity_Type_III
24.449655,Sometimes,Sometimes,2.578038,0.165422,yes,yes,3.0,Female,1.635062,Public_Transportation,3.0,no,no,0.463196,113.277388,Obesity_Type_III
18.378203,Sometimes,Sometimes,2.501638,1.546179,yes,yes,3.0,Female,1.746061,Public_Transportation,3.0,no,no,0.66488,128.261402,Obesity_Type_III
19.725718,Sometimes,Sometimes,2.250711,0.64235,yes,yes,3.0,Female,1.746529,Public_Transportation,3.0,no,no,0.685129,129.363771,Obesity_Type_III
21.344018,Sometimes,Sometimes,2.36651,1.247505,yes,yes,3.0,Female,1.746516,Public_Transportation,3.0,no,no,0.723366,144.302261,Obesity_Type_III
21.322097,Sometimes,Sometimes,2.309409,1.68291,yes,yes,3.0,Female,1.751118,Public_Transportation,3.0,no,no,0.70558,149.291106,Obesity_Type_III
19.262934,Sometimes,Sometimes,2.436261,1.464674,yes,yes,3.0,Female,1.741014,Public_Transportation,3.0,no,no,0.87092,132.57927,Obesity_Type_III
21.566815,Sometimes,Sometimes,2.833566,1.413239,yes,yes,3.0,Female,1.748533,Public_Transportation,3.0,no,no,0.862724,133.94608,Obesity_Type_III
24.475242,Sometimes,Sometimes,2.724099,0.336795,yes,yes,3.0,Female,1.694726,Public_Transportation,3.0,no,no,0.153462,112.776612,Obesity_Type_III
25.612462,Sometimes,Sometimes,2.989389,0.36009,yes,yes,3.0,Female,1.674515,Public_Transportation,3.0,no,no,0.169016,112.879662,Obesity_Type_III
26.0,Sometimes,Sometimes,2.55975,0.0,yes,yes,3.0,Female,1.631332,Public_Transportation,3.0,no,no,0.237307,111.829957,Obesity_Type_III
26.0,Sometimes,Sometimes,2.635454,0.0,yes,yes,3.0,Female,1.641918,Public_Transportation,3.0,no,no,0.088309,111.86899,Obesity_Type_III
26.0,Sometimes,Sometimes,2.625537,0.0,yes,yes,3.0,Female,1.640125,Public_Transportation,3.0,no,no,0.162494,111.539494,Obesity_Type_III
26.0,Sometimes,Sometimes,2.884077,0.0,yes,yes,3.0,Female,1.649178,Public_Transportation,3.0,no,no,0.096576,111.914361,Obesity_Type_III
25.96773,Sometimes,Sometimes,1.919473,0.027101,yes,yes,3.0,Female,1.603404,Public_Transportation,3.0,no,no,0.546137,105.031908,Obesity_Type_III
25.989938,Sometimes,Sometimes,2.310076,0.07115,yes,yes,3.0,Female,1.644199,Public_Transportation,3.0,no,no,0.733085,105.036075,Obesity_Type_III
26.0,Sometimes,Sometimes,2.686824,0.0,yes,yes,3.0,Female,1.628909,Public_Transportation,3.0,no,no,0.540812,106.875927,Obesity_Type_III
25.617227,Sometimes,Sometimes,1.6213,0.090917,yes,yes,3.0,Female,1.628019,Public_Transportation,3.0,no,no,0.438216,108.265922,Obesity_Type_III
21.030909,Sometimes,Sometimes,1.517215,1.486289,yes,yes,3.0,Female,1.71818,Public_Transportation,3.0,no,no,0.937492,133.466763,Obesity_Type_III
20.951084,Sometimes,Sometimes,1.796956,1.684582,yes,yes,3.0,Female,1.708581,Public_Transportation,3.0,no,no,0.887388,131.274851,Obesity_Type_III
22.980221,Sometimes,Sometimes,2.085553,1.271651,yes,yes,3.0,Female,1.724983,Public_Transportation,3.0,no,no,0.587932,132.94066,Obesity_Type_III
23.426036,Sometimes,Sometimes,2.837797,1.343875,yes,yes,3.0,Female,1.739991,Public_Transportation,3.0,no,no,0.803156,133.485478,Obesity_Type_III
25.999185,Sometimes,Sometimes,1.000544,0.001297,yes,yes,3.0,Female,1.568543,Public_Transportation,3.0,no,no,1.0,102.000122,Obesity_Type_III
25.934757,Sometimes,Sometimes,1.005864,0.02006,yes,yes,3.0,Female,1.579893,Public_Transportation,3.0,no,no,0.695838,102.134646,Obesity_Type_III
20.327723,Sometimes,Sometimes,2.319559,1.97073,yes,yes,3.0,Female,1.782714,Public_Transportation,3.0,no,no,0.768375,154.618446,Obesity_Type_III
19.47219,Sometimes,Sometimes,2.069257,1.986646,yes,yes,3.0,Female,1.793824,Public_Transportation,3.0,no,no,0.947091,160.935351,Obesity_Type_III
26.0,Sometimes,Sometimes,2.956548,0.0,yes,yes,3.0,Female,1.659557,Public_Transportation,3.0,no,no,0.010056,111.999096,Obesity_Type_III
26.0,Sometimes,Sometimes,2.777557,0.0,yes,yes,3.0,Female,1.65782,Public_Transportation,3.0,no,no,0.051858,111.95611,Obesity_Type_III
25.816445,Sometimes,Sometimes,1.295436,0.282063,yes,yes,3.0,Female,1.684082,Public_Transportation,3.0,no,no,0.929356,104.592372,Obesity_Type_III
25.498965,Sometimes,Sometimes,1.241378,0.259427,yes,yes,3.0,Female,1.68395,Public_Transportation,3.0,no,no,0.852362,104.846817,Obesity_Type_III
19.137495,Sometimes,Sometimes,1.313834,0.912334,yes,yes,3.0,Female,1.716521,Public_Transportation,3.0,no,no,0.707494,127.642324,Obesity_Type_III
20.190733,Sometimes,Sometimes,1.124366,0.877067,yes,yes,3.0,Female,1.680762,Public_Transportation,3.0,no,no,0.552006,125.418548,Obesity_Type_III
26.0,Sometimes,Sometimes,2.673754,0.0,yes,yes,3.0,Female,1.623303,Public_Transportation,3.0,no,no,0.33929,110.81746,Obesity_Type_III
26.0,Sometimes,Sometimes,2.70485,0.0,yes,yes,3.0,Female,1.631856,Public_Transportation,3.0,no,no,0.243338,110.804337,Obesity_Type_III
21.840654,Sometimes,Sometimes,1.607531,1.963379,yes,yes,3.0,Female,1.747479,Public_Transportation,3.0,no,no,0.858392,136.516648,Obesity_Type_III
20.871667,Sometimes,Sometimes,2.748909,1.989171,yes,yes,3.0,Female,1.782453,Public_Transportation,3.0,no,no,0.832515,137.852618,Obesity_Type_III
21.501721,Sometimes,Sometimes,2.351207,0.246831,yes,yes,3.0,Female,1.809871,Public_Transportation,3.0,no,no,0.91336,152.394739,Obesity_Type_III
21.521294,Sometimes,Sometimes,2.404049,0.427905,yes,yes,3.0,Female,1.803677,Public_Transportation,3.0,no,no,0.639894,160.639405,Obesity_Type_III
18.314593,Sometimes,Sometimes,2.923792,1.536555,yes,yes,3.0,Female,1.745602,Public_Transportation,3.0,no,no,0.62535,133.554686,Obesity_Type_III
19.529746,Sometimes,Sometimes,2.955075,1.46046,yes,yes,3.0,Female,1.751038,Public_Transportation,3.0,no,no,0.655558,133.843033,Obesity_Type_III
26.0,Sometimes,Sometimes,2.554007,0.0,yes,yes,3.0,Female,1.631547,Public_Transportation,3.0,no,no,0.252635,111.588625,Obesity_Type_III
26.0,Sometimes,Sometimes,2.511399,0.0,yes,yes,3.0,Female,1.635905,Public_Transportation,3.0,no,no,0.258472,111.571076,Obesity_Type_III
26.0,Sometimes,Sometimes,2.653563,0.0,yes,yes,3.0,Female,1.616975,Public_Transportation,3.0,no,no,0.55415,104.846218,Obesity_Type_III
26.0,Sometimes,Sometimes,2.588107,0.0,yes,yes,3.0,Female,1.62788,Public_Transportation,3.0,no,no,0.465607,104.92057,Obesity_Type_III
21.768153,Sometimes,Sometimes,2.32502,1.441791,yes,yes,3.0,Female,1.76416,Public_Transportation,3.0,no,no,0.918468,133.888629,Obesity_Type_III
21.238416,Sometimes,Sometimes,2.836791,1.46782,yes,yes,3.0,Female,1.763847,Public_Transportation,3.0,no,no,0.890527,133.937873,Obesity_Type_III
25.930376,Sometimes,Sometimes,1.019684,0.026033,yes,yes,3.0,Female,1.608808,Public_Transportation,3.0,no,no,1.0,102.083964,Obesity_Type_III
25.919571,Sometimes,Sometimes,1.032834,0.04525,yes,yes,3.0,Female,1.610488,Public_Transportation,3.0,no,no,0.922749,102.174953,Obesity_Type_III
25.918524,Sometimes,Sometimes,1.653049,0.139159,yes,yes,3.0,Female,1.621231,Public_Transportation,3.0,no,no,0.711331,104.986792,Obesity_Type_III
25.565662,Sometimes,Sometimes,1.204055,0.094851,yes,yes,3.0,Female,1.642392,Public_Transportation,3.0,no,no,0.603736,104.988082,Obesity_Type_III
18.744914,Sometimes,Sometimes,2.691591,1.168368,yes,yes,3.0,Female,1.801983,Public_Transportation,3.0,no,no,0.735372,138.034526,Obesity_Type_III
21.704699,Sometimes,Sometimes,2.531456,1.980738,yes,yes,3.0,Female,1.787614,Public_Transportation,3.0,no,no,0.835771,137.858254,Obesity_Type_III
20.089969,Sometimes,Sometimes,2.226081,1.881761,yes,yes,3.0,Female,1.801478,Public_Transportation,3.0,no,no,0.933964,151.417292,Obesity_Type_III
18.120739,Sometimes,Sometimes,2.164718,1.999631,yes,yes,3.0,Female,1.807576,Public_Transportation,3.0,no,no,0.941336,152.567671,Obesity_Type_III
26.0,Sometimes,Sometimes,2.770732,0.0,yes,yes,3.0,Female,1.650125,Public_Transportation,3.0,no,no,0.125235,111.939671,Obesity_Type_III
26.0,Sometimes,Sometimes,2.814517,0.0,yes,yes,3.0,Female,1.652674,Public_Transportation,3.0,no,no,0.101598,111.919155,Obesity_Type_III
25.986185,Sometimes,Sometimes,1.626467,0.010183,yes,yes,3.0,Female,1.663632,Public_Transportation,3.0,no,no,0.412806,105.122109,Obesity_Type_III
25.982113,Sometimes,Sometimes,1.48075,0.098043,yes,yes,3.0,Female,1.627818,Public_Transportation,3.0,no,no,0.663492,105.428628,Obesity_Type_III
25.748627,Sometimes,Sometimes,1.526416,0.180158,yes,yes,3.0,Female,1.66877,Public_Transportation,3.0,no,no,0.747909,104.774144,Obesity_Type_III
25.959772,Sometimes,Sometimes,1.482002,0.204108,yes,yes,3.0,Female,1.642098,Public_Transportation,3.0,no,no,0.657221,104.966758,Obesity_Type_III
25.653233,Sometimes,Sometimes,1.610472,0.029728,yes,yes,3.0,Female,1.65757,Public_Transportation,3.0,no,no,0.472343,109.931233,Obesity_Type_III
25.783865,Sometimes,Sometimes,1.530992,0.01586,yes,yes,3.0,Female,1.643111,Public_Transportation,3.0,no,no,0.445495,109.910012,Obesity_Type_III
21.412434,Sometimes,Sometimes,1.484938,0.74225,yes,yes,3.0,Female,1.675562,Public_Transportation,3.0,no,no,0.604692,121.639178,Obesity_Type_III
22.77789,Sometimes,Sometimes,1.91039,0.217455,yes,yes,3.0,Female,1.661415,Public_Transportation,3.0,no,no,0.77582,120.748213,Obesity_Type_III
21.140165,Sometimes,Sometimes,1.411365,1.564618,yes,yes,3.0,Female,1.713133,Public_Transportation,3.0,no,no,0.910683,133.735889,Obesity_Type_III
21.413498,Sometimes,Sometimes,2.41752,1.556155,yes,yes,3.0,Female,1.7199,Public_Transportation,3.0,no,no,0.873936,133.886031,Obesity_Type_III
26.0,Sometimes,Sometimes,2.688229,0.0,yes,yes,3.0,Female,1.622701,Public_Transportation,3.0,no,no,0.451377,109.982692,Obesity_Type_III
26.0,Sometimes,Sometimes,2.695094,0.0,yes,yes,3.0,Female,1.622468,Public_Transportation,3.0,no,no,0.413474,110.400847,Obesity_Type_III
26.0,Sometimes,Sometimes,2.618198,0.0,yes,yes,3.0,Female,1.618867,Public_Transportation,3.0,no,no,0.380695,110.777391,Obesity_Type_III
26.0,Sometimes,Sometimes,2.555189,0.0,yes,yes,3.0,Female,1.600905,Public_Transportation,3.0,no,no,0.462973,110.074946,Obesity_Type_III
21.391371,Sometimes,Sometimes,1.419136,1.700889,yes,yes,3.0,Female,1.730636,Public_Transportation,3.0,no,no,0.930888,131.902591,Obesity_Type_III
21.051982,Sometimes,Sometimes,1.422483,1.708971,yes,yes,3.0,Female,1.729719,Public_Transportation,3.0,no,no,0.673009,131.877558,Obesity_Type_III
23.455303,Sometimes,Sometimes,2.426094,0.294763,yes,yes,3.0,Female,1.677672,Public_Transportation,3.0,no,no,0.737226,114.470482,Obesity_Type_III
23.69484,Sometimes,Sometimes,2.495961,0.189831,yes,yes,3.0,Female,1.637524,Public_Transportation,3.0,no,no,0.652289,113.90506,Obesity_Type_III
20.601222,Sometimes,Sometimes,1.797041,1.427413,yes,yes,3.0,Female,1.738717,Public_Transportation,3.0,no,no,0.966181,128.114161,Obesity_Type_III
20.81158,Sometimes,Sometimes,1.768111,0.616503,yes,yes,3.0,Female,1.741193,Public_Transportation,3.0,no,no,0.968151,128.763843,Obesity_Type_III
19.993565,Sometimes,Sometimes,2.365188,1.256115,yes,yes,3.0,Female,1.792833,Public_Transportation,3.0,no,no,0.760091,152.43563,Obesity_Type_III
20.074449,Sometimes,Sometimes,2.299156,1.699056,yes,yes,3.0,Female,1.810427,Public_Transportation,3.0,no,no,0.729722,152.217135,Obesity_Type_III
18.904037,Sometimes,Sometimes,2.684819,1.46525,yes,yes,3.0,Female,1.743589,Public_Transportation,3.0,no,no,0.804491,133.281333,Obesity_Type_III
19.783234,Sometimes,Sometimes,2.84174,1.429256,yes,yes,3.0,Female,1.747962,Public_Transportation,3.0,no,no,0.775378,133.936535,Obesity_Type_III
24.291205,Sometimes,Sometimes,2.796894,0.382189,yes,yes,3.0,Female,1.71146,Public_Transportation,3.0,no,no,0.16779,113.372851,Obesity_Type_III
25.311534,Sometimes,Sometimes,2.987718,0.387074,yes,yes,3.0,Female,1.685482,Public_Transportation,3.0,no,no,0.283804,113.451224,Obesity_Type_III
26.0,Sometimes,Sometimes,2.675567,0.0,yes,yes,3.0,Female,1.639251,Public_Transportation,3.0,no,no,0.081929,111.927001,Obesity_Type_III
26.0,Sometimes,Sometimes,2.770125,0.0,yes,yes,3.0,Female,1.654784,Public_Transportation,3.0,no,no,0.088236,111.933152,Obesity_Type_III
26.0,Sometimes,Sometimes,2.621877,0.0,yes,yes,3.0,Female,1.641209,Public_Transportation,3.0,no,no,0.153669,111.856492,Obesity_Type_III
26.0,Sometimes,Sometimes,2.72005,0.0,yes,yes,3.0,Female,1.643167,Public_Transportation,3.0,no,no,0.127443,111.894229,Obesity_Type_III
25.966504,Sometimes,Sometimes,2.436097,0.129178,yes,yes,3.0,Female,1.63073,Public_Transportation,3.0,no,no,0.683736,104.790549,Obesity_Type_III
25.950898,Sometimes,Sometimes,2.535629,0.152713,yes,yes,3.0,Female,1.649867,Public_Transportation,3.0,no,no,0.7702,104.791035,Obesity_Type_III
26.0,Sometimes,Sometimes,2.678779,0.0,yes,yes,3.0,Female,1.613574,Public_Transportation,3.0,no,no,0.508848,107.012256,Obesity_Type_III
26.0,Sometimes,Sometimes,2.569713,0.0,yes,yes,3.0,Female,1.627532,Public_Transportation,3.0,no,no,0.396972,106.69053,Obesity_Type_III
20.848608,Sometimes,Sometimes,1.759352,1.469928,yes,yes,3.0,Female,1.726606,Public_Transportation,3.0,no,no,0.950438,131.76807,Obesity_Type_III
20.801791,Sometimes,Sometimes,1.837184,1.525165,yes,yes,3.0,Female,1.721476,Public_Transportation,3.0,no,no,0.926443,131.042274,Obesity_Type_III
23.712641,Sometimes,Sometimes,2.856795,1.046463,yes,yes,3.0,Female,1.742901,Public_Transportation,3.0,no,no,0.586163,132.8071,Obesity_Type_III
24.063874,Sometimes,Sometimes,2.846259,1.295759,yes,yes,3.0,Female,1.737313,Public_Transportation,3.0,no,no,0.723154,133.166595,Obesity_Type_III
25.95774,Sometimes,Sometimes,1.067716,0.030541,yes,yes,3.0,Female,1.62414,Public_Transportation,3.0,no,no,1.0,102.233445,Obesity_Type_III
25.909353,Sometimes,Sometimes,1.029241,0.075776,yes,yes,3.0,Female,1.644078,Public_Transportation,3.0,no,no,1.0,102.277765,Obesity_Type_III
25.954995,Sometimes,Sometimes,1.074412,0.006265,yes,yes,3.0,Female,1.592529,Public_Transportation,3.0,no,no,0.845633,102.874549,Obesity_Type_III
25.908829,Sometimes,Sometimes,1.030501,0.06582,yes,yes,3.0,Female,1.607734,Public_Transportation,3.0,no,no,0.991473,102.305767,Obesity_Type_III
19.297004,Sometimes,Sometimes,2.699675,1.520818,yes,yes,3.0,Female,1.817271,Public_Transportation,3.0,no,no,0.76399,141.917802,Obesity_Type_III
18.301773,Sometimes,Sometimes,2.830247,1.783138,yes,yes,3.0,Female,1.808765,Public_Transportation,3.0,no,no,0.789064,140.292018,Obesity_Type_III
19.872667,Sometimes,Sometimes,2.305521,1.956278,yes,yes,3.0,Female,1.817231,Public_Transportation,3.0,no,no,0.92376,152.371911,Obesity_Type_III
18.13782,Sometimes,Sometimes,2.155926,1.999836,yes,yes,3.0,Female,1.819728,Public_Transportation,3.0,no,no,0.94603,151.278532,Obesity_Type_III
26.0,Sometimes,Sometimes,2.784303,0.0,yes,yes,3.0,Female,1.656465,Public_Transportation,3.0,no,no,0.127775,111.949972,Obesity_Type_III
26.0,Sometimes,Sometimes,2.786417,0.0,yes,yes,3.0,Female,1.648143,Public_Transportation,3.0,no,no,0.079673,111.950113,Obesity_Type_III
26.0,Sometimes,Sometimes,2.707201,0.0,yes,yes,3.0,Female,1.622703,Public_Transportation,3.0,no,no,0.167272,111.216192,Obesity_Type_III
26.0,Sometimes,Sometimes,2.709428,0.0,yes,yes,3.0,Female,1.640606,Public_Transportation,3.0,no,no,0.228486,111.036881,Obesity_Type_III
25.42724,Sometimes,Sometimes,1.525127,0.220825,yes,yes,3.0,Female,1.683502,Public_Transportation,3.0,no,no,0.896105,104.759643,Obesity_Type_III
25.795187,Sometimes,Sometimes,1.554925,0.209586,yes,yes,3.0,Female,1.669039,Public_Transportation,3.0,no,no,0.823069,104.593929,Obesity_Type_III
25.493586,Sometimes,Sometimes,1.170515,0.264831,yes,yes,3.0,Female,1.673665,Public_Transportation,3.0,no,no,0.896842,104.704707,Obesity_Type_III
25.524336,Sometimes,Sometimes,1.436616,0.167086,yes,yes,3.0,Female,1.668931,Public_Transportation,3.0,no,no,0.764717,104.768318,Obesity_Type_III
20.908785,Sometimes,Sometimes,1.242832,0.530925,yes,yes,3.0,Female,1.700996,Public_Transportation,3.0,no,no,0.575969,126.490236,Obesity_Type_III
20.781751,Sometimes,Sometimes,1.54249,0.6277,yes,yes,3.0,Female,1.734092,Public_Transportation,3.0,no,no,0.450479,125.117633,Obesity_Type_III
21.289104,Sometimes,Sometimes,1.205548,1.723934,yes,yes,3.0,Female,1.708291,Public_Transportation,3.0,no,no,0.952352,130.986338,Obesity_Type_III
21.210732,Sometimes,Sometimes,1.301657,1.718543,yes,yes,3.0,Female,1.716497,Public_Transportation,3.0,no,no,0.947884,130.871127,Obesity_Type_III
26.0,Sometimes,Sometimes,2.704315,0.0,yes,yes,3.0,Female,1.62495,Public_Transportation,3.0,no,no,0.322666,111.00492,Obesity_Type_III
26.0,Sometimes,Sometimes,2.639816,0.0,yes,yes,3.0,Female,1.594776,Public_Transportation,3.0,no,no,0.452236,110.640929,Obesity_Type_III
26.0,Sometimes,Sometimes,2.708927,0.0,yes,yes,3.0,Female,1.626503,Public_Transportation,3.0,no,no,0.278962,110.818757,Obesity_Type_III
26.0,Sometimes,Sometimes,2.704827,0.0,yes,yes,3.0,Female,1.624576,Public_Transportation,3.0,no,no,0.269577,110.803117,Obesity_Type_III
21.656907,Sometimes,Sometimes,1.3954,1.931173,yes,yes,3.0,Female,1.729099,Public_Transportation,3.0,no,no,0.878258,134.842656,Obesity_Type_III
21.760734,Sometimes,Sometimes,2.611654,1.618512,yes,yes,3.0,Female,1.73581,Public_Transportation,3.0,no,no,0.868788,135.346677,Obesity_Type_III
21.028989,Sometimes,Sometimes,2.868167,1.48372,yes,yes,3.0,Female,1.748524,Public_Transportation,3.0,no,no,0.83509,133.878843,Obesity_Type_III
21.282238,Sometimes,Sometimes,2.247979,1.609938,yes,yes,3.0,Female,1.748951,Public_Transportation,3.0,no,no,0.849236,133.662583,Obesity_Type_III
20.388049,Sometimes,Sometimes,2.702789,1.606109,yes,yes,3.0,Female,1.777971,Public_Transportation,3.0,no,no,0.731213,137.785027,Obesity_Type_III
21.022206,Sometimes,Sometimes,1.663213,1.094035,yes,yes,3.0,Female,1.73995,Public_Transportation,3.0,no,no,0.786665,135.693381,Obesity_Type_III
20.102241,Sometimes,Sometimes,2.414739,1.917014,yes,yes,3.0,Female,1.816868,Public_Transportation,3.0,no,no,0.927982,153.959945,Obesity_Type_III
21.291969,Sometimes,Sometimes,2.351193,1.051889,yes,yes,3.0,Female,1.8002,Public_Transportation,3.0,no,no,0.686491,155.242672,Obesity_Type_III
20.530998,Sometimes,Sometimes,2.896088,1.612741,yes,yes,3.0,Female,1.74647,Public_Transportation,3.0,no,no,0.77319,133.644711,Obesity_Type_III
18.976968,Sometimes,Sometimes,2.862408,1.456933,yes,yes,3.0,Female,1.759091,Public_Transportation,3.0,no,no,0.742423,133.903612,Obesity_Type_III
20.924956,Sometimes,Sometimes,2.887659,1.480919,yes,yes,3.0,Female,1.752531,Public_Transportation,3.0,no,no,0.779641,133.618706,Obesity_Type_III
21.28253,Sometimes,Sometimes,2.893062,1.408177,yes,yes,3.0,Female,1.761773,Public_Transportation,3.0,no,no,0.807457,133.903469,Obesity_Type_III
26.0,Sometimes,Sometimes,2.619517,0.0,yes,yes,3.0,Female,1.633195,Public_Transportation,3.0,no,no,0.140368,111.883747,Obesity_Type_III
26.0,Sometimes,Sometimes,2.682804,0.0,yes,yes,3.0,Female,1.633945,Public_Transportation,3.0,no,no,0.15171,111.9307,Obesity_Type_III
26.0,Sometimes,Sometimes,2.552388,0.0,yes,yes,3.0,Female,1.641601,Public_Transportation,3.0,no,no,0.196288,111.830924,Obesity_Type_III
26.0,Sometimes,Sometimes,2.617401,0.0,yes,yes,3.0,Female,1.641132,Public_Transportation,3.0,no,no,0.200379,111.841706,Obesity_Type_III
25.999174,Sometimes,Sometimes,2.654636,0.069238,yes,yes,3.0,Female,1.638218,Public_Transportation,3.0,no,no,0.629578,104.810024,Obesity_Type_III
25.999942,Sometimes,Sometimes,2.569364,0.159255,yes,yes,3.0,Female,1.627483,Public_Transportation,3.0,no,no,0.419446,104.881994,Obesity_Type_III
26.0,Sometimes,Sometimes,1.322004,0.0,yes,yes,3.0,Female,1.610225,Public_Transportation,3.0,no,no,0.539876,104.936381,Obesity_Type_III
26.0,Sometimes,Sometimes,1.292479,0.0,yes,yes,3.0,Female,1.61739,Public_Transportation,3.0,no,no,0.541309,105.013901,Obesity_Type_III
23.365041,Sometimes,Sometimes,2.839069,1.231031,yes,yes,3.0,Female,1.744319,Public_Transportation,3.0,no,no,0.792496,133.45249,Obesity_Type_III
23.421726,Sometimes,Sometimes,2.843782,1.302507,yes,yes,3.0,Female,1.755467,Public_Transportation,3.0,no,no,0.773807,133.478611,Obesity_Type_III
18.826782,Sometimes,Sometimes,2.858389,1.444382,yes,yes,3.0,Female,1.746416,Public_Transportation,3.0,no,no,0.713823,133.747012,Obesity_Type_III
18.94093,Sometimes,Sometimes,2.864933,1.501647,yes,yes,3.0,Female,1.746411,Public_Transportation,3.0,no,no,0.786846,133.676663,Obesity_Type_III
25.921678,Sometimes,Sometimes,1.031701,0.03465,yes,yes,3.0,Female,1.611452,Public_Transportation,3.0,no,no,0.912345,102.363149,Obesity_Type_III
25.940153,Sometimes,Sometimes,1.000536,0.005939,yes,yes,3.0,Female,1.596813,Public_Transportation,3.0,no,no,0.566353,102.320437,Obesity_Type_III
25.999636,Sometimes,Sometimes,1.020313,0.108386,yes,yes,3.0,Female,1.610126,Public_Transportation,3.0,no,no,1.0,102.686908,Obesity_Type_III
25.907833,Sometimes,Sometimes,1.063422,0.051097,yes,yes,3.0,Female,1.623113,Public_Transportation,3.0,no,no,0.543118,102.555691,Obesity_Type_III
25.991194,Sometimes,Sometimes,2.45126,0.043689,yes,yes,3.0,Female,1.618348,Public_Transportation,3.0,no,no,0.670402,104.94582,Obesity_Type_III
25.993154,Sometimes,Sometimes,2.613504,0.067985,yes,yes,3.0,Female,1.609401,Public_Transportation,3.0,no,no,0.778632,104.854928,Obesity_Type_III
25.988668,Sometimes,Sometimes,1.042989,0.097114,yes,yes,3.0,Female,1.621671,Public_Transportation,3.0,no,no,0.42954,105.313967,Obesity_Type_III
25.976209,Sometimes,Sometimes,1.237557,0.083675,yes,yes,3.0,Female,1.614484,Public_Transportation,3.0,no,no,0.543761,104.999403,Obesity_Type_III
18.743587,Sometimes,Sometimes,2.83377,0.806422,yes,yes,3.0,Female,1.789143,Public_Transportation,3.0,no,no,0.672513,138.202869,Obesity_Type_III
20.323767,Sometimes,Sometimes,2.816052,1.571865,yes,yes,3.0,Female,1.774207,Public_Transportation,3.0,no,no,0.688058,138.143162,Obesity_Type_III
21.394047,Sometimes,Sometimes,2.682909,1.318743,yes,yes,3.0,Female,1.792933,Public_Transportation,3.0,no,no,0.900497,137.832414,Obesity_Type_III
21.838323,Sometimes,Sometimes,2.640539,1.879818,yes,yes,3.0,Female,1.758959,Public_Transportation,3.0,no,no,0.885993,137.79299,Obesity_Type_III
18.20634,Sometimes,Sometimes,2.472903,1.998047,yes,yes,3.0,Female,1.807406,Public_Transportation,3.0,no,no,0.840911,141.799429,Obesity_Type_III
18.532826,Sometimes,Sometimes,2.372058,1.324805,yes,yes,3.0,Female,1.75091,Public_Transportation,3.0,no,no,0.870795,142.545183,Obesity_Type_III
20.438478,Sometimes,Sometimes,2.387991,0.850715,yes,yes,3.0,Female,1.805803,Public_Transportation,3.0,no,no,0.656491,153.149491,Obesity_Type_III
20.796266,Sometimes,Sometimes,2.322003,0.886602,yes,yes,3.0,Female,1.796538,Public_Transportation,3.0,no,no,0.843283,152.473675,Obesity_Type_III
26.0,Sometimes,Sometimes,2.737353,0.0,yes,yes,3.0,Female,1.634894,Public_Transportation,3.0,no,no,0.076094,111.946321,Obesity_Type_III
26.0,Sometimes,Sometimes,2.739351,0.0,yes,yes,3.0,Female,1.639524,Public_Transportation,3.0,no,no,0.064769,111.945588,Obesity_Type_III
26.0,Sometimes,Sometimes,2.632498,0.0,yes,yes,3.0,Female,1.643017,Public_Transportation,3.0,no,no,0.140792,111.720238,Obesity_Type_III
26.0,Sometimes,Sometimes,2.632253,0.0,yes,yes,3.0,Female,1.641849,Public_Transportation,3.0,no,no,0.244205,111.682693,Obesity_Type_III
26.0,Sometimes,Sometimes,2.57721,0.0,yes,yes,3.0,Female,1.621167,Public_Transportation,3.0,no,no,0.402075,104.947703,Obesity_Type_III
25.992898,Sometimes,Sometimes,2.419153,0.019404,yes,yes,3.0,Female,1.638075,Public_Transportation,3.0,no,no,0.597626,105.036522,Obesity_Type_III
26.0,Sometimes,Sometimes,2.609052,0.0,yes,yes,3.0,Female,1.60937,Public_Transportation,3.0,no,no,0.54859,105.407313,Obesity_Type_III
26.0,Sometimes,Sometimes,2.476002,0.0,yes,yes,3.0,Female,1.608283,Public_Transportation,3.0,no,no,0.546345,105.359688,Obesity_Type_III
25.951737,Sometimes,Sometimes,2.225139,0.035928,yes,yes,3.0,Female,1.629442,Public_Transportation,3.0,no,no,0.565315,104.835346,Obesity_Type_III
25.982261,Sometimes,Sometimes,2.556068,0.01682,yes,yes,3.0,Female,1.629225,Public_Transportation,3.0,no,no,0.58284,104.838425,Obesity_Type_III
25.470652,Sometimes,Sometimes,1.423073,0.197993,yes,yes,3.0,Female,1.680218,Public_Transportation,3.0,no,no,0.763359,104.807284,Obesity_Type_III
25.289428,Sometimes,Sometimes,1.299194,0.234303,yes,yes,3.0,Female,1.686033,Public_Transportation,3.0,no,no,0.946888,104.772164,Obesity_Type_III
25.696073,Sometimes,Sometimes,1.679489,0.017804,yes,yes,3.0,Female,1.662978,Public_Transportation,3.0,no,no,0.21523,110.930509,Obesity_Type_III
25.561868,Sometimes,Sometimes,1.49583,0.109327,yes,yes,3.0,Female,1.675185,Public_Transportation,3.0,no,no,0.384129,110.621723,Obesity_Type_III
25.834018,Sometimes,Sometimes,1.81786,0.011161,yes,yes,3.0,Female,1.62456,Public_Transportation,3.0,no,no,0.447224,110.10589,Obesity_Type_III
25.895546,Sometimes,Sometimes,1.967707,0.01437,yes,yes,3.0,Female,1.626179,Public_Transportation,3.0,no,no,0.434073,110.074019,Obesity_Type_III
19.035557,Sometimes,Sometimes,1.441289,1.425712,yes,yes,3.0,Female,1.682594,Public_Transportation,3.0,no,no,0.662277,127.427458,Obesity_Type_III
18.634286,Sometimes,Sometimes,1.144539,0.922014,yes,yes,3.0,Female,1.669354,Public_Transportation,3.0,no,no,0.899673,126.088301,Obesity_Type_III
20.700876,Sometimes,Sometimes,1.353167,1.093679,yes,yes,3.0,Female,1.68838,Public_Transportation,3.0,no,no,0.534553,121.889803,Obesity_Type_III
20.741442,Sometimes,Sometimes,1.409444,0.933595,yes,yes,3.0,Female,1.694439,Public_Transportation,3.0,no,no,0.840393,122.813033,Obesity_Type_III
21.695892,Sometimes,Sometimes,1.959287,1.433151,yes,yes,3.0,Female,1.755476,Public_Transportation,3.0,no,no,0.911335,133.870501,Obesity_Type_III
21.635977,Sometimes,Sometimes,1.931163,1.562213,yes,yes,3.0,Female,1.748106,Public_Transportation,3.0,no,no,0.926565,133.259033,Obesity_Type_III
21.232659,Sometimes,Sometimes,1.651462,1.655993,yes,yes,3.0,Female,1.719913,Public_Transportation,3.0,no,no,0.939982,131.567481,Obesity_Type_III
21.008297,Sometimes,Sometimes,1.683448,1.645532,yes,yes,3.0,Female,1.723587,Public_Transportation,3.0,no,no,0.858059,131.929712,Obesity_Type_III
25.962949,Sometimes,Sometimes,2.395387,0.000272,yes,yes,3.0,Female,1.623812,Public_Transportation,3.0,no,no,0.461532,109.996742,Obesity_Type_III
26.0,Sometimes,Sometimes,2.523793,0.0,yes,yes,3.0,Female,1.624099,Public_Transportation,3.0,no,no,0.383953,109.978402,Obesity_Type_III
26.0,Sometimes,Sometimes,2.638896,0.0,yes,yes,3.0,Female,1.632983,Public_Transportation,3.0,no,no,0.224559,111.157811,Obesity_Type_III
26.0,Sometimes,Sometimes,2.666178,0.0,yes,yes,3.0,Female,1.640745,Public_Transportation,3.0,no,no,0.276907,110.919646,Obesity_Type_III
26.0,Sometimes,Sometimes,2.495851,0.0,yes,yes,3.0,Female,1.629727,Public_Transportation,3.0,no,no,0.218645,111.275646,Obesity_Type_III
26.0,Sometimes,Sometimes,2.609188,0.0,yes,yes,3.0,Female,1.624134,Public_Transportation,3.0,no,no,0.17403,111.531208,Obesity_Type_III
25.964788,Sometimes,Sometimes,2.471721,9.6e-05,yes,yes,3.0,Female,1.623938,Public_Transportation,3.0,no,no,0.433463,109.984263,Obesity_Type_III
25.994949,Sometimes,Sometimes,2.447306,0.000454,yes,yes,3.0,Female,1.593321,Public_Transportation,3.0,no,no,0.486558,110.168166,Obesity_Type_III
20.952737,Sometimes,Sometimes,1.674061,1.683497,yes,yes,3.0,Female,1.730333,Public_Transportation,3.0,no,no,0.780199,132.116491,Obesity_Type_III
20.978166,Sometimes,Sometimes,1.678791,1.68249,yes,yes,3.0,Female,1.721057,Public_Transportation,3.0,no,no,0.818871,132.054793,Obesity_Type_III
21.67447,Sometimes,Sometimes,1.777805,1.584716,yes,yes,3.0,Female,1.71978,Public_Transportation,3.0,no,no,0.927341,132.262558,Obesity_Type_III
21.568951,Sometimes,Sometimes,1.733306,1.773304,yes,yes,3.0,Female,1.699315,Public_Transportation,3.0,no,no,0.921136,133.10761,Obesity_Type_III
23.647935,Sometimes,Sometimes,2.435978,0.232742,yes,yes,3.0,Female,1.681394,Public_Transportation,3.0,no,no,0.692608,114.479459,Obesity_Type_III
24.196367,Sometimes,Sometimes,2.909675,0.360908,yes,yes,3.0,Female,1.697421,Public_Transportation,3.0,no,no,0.573887,114.482386,Obesity_Type_III
24.284833,Sometimes,Sometimes,2.75137,0.324913,yes,yes,3.0,Female,1.650726,Public_Transportation,3.0,no,no,0.516764,113.774198,Obesity_Type_III
24.693108,Sometimes,Sometimes,2.887909,0.312923,yes,yes,3.0,Female,1.667383,Public_Transportation,3.0,no,no,0.210997,112.982549,Obesity_Type_III
18.862264,Sometimes,Sometimes,2.411582,0.985287,yes,yes,3.0,Female,1.746277,Public_Transportation,3.0,no,no,0.675076,128.705761,Obesity_Type_III
18.423482,Sometimes,Sometimes,2.38639,1.544632,yes,yes,3.0,Female,1.735461,Public_Transportation,3.0,no,no,0.900067,126.798173,Obesity_Type_III
20.394082,Sometimes,Sometimes,2.232601,0.554323,yes,yes,3.0,Female,1.747714,Public_Transportation,3.0,no,no,0.836151,128.148108,Obesity_Type_III
20.217015,Sometimes,Sometimes,1.755907,1.48809,yes,yes,3.0,Female,1.71582,Public_Transportation,3.0,no,no,0.857718,129.466541,Obesity_Type_III
21.330178,Sometimes,Sometimes,2.336349,1.4164,yes,yes,3.0,Female,1.747987,Public_Transportation,3.0,no,no,0.711724,147.296186,Obesity_Type_III
19.528936,Sometimes,Sometimes,2.562002,1.976427,yes,yes,3.0,Female,1.817917,Public_Transportation,3.0,no,no,0.740331,142.559161,Obesity_Type_III
19.364339,Sometimes,Sometimes,2.305574,1.734424,yes,yes,3.0,Female,1.80835,Public_Transportation,3.0,no,no,0.863043,150.51648,Obesity_Type_III
21.131526,Sometimes,Sometimes,2.319912,1.582675,yes,yes,3.0,Female,1.739457,Public_Transportation,3.0,no,no,0.680746,150.37757,Obesity_Type_III
19.012872,Sometimes,Sometimes,2.70196,1.465909,yes,yes,3.0,Female,1.742062,Public_Transportation,3.0,no,no,0.813235,133.779919,Obesity_Type_III
18.469086,Sometimes,Sometimes,2.474518,1.560261,yes,yes,3.0,Female,1.741925,Public_Transportation,3.0,no,no,0.662489,133.017105,Obesity_Type_III
21.572114,Sometimes,Sometimes,2.748569,1.427037,yes,yes,3.0,Female,1.751067,Public_Transportation,3.0,no,no,0.902825,133.845064,Obesity_Type_III
21.680123,Sometimes,Sometimes,2.827773,1.412357,yes,yes,3.0,Female,1.749118,Public_Transportation,3.0,no,no,0.901071,133.955091,Obesity_Type_III
24.469756,Sometimes,Sometimes,2.632224,0.300964,yes,yes,3.0,Female,1.663341,Public_Transportation,3.0,no,no,0.26956,113.077187,Obesity_Type_III
25.12791,Sometimes,Sometimes,2.868679,0.115369,yes,yes,3.0,Female,1.668537,Public_Transportation,3.0,no,no,0.028583,112.555456,Obesity_Type_III
25.986368,Sometimes,Sometimes,2.930137,0.043101,yes,yes,3.0,Female,1.668951,Public_Transportation,3.0,no,no,0.138629,112.249699,Obesity_Type_III
25.951979,Sometimes,Sometimes,2.961899,0.259424,yes,yes,3.0,Female,1.661712,Public_Transportation,3.0,no,no,0.080128,112.098616,Obesity_Type_III
26.0,Sometimes,Sometimes,2.550672,0.0,yes,yes,3.0,Female,1.633442,Public_Transportation,3.0,no,no,0.224655,111.821817,Obesity_Type_III
26.0,Sometimes,Sometimes,2.584305,0.0,yes,yes,3.0,Female,1.63302,Public_Transportation,3.0,no,no,0.232108,111.863186,Obesity_Type_III
26.0,Sometimes,Sometimes,2.621976,0.0,yes,yes,3.0,Female,1.633887,Public_Transportation,3.0,no,no,0.123861,111.878132,Obesity_Type_III
26.0,Sometimes,Sometimes,2.722276,0.0,yes,yes,3.0,Female,1.643421,Public_Transportation,3.0,no,no,0.091711,111.939983,Obesity_Type_III
26.0,Sometimes,Sometimes,2.634342,0.0,yes,yes,3.0,Female,1.640535,Public_Transportation,3.0,no,no,0.178301,111.555967,Obesity_Type_III
26.0,Sometimes,Sometimes,2.61939,0.0,yes,yes,3.0,Female,1.626483,Public_Transportation,3.0,no,no,0.171034,111.357062,Obesity_Type_III
26.0,Sometimes,Sometimes,2.78678,0.0,yes,yes,3.0,Female,1.64599,Public_Transportation,3.0,no,no,0.09776,111.922491,Obesity_Type_III
26.0,Sometimes,Sometimes,2.768141,0.0,yes,yes,3.0,Female,1.643892,Public_Transportation,3.0,no,no,0.094213,111.884535,Obesity_Type_III
25.97731,Sometimes,Sometimes,1.71659,0.001272,yes,yes,3.0,Female,1.617817,Public_Transportation,3.0,no,no,0.545993,104.950776,Obesity_Type_III
25.955014,Sometimes,Sometimes,2.094901,0.07089,yes,yes,3.0,Female,1.626449,Public_Transportation,3.0,no,no,0.599441,104.879602,Obesity_Type_III
25.996716,Sometimes,Sometimes,2.347322,0.008013,yes,yes,3.0,Female,1.62658,Public_Transportation,3.0,no,no,0.503896,105.037203,Obesity_Type_III
25.992348,Sometimes,Sometimes,2.331123,0.063383,yes,yes,3.0,Female,1.606474,Public_Transportation,3.0,no,no,0.561661,104.954291,Obesity_Type_III
25.974446,Sometimes,Sometimes,1.757105,0.085119,yes,yes,3.0,Female,1.628855,Public_Transportation,3.0,no,no,0.465444,108.090006,Obesity_Type_III
25.777565,Sometimes,Sometimes,2.506631,0.025787,yes,yes,3.0,Female,1.628205,Public_Transportation,3.0,no,no,0.484165,107.378702,Obesity_Type_III
25.722004,Sometimes,Sometimes,2.48707,0.067329,yes,yes,3.0,Female,1.62847,Public_Transportation,3.0,no,no,0.455823,107.218949,Obesity_Type_III
25.765628,Sometimes,Sometimes,2.320068,0.045246,yes,yes,3.0,Female,1.627839,Public_Transportation,3.0,no,no,0.413106,108.10736,Obesity_Type_III
21.016849,Sometimes,Sometimes,1.650612,1.537639,yes,yes,3.0,Female,1.724268,Public_Transportation,3.0,no,no,0.912457,133.033523,Obesity_Type_III
21.682367,Sometimes,Sometimes,1.610768,1.510398,yes,yes,3.0,Female,1.732383,Public_Transportation,3.0,no,no,0.931455,133.043941,Obesity_Type_III
21.285965,Sometimes,Sometimes,1.796267,1.728332,yes,yes,3.0,Female,1.72692,Public_Transportation,3.0,no,no,0.897924,131.335786,Obesity_Type_III
20.976842,Sometimes,Sometimes,1.728139,1.676269,yes,yes,3.0,Female,1.71073,Public_Transportation,3.0,no,no,0.906247,131.408528,Obesity_Type_III
21.982942,Sometimes,Sometimes,2.00513,1.34139,yes,yes,3.0,Female,1.748584,Public_Transportation,3.0,no,no,0.59927,133.742943,Obesity_Type_III
22.524036,Sometimes,Sometimes,2.054193,1.414209,yes,yes,3.0,Female,1.752206,Public_Transportation,3.0,no,no,0.646288,133.689352,Obesity_Type_III
24.361936,Sometimes,Sometimes,2.852339,1.139107,yes,yes,3.0,Female,1.73945,Public_Transportation,3.0,no,no,0.586035,133.346641,Obesity_Type_III
23.664709,Sometimes,Sometimes,2.863513,1.026452,yes,yes,3.0,Female,1.738836,Public_Transportation,3.0,no,no,0.714137,133.472641,Obesity_Type_III
