bruises,cap-color,cap-shape,cap-surface,gill-size,gill-spacing,habitat,ring-number,stalk-root,stalk-shape,stalk-surface-above-ring,stalk-surface-below-ring,veil-color,poisonous
t,n,x,s,n,c,u,o,e,e,s,s,w,p
t,y,x,s,b,c,g,o,c,e,s,s,w,e
t,w,b,s,b,c,m,o,c,e,s,s,w,e
t,w,x,y,n,c,u,o,e,e,s,s,w,p
f,g,x,s,b,w,g,o,e,t,s,s,w,e
t,y,x,y,b,c,g,o,c,e,s,s,w,e
t,w,b,s,b,c,m,o,c,e,s,s,w,e
t,w,b,y,b,c,m,o,c,e,s,s,w,e
t,w,x,y,n,c,g,o,e,e,s,s,w,p
t,y,b,s,b,c,m,o,c,e,s,s,w,e
t,y,x,y,b,c,g,o,c,e,s,s,w,e
t,y,x,y,b,c,m,o,c,e,s,s,w,e
t,y,b,s,b,c,g,o,c,e,s,s,w,e
t,w,x,y,n,c,u,o,e,e,s,s,w,p
f,n,x,f,b,w,g,o,e,t,s,f,w,e
f,g,s,f,n,c,u,o,e,e,s,s,w,e
f,w,f,f,b,w,g,o,e,t,s,s,w,e
t,n,x,s,n,c,g,o,e,e,s,s,w,p
t,w,x,y,n,c,u,o,e,e,s,s,w,p
t,n,x,s,n,c,u,o,e,e,s,s,w,p
t,y,b,s,b,c,m,o,c,e,s,s,w,e
t,n,x,y,n,c,g,o,e,e,s,s,w,p
t,y,b,y,b,c,m,o,c,e,s,s,w,e
t,w,b,y,b,c,m,o,c,e,s,s,w,e
t,w,b,s,b,c,m,o,c,e,s,s,w,e
t,w,f,s,n,c,g,o,e,e,s,s,w,p
t,y,x,y,b,c,m,o,c,e,s,s,w,e
t,w,x,y,b,c,m,o,c,e,s,s,w,e
f,n,f,f,n,c,u,o,e,e,s,s,w,e
t,y,x,s,n,w,d,o,b,t,s,s,w,e
t,y,b,s,b,c,m,o,c,e,s,s,w,e
t,w,x,y,n,c,u,o,e,e,s,s,w,p
t,y,x,y,b,c,m,o,c,e,s,s,w,e
t,n,x,y,b,c,p,o,r,e,s,y,w,e
t,y,b,y,b,c,m,o,c,e,s,s,w,e
t,y,x,f,n,w,d,o,b,t,s,s,w,e
f,g,s,f,n,c,u,o,e,e,s,s,w,e
t,n,x,y,n,c,u,o,e,e,s,s,w,p
t,y,x,f,n,w,d,o,b,t,s,s,w,e
t,y,b,s,b,c,m,o,c,e,s,s,w,e
t,y,b,y,b,c,g,o,c,e,s,s,w,e
t,y,x,y,b,c,p,o,r,e,s,y,w,e
f,n,x,f,n,c,u,o,e,e,s,s,w,e
t,w,x,y,n,c,g,o,e,e,s,s,w,p
t,y,x,s,b,c,m,o,c,e,s,s,w,e
t,w,x,y,b,c,g,o,c,e,s,s,w,e
t,y,x,y,b,c,m,o,c,e,s,s,w,e
t,w,x,s,b,c,m,o,c,e,s,s,w,e
t,y,x,y,b,c,p,o,r,e,s,y,w,e
t,y,f,y,b,c,p,o,r,e,s,y,w,e
t,n,x,y,b,c,g,o,r,e,s,y,w,e
t,w,x,s,b,c,g,o,c,e,s,s,w,e
t,w,b,s,b,c,m,o,c,e,s,s,w,e
t,n,x,y,n,c,u,o,e,e,s,s,w,p
t,w,x,s,n,c,u,o,e,e,s,s,w,p
t,y,b,y,b,c,m,o,c,e,s,s,w,e
f,g,f,f,b,w,g,o,e,t,s,s,w,e
t,w,b,s,b,c,g,o,c,e,s,s,w,e
t,y,x,s,b,c,g,o,c,e,s,s,w,e
t,n,x,y,b,c,p,o,r,e,s,y,w,e
f,g,s,f,n,c,u,o,e,e,s,s,w,e
t,y,b,y,b,c,m,o,c,e,s,s,w,e
t,y,b,s,b,c,m,o,c,e,s,s,w,e
t,y,b,y,b,c,m,o,c,e,s,s,w,e
t,w,b,y,b,c,g,o,c,e,s,s,w,e
f,n,f,s,b,w,g,o,e,t,s,s,w,e
t,w,x,s,b,c,g,o,c,e,s,s,w,e
t,y,f,y,b,c,g,o,r,e,s,y,w,e
t,y,x,y,b,c,g,o,c,e,s,s,w,e
f,g,x,f,n,c,u,o,e,e,s,s,w,e
t,y,f,f,n,w,d,o,b,t,s,s,w,e
t,w,b,y,b,c,m,o,c,e,s,s,w,e
t,y,f,f,n,w,d,o,b,t,s,s,w,e
t,n,x,y,b,c,p,o,r,e,s,y,w,e
t,y,b,s,b,c,g,o,c,e,s,s,w,e
t,y,f,s,n,w,d,o,b,t,s,s,w,e
t,w,x,s,n,w,d,o,b,t,s,s,w,e
t,n,f,y,b,c,p,o,r,e,s,y,w,e
t,n,x,y,n,c,u,o,e,e,s,s,w,p
t,n,f,y,b,c,g,o,r,e,s,y,w,e
f,n,x,s,b,w,g,o,e,t,f,s,w,e
t,w,x,y,n,c,g,o,e,e,s,s,w,p
f,g,f,f,n,c,u,o,e,e,s,s,w,e
f,g,x,f,b,w,g,o,e,t,s,s,w,e
t,y,x,y,b,c,g,o,r,e,s,y,w,e
f,n,x,s,b,w,g,o,e,t,s,s,w,e
t,w,b,s,b,c,g,o,c,e,s,s,w,e
t,w,x,s,b,c,g,o,c,e,s,s,w,e
t,n,f,y,b,c,g,o,r,e,s,y,w,e
f,n,s,f,n,c,u,o,e,e,s,s,w,e
f,n,x,f,n,c,u,o,e,e,s,s,w,e
t,w,b,s,b,c,g,o,c,e,s,s,w,e
t,y,x,y,b,c,g,o,c,e,s,s,w,e
t,y,x,y,b,c,m,o,c,e,s,s,w,e
f,n,x,s,b,w,g,o,e,t,s,s,w,e
t,w,x,s,b,c,g,o,c,e,s,s,w,e
t,n,f,y,b,c,g,o,r,e,s,y,w,e
t,y,x,s,b,c,g,o,c,e,s,s,w,e
t,w,b,s,b,c,g,o,c,e,s,s,w,e
t,w,x,y,b,c,g,o,c,e,s,s,w,e
f,n,x,f,b,w,g,o,e,t,f,s,w,e
t,y,b,s,b,c,g,o,c,e,s,s,w,e
t,y,f,y,b,c,g,o,r,e,s,y,w,e
t,y,x,y,b,c,p,o,r,e,s,y,w,e
t,w,b,y,b,c,g,o,c,e,s,s,w,e
t,y,x,y,b,c,m,o,c,e,s,s,w,e
t,y,x,y,b,c,g,o,r,e,s,y,w,e
t,w,b,y,b,c,m,o,c,e,s,s,w,e
t,w,b,y,b,c,m,o,c,e,s,s,w,e
t,y,x,s,b,c,m,o,c,e,s,s,w,e
t,y,x,s,b,c,g,o,c,e,s,s,w,e
f,g,s,f,n,c,u,o,e,e,s,s,w,e
t,w,x,f,n,w,d,o,b,t,s,s,w,e
t,y,x,s,b,c,m,o,c,e,s,s,w,e
t,w,x,y,n,c,u,o,e,e,s,s,w,p
t,y,x,y,b,c,g,o,r,e,s,y,w,e
f,g,s,f,n,c,u,o,e,e,s,s,w,e
t,y,x,y,b,c,g,o,r,e,s,y,w,e
t,y,x,s,n,w,d,o,b,t,s,s,w,e
f,n,s,f,n,c,u,o,e,e,s,s,w,e
t,w,x,s,n,c,g,o,e,e,s,s,w,p
t,w,x,y,b,c,m,o,c,e,s,s,w,e
t,n,f,y,n,c,g,o,e,e,s,s,w,p
f,g,f,s,b,w,g,o,e,t,s,s,w,e
t,y,x,s,b,c,m,o,c,e,s,s,w,e
f,w,x,s,b,w,g,o,e,t,s,f,w,e
t,y,b,s,b,c,g,o,c,e,s,s,w,e
f,g,f,f,b,w,g,o,e,t,s,s,w,e
t,w,x,s,b,c,g,o,c,e,s,s,w,e
t,w,b,s,b,c,m,o,c,e,s,s,w,e
t,w,b,s,b,c,g,o,c,e,s,s,w,e
t,w,b,y,b,c,m,o,c,e,s,s,w,e
t,w,f,s,n,w,d,o,b,t,s,s,w,e
t,y,x,y,b,c,m,o,c,e,s,s,w,e
t,w,f,s,n,w,d,o,b,t,s,s,w,e
t,w,x,y,n,c,u,o,e,e,s,s,w,p
t,w,f,f,n,w,d,o,b,t,s,s,w,e
t,y,x,y,b,c,g,o,c,e,s,s,w,e
t,n,x,s,n,c,g,o,e,e,s,s,w,p
t,y,b,s,b,c,g,o,c,e,s,s,w,e
t,n,x,y,b,c,p,o,r,e,s,y,w,e
t,y,b,y,b,c,m,o,c,e,s,s,w,e
f,n,s,f,n,c,u,o,e,e,s,s,w,e
t,n,f,y,b,c,p,o,r,e,s,y,w,e
t,y,x,y,b,c,g,o,c,e,s,s,w,e
f,g,x,f,b,w,g,o,e,t,f,f,w,e
f,w,f,f,b,w,g,o,e,t,s,f,w,e
t,y,x,y,b,c,m,o,c,e,s,s,w,e
t,y,b,s,b,c,g,o,c,e,s,s,w,e
t,w,b,y,b,c,m,o,c,e,s,s,w,e
t,w,x,y,b,c,g,o,c,e,s,s,w,e
f,n,x,s,b,w,g,o,e,t,f,s,w,e
t,w,x,y,b,c,g,o,c,e,s,s,w,e
f,n,s,f,n,c,u,o,e,e,s,s,w,e
t,w,x,s,n,w,d,o,b,t,s,s,w,e
t,n,x,y,b,c,g,o,r,e,s,y,w,e
t,y,b,y,b,c,g,o,c,e,s,s,w,e
t,w,x,y,b,c,g,o,c,e,s,s,w,e
t,w,b,y,b,c,m,o,c,e,s,s,w,e
t,y,b,s,b,c,g,o,c,e,s,s,w,e
t,y,b,s,b,c,m,o,c,e,s,s,w,e
t,y,b,y,b,c,g,o,c,e,s,s,w,e
f,n,x,f,n,c,u,o,e,e,s,s,w,e
t,n,f,y,b,c,g,o,r,e,s,y,w,e
t,w,x,y,b,c,g,o,c,e,s,s,w,e
t,y,f,y,b,c,p,o,r,e,s,y,w,e
t,w,b,s,b,c,g,o,c,e,s,s,w,e
t,w,b,s,b,c,m,o,c,e,s,s,w,e
t,n,x,y,b,c,g,o,r,e,s,y,w,e
t,w,b,s,b,c,g,o,c,e,s,s,w,e
f,g,x,f,n,c,u,o,e,e,s,s,w,e
t,y,b,s,b,c,g,o,c,e,s,s,w,e
t,y,x,f,n,w,d,o,b,t,s,s,w,e
t,y,b,y,b,c,g,o,c,e,s,s,w,e
t,y,f,y,b,c,g,o,r,e,s,y,w,e
t,w,b,y,b,c,m,o,c,e,s,s,w,e
t,w,b,y,b,c,m,o,c,e,s,s,w,e
t,y,b,y,b,c,g,o,c,e,s,s,w,e
t,y,x,y,b,c,m,o,c,e,s,s,w,e
t,y,b,s,b,c,g,o,c,e,s,s,w,e
t,w,x,y,n,c,u,o,e,e,s,s,w,p
f,n,s,f,n,c,u,o,e,e,s,s,w,e
f,n,f,f,n,c,u,o,e,e,s,s,w,e
t,y,x,s,b,c,m,o,c,e,s,s,w,e
t,n,f,y,b,c,p,o,r,e,s,y,w,e
t,w,x,y,n,c,g,o,e,e,s,s,w,p
t,w,b,s,b,c,m,o,c,e,s,s,w,e
f,g,f,f,n,c,u,o,e,e,s,s,w,e
t,y,b,y,b,c,g,o,c,e,s,s,w,e
t,n,x,y,b,c,p,o,r,e,s,y,w,e
f,w,x,f,b,w,g,o,e,t,s,f,w,e
t,w,x,s,n,w,d,o,b,t,s,s,w,e
t,w,b,s,b,c,m,o,c,e,s,s,w,e
t,y,f,s,n,w,d,o,b,t,s,s,w,e
t,y,x,s,b,c,m,o,c,e,s,s,w,e
f,g,f,f,n,c,u,o,e,e,s,s,w,e
t,y,b,s,b,c,g,o,c,e,s,s,w,e
t,w,x,s,b,c,m,o,c,e,s,s,w,e
t,w,x,y,b,c,m,o,c,e,s,s,w,e
t,w,f,s,n,w,d,o,b,t,s,s,w,e
t,y,x,y,b,c,g,o,c,e,s,s,w,e
t,w,b,s,b,c,g,o,c,e,s,s,w,e
t,w,x,s,b,c,g,o,c,e,s,s,w,e
f,w,x,f,b,w,g,o,e,t,f,s,w,e
t,n,f,y,b,c,p,o,r,e,s,y,w,e
t,w,x,s,n,c,u,o,e,e,s,s,w,p
t,w,b,s,b,c,g,o,c,e,s,s,w,e
t,w,b,s,b,c,m,o,c,e,s,s,w,e
t,w,b,y,b,c,g,o,c,e,s,s,w,e
t,w,b,y,b,c,g,o,c,e,s,s,w,e
t,y,x,s,b,c,g,o,c,e,s,s,w,e
t,w,b,s,b,c,m,o,c,e,s,s,w,e
t,y,x,f,n,w,d,o,b,t,s,s,w,e
f,g,x,f,n,c,u,o,e,e,s,s,w,e
t,y,f,y,b,c,g,o,r,e,s,y,w,e
t,w,b,s,b,c,m,o,c,e,s,s,w,e
t,y,x,s,b,c,g,o,c,e,s,s,w,e
t,y,x,y,b,c,g,o,c,e,s,s,w,e
t,w,x,y,b,c,g,o,c,e,s,s,w,e
f,g,s,f,n,c,u,o,e,e,s,s,w,e
t,w,x,s,b,c,m,o,c,e,s,s,w,e
t,w,x,s,n,c,g,o,e,e,s,s,w,p
t,y,x,y,b,c,g,o,r,e,s,y,w,e
t,w,f,f,n,w,d,o,b,t,s,s,w,e
t,w,x,y,b,c,m,o,c,e,s,s,w,e
t,w,b,y,b,c,g,o,c,e,s,s,w,e
t,w,x,s,b,c,g,o,c,e,s,s,w,e
t,y,x,s,b,c,g,o,c,e,s,s,w,e
t,n,x,y,n,c,u,o,e,e,s,s,w,p
t,y,b,s,b,c,g,o,c,e,s,s,w,e
f,g,x,f,n,c,u,o,e,e,s,s,w,e
t,w,x,y,n,c,u,o,e,e,s,s,w,p
t,y,x,y,b,c,p,o,r,e,s,y,w,e
f,n,f,f,n,c,u,o,e,e,s,s,w,e
t,w,b,s,b,c,g,o,c,e,s,s,w,e
t,w,x,f,n,w,d,o,b,t,s,s,w,e
t,w,x,y,b,c,g,o,c,e,s,s,w,e
t,y,b,y,b,c,g,o,c,e,s,s,w,e
t,y,x,y,b,c,g,o,r,e,s,y,w,e
t,y,f,y,b,c,p,o,r,e,s,y,w,e
t,y,f,y,b,c,p,o,r,e,s,y,w,e
t,w,x,s,b,c,g,o,c,e,s,s,w,e
t,w,x,s,b,c,m,o,c,e,s,s,w,e
t,w,x,s,n,c,u,o,e,e,s,s,w,p
t,w,f,f,n,w,d,o,b,t,s,s,w,e
t,w,x,s,b,c,g,o,c,e,s,s,w,e
t,w,x,s,n,w,d,o,b,t,s,s,w,e
t,w,x,y,b,c,m,o,c,e,s,s,w,e
t,y,f,y,b,c,p,o,r,e,s,y,w,e
f,n,x,s,b,w,g,o,e,t,f,s,w,e
t,y,f,y,b,c,g,o,r,e,s,y,w,e
t,n,x,s,n,c,g,o,e,e,s,s,w,p
f,n,s,f,n,c,u,o,e,e,s,s,w,e
t,y,b,y,b,c,m,o,c,e,s,s,w,e
t,w,b,s,b,c,g,o,c,e,s,s,w,e
t,w,b,y,b,c,m,o,c,e,s,s,w,e
f,n,f,f,n,c,u,o,e,e,s,s,w,e
t,w,x,s,b,c,m,o,c,e,s,s,w,e
t,w,b,y,b,c,g,o,c,e,s,s,w,e
t,w,b,y,b,c,m,o,c,e,s,s,w,e
t,n,f,y,b,c,g,o,r,e,s,y,w,e
t,w,x,y,n,c,g,o,e,e,s,s,w,p
t,w,x,s,b,c,g,o,c,e,s,s,w,e
t,w,x,y,b,c,m,o,c,e,s,s,w,e
t,w,f,f,n,w,d,o,b,t,s,s,w,e
f,g,f,f,n,c,u,o,e,e,s,s,w,e
f,g,f,s,b,w,g,o,e,t,s,s,w,e
t,y,x,y,b,c,m,o,c,e,s,s,w,e
t,w,b,s,b,c,m,o,c,e,s,s,w,e
t,n,f,y,n,c,u,o,e,e,s,s,w,p
t,w,x,s,b,c,m,o,c,e,s,s,w,e
t,n,f,s,n,c,u,o,e,e,s,s,w,p
t,w,x,y,b,c,g,o,c,e,s,s,w,e
t,y,x,y,b,c,m,o,c,e,s,s,w,e
t,y,f,y,b,c,p,o,r,e,s,y,w,e
t,n,x,y,b,c,p,o,r,e,s,y,w,e
t,n,f,y,b,c,g,o,r,e,s,y,w,e
t,w,x,y,b,c,m,o,c,e,s,s,w,e
f,n,f,f,b,w,g,o,e,t,s,s,w,e
t,y,x,s,b,c,m,o,c,e,s,s,w,e
t,w,x,y,n,c,g,o,e,e,s,s,w,p
t,y,b,y,b,c,m,o,c,e,s,s,w,e
f,n,s,f,n,c,u,o,e,e,s,s,w,e
t,y,x,s,b,c,m,o,c,e,s,s,w,e
t,w,b,y,b,c,m,o,c,e,s,s,w,e
t,n,f,y,b,c,g,o,r,e,s,y,w,e
t,y,b,y,b,c,m,o,c,e,s,s,w,e
t,w,b,y,b,c,g,o,c,e,s,s,w,e
t,n,x,y,b,c,p,o,r,e,s,y,w,e
f,g,f,f,n,c,u,o,e,e,s,s,w,e
f,g,x,f,n,c,u,o,e,e,s,s,w,e
t,y,b,y,b,c,g,o,c,e,s,s,w,e
t,y,x,s,b,c,m,o,c,e,s,s,w,e
t,w,b,y,b,c,g,o,c,e,s,s,w,e
t,w,x,s,b,c,m,o,c,e,s,s,w,e
t,y,b,s,b,c,m,o,c,e,s,s,w,e
t,y,x,s,b,c,m,o,c,e,s,s,w,e
f,g,x,f,b,w,g,o,e,t,f,f,w,e
t,y,f,s,n,w,d,o,b,t,s,s,w,e
t,w,x,y,n,c,g,o,e,e,s,s,w,p
f,w,x,f,b,w,g,o,e,t,f,s,w,e
t,w,b,y,b,c,g,o,c,e,s,s,w,e
t,y,x,s,n,w,d,o,b,t,s,s,w,e
t,w,b,y,b,c,g,o,c,e,s,s,w,e
t,w,x,y,b,c,g,o,c,e,s,s,w,e
t,n,x,f,b,c,d,o,b,t,s,s,w,e
t,w,b,y,b,c,m,o,c,e,s,s,w,e
t,y,x,s,b,c,m,o,c,e,s,s,w,e
t,n,f,y,b,c,g,o,r,e,s,y,w,e
f,w,x,f,b,w,g,o,e,t,s,s,w,e
t,y,x,s,b,c,g,o,c,e,s,s,w,e
t,w,x,y,n,c,g,o,e,e,s,s,w,p
t,y,x,y,b,c,g,o,c,e,s,s,w,e
t,w,x,f,n,w,d,o,b,t,s,s,w,e
t,y,b,s,b,c,g,o,c,e,s,s,w,e
t,w,x,y,n,c,u,o,e,e,s,s,w,p
t,y,x,s,n,w,d,o,b,t,s,s,w,e
t,w,x,y,b,c,m,o,c,e,s,s,w,e
t,w,x,f,n,w,d,o,b,t,s,s,w,e
t,w,f,s,n,w,d,o,b,t,s,s,w,e
t,y,x,y,b,c,m,o,c,e,s,s,w,e
t,y,f,f,n,w,d,o,b,t,s,s,w,e
t,w,x,s,b,c,g,o,c,e,s,s,w,e
t,y,b,y,b,c,m,o,c,e,s,s,w,e
t,n,x,y,b,c,p,o,r,e,s,y,w,e
t,w,b,y,b,c,g,o,c,e,s,s,w,e
t,y,x,s,b,c,m,o,c,e,s,s,w,e
t,n,x,y,n,c,u,o,e,e,s,s,w,p
t,y,b,s,b,c,g,o,c,e,s,s,w,e
t,w,b,y,b,c,g,o,c,e,s,s,w,e
t,n,x,y,n,c,u,o,e,e,s,s,w,p
t,w,b,s,b,c,m,o,c,e,s,s,w,e
t,y,b,y,b,c,m,o,c,e,s,s,w,e
t,y,b,y,b,c,g,o,c,e,s,s,w,e
t,w,x,y,b,c,g,o,c,e,s,s,w,e
t,n,x,f,b,c,d,o,b,t,s,s,w,e
t,n,x,y,b,c,g,o,r,e,s,y,w,e
t,y,b,s,b,c,g,o,c,e,s,s,w,e
f,g,x,f,n,c,u,o,e,e,s,s,w,e
t,n,x,y,b,c,g,o,r,e,s,y,w,e
t,w,x,s,b,c,g,o,c,e,s,s,w,e
t,w,b,y,b,c,g,o,c,e,s,s,w,e
t,y,x,s,b,c,m,o,c,e,s,s,w,e
t,y,f,f,n,w,d,o,b,t,s,s,w,e
t,y,b,y,b,c,g,o,c,e,s,s,w,e
f,n,x,f,b,w,g,o,e,t,s,f,w,e
t,y,x,f,n,w,d,o,b,t,s,s,w,e
t,y,x,s,b,c,m,o,c,e,s,s,w,e
f,g,f,s,b,w,g,o,e,t,s,f,w,e
f,n,x,f,n,c,u,o,e,e,s,s,w,e
f,g,f,s,b,w,g,o,e,t,f,f,w,e
t,n,f,y,b,c,p,o,r,e,s,y,w,e
t,w,b,y,b,c,g,o,c,e,s,s,w,e
t,y,b,s,b,c,m,o,c,e,s,s,w,e
t,y,x,y,b,c,p,o,r,e,s,y,w,e
f,g,s,f,n,c,u,o,e,e,s,s,w,e
t,n,f,y,b,c,p,o,r,e,s,y,w,e
t,n,x,y,n,c,u,o,e,e,s,s,w,p
t,y,x,y,b,c,p,o,r,e,s,y,w,e
t,y,x,y,b,c,g,o,c,e,s,s,w,e
f,n,x,f,b,w,g,o,e,t,s,f,w,e
f,n,x,f,b,w,g,o,e,t,f,f,w,e
f,n,f,s,b,w,g,o,e,t,f,s,w,e
t,n,f,y,b,c,p,o,r,e,s,y,w,e
t,y,x,s,b,c,g,o,c,e,s,s,w,e
f,n,f,f,n,c,u,o,e,e,s,s,w,e
t,y,x,y,b,c,p,o,r,e,s,y,w,e
t,y,x,f,n,w,d,o,b,t,s,s,w,e
t,y,b,y,b,c,g,o,c,e,s,s,w,e
f,g,x,f,b,w,g,o,e,t,s,s,w,e
t,y,x,y,b,c,g,o,r,e,s,y,w,e
t,n,f,y,b,c,g,o,r,e,s,y,w,e
t,y,x,s,b,c,m,o,c,e,s,s,w,e
f,n,s,f,n,c,u,o,e,e,s,s,w,e
t,w,x,s,b,c,m,o,c,e,s,s,w,e
t,w,b,s,b,c,g,o,c,e,s,s,w,e
f,n,s,f,n,c,u,o,e,e,s,s,w,e
t,y,b,y,b,c,m,o,c,e,s,s,w,e
t,y,x,y,b,c,g,o,c,e,s,s,w,e
t,y,b,y,b,c,g,o,c,e,s,s,w,e
t,n,x,y,n,c,u,o,e,e,s,s,w,p
f,w,x,s,b,w,g,o,e,t,f,s,w,e
t,w,x,y,b,c,m,o,c,e,s,s,w,e
t,w,b,s,b,c,g,o,c,e,s,s,w,e
t,n,x,f,b,c,d,o,b,t,s,s,w,e
t,n,x,s,n,c,u,o,e,e,s,s,w,p
t,n,x,y,b,c,p,o,r,e,s,y,w,e
f,n,x,s,b,w,g,o,e,t,s,s,w,e
t,y,b,y,b,c,m,o,c,e,s,s,w,e
t,y,x,s,b,c,m,o,c,e,s,s,w,e
t,y,b,s,b,c,m,o,c,e,s,s,w,e
t,y,x,s,b,c,m,o,c,e,s,s,w,e
t,w,b,y,b,c,g,o,c,e,s,s,w,e
f,g,x,f,n,c,u,o,e,e,s,s,w,e
t,n,f,y,b,c,g,o,r,e,s,y,w,e
f,g,x,f,b,w,g,o,e,t,f,f,w,e
t,w,x,s,b,c,m,o,c,e,s,s,w,e
t,y,x,y,b,c,m,o,c,e,s,s,w,e
f,g,x,f,n,c,u,o,e,e,s,s,w,e
t,n,x,s,n,c,u,o,e,e,s,s,w,p
t,w,b,y,b,c,g,o,c,e,s,s,w,e
t,w,b,y,b,c,m,o,c,e,s,s,w,e
t,n,x,y,n,c,u,o,e,e,s,s,w,p
t,y,b,s,b,c,m,o,c,e,s,s,w,e
t,w,x,s,b,c,m,o,c,e,s,s,w,e
t,y,x,y,b,c,m,o,c,e,s,s,w,e
t,y,b,y,b,c,g,o,c,e,s,s,w,e
t,w,x,s,b,c,m,o,c,e,s,s,w,e
t,w,x,s,b,c,g,o,c,e,s,s,w,e
t,n,x,y,b,c,p,o,r,e,s,y,w,e
t,w,x,s,b,c,m,o,c,e,s,s,w,e
f,n,x,s,b,w,g,o,e,t,f,f,w,e
t,n,x,y,b,c,p,o,r,e,s,y,w,e
t,y,x,y,b,c,g,o,r,e,s,y,w,e
t,n,x,y,n,c,g,o,e,e,s,s,w,p
t,y,b,y,b,c,g,o,c,e,s,s,w,e
t,w,x,f,n,w,d,o,b,t,s,s,w,e
t,n,x,s,n,c,u,o,e,e,s,s,w,p
t,y,x,y,b,c,g,o,c,e,s,s,w,e
f,g,f,f,b,w,g,o,e,t,f,f,w,e
t,w,x,y,b,c,g,o,c,e,s,s,w,e
t,w,b,y,b,c,m,o,c,e,s,s,w,e
t,n,x,y,n,c,u,o,e,e,s,s,w,p
t,n,f,y,b,c,g,o,r,e,s,y,w,e
t,w,x,s,b,c,m,o,c,e,s,s,w,e
t,w,x,s,n,w,d,o,b,t,s,s,w,e
t,n,f,y,b,c,p,o,r,e,s,y,w,e
t,w,b,s,b,c,m,o,c,e,s,s,w,e
f,w,x,s,b,w,g,o,e,t,f,f,w,e
f,g,f,f,n,c,u,o,e,e,s,s,w,e
t,w,x,y,b,c,g,o,c,e,s,s,w,e
t,y,x,y,b,c,g,o,r,e,s,y,w,e
t,y,b,s,b,c,g,o,c,e,s,s,w,e
t,y,b,s,b,c,g,o,c,e,s,s,w,e
t,w,f,s,n,w,d,o,b,t,s,s,w,e
t,w,b,s,b,c,m,o,c,e,s,s,w,e
t,y,x,f,n,w,d,o,b,t,s,s,w,e
t,w,x,y,b,c,m,o,c,e,s,s,w,e
t,y,b,y,b,c,m,o,c,e,s,s,w,e
t,n,x,y,b,c,p,o,r,e,s,y,w,e
t,w,x,y,b,c,m,o,c,e,s,s,w,e
t,w,x,y,b,c,m,o,c,e,s,s,w,e
t,y,x,y,b,c,p,o,r,e,s,y,w,e
t,w,x,y,b,c,m,o,c,e,s,s,w,e
t,y,x,s,b,c,m,o,c,e,s,s,w,e
t,n,x,y,b,c,g,o,r,e,s,y,w,e
t,w,x,s,b,c,g,o,c,e,s,s,w,e
t,n,f,y,b,c,g,o,r,e,s,y,w,e
t,w,b,s,b,c,m,o,c,e,s,s,w,e
t,n,x,f,b,c,d,o,b,t,s,s,w,e
t,w,x,y,b,c,m,o,c,e,s,s,w,e
t,w,b,s,b,c,g,o,c,e,s,s,w,e
t,y,b,s,b,c,m,o,c,e,s,s,w,e
t,y,x,f,n,w,d,o,b,t,s,s,w,e
t,w,b,s,b,c,m,o,c,e,s,s,w,e
f,g,x,s,b,w,g,o,e,t,s,f,w,e
t,w,b,s,b,c,g,o,c,e,s,s,w,e
t,y,b,s,b,c,m,o,c,e,s,s,w,e
t,y,f,y,b,c,p,o,r,e,s,y,w,e
t,n,f,y,b,c,p,o,r,e,s,y,w,e
t,w,x,s,b,c,m,o,c,e,s,s,w,e
t,y,f,y,b,c,g,o,r,e,s,y,w,e
t,w,b,s,b,c,g,o,c,e,s,s,w,e
t,y,x,y,b,c,m,o,c,e,s,s,w,e
f,n,x,f,n,c,u,o,e,e,s,s,w,e
t,n,f,y,b,c,g,o,r,e,s,y,w,e
t,w,x,s,b,c,m,o,c,e,s,s,w,e
t,y,x,s,b,c,g,o,c,e,s,s,w,e
t,y,b,y,b,c,g,o,c,e,s,s,w,e
t,y,f,y,b,c,p,o,r,e,s,y,w,e
t,y,x,y,b,c,g,o,c,e,s,s,w,e
t,w,x,y,b,c,m,o,c,e,s,s,w,e
t,w,f,f,n,w,d,o,b,t,s,s,w,e
f,g,s,f,n,c,u,o,e,e,s,s,w,e
t,y,f,s,n,w,d,o,b,t,s,s,w,e
f,g,f,f,n,c,u,o,e,e,s,s,w,e
f,n,x,f,n,c,u,o,e,e,s,s,w,e
t,w,b,y,b,c,g,o,c,e,s,s,w,e
t,w,x,s,n,w,d,o,b,t,s,s,w,e
t,y,b,y,b,c,m,o,c,e,s,s,w,e
t,y,b,y,b,c,m,o,c,e,s,s,w,e
t,y,b,y,b,c,g,o,c,e,s,s,w,e
t,w,f,s,n,w,d,o,b,t,s,s,w,e
f,g,f,f,n,c,u,o,e,e,s,s,w,e
t,w,f,s,n,w,d,o,b,t,s,s,w,e
t,y,f,y,b,c,g,o,r,e,s,y,w,e
t,w,x,y,b,c,m,o,c,e,s,s,w,e
f,n,s,f,n,c,u,o,e,e,s,s,w,e
t,n,x,y,b,c,p,o,r,e,s,y,w,e
t,n,x,y,b,c,p,o,r,e,s,y,w,e
t,y,f,f,n,w,d,o,b,t,s,s,w,e
t,n,f,s,n,c,g,o,e,e,s,s,w,p
t,n,x,s,n,c,u,o,e,e,s,s,w,p
t,n,f,y,b,c,p,o,r,e,s,y,w,e
t,y,x,y,b,c,g,o,r,e,s,y,w,e
t,y,b,s,b,c,m,o,c,e,s,s,w,e
f,w,f,f,b,w,g,o,e,t,f,s,w,e
t,n,f,y,b,c,g,o,r,e,s,y,w,e
t,w,x,y,b,c,g,o,c,e,s,s,w,e
t,y,b,s,b,c,m,o,c,e,s,s,w,e
t,y,x,s,b,c,g,o,c,e,s,s,w,e
t,y,b,y,b,c,g,o,c,e,s,s,w,e
t,w,x,s,b,c,m,o,c,e,s,s,w,e
t,y,b,s,b,c,m,o,c,e,s,s,w,e
t,y,b,y,b,c,g,o,c,e,s,s,w,e
t,n,x,s,n,c,g,o,e,e,s,s,w,p
f,g,x,s,b,w,g,o,e,t,s,s,w,e
f,n,f,s,b,w,g,o,e,t,f,s,w,e
t,w,x,f,n,w,d,o,b,t,s,s,w,e
f,g,f,f,n,c,u,o,e,e,s,s,w,e
f,n,f,f,n,c,u,o,e,e,s,s,w,e
t,y,b,y,b,c,g,o,c,e,s,s,w,e
t,w,x,f,n,w,d,o,b,t,s,s,w,e
f,g,s,f,n,c,u,o,e,e,s,s,w,e
f,n,x,f,n,c,u,o,e,e,s,s,w,e
f,w,x,f,b,w,g,o,e,t,f,s,w,e
t,n,x,y,b,c,p,o,r,e,s,y,w,e
t,y,b,s,b,c,g,o,c,e,s,s,w,e
t,w,x,y,b,c,g,o,c,e,s,s,w,e
t,y,x,y,b,c,g,o,c,e,s,s,w,e
t,w,x,s,b,c,m,o,c,e,s,s,w,e
t,w,b,s,b,c,g,o,c,e,s,s,w,e
t,y,f,y,b,c,p,o,r,e,s,y,w,e
t,n,x,s,n,c,u,o,e,e,s,s,w,p
f,g,f,f,n,c,u,o,e,e,s,s,w,e
t,y,b,s,b,c,g,o,c,e,s,s,w,e
t,n,f,y,b,c,p,o,r,e,s,y,w,e
t,y,x,s,b,c,m,o,c,e,s,s,w,e
f,n,x,f,n,c,u,o,e,e,s,s,w,e
t,y,f,y,b,c,p,o,r,e,s,y,w,e
t,n,x,y,b,c,p,o,r,e,s,y,w,e
t,w,x,s,b,c,g,o,c,e,s,s,w,e
t,w,x,y,n,c,g,o,e,e,s,s,w,p
t,n,f,y,b,c,p,o,r,e,s,y,w,e
t,n,f,s,n,c,g,o,e,e,s,s,w,p
f,w,x,f,b,w,g,o,e,t,f,s,w,e
t,w,b,y,b,c,m,o,c,e,s,s,w,e
f,n,s,f,n,c,u,o,e,e,s,s,w,e
t,y,x,y,b,c,m,o,c,e,s,s,w,e
t,w,f,s,n,w,d,o,b,t,s,s,w,e
t,y,x,s,b,c,m,o,c,e,s,s,w,e
f,g,f,f,b,w,g,o,e,t,s,f,w,e
t,w,x,y,n,c,g,o,e,e,s,s,w,p
t,y,x,y,b,c,g,o,r,e,s,y,w,e
f,n,f,f,b,w,g,o,e,t,s,s,w,e
t,w,x,s,b,c,m,o,c,e,s,s,w,e
t,y,b,y,b,c,m,o,c,e,s,s,w,e
f,g,f,f,n,c,u,o,e,e,s,s,w,e
t,y,x,f,n,w,d,o,b,t,s,s,w,e
t,y,x,s,b,c,m,o,c,e,s,s,w,e
f,n,f,f,n,c,u,o,e,e,s,s,w,e
f,g,x,f,b,w,g,o,e,t,f,s,w,e
t,y,x,y,b,c,p,o,r,e,s,y,w,e
t,w,f,s,n,w,d,o,b,t,s,s,w,e
t,y,x,s,b,c,g,o,c,e,s,s,w,e
t,y,f,y,b,c,p,o,r,e,s,y,w,e
t,n,x,y,n,c,u,o,e,e,s,s,w,p
t,w,x,f,n,w,d,o,b,t,s,s,w,e
t,w,x,s,b,c,g,o,c,e,s,s,w,e
t,y,x,y,b,c,m,o,c,e,s,s,w,e
t,y,b,s,b,c,g,o,c,e,s,s,w,e
t,y,x,s,n,w,d,o,b,t,s,s,w,e
t,y,x,s,n,w,d,o,b,t,s,s,w,e
f,w,x,f,b,w,g,o,e,t,f,s,w,e
t,w,b,s,b,c,m,o,c,e,s,s,w,e
t,w,x,y,n,c,g,o,e,e,s,s,w,p
t,y,x,y,b,c,g,o,c,e,s,s,w,e
f,g,f,s,b,w,g,o,e,t,s,f,w,e
t,n,x,s,n,c,g,o,e,e,s,s,w,p
t,w,b,y,b,c,m,o,c,e,s,s,w,e
t,w,x,s,b,c,m,o,c,e,s,s,w,e
t,y,f,f,n,w,d,o,b,t,s,s,w,e
t,y,x,s,b,c,g,o,c,e,s,s,w,e
t,w,b,y,b,c,g,o,c,e,s,s,w,e
t,n,x,y,b,c,g,o,r,e,s,y,w,e
t,y,x,s,b,c,g,o,c,e,s,s,w,e
f,n,x,f,n,c,u,o,e,e,s,s,w,e
t,y,x,s,b,c,g,o,c,e,s,s,w,e
t,y,x,y,b,c,g,o,r,e,s,y,w,e
t,n,x,s,n,c,g,o,e,e,s,s,w,p
t,w,x,s,b,c,m,o,c,e,s,s,w,e
t,y,x,s,b,c,m,o,c,e,s,s,w,e
t,w,x,y,b,c,g,o,c,e,s,s,w,e
t,y,x,y,b,c,g,o,r,e,s,y,w,e
t,y,f,y,b,c,g,o,r,e,s,y,w,e
t,w,x,y,b,c,m,o,c,e,s,s,w,e
f,g,s,f,n,c,u,o,e,e,s,s,w,e
f,n,f,f,n,c,u,o,e,e,s,s,w,e
f,g,s,f,n,c,u,o,e,e,s,s,w,e
t,w,x,y,b,c,m,o,c,e,s,s,w,e
t,w,x,s,n,c,u,o,e,e,s,s,w,p
f,g,x,s,b,w,g,o,e,t,s,f,w,e
t,y,x,y,b,c,g,o,c,e,s,s,w,e
t,w,x,y,n,c,g,o,e,e,s,s,w,p
t,y,x,s,b,c,m,o,c,e,s,s,w,e
t,n,x,s,n,c,u,o,e,e,s,s,w,p
t,y,b,s,b,c,m,o,c,e,s,s,w,e
t,w,b,y,b,c,m,o,c,e,s,s,w,e
t,w,x,y,n,c,g,o,e,e,s,s,w,p
t,n,x,s,n,c,u,o,e,e,s,s,w,p
f,g,x,s,b,w,g,o,e,t,s,f,w,e
t,n,x,y,b,c,g,o,r,e,s,y,w,e
f,w,f,f,b,w,g,o,e,t,f,f,w,e
t,n,f,y,b,c,p,o,r,e,s,y,w,e
t,w,b,y,b,c,m,o,c,e,s,s,w,e
t,w,b,s,b,c,g,o,c,e,s,s,w,e
f,g,x,s,b,w,g,o,e,t,s,f,w,e
t,n,f,y,b,c,g,o,r,e,s,y,w,e
t,w,x,s,b,c,m,o,c,e,s,s,w,e
f,g,f,f,n,c,u,o,e,e,s,s,w,e
f,n,f,s,b,w,g,o,e,t,f,s,w,e
f,g,x,f,b,w,g,o,e,t,s,f,w,e
f,w,f,s,b,w,g,o,e,t,s,f,w,e
t,w,x,s,n,c,u,o,e,e,s,s,w,p
t,y,x,y,b,c,g,o,r,e,s,y,w,e
t,w,b,s,b,c,g,o,c,e,s,s,w,e
f,g,f,f,b,w,g,o,e,t,s,s,w,e
t,w,b,y,b,c,g,o,c,e,s,s,w,e
t,y,b,s,b,c,m,o,c,e,s,s,w,e
f,g,s,f,n,c,u,o,e,e,s,s,w,e
t,y,f,y,b,c,g,o,r,e,s,y,w,e
t,w,b,s,b,c,g,o,c,e,s,s,w,e
t,w,x,f,n,w,d,o,b,t,s,s,w,e
t,y,f,y,b,c,p,o,r,e,s,y,w,e
f,g,f,f,n,c,u,o,e,e,s,s,w,e
t,w,x,s,b,c,m,o,c,e,s,s,w,e
t,y,f,f,n,w,d,o,b,t,s,s,w,e
f,g,s,f,n,c,u,o,e,e,s,s,w,e
t,w,b,y,b,c,g,o,c,e,s,s,w,e
t,w,b,s,b,c,g,o,c,e,s,s,w,e
f,n,f,f,b,w,g,o,e,t,s,s,w,e
t,y,b,y,b,c,m,o,c,e,s,s,w,e
t,n,x,f,b,c,d,o,b,t,s,s,w,e
t,n,x,y,b,c,g,o,r,e,s,y,w,e
t,n,x,y,b,c,g,o,r,e,s,y,w,e
t,y,b,y,b,c,m,o,c,e,s,s,w,e
t,y,f,y,b,c,g,o,r,e,s,y,w,e
t,y,x,y,b,c,m,o,c,e,s,s,w,e
f,n,x,s,b,w,g,o,e,t,s,s,w,e
t,w,x,y,b,c,m,o,c,e,s,s,w,e
t,y,b,y,b,c,m,o,c,e,s,s,w,e
t,n,x,y,b,c,g,o,r,e,s,y,w,e
t,n,f,y,b,c,p,o,r,e,s,y,w,e
t,n,f,y,b,c,g,o,r,e,s,y,w,e
t,y,f,y,b,c,p,o,r,e,s,y,w,e
t,y,x,s,n,w,d,o,b,t,s,s,w,e
t,w,b,y,b,c,m,o,c,e,s,s,w,e
t,w,b,s,b,c,m,o,c,e,s,s,w,e
t,y,x,y,b,c,g,o,c,e,s,s,w,e
t,w,f,f,n,w,d,o,b,t,s,s,w,e
t,y,x,s,b,c,g,o,c,e,s,s,w,e
t,y,b,s,b,c,m,o,c,e,s,s,w,e
t,y,f,y,b,c,g,o,r,e,s,y,w,e
t,n,x,y,n,c,g,o,e,e,s,s,w,p
t,w,x,y,n,c,u,o,e,e,s,s,w,p
t,y,x,s,b,c,g,o,c,e,s,s,w,e
f,w,f,f,b,w,g,o,e,t,s,s,w,e
t,y,b,s,b,c,g,o,c,e,s,s,w,e
t,y,x,y,b,c,p,o,r,e,s,y,w,e
f,g,f,f,n,c,u,o,e,e,s,s,w,e
t,w,b,s,b,c,g,o,c,e,s,s,w,e
t,w,x,s,b,c,m,o,c,e,s,s,w,e
t,n,x,y,n,c,g,o,e,e,s,s,w,p
t,n,x,s,n,c,g,o,e,e,s,s,w,p
t,w,b,s,b,c,g,o,c,e,s,s,w,e
t,y,b,s,b,c,m,o,c,e,s,s,w,e
t,n,f,y,b,c,g,o,r,e,s,y,w,e
t,y,x,y,b,c,g,o,r,e,s,y,w,e
t,y,f,y,b,c,p,o,r,e,s,y,w,e
t,w,x,y,b,c,g,o,c,e,s,s,w,e
t,y,x,s,b,c,g,o,c,e,s,s,w,e
f,n,f,f,n,c,u,o,e,e,s,s,w,e
f,n,f,f,b,w,g,o,e,t,s,s,w,e
t,y,x,f,n,w,d,o,b,t,s,s,w,e
t,y,f,y,b,c,p,o,r,e,s,y,w,e
f,n,f,f,n,c,u,o,e,e,s,s,w,e
f,g,f,f,n,c,u,o,e,e,s,s,w,e
t,n,x,y,b,c,g,o,r,e,s,y,w,e
t,y,x,y,b,c,p,o,r,e,s,y,w,e
t,w,b,s,b,c,m,o,c,e,s,s,w,e
t,w,x,s,n,w,d,o,b,t,s,s,w,e
t,w,x,y,b,c,m,o,c,e,s,s,w,e
t,y,x,f,n,w,d,o,b,t,s,s,w,e
t,y,b,s,b,c,g,o,c,e,s,s,w,e
t,n,x,f,b,c,d,o,b,t,s,s,w,e
t,w,x,y,b,c,m,o,c,e,s,s,w,e
f,g,f,f,n,c,u,o,e,e,s,s,w,e
t,w,b,y,b,c,m,o,c,e,s,s,w,e
t,y,x,y,b,c,m,o,c,e,s,s,w,e
t,w,x,s,b,c,g,o,c,e,s,s,w,e
t,y,b,s,b,c,g,o,c,e,s,s,w,e
t,w,b,y,b,c,g,o,c,e,s,s,w,e
t,n,x,y,b,c,p,o,r,e,s,y,w,e
f,g,f,s,b,w,g,o,e,t,f,s,w,e
t,n,x,y,n,c,g,o,e,e,s,s,w,p
t,w,b,y,b,c,g,o,c,e,s,s,w,e
t,y,b,s,b,c,m,o,c,e,s,s,w,e
t,n,x,y,n,c,g,o,e,e,s,s,w,p
t,n,x,s,n,c,u,o,e,e,s,s,w,p
f,n,f,s,b,w,g,o,e,t,f,s,w,e
t,n,x,s,n,c,g,o,e,e,s,s,w,p
f,g,f,f,b,w,g,o,e,t,s,f,w,e
t,y,x,y,b,c,p,o,r,e,s,y,w,e
t,w,b,y,b,c,m,o,c,e,s,s,w,e
t,y,f,y,b,c,p,o,r,e,s,y,w,e
t,y,f,y,b,c,p,o,r,e,s,y,w,e
t,y,b,y,b,c,m,o,c,e,s,s,w,e
f,n,s,f,n,c,u,o,e,e,s,s,w,e
t,w,x,s,b,c,m,o,c,e,s,s,w,e
t,y,b,y,b,c,m,o,c,e,s,s,w,e
t,y,f,y,b,c,p,o,r,e,s,y,w,e
f,n,f,s,b,w,g,o,e,t,f,f,w,e
t,w,x,s,b,c,m,o,c,e,s,s,w,e
t,y,b,y,b,c,g,o,c,e,s,s,w,e
t,y,b,y,b,c,g,o,c,e,s,s,w,e
t,y,b,y,b,c,m,o,c,e,s,s,w,e
t,w,b,s,b,c,m,o,c,e,s,s,w,e
t,y,x,y,b,c,p,o,r,e,s,y,w,e
t,n,x,y,b,c,g,o,r,e,s,y,w,e
f,n,s,f,n,c,u,o,e,e,s,s,w,e
t,n,f,y,b,c,g,o,r,e,s,y,w,e
t,w,x,s,b,c,g,o,c,e,s,s,w,e
t,y,f,s,n,w,d,o,b,t,s,s,w,e
f,n,x,s,b,w,g,o,e,t,s,s,w,e
t,y,f,y,b,c,g,o,r,e,s,y,w,e
t,n,x,y,n,c,g,o,e,e,s,s,w,p
t,w,x,s,b,c,g,o,c,e,s,s,w,e
f,w,x,f,b,w,g,o,e,t,f,s,w,e
t,w,b,s,b,c,m,o,c,e,s,s,w,e
t,w,x,y,b,c,m,o,c,e,s,s,w,e
t,y,f,y,b,c,g,o,r,e,s,y,w,e
f,n,x,f,b,w,g,o,e,t,f,s,w,e
t,w,x,s,n,c,g,o,e,e,s,s,w,p
t,w,x,y,n,c,u,o,e,e,s,s,w,p
t,w,x,y,b,c,g,o,c,e,s,s,w,e
t,w,b,y,b,c,g,o,c,e,s,s,w,e
t,w,x,f,n,w,d,o,b,t,s,s,w,e
t,w,x,y,n,c,u,o,e,e,s,s,w,p
t,w,x,s,b,c,g,o,c,e,s,s,w,e
f,g,x,f,n,c,u,o,e,e,s,s,w,e
f,n,x,f,n,c,u,o,e,e,s,s,w,e
t,w,b,s,b,c,m,o,c,e,s,s,w,e
t,n,x,y,b,c,g,o,r,e,s,y,w,e
t,w,b,y,b,c,m,o,c,e,s,s,w,e
t,y,f,y,b,c,p,o,r,e,s,y,w,e
t,w,x,y,b,c,g,o,c,e,s,s,w,e
t,w,b,y,b,c,g,o,c,e,s,s,w,e
t,w,b,y,b,c,m,o,c,e,s,s,w,e
t,n,x,s,n,c,u,o,e,e,s,s,w,p
t,y,f,s,n,w,d,o,b,t,s,s,w,e
t,n,x,y,b,c,p,o,r,e,s,y,w,e
t,y,b,s,b,c,g,o,c,e,s,s,w,e
t,w,f,s,n,w,d,o,b,t,s,s,w,e
t,y,b,y,b,c,g,o,c,e,s,s,w,e
t,y,b,y,b,c,m,o,c,e,s,s,w,e
t,y,b,s,b,c,g,o,c,e,s,s,w,e
t,y,f,y,b,c,g,o,r,e,s,y,w,e
f,w,x,s,b,w,g,o,e,t,f,f,w,e
t,y,b,y,b,c,m,o,c,e,s,s,w,e
t,n,x,y,b,c,p,o,r,e,s,y,w,e
t,w,b,s,b,c,g,o,c,e,s,s,w,e
t,n,f,y,b,c,g,o,r,e,s,y,w,e
t,w,x,s,b,c,g,o,c,e,s,s,w,e
f,n,x,f,n,c,u,o,e,e,s,s,w,e
t,n,x,y,b,c,p,o,r,e,s,y,w,e
f,g,f,f,b,w,g,o,e,t,s,f,w,e
t,w,x,s,n,w,d,o,b,t,s,s,w,e
f,n,f,f,n,c,u,o,e,e,s,s,w,e
t,y,b,y,b,c,m,o,c,e,s,s,w,e
t,w,b,s,b,c,m,o,c,e,s,s,w,e
t,w,x,s,b,c,g,o,c,e,s,s,w,e
t,y,b,s,b,c,m,o,c,e,s,s,w,e
t,y,x,y,b,c,m,o,c,e,s,s,w,e
t,y,x,s,n,w,d,o,b,t,s,s,w,e
f,g,f,f,b,w,g,o,e,t,f,s,w,e
t,y,x,y,b,c,g,o,r,e,s,y,w,e
t,n,x,y,n,c,u,o,e,e,s,s,w,p
t,n,x,y,b,c,g,o,r,e,s,y,w,e
t,y,x,s,b,c,g,o,c,e,s,s,w,e
t,w,b,y,b,c,m,o,c,e,s,s,w,e
t,y,x,y,b,c,m,o,c,e,s,s,w,e
f,n,s,f,n,c,u,o,e,e,s,s,w,e
t,y,b,y,b,c,m,o,c,e,s,s,w,e
t,w,x,s,b,c,m,o,c,e,s,s,w,e
t,w,x,s,b,c,g,o,c,e,s,s,w,e
t,n,x,s,n,c,g,o,e,e,s,s,w,p
f,n,x,f,n,c,u,o,e,e,s,s,w,e
t,y,x,y,b,c,g,o,c,e,s,s,w,e
t,n,x,y,n,c,g,o,e,e,s,s,w,p
t,y,x,y,b,c,p,o,r,e,s,y,w,e
t,y,b,y,b,c,g,o,c,e,s,s,w,e
t,n,f,y,b,c,p,o,r,e,s,y,w,e
t,w,x,y,b,c,g,o,c,e,s,s,w,e
t,y,x,s,b,c,g,o,c,e,s,s,w,e
t,n,x,y,n,c,g,o,e,e,s,s,w,p
t,n,x,y,n,c,u,o,e,e,s,s,w,p
t,y,b,y,b,c,g,o,c,e,s,s,w,e
f,w,x,s,b,w,g,o,e,t,f,s,w,e
t,w,x,s,n,c,g,o,e,e,s,s,w,p
t,n,x,y,b,c,p,o,r,e,s,y,w,e
t,w,b,s,b,c,m,o,c,e,s,s,w,e
t,y,x,y,b,c,g,o,c,e,s,s,w,e
t,n,x,s,n,c,u,o,e,e,s,s,w,p
t,y,b,y,b,c,g,o,c,e,s,s,w,e
t,w,b,y,b,c,g,o,c,e,s,s,w,e
t,y,f,y,b,c,g,o,r,e,s,y,w,e
t,w,b,y,b,c,g,o,c,e,s,s,w,e
t,y,x,y,b,c,g,o,r,e,s,y,w,e
t,y,b,s,b,c,m,o,c,e,s,s,w,e
t,y,x,s,n,w,d,o,b,t,s,s,w,e
t,y,b,s,b,c,m,o,c,e,s,s,w,e
t,y,b,s,b,c,m,o,c,e,s,s,w,e
t,w,x,y,n,c,u,o,e,e,s,s,w,p
t,w,x,y,n,c,g,o,e,e,s,s,w,p
t,n,x,s,n,c,u,o,e,e,s,s,w,p
t,w,x,s,b,c,m,o,c,e,s,s,w,e
t,n,x,y,b,c,g,o,r,e,s,y,w,e
t,y,x,y,b,c,g,o,r,e,s,y,w,e
t,w,x,s,n,w,d,o,b,t,s,s,w,e
t,w,b,y,b,c,g,o,c,e,s,s,w,e
t,y,b,s,b,c,m,o,c,e,s,s,w,e
f,g,x,f,n,c,u,o,e,e,s,s,w,e
t,y,b,s,b,c,m,o,c,e,s,s,w,e
t,w,x,s,b,c,g,o,c,e,s,s,w,e
t,n,x,y,b,c,p,o,r,e,s,y,w,e
t,y,x,y,b,c,m,o,c,e,s,s,w,e
t,w,f,f,n,w,d,o,b,t,s,s,w,e
t,w,f,f,n,w,d,o,b,t,s,s,w,e
t,w,x,s,b,c,m,o,c,e,s,s,w,e
t,y,f,s,n,w,d,o,b,t,s,s,w,e
f,g,s,f,n,c,u,o,e,e,s,s,w,e
t,y,f,f,n,w,d,o,b,t,s,s,w,e
t,n,x,y,b,c,g,o,r,e,s,y,w,e
t,y,x,y,b,c,g,o,r,e,s,y,w,e
t,y,x,y,b,c,p,o,r,e,s,y,w,e
t,n,x,s,n,c,g,o,e,e,s,s,w,p
t,y,x,s,b,c,m,o,c,e,s,s,w,e
t,w,x,y,n,c,u,o,e,e,s,s,w,p
t,y,x,y,b,c,g,o,c,e,s,s,w,e
t,w,x,y,b,c,g,o,c,e,s,s,w,e
t,y,f,s,n,w,d,o,b,t,s,s,w,e
t,n,x,y,n,c,g,o,e,e,s,s,w,p
t,w,b,s,b,c,g,o,c,e,s,s,w,e
f,g,s,f,n,c,u,o,e,e,s,s,w,e
t,y,x,s,b,c,g,o,c,e,s,s,w,e
f,g,x,f,b,w,g,o,e,t,s,f,w,e
t,y,x,y,b,c,m,o,c,e,s,s,w,e
t,w,b,y,b,c,g,o,c,e,s,s,w,e
t,y,b,s,b,c,m,o,c,e,s,s,w,e
t,w,x,s,n,w,d,o,b,t,s,s,w,e
t,w,b,s,b,c,g,o,c,e,s,s,w,e
t,n,f,y,b,c,g,o,r,e,s,y,w,e
f,g,s,f,n,c,u,o,e,e,s,s,w,e
f,w,x,f,b,w,g,o,e,t,f,s,w,e
f,n,s,f,n,c,u,o,e,e,s,s,w,e
t,n,f,y,b,c,p,o,r,e,s,y,w,e
t,y,f,s,n,w,d,o,b,t,s,s,w,e
t,y,b,s,b,c,g,o,c,e,s,s,w,e
t,y,b,s,b,c,m,o,c,e,s,s,w,e
t,n,x,s,n,c,g,o,e,e,s,s,w,p
t,n,f,y,b,c,p,o,r,e,s,y,w,e
t,y,x,s,b,c,g,o,c,e,s,s,w,e
t,y,f,y,b,c,g,o,r,e,s,y,w,e
t,w,x,y,b,c,g,o,c,e,s,s,w,e
t,y,x,y,b,c,m,o,c,e,s,s,w,e
t,y,x,y,b,c,g,o,c,e,s,s,w,e
f,n,f,f,n,c,u,o,e,e,s,s,w,e
t,y,f,y,b,c,p,o,r,e,s,y,w,e
f,g,x,f,n,c,u,o,e,e,s,s,w,e
t,y,x,s,b,c,g,o,c,e,s,s,w,e
t,n,f,y,b,c,p,o,r,e,s,y,w,e
t,y,x,s,b,c,g,o,c,e,s,s,w,e
t,y,x,y,b,c,m,o,c,e,s,s,w,e
t,n,x,f,b,c,d,o,b,t,s,s,w,e
t,w,x,s,b,c,m,o,c,e,s,s,w,e
t,y,x,y,b,c,p,o,r,e,s,y,w,e
t,w,x,y,b,c,m,o,c,e,s,s,w,e
t,w,x,s,b,c,g,o,c,e,s,s,w,e
t,y,f,y,b,c,g,o,r,e,s,y,w,e
t,y,b,s,b,c,g,o,c,e,s,s,w,e
t,w,f,f,n,w,d,o,b,t,s,s,w,e
f,g,f,s,b,w,g,o,e,t,s,f,w,e
t,w,x,y,b,c,g,o,c,e,s,s,w,e
t,w,x,y,b,c,g,o,c,e,s,s,w,e
t,y,f,y,b,c,g,o,r,e,s,y,w,e
t,w,x,s,n,w,d,o,b,t,s,s,w,e
t,y,x,s,b,c,g,o,c,e,s,s,w,e
t,y,f,y,b,c,g,o,r,e,s,y,w,e
t,y,x,y,b,c,p,o,r,e,s,y,w,e
t,y,x,s,b,c,g,o,c,e,s,s,w,e
t,n,x,f,b,c,d,o,b,t,s,s,w,e
t,y,f,y,b,c,g,o,r,e,s,y,w,e
t,w,x,s,b,c,g,o,c,e,s,s,w,e
t,y,b,s,b,c,m,o,c,e,s,s,w,e
t,y,x,s,b,c,m,o,c,e,s,s,w,e
t,n,x,y,b,c,g,o,r,e,s,y,w,e
t,y,b,y,b,c,g,o,c,e,s,s,w,e
t,w,x,s,b,c,m,o,c,e,s,s,w,e
t,w,x,y,b,c,m,o,c,e,s,s,w,e
t,y,x,s,b,c,g,o,c,e,s,s,w,e
t,y,f,y,b,c,p,o,r,e,s,y,w,e
f,w,x,f,b,w,g,o,e,t,f,f,w,e
f,n,x,s,b,w,g,o,e,t,f,f,w,e
f,w,x,s,b,w,g,o,e,t,f,s,w,e
t,y,x,s,b,c,m,o,c,e,s,s,w,e
f,w,f,f,b,w,g,o,e,t,f,s,w,e
t,n,f,s,n,c,g,o,e,e,s,s,w,p
f,g,x,f,b,w,g,o,e,t,f,f,w,e
t,n,f,y,n,c,u,o,e,e,s,s,w,p
t,n,x,s,n,c,g,o,e,e,s,s,w,p
t,w,b,s,b,c,g,o,c,e,s,s,w,e
f,g,x,f,b,w,g,o,e,t,f,f,w,e
t,w,x,s,b,c,g,o,c,e,s,s,w,e
f,g,f,f,b,w,g,o,e,t,s,s,w,e
f,g,x,s,b,w,g,o,e,t,s,s,w,e
t,w,x,s,b,c,g,o,c,e,s,s,w,e
t,w,x,s,b,c,m,o,c,e,s,s,w,e
t,g,x,y,b,c,d,o,b,t,s,s,w,e
f,n,f,f,b,w,g,o,e,t,f,f,w,e
f,w,x,s,b,w,g,o,e,t,s,f,w,e
f,n,f,f,b,w,g,o,e,t,f,s,w,e
f,n,x,s,b,w,g,o,e,t,f,f,w,e
t,y,x,y,b,c,g,o,c,e,s,s,w,e
t,y,x,s,n,w,d,o,b,t,s,s,w,e
f,w,f,f,b,w,g,o,e,t,f,s,w,e
f,n,x,s,b,w,g,o,e,t,f,s,w,e
f,g,x,s,b,w,g,o,e,t,f,s,w,e
t,n,x,y,n,c,u,o,e,e,s,s,w,p
f,g,x,f,n,c,u,o,e,e,s,s,w,e
t,w,b,s,b,c,m,o,c,e,s,s,w,e
f,g,x,s,b,w,g,o,e,t,s,s,w,e
f,g,f,f,b,w,g,o,e,t,s,f,w,e
t,n,f,s,n,c,g,o,e,e,s,s,w,p
t,y,x,s,b,c,g,o,c,e,s,s,w,e
f,n,x,f,n,c,u,o,e,e,s,s,w,e
f,w,f,s,b,w,g,o,e,t,s,f,w,e
t,y,x,y,b,c,m,o,c,e,s,s,w,e
f,n,x,f,b,w,g,o,e,t,s,s,w,e
f,g,f,s,b,w,g,o,e,t,f,s,w,e
t,e,x,y,b,c,d,o,b,t,s,s,w,e
t,y,b,y,b,c,g,o,c,e,s,s,w,e
f,w,x,f,b,w,g,o,e,t,f,f,w,e
t,w,x,s,n,c,g,o,e,e,s,s,w,p
f,g,x,f,b,w,g,o,e,t,s,s,w,e
t,g,f,f,b,c,d,o,b,t,s,s,w,e
f,n,f,f,b,w,g,o,e,t,f,f,w,e
f,w,f,f,b,w,g,o,e,t,f,f,w,e
t,w,b,y,b,c,g,o,c,e,s,s,w,e
f,n,f,f,b,w,g,o,e,t,f,s,w,e
t,n,f,y,n,c,u,o,e,e,s,s,w,p
t,w,x,y,n,c,u,o,e,e,s,s,w,p
t,y,b,s,b,c,g,o,c,e,s,s,w,e
f,g,f,s,b,w,g,o,e,t,s,f,w,e
f,g,x,f,b,w,g,o,e,t,s,f,w,e
f,n,f,f,b,w,g,o,e,t,f,s,w,e
t,w,b,s,b,c,m,o,c,e,s,s,w,e
t,w,x,s,n,c,u,o,e,e,s,s,w,p
t,n,x,y,b,c,d,o,b,t,s,s,w,e
t,w,f,f,n,w,d,o,b,t,s,s,w,e
t,y,x,y,b,c,m,o,c,e,s,s,w,e
f,n,x,f,b,w,g,o,e,t,f,f,w,e
f,w,f,f,b,w,g,o,e,t,f,s,w,e
t,n,x,f,b,c,d,o,b,t,s,s,w,e
t,n,x,f,b,c,d,o,b,t,s,s,w,e
f,g,f,s,b,w,g,o,e,t,f,f,w,e
f,g,f,s,b,w,g,o,e,t,s,s,w,e
t,n,f,s,n,c,g,o,e,e,s,s,w,p
t,n,x,f,b,c,d,o,b,t,s,s,w,e
f,n,x,s,b,w,g,o,e,t,f,f,w,e
f,w,x,f,b,w,g,o,e,t,s,f,w,e
f,n,f,f,b,w,g,o,e,t,f,s,w,e
t,n,x,f,b,c,d,o,b,t,s,s,w,e
t,n,f,f,b,c,d,o,b,t,s,s,w,e
f,g,x,f,b,w,g,o,e,t,s,f,w,e
t,n,f,f,b,c,d,o,b,t,s,s,w,e
f,g,x,s,b,w,g,o,e,t,f,f,w,e
t,w,b,y,b,c,g,o,c,e,s,s,w,e
t,n,x,f,b,c,d,o,b,t,s,s,w,e
t,y,x,y,b,c,g,o,c,e,s,s,w,e
f,g,f,f,b,w,g,o,e,t,f,f,w,e
t,n,f,f,b,c,d,o,b,t,s,s,w,e
t,y,x,s,b,c,m,o,c,e,s,s,w,e
f,g,f,f,b,w,g,o,e,t,s,s,w,e
f,n,x,f,b,w,g,o,e,t,s,s,w,e
t,w,x,s,n,c,u,o,e,e,s,s,w,p
f,w,x,f,b,w,g,o,e,t,f,f,w,e
f,w,f,f,b,w,g,o,e,t,f,s,w,e
f,w,x,s,b,w,g,o,e,t,s,f,w,e
f,g,x,s,b,w,g,o,e,t,s,f,w,e
t,y,x,y,b,c,g,o,c,e,s,s,w,e
t,y,x,s,b,c,m,o,c,e,s,s,w,e
f,g,x,s,b,w,g,o,e,t,s,f,w,e
f,n,x,s,b,w,g,o,e,t,f,s,w,e
f,n,f,f,n,c,u,o,e,e,s,s,w,e
f,w,f,s,b,w,g,o,e,t,s,f,w,e
f,w,f,s,b,w,g,o,e,t,f,f,w,e
t,y,x,y,b,c,m,o,c,e,s,s,w,e
t,w,f,s,n,w,d,o,b,t,s,s,w,e
t,w,b,s,b,c,m,o,c,e,s,s,w,e
t,w,f,y,n,c,u,o,e,e,s,s,w,p
t,g,x,f,b,c,d,o,b,t,s,s,w,e
t,n,f,y,b,c,g,o,r,e,s,y,w,e
f,n,f,s,b,w,g,o,e,t,s,s,w,e
t,w,x,s,n,c,g,o,e,e,s,s,w,p
t,n,x,y,b,c,g,o,r,e,s,y,w,e
f,g,x,s,b,w,g,o,e,t,s,f,w,e
f,w,x,s,b,w,g,o,e,t,f,s,w,e
f,w,f,f,b,w,g,o,e,t,f,s,w,e
f,n,x,f,b,w,g,o,e,t,s,s,w,e
t,w,x,s,b,c,g,o,c,e,s,s,w,e
t,w,x,y,b,c,m,o,c,e,s,s,w,e
f,w,x,s,b,w,g,o,e,t,s,s,w,e
t,y,f,y,b,c,p,o,r,e,s,y,w,e
f,n,f,s,b,w,g,o,e,t,s,f,w,e
f,g,f,f,b,w,g,o,e,t,f,f,w,e
t,y,f,f,n,w,d,o,b,t,s,s,w,e
t,n,f,y,b,c,g,o,r,e,s,y,w,e
t,n,x,f,b,c,d,o,b,t,s,s,w,e
t,n,f,s,n,c,g,o,e,e,s,s,w,p
t,n,x,f,b,c,d,o,b,t,s,s,w,e
f,n,f,f,b,w,g,o,e,t,f,f,w,e
t,y,b,s,b,c,m,o,c,e,s,s,w,e
t,w,b,y,b,c,g,o,c,e,s,s,w,e
t,w,x,y,b,c,m,o,c,e,s,s,w,e
t,w,f,y,n,c,u,o,e,e,s,s,w,p
t,w,f,y,n,c,g,o,e,e,s,s,w,p
f,n,x,f,n,c,u,o,e,e,s,s,w,e
t,y,f,s,n,w,d,o,b,t,s,s,w,e
t,y,x,y,b,c,m,o,c,e,s,s,w,e
f,w,x,s,b,w,g,o,e,t,s,s,w,e
t,g,x,f,b,c,d,o,b,t,s,s,w,e
t,n,x,y,n,c,g,o,e,e,s,s,w,p
f,g,x,f,b,w,g,o,e,t,s,f,w,e
f,n,f,f,b,w,g,o,e,t,s,f,w,e
f,w,x,s,b,w,g,o,e,t,s,s,w,e
f,w,f,f,b,w,g,o,e,t,f,f,w,e
t,y,x,y,b,c,m,o,c,e,s,s,w,e
t,y,f,f,n,w,d,o,b,t,s,s,w,e
f,g,x,f,n,c,u,o,e,e,s,s,w,e
t,n,x,s,n,c,u,o,e,e,s,s,w,p
t,y,x,y,b,c,p,o,r,e,s,y,w,e
t,n,f,y,b,c,p,o,r,e,s,y,w,e
f,w,x,f,b,w,g,o,e,t,s,s,w,e
t,n,x,y,b,c,d,o,b,t,s,s,w,e
f,g,x,s,b,w,g,o,e,t,f,f,w,e
t,w,x,s,b,c,g,o,c,e,s,s,w,e
f,g,x,f,b,w,g,o,e,t,s,f,w,e
t,n,f,y,n,c,u,o,e,e,s,s,w,p
t,n,x,f,b,c,d,o,b,t,s,s,w,e
f,g,x,f,b,w,g,o,e,t,f,f,w,e
t,e,x,f,b,c,d,o,b,t,s,s,w,e
t,n,x,f,b,c,d,o,b,t,s,s,w,e
f,g,x,f,b,w,g,o,e,t,s,f,w,e
t,y,x,y,b,c,p,o,r,e,s,y,w,e
f,n,x,f,b,w,g,o,e,t,f,s,w,e
t,y,b,s,b,c,g,o,c,e,s,s,w,e
t,w,x,f,n,w,d,o,b,t,s,s,w,e
f,g,f,s,b,w,g,o,e,t,s,f,w,e
t,y,x,y,b,c,g,o,c,e,s,s,w,e
f,n,x,f,b,w,g,o,e,t,s,s,w,e
f,w,f,s,b,w,g,o,e,t,s,f,w,e
t,y,x,s,n,w,d,o,b,t,s,s,w,e
f,g,x,s,b,w,g,o,e,t,f,s,w,e
f,g,x,f,b,w,g,o,e,t,f,f,w,e
t,w,f,y,n,c,u,o,e,e,s,s,w,p
t,y,f,f,n,w,d,o,b,t,s,s,w,e
t,w,x,y,b,c,g,o,c,e,s,s,w,e
f,w,f,f,b,w,g,o,e,t,f,s,w,e
t,n,x,f,b,c,d,o,b,t,s,s,w,e
t,n,x,y,b,c,g,o,r,e,s,y,w,e
f,w,x,s,b,w,g,o,e,t,s,f,w,e
t,w,f,y,n,c,g,o,e,e,s,s,w,p
t,y,x,s,b,c,g,o,c,e,s,s,w,e
t,g,x,f,b,c,d,o,b,t,s,s,w,e
t,y,f,y,b,c,p,o,r,e,s,y,w,e
f,g,f,s,b,w,g,o,e,t,f,s,w,e
f,n,f,f,n,c,u,o,e,e,s,s,w,e
t,w,f,y,n,c,g,o,e,e,s,s,w,p
f,g,f,f,b,w,g,o,e,t,f,s,w,e
t,n,x,y,b,c,p,o,r,e,s,y,w,e
f,w,f,f,b,w,g,o,e,t,s,s,w,e
t,n,f,y,n,c,u,o,e,e,s,s,w,p
t,y,b,s,b,c,m,o,c,e,s,s,w,e
f,g,f,f,b,w,g,o,e,t,f,f,w,e
t,w,b,s,b,c,g,o,c,e,s,s,w,e
f,g,f,f,b,w,g,o,e,t,s,f,w,e
t,w,b,y,b,c,m,o,c,e,s,s,w,e
t,w,x,y,b,c,m,o,c,e,s,s,w,e
t,n,f,y,n,c,g,o,e,e,s,s,w,p
t,y,x,y,b,c,g,o,c,e,s,s,w,e
f,n,s,f,n,c,u,o,e,e,s,s,w,e
t,n,x,y,b,c,g,o,r,e,s,y,w,e
f,g,f,f,b,w,g,o,e,t,s,f,w,e
t,y,f,f,n,w,d,o,b,t,s,s,w,e
f,g,x,s,b,w,g,o,e,t,f,f,w,e
t,n,f,y,n,c,u,o,e,e,s,s,w,p
f,g,x,f,b,w,g,o,e,t,s,s,w,e
f,g,x,s,b,w,g,o,e,t,f,s,w,e
f,g,x,f,b,w,g,o,e,t,f,s,w,e
t,n,x,y,n,c,g,o,e,e,s,s,w,p
f,n,x,f,b,w,g,o,e,t,f,f,w,e
f,w,f,s,b,w,g,o,e,t,f,s,w,e
f,g,x,f,b,w,g,o,e,t,s,s,w,e
t,n,x,y,n,c,g,o,e,e,s,s,w,p
f,n,f,f,b,w,g,o,e,t,s,f,w,e
f,w,f,s,b,w,g,o,e,t,f,s,w,e
t,w,x,y,n,c,u,o,e,e,s,s,w,p
f,g,f,f,b,w,g,o,e,t,s,f,w,e
t,y,b,y,b,c,g,o,c,e,s,s,w,e
f,n,x,s,b,w,g,o,e,t,f,f,w,e
f,n,f,f,b,w,g,o,e,t,f,s,w,e
t,w,f,s,n,c,g,o,e,e,s,s,w,p
t,n,x,y,b,c,g,o,r,e,s,y,w,e
f,w,f,f,b,w,g,o,e,t,f,s,w,e
t,n,f,y,b,c,g,o,r,e,s,y,w,e
f,g,f,f,b,w,g,o,e,t,s,s,w,e
f,g,f,f,b,w,g,o,e,t,f,f,w,e
f,g,f,s,b,w,g,o,e,t,f,f,w,e
f,n,f,f,b,w,g,o,e,t,f,s,w,e
f,g,x,s,b,w,g,o,e,t,s,s,w,e
f,w,x,f,b,w,g,o,e,t,f,s,w,e
f,w,f,f,b,w,g,o,e,t,s,f,w,e
f,n,x,s,b,w,g,o,e,t,f,f,w,e
t,n,x,f,b,c,d,o,b,t,s,s,w,e
t,y,f,s,n,w,d,o,b,t,s,s,w,e
f,w,x,f,b,w,g,o,e,t,s,s,w,e
f,w,f,s,b,w,g,o,e,t,s,s,w,e
t,y,b,s,b,c,g,o,c,e,s,s,w,e
f,w,x,f,b,w,g,o,e,t,s,f,w,e
f,g,x,f,b,w,g,o,e,t,s,f,w,e
t,n,f,s,n,c,u,o,e,e,s,s,w,p
f,g,x,f,b,w,g,o,e,t,f,s,w,e
t,n,x,s,n,c,g,o,e,e,s,s,w,p
f,w,f,s,b,w,g,o,e,t,f,f,w,e
t,w,x,y,b,c,g,o,c,e,s,s,w,e
f,n,x,f,b,w,g,o,e,t,s,s,w,e
t,n,x,f,b,c,d,o,b,t,s,s,w,e
t,y,b,y,b,c,g,o,c,e,s,s,w,e
f,w,f,f,b,w,g,o,e,t,s,s,w,e
f,n,x,s,b,w,g,o,e,t,f,s,w,e
f,w,f,f,b,w,g,o,e,t,s,s,w,e
t,n,x,f,b,c,d,o,b,t,s,s,w,e
f,w,f,f,b,w,g,o,e,t,s,f,w,e
f,w,x,s,b,w,g,o,e,t,s,f,w,e
f,n,x,s,b,w,g,o,e,t,f,f,w,e
f,w,x,f,b,w,g,o,e,t,f,s,w,e
f,g,f,s,b,w,g,o,e,t,f,s,w,e
f,g,x,f,b,w,g,o,e,t,s,s,w,e
f,g,x,f,b,w,g,o,e,t,f,f,w,e
f,n,f,s,b,w,g,o,e,t,f,s,w,e
f,w,f,s,b,w,g,o,e,t,f,f,w,e
t,n,f,y,b,c,p,o,r,e,s,y,w,e
t,w,x,y,n,c,g,o,e,e,s,s,w,p
f,g,f,s,b,w,g,o,e,t,f,s,w,e
t,w,x,y,n,c,g,o,e,e,s,s,w,p
t,w,b,y,b,c,m,o,c,e,s,s,w,e
f,g,x,s,b,w,g,o,e,t,s,s,w,e
f,g,f,f,b,w,g,o,e,t,s,f,w,e
f,w,f,f,b,w,g,o,e,t,s,f,w,e
f,g,f,s,b,w,g,o,e,t,f,f,w,e
t,w,b,y,b,c,g,o,c,e,s,s,w,e
f,g,x,f,b,w,g,o,e,t,f,s,w,e
t,e,x,f,b,c,d,o,b,t,s,s,w,e
t,y,x,y,b,c,p,o,r,e,s,y,w,e
f,w,x,s,b,w,g,o,e,t,f,f,w,e
t,w,b,s,b,c,m,o,c,e,s,s,w,e
t,n,x,s,n,c,g,o,e,e,s,s,w,p
t,n,x,f,b,c,d,o,b,t,s,s,w,e
f,n,f,s,b,w,g,o,e,t,s,s,w,e
t,w,b,s,b,c,m,o,c,e,s,s,w,e
f,g,x,s,b,w,g,o,e,t,f,s,w,e
t,n,x,f,b,c,d,o,b,t,s,s,w,e
f,w,f,f,b,w,g,o,e,t,f,f,w,e
f,n,x,f,n,c,u,o,e,e,s,s,w,e
f,g,x,f,n,c,u,o,e,e,s,s,w,e
f,g,x,f,n,c,u,o,e,e,s,s,w,e
t,y,b,y,b,c,m,o,c,e,s,s,w,e
f,n,f,f,n,c,u,o,e,e,s,s,w,e
f,w,x,f,b,w,g,o,e,t,s,f,w,e
t,n,f,y,b,c,p,o,r,e,s,y,w,e
t,n,x,y,b,c,p,o,r,e,s,y,w,e
t,y,x,y,b,c,g,o,r,e,s,y,w,e
f,g,f,f,b,w,g,o,e,t,f,s,w,e
t,w,x,y,b,c,g,o,c,e,s,s,w,e
t,w,x,y,b,c,g,o,c,e,s,s,w,e
f,w,f,s,b,w,g,o,e,t,f,f,w,e
f,g,f,s,b,w,g,o,e,t,s,s,w,e
t,n,f,s,n,c,u,o,e,e,s,s,w,p
t,y,x,y,b,c,g,o,c,e,s,s,w,e
f,n,x,f,b,w,g,o,e,t,s,s,w,e
f,w,x,f,b,w,g,o,e,t,f,f,w,e
t,y,x,s,b,c,m,o,c,e,s,s,w,e
t,e,x,f,b,c,d,o,b,t,s,s,w,e
t,n,f,y,b,c,p,o,r,e,s,y,w,e
t,w,b,s,b,c,g,o,c,e,s,s,w,e
t,n,x,s,n,c,g,o,e,e,s,s,w,p
f,g,x,f,b,w,g,o,e,t,f,s,w,e
t,w,b,y,b,c,m,o,c,e,s,s,w,e
t,w,x,s,b,c,g,o,c,e,s,s,w,e
t,y,b,y,b,c,m,o,c,e,s,s,w,e
t,w,x,y,b,c,g,o,c,e,s,s,w,e
t,y,x,s,b,c,g,o,c,e,s,s,w,e
t,w,b,s,b,c,g,o,c,e,s,s,w,e
f,n,f,s,b,w,g,o,e,t,s,s,w,e
t,w,f,s,n,c,g,o,e,e,s,s,w,p
f,n,f,s,b,w,g,o,e,t,s,s,w,e
f,n,f,f,b,w,g,o,e,t,s,s,w,e
t,w,f,y,n,c,u,o,e,e,s,s,w,p
f,w,f,s,b,w,g,o,e,t,f,s,w,e
f,w,x,f,b,w,g,o,e,t,s,s,w,e
f,n,x,s,b,w,g,o,e,t,s,f,w,e
f,n,f,s,b,w,g,o,e,t,s,s,w,e
t,y,f,y,b,c,g,o,r,e,s,y,w,e
f,g,x,f,b,w,g,o,e,t,f,f,w,e
f,n,x,f,b,w,g,o,e,t,s,s,w,e
t,n,f,s,n,c,g,o,e,e,s,s,w,p
f,w,x,s,b,w,g,o,e,t,f,f,w,e
f,n,f,f,b,w,g,o,e,t,f,s,w,e
f,w,f,f,b,w,g,o,e,t,f,f,w,e
f,w,f,f,b,w,g,o,e,t,f,f,w,e
t,y,x,y,b,c,g,o,r,e,s,y,w,e
f,g,x,s,b,w,g,o,e,t,f,f,w,e
f,g,x,f,b,w,g,o,e,t,f,f,w,e
f,n,f,f,b,w,g,o,e,t,f,f,w,e
f,n,f,s,b,w,g,o,e,t,f,s,w,e
f,w,x,f,b,w,g,o,e,t,s,s,w,e
t,e,x,y,b,c,d,o,b,t,s,s,w,e
f,n,x,f,b,w,g,o,e,t,s,s,w,e
t,w,x,s,n,c,g,o,e,e,s,s,w,p
t,n,x,y,b,c,d,o,b,t,s,s,w,e
f,n,x,f,b,w,g,o,e,t,s,f,w,e
t,w,f,y,n,c,g,o,e,e,s,s,w,p
f,g,f,f,b,w,g,o,e,t,f,s,w,e
f,w,x,f,b,w,g,o,e,t,f,f,w,e
f,n,f,s,b,w,g,o,e,t,s,f,w,e
f,g,f,f,b,w,g,o,e,t,s,f,w,e
f,g,f,s,b,w,g,o,e,t,f,s,w,e
f,g,f,f,b,w,g,o,e,t,s,f,w,e
f,g,x,s,b,w,g,o,e,t,s,f,w,e
f,n,x,s,b,w,g,o,e,t,s,f,w,e
t,w,f,s,n,c,u,o,e,e,s,s,w,p
f,g,x,s,b,w,g,o,e,t,f,f,w,e
t,w,x,s,n,c,g,o,e,e,s,s,w,p
t,w,f,s,n,c,u,o,e,e,s,s,w,p
f,n,f,s,b,w,g,o,e,t,s,f,w,e
f,g,x,f,b,w,g,o,e,t,s,s,w,e
f,g,f,s,b,w,g,o,e,t,s,s,w,e
f,g,x,s,b,w,g,o,e,t,s,s,w,e
f,g,f,f,b,w,g,o,e,t,f,s,w,e
f,g,f,f,b,w,g,o,e,t,f,s,w,e
t,g,x,y,b,c,d,o,b,t,s,s,w,e
t,n,x,f,b,c,d,o,b,t,s,s,w,e
f,w,f,s,b,w,g,o,e,t,s,f,w,e
t,w,f,y,n,c,g,o,e,e,s,s,w,p
t,n,f,y,n,c,g,o,e,e,s,s,w,p
f,w,x,s,b,w,g,o,e,t,f,s,w,e
t,n,f,s,n,c,g,o,e,e,s,s,w,p
f,n,f,f,b,w,g,o,e,t,s,f,w,e
f,w,f,s,b,w,g,o,e,t,f,s,w,e
t,n,f,s,n,c,g,o,e,e,s,s,w,p
t,w,f,y,n,c,g,o,e,e,s,s,w,p
t,n,f,y,n,c,g,o,e,e,s,s,w,p
t,w,f,s,n,c,g,o,e,e,s,s,w,p
f,w,x,s,b,w,g,o,e,t,f,f,w,e
t,n,x,f,b,c,d,o,b,t,s,s,w,e
f,w,f,s,b,w,g,o,e,t,f,f,w,e
f,g,f,f,b,w,g,o,e,t,f,s,w,e
t,n,f,y,n,c,u,o,e,e,s,s,w,p
f,w,x,s,b,w,g,o,e,t,f,f,w,e
t,e,x,y,b,c,d,o,b,t,s,s,w,e
f,g,f,s,b,w,g,o,e,t,f,s,w,e
f,w,x,s,b,w,g,o,e,t,f,f,w,e
t,w,f,s,n,c,g,o,e,e,s,s,w,p
f,n,f,f,b,w,g,o,e,t,f,s,w,e
f,w,x,f,b,w,g,o,e,t,s,s,w,e
t,w,f,s,n,c,u,o,e,e,s,s,w,p
f,n,x,f,b,w,g,o,e,t,s,f,w,e
f,w,f,f,b,w,g,o,e,t,s,s,w,e
f,w,x,s,b,w,g,o,e,t,s,s,w,e
f,w,f,s,b,w,g,o,e,t,f,s,w,e
t,y,b,y,b,c,m,o,c,e,s,s,w,e
f,g,x,s,b,w,g,o,e,t,s,s,w,e
f,w,x,f,b,w,g,o,e,t,s,f,w,e
f,n,x,s,b,w,g,o,e,t,f,s,w,e
f,n,x,f,b,w,g,o,e,t,f,s,w,e
f,g,f,f,b,w,g,o,e,t,f,f,w,e
t,n,x,y,n,c,u,o,e,e,s,s,w,p
f,g,f,s,b,w,g,o,e,t,f,s,w,e
t,n,x,f,b,c,d,o,b,t,s,s,w,e
f,w,f,s,b,w,g,o,e,t,s,f,w,e
t,n,x,f,b,c,d,o,b,t,s,s,w,e
f,g,x,f,b,w,g,o,e,t,f,s,w,e
f,w,x,f,b,w,g,o,e,t,s,f,w,e
t,w,f,s,n,c,g,o,e,e,s,s,w,p
t,w,f,s,n,c,g,o,e,e,s,s,w,p
f,g,x,s,b,w,g,o,e,t,f,s,w,e
t,n,x,f,b,c,d,o,b,t,s,s,w,e
f,g,x,s,b,w,g,o,e,t,s,f,w,e
t,y,x,y,b,c,p,o,r,e,s,y,w,e
f,w,f,s,b,w,g,o,e,t,s,s,w,e
f,w,x,s,b,w,g,o,e,t,s,s,w,e
f,g,x,f,b,w,g,o,e,t,f,s,w,e
f,w,f,s,b,w,g,o,e,t,s,f,w,e
t,n,x,f,b,c,d,o,b,t,s,s,w,e
f,g,f,s,b,w,g,o,e,t,s,f,w,e
f,g,f,s,b,w,g,o,e,t,s,s,w,e
f,n,f,f,b,w,g,o,e,t,f,s,w,e
f,w,f,s,b,w,g,o,e,t,s,f,w,e
f,w,f,s,b,w,g,o,e,t,s,s,w,e
f,g,f,s,b,w,g,o,e,t,s,s,w,e
f,w,f,f,b,w,g,o,e,t,f,f,w,e
f,n,f,s,b,w,g,o,e,t,s,f,w,e
t,w,f,s,n,c,g,o,e,e,s,s,w,p
f,g,x,f,b,w,g,o,e,t,f,s,w,e
t,y,b,y,b,c,g,o,c,e,s,s,w,e
f,n,f,f,b,w,g,o,e,t,f,f,w,e
f,g,f,s,b,w,g,o,e,t,s,s,w,e
t,n,x,f,b,c,d,o,b,t,s,s,w,e
t,y,b,s,b,c,m,o,c,e,s,s,w,e
f,w,x,s,b,w,g,o,e,t,s,s,w,e
t,n,f,f,b,c,d,o,b,t,s,s,w,e
t,w,x,s,n,c,g,o,e,e,s,s,w,p
f,w,f,f,b,w,g,o,e,t,f,s,w,e
t,w,f,y,n,c,u,o,e,e,s,s,w,p
f,n,x,s,b,w,g,o,e,t,f,s,w,e
f,n,f,s,b,w,g,o,e,t,s,f,w,e
t,y,b,s,b,c,g,o,c,e,s,s,w,e
f,g,f,s,b,w,g,o,e,t,f,f,w,e
f,g,x,s,b,w,g,o,e,t,s,f,w,e
f,g,f,f,b,w,g,o,e,t,f,f,w,e
f,g,x,f,b,w,g,o,e,t,s,s,w,e
f,w,f,s,b,w,g,o,e,t,s,s,w,e
t,n,f,s,n,c,g,o,e,e,s,s,w,p
f,g,f,f,b,w,g,o,e,t,s,f,w,e
f,w,f,s,b,w,g,o,e,t,s,s,w,e
t,n,x,f,b,c,d,o,b,t,s,s,w,e
f,n,x,s,b,w,g,o,e,t,s,f,w,e
t,e,x,f,b,c,d,o,b,t,s,s,w,e
t,y,x,y,b,c,g,o,c,e,s,s,w,e
f,w,f,f,b,w,g,o,e,t,f,s,w,e
f,w,x,s,b,w,g,o,e,t,s,f,w,e
f,n,f,f,b,w,g,o,e,t,f,s,w,e
t,w,f,s,n,c,u,o,e,e,s,s,w,p
t,g,f,f,b,c,d,o,b,t,s,s,w,e
f,w,f,s,b,w,g,o,e,t,s,s,w,e
f,w,f,f,b,w,g,o,e,t,s,f,w,e
t,n,f,y,n,c,g,o,e,e,s,s,w,p
f,w,x,s,b,w,g,o,e,t,f,f,w,e
t,n,x,f,b,c,d,o,b,t,s,s,w,e
t,g,x,y,b,c,d,o,b,t,s,s,w,e
t,g,x,y,b,c,d,o,b,t,s,s,w,e
f,n,f,s,b,w,g,o,e,t,f,f,w,e
f,w,f,s,b,w,g,o,e,t,f,f,w,e
f,n,f,s,b,w,g,o,e,t,s,f,w,e
f,n,x,s,b,w,g,o,e,t,f,f,w,e
f,w,f,f,b,w,g,o,e,t,f,f,w,e
f,n,x,f,b,w,g,o,e,t,f,f,w,e
f,w,f,f,b,w,g,o,e,t,s,s,w,e
f,n,f,f,b,w,g,o,e,t,f,s,w,e
f,w,f,s,b,w,g,o,e,t,f,s,w,e
f,n,f,f,b,w,g,o,e,t,f,s,w,e
t,n,f,y,n,c,u,o,e,e,s,s,w,p
f,w,f,f,b,w,g,o,e,t,s,s,w,e
f,w,f,s,b,w,g,o,e,t,s,f,w,e
f,n,x,f,b,w,g,o,e,t,s,f,w,e
f,w,f,f,b,w,g,o,e,t,f,f,w,e
f,g,x,f,b,w,g,o,e,t,s,f,w,e
f,n,f,s,b,w,g,o,e,t,s,s,w,e
t,g,x,f,b,c,d,o,b,t,s,s,w,e
f,w,f,f,b,w,g,o,e,t,f,s,w,e
f,n,f,f,b,w,g,o,e,t,f,f,w,e
f,n,x,s,b,w,g,o,e,t,s,s,w,e
f,w,x,f,b,w,g,o,e,t,s,f,w,e
t,y,b,s,b,c,g,o,c,e,s,s,w,e
t,n,x,y,n,c,g,o,e,e,s,s,w,p
t,n,f,s,n,c,g,o,e,e,s,s,w,p
f,w,f,f,b,w,g,o,e,t,s,f,w,e
f,n,f,f,b,w,g,o,e,t,s,s,w,e
t,n,f,y,n,c,g,o,e,e,s,s,w,p
f,n,f,f,b,w,g,o,e,t,s,f,w,e
t,w,x,s,n,c,u,o,e,e,s,s,w,p
f,n,f,s,b,w,g,o,e,t,s,s,w,e
t,w,f,y,n,c,u,o,e,e,s,s,w,p
f,n,f,s,b,w,g,o,e,t,f,s,w,e
f,g,f,s,b,w,g,o,e,t,f,f,w,e
f,g,x,f,b,w,g,o,e,t,s,f,w,e
f,n,f,f,b,w,g,o,e,t,s,s,w,e
t,g,x,f,b,c,d,o,b,t,s,s,w,e
t,n,x,f,b,c,d,o,b,t,s,s,w,e
f,n,x,f,b,w,g,o,e,t,s,f,w,e
t,g,x,f,b,c,d,o,b,t,s,s,w,e
f,w,x,s,b,w,g,o,e,t,s,s,w,e
f,w,f,s,b,w,g,o,e,t,f,f,w,e
f,w,x,s,b,w,g,o,e,t,f,s,w,e
f,g,f,f,b,w,g,o,e,t,s,f,w,e
t,n,x,f,b,c,d,o,b,t,s,s,w,e
f,w,x,s,b,w,g,o,e,t,s,f,w,e
f,n,x,s,b,w,g,o,e,t,f,s,w,e
f,g,f,s,b,w,g,o,e,t,s,f,w,e
t,w,f,y,n,c,g,o,e,e,s,s,w,p
f,n,f,s,b,w,g,o,e,t,s,f,w,e
t,y,f,y,b,c,g,o,r,e,s,y,w,e
t,g,x,f,b,c,d,o,b,t,s,s,w,e
f,g,f,s,b,w,g,o,e,t,s,s,w,e
f,g,x,s,b,w,g,o,e,t,f,s,w,e
t,w,f,y,n,c,u,o,e,e,s,s,w,p
f,w,x,s,b,w,g,o,e,t,f,f,w,e
f,w,x,s,b,w,g,o,e,t,s,s,w,e
f,g,f,s,b,w,g,o,e,t,s,s,w,e
f,n,f,s,b,w,g,o,e,t,s,s,w,e
f,n,x,f,b,w,g,o,e,t,f,f,w,e
f,n,f,s,b,w,g,o,e,t,s,f,w,e
f,n,f,s,b,w,g,o,e,t,f,f,w,e
f,w,x,f,b,w,g,o,e,t,s,f,w,e
f,w,f,f,b,w,g,o,e,t,f,s,w,e
f,n,f,f,b,w,g,o,e,t,s,f,w,e
t,w,x,y,b,c,m,o,c,e,s,s,w,e
f,n,x,s,b,w,g,o,e,t,f,s,w,e
f,g,x,s,b,w,g,o,e,t,f,f,w,e
f,w,f,s,b,w,g,o,e,t,f,s,w,e
t,w,x,s,n,c,u,o,e,e,s,s,w,p
f,w,x,s,b,w,g,o,e,t,s,f,w,e
t,n,x,f,b,c,d,o,b,t,s,s,w,e
f,g,f,f,b,w,g,o,e,t,s,s,w,e
f,g,x,s,b,w,g,o,e,t,s,f,w,e
f,n,f,f,b,w,g,o,e,t,s,s,w,e
f,n,f,s,b,w,g,o,e,t,s,s,w,e
f,g,x,s,b,w,g,o,e,t,f,f,w,e
t,n,f,y,b,c,p,o,r,e,s,y,w,e
t,n,f,y,n,c,u,o,e,e,s,s,w,p
f,n,x,s,b,w,g,o,e,t,s,f,w,e
t,n,x,f,b,c,d,o,b,t,s,s,w,e
t,w,f,y,n,c,g,o,e,e,s,s,w,p
t,w,x,s,n,c,u,o,e,e,s,s,w,p
t,n,f,s,n,c,u,o,e,e,s,s,w,p
t,n,x,f,b,c,d,o,b,t,s,s,w,e
t,w,b,y,b,c,m,o,c,e,s,s,w,e
t,w,f,y,n,c,g,o,e,e,s,s,w,p
f,w,f,f,b,w,g,o,e,t,s,f,w,e
f,w,x,s,b,w,g,o,e,t,f,s,w,e
t,n,x,f,b,c,d,o,b,t,s,s,w,e
f,n,x,s,b,w,g,o,e,t,f,s,w,e
f,n,f,f,b,w,g,o,e,t,s,s,w,e
f,n,f,f,b,w,g,o,e,t,f,f,w,e
t,n,f,y,n,c,u,o,e,e,s,s,w,p
t,w,f,y,n,c,g,o,e,e,s,s,w,p
f,n,x,s,b,w,g,o,e,t,s,f,w,e
f,g,f,f,b,w,g,o,e,t,f,f,w,e
t,n,x,f,b,c,d,o,b,t,s,s,w,e
f,g,f,s,b,w,g,o,e,t,f,s,w,e
f,n,f,f,b,w,g,o,e,t,f,s,w,e
t,n,f,s,n,c,u,o,e,e,s,s,w,p
f,n,x,f,b,w,g,o,e,t,f,f,w,e
t,n,f,y,n,c,g,o,e,e,s,s,w,p
f,g,x,s,b,w,g,o,e,t,f,f,w,e
f,w,f,f,b,w,g,o,e,t,f,f,w,e
f,w,x,s,b,w,g,o,e,t,s,s,w,e
t,n,x,f,b,c,d,o,b,t,s,s,w,e
f,n,x,s,b,w,g,o,e,t,f,s,w,e
t,w,f,s,n,c,u,o,e,e,s,s,w,p
t,n,x,f,b,c,d,o,b,t,s,s,w,e
f,w,x,s,b,w,g,o,e,t,f,f,w,e
f,w,f,s,b,w,g,o,e,t,f,s,w,e
t,w,x,s,n,w,d,o,b,t,s,s,w,e
f,n,x,f,b,w,g,o,e,t,f,f,w,e
t,g,x,y,b,c,d,o,b,t,s,s,w,e
t,n,x,f,b,c,d,o,b,t,s,s,w,e
t,y,x,s,n,w,d,o,b,t,s,s,w,e
f,g,f,f,b,w,g,o,e,t,s,s,w,e
f,n,x,s,b,w,g,o,e,t,s,s,w,e
t,e,x,y,b,c,d,o,b,t,s,s,w,e
f,g,f,s,b,w,g,o,e,t,f,f,w,e
t,w,f,s,n,c,u,o,e,e,s,s,w,p
f,w,f,f,b,w,g,o,e,t,s,f,w,e
f,g,x,f,b,w,g,o,e,t,s,s,w,e
f,n,f,f,b,w,g,o,e,t,s,f,w,e
f,n,f,s,b,w,g,o,e,t,f,f,w,e
f,w,x,f,b,w,g,o,e,t,f,f,w,e
t,w,f,y,n,c,g,o,e,e,s,s,w,p
f,w,x,f,b,w,g,o,e,t,f,s,w,e
f,n,f,s,b,w,g,o,e,t,f,f,w,e
f,n,x,s,b,w,g,o,e,t,f,s,w,e
f,g,x,f,b,w,g,o,e,t,s,s,w,e
f,n,x,s,b,w,g,o,e,t,s,s,w,e
t,y,f,y,b,c,g,o,r,e,s,y,w,e
t,n,x,y,n,c,u,o,e,e,s,s,w,p
f,w,x,f,b,w,g,o,e,t,s,f,w,e
f,w,f,s,b,w,g,o,e,t,f,f,w,e
f,n,x,s,b,w,g,o,e,t,s,f,w,e
t,n,f,y,n,c,g,o,e,e,s,s,w,p
f,g,f,f,b,w,g,o,e,t,f,s,w,e
t,w,f,s,n,c,u,o,e,e,s,s,w,p
f,n,f,s,b,w,g,o,e,t,f,s,w,e
f,g,x,s,b,w,g,o,e,t,f,s,w,e
f,g,x,f,b,w,g,o,e,t,s,s,w,e
f,n,f,f,b,w,g,o,e,t,s,s,w,e
f,g,f,s,b,w,g,o,e,t,s,f,w,e
f,w,x,s,b,w,g,o,e,t,s,f,w,e
f,n,x,f,b,w,g,o,e,t,s,f,w,e
f,g,x,f,b,w,g,o,e,t,s,f,w,e
f,n,f,f,b,w,g,o,e,t,s,s,w,e
t,y,b,y,b,c,m,o,c,e,s,s,w,e
f,g,f,f,b,w,g,o,e,t,s,f,w,e
f,g,x,f,b,w,g,o,e,t,s,s,w,e
f,w,f,f,b,w,g,o,e,t,f,f,w,e
t,n,x,f,b,c,d,o,b,t,s,s,w,e
t,n,f,s,n,c,u,o,e,e,s,s,w,p
t,n,x,f,b,c,d,o,b,t,s,s,w,e
f,n,x,f,b,w,g,o,e,t,f,f,w,e
t,n,x,f,b,c,d,o,b,t,s,s,w,e
f,w,x,f,b,w,g,o,e,t,f,s,w,e
f,g,f,s,b,w,g,o,e,t,s,s,w,e
f,n,f,s,b,w,g,o,e,t,s,s,w,e
t,y,x,y,b,c,m,o,c,e,s,s,w,e
t,w,x,f,n,w,d,o,b,t,s,s,w,e
f,g,f,f,b,w,g,o,e,t,f,f,w,e
f,n,f,f,b,w,g,o,e,t,s,f,w,e
f,n,f,f,b,w,g,o,e,t,s,f,w,e
t,y,b,y,b,c,g,o,c,e,s,s,w,e
f,n,x,f,b,w,g,o,e,t,f,f,w,e
t,w,x,y,b,c,g,o,c,e,s,s,w,e
f,w,f,s,b,w,g,o,e,t,s,f,w,e
f,w,x,s,b,w,g,o,e,t,s,s,w,e
f,n,x,f,b,w,g,o,e,t,f,f,w,e
f,n,x,s,b,w,g,o,e,t,s,f,w,e
f,n,x,s,b,w,g,o,e,t,f,f,w,e
t,n,x,y,b,c,d,o,b,t,s,s,w,e
f,g,f,s,b,w,g,o,e,t,f,f,w,e
t,y,x,y,b,c,m,o,c,e,s,s,w,e
f,w,x,s,b,w,g,o,e,t,f,f,w,e
t,w,f,y,n,c,u,o,e,e,s,s,w,p
f,w,f,s,b,w,g,o,e,t,s,s,w,e
t,w,f,s,n,c,u,o,e,e,s,s,w,p
f,g,f,s,b,w,g,o,e,t,s,s,w,e
f,g,f,f,b,w,g,o,e,t,f,f,w,e
t,w,x,s,n,c,g,o,e,e,s,s,w,p
f,g,x,s,b,w,g,o,e,t,f,f,w,e
t,w,x,s,n,c,u,o,e,e,s,s,w,p
f,g,x,s,b,w,g,o,e,t,f,f,w,e
f,w,f,s,b,w,g,o,e,t,s,s,w,e
t,w,f,y,n,c,g,o,e,e,s,s,w,p
f,w,x,f,b,w,g,o,e,t,s,s,w,e
f,n,x,s,b,w,g,o,e,t,s,s,w,e
f,w,x,f,b,w,g,o,e,t,f,f,w,e
f,w,x,f,b,w,g,o,e,t,f,s,w,e
t,e,x,y,b,c,d,o,b,t,s,s,w,e
t,n,f,s,n,c,u,o,e,e,s,s,w,p
f,g,f,f,b,w,g,o,e,t,f,s,w,e
t,y,x,y,b,c,g,o,r,e,s,y,w,e
f,n,x,f,b,w,g,o,e,t,s,s,w,e
f,n,f,f,b,w,g,o,e,t,f,f,w,e
t,w,b,s,b,c,m,o,c,e,s,s,w,e
f,g,f,s,b,w,g,o,e,t,s,f,w,e
f,w,f,f,b,w,g,o,e,t,f,f,w,e
f,n,f,f,b,w,g,o,e,t,s,s,w,e
t,n,f,s,n,c,u,o,e,e,s,s,w,p
f,n,x,s,b,w,g,o,e,t,s,f,w,e
t,y,b,y,b,c,g,o,c,e,s,s,w,e
f,g,f,s,b,w,g,o,e,t,s,f,w,e
f,n,f,s,b,w,g,o,e,t,s,f,w,e
f,g,x,f,b,w,g,o,e,t,f,s,w,e
f,g,f,s,b,w,g,o,e,t,s,f,w,e
f,n,x,f,b,w,g,o,e,t,f,s,w,e
t,n,x,f,b,c,d,o,b,t,s,s,w,e
t,w,b,y,b,c,m,o,c,e,s,s,w,e
t,g,x,f,b,c,d,o,b,t,s,s,w,e
t,n,f,y,n,c,g,o,e,e,s,s,w,p
f,w,x,s,b,w,g,o,e,t,s,s,w,e
t,n,f,s,n,c,u,o,e,e,s,s,w,p
f,n,f,s,b,w,g,o,e,t,s,f,w,e
f,n,f,f,b,w,g,o,e,t,s,f,w,e
f,w,x,f,b,w,g,o,e,t,s,f,w,e
f,n,x,f,b,w,g,o,e,t,f,s,w,e
f,n,f,s,b,w,g,o,e,t,f,f,w,e
t,y,x,s,b,c,g,o,c,e,s,s,w,e
f,w,f,s,b,w,g,o,e,t,s,f,w,e
f,w,x,s,b,w,g,o,e,t,f,s,w,e
t,n,x,y,n,c,g,o,e,e,s,s,w,p
f,g,f,f,b,w,g,o,e,t,s,f,w,e
t,n,f,y,n,c,g,o,e,e,s,s,w,p
f,w,f,f,b,w,g,o,e,t,s,s,w,e
t,n,x,f,b,c,d,o,b,t,s,s,w,e
f,g,x,f,b,w,g,o,e,t,s,f,w,e
t,n,f,s,n,c,u,o,e,e,s,s,w,p
f,g,f,s,b,w,g,o,e,t,s,f,w,e
t,w,x,s,n,c,u,o,e,e,s,s,w,p
t,n,x,f,b,c,d,o,b,t,s,s,w,e
f,n,x,f,b,w,g,o,e,t,f,s,w,e
t,y,x,y,b,c,p,o,r,e,s,y,w,e
f,w,f,f,b,w,g,o,e,t,f,f,w,e
f,w,f,s,b,w,g,o,e,t,s,f,w,e
f,g,x,f,b,w,g,o,e,t,f,s,w,e
f,g,f,f,b,w,g,o,e,t,f,f,w,e
f,w,f,f,b,w,g,o,e,t,s,f,w,e
f,g,x,f,b,w,g,o,e,t,f,f,w,e
f,g,f,f,b,w,g,o,e,t,f,f,w,e
t,g,x,f,b,c,d,o,b,t,s,s,w,e
f,g,x,s,b,w,g,o,e,t,f,s,w,e
f,g,f,s,b,w,g,o,e,t,f,s,w,e
t,n,x,y,b,c,g,o,r,e,s,y,w,e
t,g,x,y,b,c,d,o,b,t,s,s,w,e
f,g,f,s,b,w,g,o,e,t,f,f,w,e
f,w,f,f,b,w,g,o,e,t,s,f,w,e
f,n,f,s,b,w,g,o,e,t,f,f,w,e
f,w,f,f,b,w,g,o,e,t,s,s,w,e
f,n,f,f,b,w,g,o,e,t,s,f,w,e
f,g,f,s,b,w,g,o,e,t,s,s,w,e
f,n,x,s,b,w,g,o,e,t,s,s,w,e
t,n,x,f,b,c,d,o,b,t,s,s,w,e
f,n,x,s,b,w,g,o,e,t,f,f,w,e
f,n,x,f,b,w,g,o,e,t,f,s,w,e
f,w,f,s,b,w,g,o,e,t,f,f,w,e
f,n,x,f,n,c,u,o,e,e,s,s,w,e
t,w,f,s,n,c,u,o,e,e,s,s,w,p
t,n,f,s,n,c,g,o,e,e,s,s,w,p
t,n,x,f,b,c,d,o,b,t,s,s,w,e
f,w,x,s,b,w,g,o,e,t,f,s,w,e
f,g,f,f,b,w,g,o,e,t,s,s,w,e
f,n,x,s,b,w,g,o,e,t,s,s,w,e
f,n,x,f,b,w,g,o,e,t,f,f,w,e
f,g,x,s,b,w,g,o,e,t,s,s,w,e
f,g,f,f,b,w,g,o,e,t,f,f,w,e
f,n,f,s,b,w,g,o,e,t,s,f,w,e
f,g,f,s,b,w,g,o,e,t,s,f,w,e
t,e,x,f,b,c,d,o,b,t,s,s,w,e
t,w,f,y,n,c,u,o,e,e,s,s,w,p
f,n,x,f,b,w,g,o,e,t,f,s,w,e
t,n,x,f,b,c,d,o,b,t,s,s,w,e
t,n,f,s,n,c,u,o,e,e,s,s,w,p
t,w,f,s,n,c,g,o,e,e,s,s,w,p
t,w,f,s,n,c,u,o,e,e,s,s,w,p
f,w,f,f,b,w,g,o,e,t,s,f,w,e
f,n,f,s,b,w,g,o,e,t,f,s,w,e
f,n,f,f,b,w,g,o,e,t,f,f,w,e
f,n,x,s,b,w,g,o,e,t,s,f,w,e
f,n,f,s,b,w,g,o,e,t,s,f,w,e
t,w,f,s,n,c,g,o,e,e,s,s,w,p
t,w,f,s,n,c,g,o,e,e,s,s,w,p
f,g,f,s,b,w,g,o,e,t,f,f,w,e
f,n,x,s,b,w,g,o,e,t,f,s,w,e
f,n,x,s,b,w,g,o,e,t,f,f,w,e
t,n,x,f,b,c,d,o,b,t,s,s,w,e
t,n,x,f,b,c,d,o,b,t,s,s,w,e
f,w,f,f,b,w,g,o,e,t,f,s,w,e
f,w,f,f,b,w,g,o,e,t,f,s,w,e
f,w,x,f,b,w,g,o,e,t,f,f,w,e
t,y,x,s,b,c,m,o,c,e,s,s,w,e
f,g,f,s,b,w,g,o,e,t,f,f,w,e
f,w,x,s,b,w,g,o,e,t,s,f,w,e
f,n,x,f,b,w,g,o,e,t,s,s,w,e
f,n,x,f,b,w,g,o,e,t,f,s,w,e
f,w,x,s,b,w,g,o,e,t,s,s,w,e
f,n,x,s,b,w,g,o,e,t,f,f,w,e
f,g,x,s,b,w,g,o,e,t,f,s,w,e
f,g,x,s,b,w,g,o,e,t,s,f,w,e
f,w,f,s,b,w,g,o,e,t,s,s,w,e
f,n,x,s,b,w,g,o,e,t,f,f,w,e
f,g,f,f,b,w,g,o,e,t,s,s,w,e
f,w,f,f,b,w,g,o,e,t,s,s,w,e
f,w,x,f,b,w,g,o,e,t,s,s,w,e
f,g,f,f,b,w,g,o,e,t,f,s,w,e
f,g,x,f,b,w,g,o,e,t,s,f,w,e
t,y,x,y,b,c,g,o,c,e,s,s,w,e
t,y,x,s,b,c,g,o,c,e,s,s,w,e
f,w,x,s,b,w,g,o,e,t,s,f,w,e
t,n,x,y,n,c,g,o,e,e,s,s,w,p
f,w,x,f,b,w,g,o,e,t,s,f,w,e
t,w,x,s,n,c,u,o,e,e,s,s,w,p
t,g,x,y,b,c,d,o,b,t,s,s,w,e
t,w,f,s,n,c,u,o,e,e,s,s,w,p
t,y,x,y,b,c,g,o,c,e,s,s,w,e
t,w,x,y,b,c,m,o,c,e,s,s,w,e
t,n,f,y,b,c,p,o,r,e,s,y,w,e
f,w,x,s,b,w,g,o,e,t,s,f,w,e
f,n,f,s,b,w,g,o,e,t,f,s,w,e
f,g,x,s,b,w,g,o,e,t,s,s,w,e
f,w,x,s,b,w,g,o,e,t,f,s,w,e
f,n,f,s,b,w,g,o,e,t,f,f,w,e
f,n,f,s,b,w,g,o,e,t,s,s,w,e
f,g,x,s,b,w,g,o,e,t,f,f,w,e
t,w,b,s,b,c,g,o,c,e,s,s,w,e
f,g,x,s,b,w,g,o,e,t,s,s,w,e
t,y,x,s,b,c,m,o,c,e,s,s,w,e
t,w,f,y,n,c,g,o,e,e,s,s,w,p
f,w,f,s,b,w,g,o,e,t,f,f,w,e
f,n,f,s,b,w,g,o,e,t,f,f,w,e
f,g,f,s,b,w,g,o,e,t,s,s,w,e
f,g,f,f,b,w,g,o,e,t,f,s,w,e
t,n,x,y,b,c,d,o,b,t,s,s,w,e
t,n,x,f,b,c,d,o,b,t,s,s,w,e
t,y,x,y,b,c,p,o,r,e,s,y,w,e
t,g,x,f,b,c,d,o,b,t,s,s,w,e
f,g,f,f,b,w,g,o,e,t,f,f,w,e
f,n,f,s,b,w,g,o,e,t,f,s,w,e
f,w,f,s,b,w,g,o,e,t,s,f,w,e
f,g,x,f,b,w,g,o,e,t,f,s,w,e
f,w,f,s,b,w,g,o,e,t,f,f,w,e
f,g,f,f,b,w,g,o,e,t,f,s,w,e
f,g,x,f,b,w,g,o,e,t,s,s,w,e
f,n,x,s,b,w,g,o,e,t,s,f,w,e
t,n,x,f,b,c,d,o,b,t,s,s,w,e
f,w,f,s,b,w,g,o,e,t,s,s,w,e
f,n,f,f,b,w,g,o,e,t,f,s,w,e
t,n,f,y,n,c,g,o,e,e,s,s,w,p
t,n,x,f,b,c,d,o,b,t,s,s,w,e
f,n,x,f,b,w,g,o,e,t,f,f,w,e
f,w,f,f,b,w,g,o,e,t,s,f,w,e
t,n,f,y,n,c,u,o,e,e,s,s,w,p
f,g,f,f,b,w,g,o,e,t,s,s,w,e
t,g,x,f,b,c,d,o,b,t,s,s,w,e
f,w,x,f,b,w,g,o,e,t,f,f,w,e
f,g,x,f,b,w,g,o,e,t,f,f,w,e
t,n,x,f,b,c,d,o,b,t,s,s,w,e
f,g,x,s,b,w,g,o,e,t,s,f,w,e
f,w,f,f,b,w,g,o,e,t,s,f,w,e
t,g,x,f,b,c,d,o,b,t,s,s,w,e
t,w,x,y,b,c,g,o,c,e,s,s,w,e
t,w,x,y,b,c,m,o,c,e,s,s,w,e
f,g,f,s,b,w,g,o,e,t,f,s,w,e
f,w,f,s,b,w,g,o,e,t,s,s,w,e
f,n,f,s,b,w,g,o,e,t,f,f,w,e
f,w,f,s,b,w,g,o,e,t,f,s,w,e
f,n,x,f,b,w,g,o,e,t,s,f,w,e
f,n,x,s,b,w,g,o,e,t,s,f,w,e
t,y,b,y,b,c,m,o,c,e,s,s,w,e
t,w,f,y,n,c,g,o,e,e,s,s,w,p
f,n,x,s,b,w,g,o,e,t,s,f,w,e
f,n,f,s,b,w,g,o,e,t,f,s,w,e
t,n,x,y,b,c,g,o,r,e,s,y,w,e
f,g,x,s,b,w,g,o,e,t,f,f,w,e
f,w,f,s,b,w,g,o,e,t,f,s,w,e
t,n,x,s,n,c,u,o,e,e,s,s,w,p
f,g,f,s,b,w,g,o,e,t,f,f,w,e
f,w,x,f,b,w,g,o,e,t,f,s,w,e
t,n,f,s,n,c,g,o,e,e,s,s,w,p
f,n,x,f,b,w,g,o,e,t,s,s,w,e
f,n,x,s,b,w,g,o,e,t,f,s,w,e
t,n,x,f,b,c,d,o,b,t,s,s,w,e
f,w,f,s,b,w,g,o,e,t,f,s,w,e
t,w,f,s,n,c,u,o,e,e,s,s,w,p
f,w,x,f,b,w,g,o,e,t,s,f,w,e
f,n,f,f,b,w,g,o,e,t,s,s,w,e
f,g,f,s,b,w,g,o,e,t,f,f,w,e
f,w,x,f,b,w,g,o,e,t,f,f,w,e
t,n,f,y,b,c,g,o,r,e,s,y,w,e
t,w,f,s,n,c,g,o,e,e,s,s,w,p
f,w,x,f,b,w,g,o,e,t,s,s,w,e
f,n,f,f,n,c,u,o,e,e,s,s,w,e
t,n,f,y,n,c,u,o,e,e,s,s,w,p
f,w,f,s,b,w,g,o,e,t,s,f,w,e
f,g,x,f,b,w,g,o,e,t,f,f,w,e
t,y,f,y,b,c,p,o,r,e,s,y,w,e
f,w,x,f,b,w,g,o,e,t,f,f,w,e
f,w,x,f,b,w,g,o,e,t,f,f,w,e
t,n,f,y,n,c,g,o,e,e,s,s,w,p
f,n,f,f,b,w,g,o,e,t,f,s,w,e
f,g,f,f,b,w,g,o,e,t,s,s,w,e
f,n,x,f,b,w,g,o,e,t,s,s,w,e
t,n,x,f,b,c,d,o,b,t,s,s,w,e
f,g,x,s,b,w,g,o,e,t,f,f,w,e
f,g,x,s,b,w,g,o,e,t,f,s,w,e
f,w,x,f,b,w,g,o,e,t,f,f,w,e
f,g,f,f,b,w,g,o,e,t,s,s,w,e
t,n,x,f,b,c,d,o,b,t,s,s,w,e
f,w,x,s,b,w,g,o,e,t,f,f,w,e
t,w,x,s,n,c,u,o,e,e,s,s,w,p
f,g,f,s,b,w,g,o,e,t,s,f,w,e
f,n,x,s,b,w,g,o,e,t,s,s,w,e
t,n,x,f,b,c,d,o,b,t,s,s,w,e
t,y,x,y,b,c,g,o,r,e,s,y,w,e
f,g,x,s,b,w,g,o,e,t,f,f,w,e
f,n,x,f,b,w,g,o,e,t,f,s,w,e
f,w,x,f,b,w,g,o,e,t,s,s,w,e
t,y,x,y,b,c,g,o,c,e,s,s,w,e
t,n,x,f,b,c,d,o,b,t,s,s,w,e
f,w,x,f,b,w,g,o,e,t,s,s,w,e
f,w,x,f,b,w,g,o,e,t,f,s,w,e
t,n,f,s,n,c,u,o,e,e,s,s,w,p
t,w,f,s,n,c,u,o,e,e,s,s,w,p
f,n,x,s,b,w,g,o,e,t,s,s,w,e
f,g,x,f,n,c,u,o,e,e,s,s,w,e
f,n,f,s,b,w,g,o,e,t,f,f,w,e
f,w,x,s,b,w,g,o,e,t,f,s,w,e
t,w,f,s,n,c,g,o,e,e,s,s,w,p
t,y,b,s,b,c,g,o,c,e,s,s,w,e
f,n,x,f,b,w,g,o,e,t,f,f,w,e
t,n,f,y,n,c,u,o,e,e,s,s,w,p
f,g,x,s,b,w,g,o,e,t,f,f,w,e
f,g,x,s,b,w,g,o,e,t,s,f,w,e
f,w,x,s,b,w,g,o,e,t,f,s,w,e
t,w,f,s,n,c,u,o,e,e,s,s,w,p
f,w,f,s,b,w,g,o,e,t,f,f,w,e
f,n,x,f,b,w,g,o,e,t,f,s,w,e
f,n,f,f,b,w,g,o,e,t,s,s,w,e
f,n,x,f,b,w,g,o,e,t,f,f,w,e
t,n,f,y,n,c,g,o,e,e,s,s,w,p
f,w,x,f,b,w,g,o,e,t,s,f,w,e
f,w,f,s,b,w,g,o,e,t,f,s,w,e
t,w,f,y,n,c,u,o,e,e,s,s,w,p
f,g,f,s,b,w,g,o,e,t,s,f,w,e
t,n,f,y,b,c,d,o,b,t,s,s,w,e
f,g,x,f,b,w,g,o,e,t,s,f,w,e
t,g,x,f,b,c,d,o,b,t,s,s,w,e
t,n,x,y,b,c,d,o,b,t,s,s,w,e
t,n,f,f,b,c,d,o,b,t,s,s,w,e
t,e,f,y,b,c,d,o,b,t,s,s,w,e
f,g,f,s,b,w,g,o,e,t,f,s,w,e
t,g,x,f,b,c,d,o,b,t,s,s,w,e
t,g,x,y,b,c,d,o,b,t,s,s,w,e
f,g,x,f,b,w,g,o,e,t,f,s,w,e
t,n,f,s,n,c,g,o,e,e,s,s,w,p
t,n,f,f,b,c,d,o,b,t,s,s,w,e
t,n,x,s,n,c,g,o,e,e,s,s,w,p
t,w,x,s,b,c,g,o,c,e,s,s,w,e
f,w,x,s,b,w,g,o,e,t,s,s,w,e
t,y,x,y,b,c,g,o,c,e,s,s,w,e
f,g,x,f,b,c,g,o,b,e,k,k,w,p
f,n,f,s,b,w,g,o,e,t,f,s,w,e
f,w,f,s,b,w,g,o,e,t,f,f,w,e
t,n,x,f,b,c,d,o,b,t,s,s,w,e
f,n,f,s,b,w,g,o,e,t,s,s,w,e
f,n,x,f,b,w,g,o,e,t,s,f,w,e
t,w,x,s,n,c,u,o,e,e,s,s,w,p
t,n,f,f,b,c,d,o,b,t,s,s,w,e
t,w,x,y,b,c,g,o,c,e,s,s,w,e
f,g,f,f,b,w,g,o,e,t,f,s,w,e
t,e,x,y,b,c,d,o,b,t,s,s,w,e
f,w,f,f,b,w,g,o,e,t,s,s,w,e
f,g,x,s,b,w,g,o,e,t,f,s,w,e
t,n,x,y,b,c,d,o,b,t,s,s,w,e
t,g,x,y,b,c,d,o,b,t,s,s,w,e
t,g,x,f,b,c,d,o,b,t,s,s,w,e
f,w,f,s,b,w,g,o,e,t,f,s,w,e
t,g,x,f,b,c,d,o,b,t,s,s,w,e
t,n,x,f,b,c,d,o,b,t,s,s,w,e
t,e,x,f,b,c,d,o,b,t,s,s,w,e
t,n,x,y,b,c,d,o,b,t,s,s,w,e
f,w,f,f,b,w,g,o,e,t,f,f,w,e
t,n,x,y,b,c,d,o,b,t,s,s,w,e
f,g,x,s,b,w,g,o,e,t,s,f,w,e
f,g,x,f,b,w,g,o,e,t,f,s,w,e
f,w,f,f,b,w,g,o,e,t,s,s,w,e
t,g,x,y,b,c,d,o,b,t,s,s,w,e
t,n,f,y,n,c,u,o,e,e,s,s,w,p
t,e,x,y,b,c,d,o,b,t,s,s,w,e
f,w,f,f,b,w,g,o,e,t,s,f,w,e
f,g,f,s,b,w,g,o,e,t,f,s,w,e
t,g,x,y,b,c,d,o,b,t,s,s,w,e
t,g,f,f,b,c,d,o,b,t,s,s,w,e
t,n,x,f,b,c,d,o,b,t,s,s,w,e
t,e,f,f,b,c,d,o,b,t,s,s,w,e
f,w,x,s,b,w,g,o,e,t,f,s,w,e
t,e,x,f,b,c,d,o,b,t,s,s,w,e
t,n,x,f,b,c,d,o,b,t,s,s,w,e
t,g,x,f,b,c,d,o,b,t,s,s,w,e
t,n,x,f,b,c,d,o,b,t,s,s,w,e
t,y,x,f,n,w,d,o,b,t,s,s,w,e
t,e,x,f,b,c,d,o,b,t,s,s,w,e
t,w,f,s,n,c,g,o,e,e,s,s,w,p
f,w,x,s,b,w,g,o,e,t,f,f,w,e
t,e,x,f,b,c,d,o,b,t,s,s,w,e
t,n,x,y,b,c,d,o,b,t,s,s,w,e
f,w,x,f,b,w,g,o,e,t,f,s,w,e
t,g,x,f,b,c,d,o,b,t,s,s,w,e
f,g,x,s,b,w,g,o,e,t,s,s,w,e
t,e,x,y,b,c,d,o,b,t,s,s,w,e
t,n,x,y,b,c,d,o,b,t,s,s,w,e
f,w,x,s,b,w,g,o,e,t,f,s,w,e
f,n,x,s,b,w,g,o,e,t,s,f,w,e
f,w,x,s,b,w,g,o,e,t,s,s,w,e
f,n,x,s,b,w,g,o,e,t,s,f,w,e
t,e,f,f,b,c,d,o,b,t,s,s,w,e
f,w,f,f,b,w,g,o,e,t,s,f,w,e
f,g,f,f,b,w,g,o,e,t,s,s,w,e
t,e,x,y,b,c,d,o,b,t,s,s,w,e
t,e,x,f,b,c,d,o,b,t,s,s,w,e
t,g,x,y,b,c,d,o,b,t,s,s,w,e
t,e,x,f,b,c,d,o,b,t,s,s,w,e
f,n,f,s,b,w,g,o,e,t,s,s,w,e
f,w,x,s,b,w,g,o,e,t,s,s,w,e
f,w,x,s,b,w,g,o,e,t,s,f,w,e
f,w,x,f,b,w,g,o,e,t,s,s,w,e
t,e,x,f,b,c,d,o,b,t,s,s,w,e
t,n,x,f,b,c,d,o,b,t,s,s,w,e
t,n,f,f,b,c,d,o,b,t,s,s,w,e
t,w,f,f,n,w,d,o,b,t,s,s,w,e
f,w,f,f,b,w,g,o,e,t,f,f,w,e
t,w,f,y,n,c,g,o,e,e,s,s,w,p
t,g,f,f,b,c,d,o,b,t,s,s,w,e
t,n,x,f,b,c,d,o,b,t,s,s,w,e
f,w,x,s,b,w,g,o,e,t,f,f,w,e
f,w,x,f,b,w,g,o,e,t,f,f,w,e
f,n,x,s,b,w,g,o,e,t,s,s,w,e
f,n,x,f,b,w,g,o,e,t,s,s,w,e
f,g,x,s,b,w,g,o,e,t,s,s,w,e
t,n,x,y,b,c,d,o,b,t,s,s,w,e
t,n,x,f,b,c,d,o,b,t,s,s,w,e
f,g,f,s,b,w,g,o,e,t,f,f,w,e
f,n,f,s,b,w,g,o,e,t,f,f,w,e
f,g,x,s,b,w,g,o,e,t,f,s,w,e
t,g,f,f,b,c,d,o,b,t,s,s,w,e
f,w,x,s,b,w,g,o,e,t,f,f,w,e
f,n,f,f,b,w,g,o,e,t,s,f,w,e
f,w,f,s,b,w,g,o,e,t,f,s,w,e
f,g,x,f,b,w,g,o,e,t,s,s,w,e
f,n,f,f,b,w,g,o,e,t,s,s,w,e
f,n,f,f,b,w,g,o,e,t,f,f,w,e
t,n,x,f,b,c,d,o,b,t,s,s,w,e
f,g,f,s,b,w,g,o,e,t,s,f,w,e
f,w,f,s,b,w,g,o,e,t,f,f,w,e
t,e,x,y,b,c,d,o,b,t,s,s,w,e
t,g,x,y,b,c,d,o,b,t,s,s,w,e
t,e,x,y,b,c,d,o,b,t,s,s,w,e
f,g,x,f,b,w,g,o,e,t,s,s,w,e
f,g,f,f,b,w,g,o,e,t,f,s,w,e
t,y,f,y,b,c,g,o,r,e,s,y,w,e
t,w,f,y,n,c,u,o,e,e,s,s,w,p
f,n,f,s,b,w,g,o,e,t,f,f,w,e
f,n,f,f,b,w,g,o,e,t,s,f,w,e
t,n,f,f,b,c,d,o,b,t,s,s,w,e
t,e,x,f,b,c,d,o,b,t,s,s,w,e
f,g,f,f,b,w,g,o,e,t,s,s,w,e
f,n,x,f,b,w,g,o,e,t,f,s,w,e
f,g,x,f,b,w,g,o,e,t,f,f,w,e
t,e,x,y,b,c,d,o,b,t,s,s,w,e
t,n,f,f,b,c,d,o,b,t,s,s,w,e
f,n,x,f,b,w,g,o,e,t,s,f,w,e
f,n,x,f,b,w,g,o,e,t,s,f,w,e
f,w,f,s,b,w,g,o,e,t,s,f,w,e
f,g,f,s,b,w,g,o,e,t,s,s,w,e
t,w,f,y,n,c,u,o,e,e,s,s,w,p
t,w,b,s,b,c,g,o,c,e,s,s,w,e
t,n,x,f,b,c,d,o,b,t,s,s,w,e
f,g,f,f,b,w,g,o,e,t,f,f,w,e
f,n,x,f,b,w,g,o,e,t,f,s,w,e
f,n,x,s,b,w,g,o,e,t,s,f,w,e
t,w,f,s,n,w,d,o,b,t,s,s,w,e
f,w,x,f,b,w,g,o,e,t,s,s,w,e
f,w,x,s,b,w,g,o,e,t,f,s,w,e
f,g,x,s,b,w,g,o,e,t,f,s,w,e
t,e,x,y,b,c,d,o,b,t,s,s,w,e
t,n,f,f,b,c,d,o,b,t,s,s,w,e
t,n,x,f,b,c,d,o,b,t,s,s,w,e
f,w,f,f,b,w,g,o,e,t,s,s,w,e
f,n,f,s,b,w,g,o,e,t,f,s,w,e
t,w,f,s,n,c,u,o,e,e,s,s,w,p
f,n,f,f,b,w,g,o,e,t,f,f,w,e
t,g,x,y,b,c,d,o,b,t,s,s,w,e
t,g,x,y,b,c,d,o,b,t,s,s,w,e
f,g,x,f,b,w,g,o,e,t,s,s,w,e
t,g,x,f,b,c,d,o,b,t,s,s,w,e
t,e,x,y,b,c,d,o,b,t,s,s,w,e
t,g,x,f,b,c,d,o,b,t,s,s,w,e
t,g,x,f,b,c,d,o,b,t,s,s,w,e
t,n,x,f,b,c,d,o,b,t,s,s,w,e
t,w,x,s,n,c,g,o,e,e,s,s,w,p
f,n,x,f,b,w,g,o,e,t,s,s,w,e
t,n,x,y,b,c,d,o,b,t,s,s,w,e
t,g,x,f,b,c,d,o,b,t,s,s,w,e
t,n,f,y,n,c,g,o,e,e,s,s,w,p
t,g,x,f,b,c,d,o,b,t,s,s,w,e
f,g,x,f,b,w,g,o,e,t,s,f,w,e
t,e,x,f,b,c,d,o,b,t,s,s,w,e
f,n,f,f,b,w,g,o,e,t,f,s,w,e
f,w,f,s,b,w,g,o,e,t,f,f,w,e
f,n,f,s,b,w,g,o,e,t,s,s,w,e
t,e,x,y,b,c,d,o,b,t,s,s,w,e
f,n,f,s,b,w,g,o,e,t,f,f,w,e
t,n,f,f,b,c,d,o,b,t,s,s,w,e
f,w,f,s,b,w,g,o,e,t,s,s,w,e
f,n,x,f,b,w,g,o,e,t,f,f,w,e
f,n,f,f,b,w,g,o,e,t,s,f,w,e
t,n,x,s,n,c,u,o,e,e,s,s,w,p
t,n,x,f,b,c,d,o,b,t,s,s,w,e
f,n,f,s,b,w,g,o,e,t,f,s,w,e
t,w,f,y,n,c,g,o,e,e,s,s,w,p
t,n,x,f,b,c,d,o,b,t,s,s,w,e
t,g,x,f,b,c,d,o,b,t,s,s,w,e
f,n,f,f,b,w,g,o,e,t,f,f,w,e
t,e,x,f,b,c,d,o,b,t,s,s,w,e
f,w,f,f,b,w,g,o,e,t,s,s,w,e
f,w,x,f,b,w,g,o,e,t,f,f,w,e
t,w,x,y,b,c,m,o,c,e,s,s,w,e
f,w,x,s,b,w,g,o,e,t,f,s,w,e
t,g,x,y,b,c,d,o,b,t,s,s,w,e
t,g,x,f,b,c,d,o,b,t,s,s,w,e
f,g,x,s,b,w,g,o,e,t,f,s,w,e
t,w,f,y,n,c,u,o,e,e,s,s,w,p
t,e,x,f,b,c,d,o,b,t,s,s,w,e
t,n,f,s,n,c,u,o,e,e,s,s,w,p
t,n,f,y,n,c,g,o,e,e,s,s,w,p
t,g,x,f,b,c,d,o,b,t,s,s,w,e
f,n,f,s,b,w,g,o,e,t,s,f,w,e
t,g,x,f,b,c,d,o,b,t,s,s,w,e
f,n,x,f,b,w,g,o,e,t,s,f,w,e
t,n,x,f,b,c,d,o,b,t,s,s,w,e
f,n,f,s,b,w,g,o,e,t,f,s,w,e
f,n,f,f,b,w,g,o,e,t,s,f,w,e
f,n,x,s,b,w,g,o,e,t,f,f,w,e
f,n,x,s,b,w,g,o,e,t,s,f,w,e
t,n,x,f,b,c,d,o,b,t,s,s,w,e
t,e,x,y,b,c,d,o,b,t,s,s,w,e
f,n,f,s,b,w,g,o,e,t,f,f,w,e
t,n,x,f,b,c,d,o,b,t,s,s,w,e
t,w,f,y,n,c,u,o,e,e,s,s,w,p
t,y,x,y,b,c,g,o,r,e,s,y,w,e
t,n,f,s,n,c,g,o,e,e,s,s,w,p
f,w,f,f,b,w,g,o,e,t,f,s,w,e
f,n,f,f,b,w,g,o,e,t,f,f,w,e
t,n,f,s,n,c,g,o,e,e,s,s,w,p
f,n,x,s,b,w,g,o,e,t,f,f,w,e
f,n,x,f,b,w,g,o,e,t,s,f,w,e
t,e,x,f,b,c,d,o,b,t,s,s,w,e
f,n,f,f,b,w,g,o,e,t,s,s,w,e
f,w,x,f,b,w,g,o,e,t,s,s,w,e
f,g,f,s,b,w,g,o,e,t,f,s,w,e
f,w,f,f,b,w,g,o,e,t,f,s,w,e
t,y,f,s,n,w,d,o,b,t,s,s,w,e
t,w,f,f,n,w,d,o,b,t,s,s,w,e
f,n,f,f,b,w,g,o,e,t,s,f,w,e
t,n,x,f,b,c,d,o,b,t,s,s,w,e
t,g,x,y,b,c,d,o,b,t,s,s,w,e
t,n,x,f,b,c,d,o,b,t,s,s,w,e
f,n,x,f,b,w,g,o,e,t,s,f,w,e
t,g,x,f,b,c,d,o,b,t,s,s,w,e
t,n,x,f,b,c,d,o,b,t,s,s,w,e
f,g,x,f,b,w,g,o,e,t,f,s,w,e
t,n,x,f,b,c,d,o,b,t,s,s,w,e
f,n,x,s,b,w,g,o,e,t,f,f,w,e
t,w,b,y,b,c,m,o,c,e,s,s,w,e
t,e,x,y,b,c,d,o,b,t,s,s,w,e
f,n,f,s,b,w,g,o,e,t,s,f,w,e
t,e,x,f,b,c,d,o,b,t,s,s,w,e
t,n,f,y,b,c,d,o,b,t,s,s,w,e
t,g,x,y,b,c,d,o,b,t,s,s,w,e
f,g,x,s,b,w,g,o,e,t,s,s,w,e
f,n,x,s,b,w,g,o,e,t,f,s,w,e
f,g,x,f,b,w,g,o,e,t,f,f,w,e
f,g,x,s,b,w,g,o,e,t,s,s,w,e
t,e,x,y,b,c,d,o,b,t,s,s,w,e
t,g,f,f,b,c,d,o,b,t,s,s,w,e
t,n,f,f,b,c,d,o,b,t,s,s,w,e
f,n,x,f,b,w,g,o,e,t,f,f,w,e
f,n,f,s,b,w,g,o,e,t,s,f,w,e
f,w,x,f,b,w,g,o,e,t,s,s,w,e
t,y,x,y,b,c,p,o,r,e,s,y,w,e
t,e,x,f,b,c,d,o,b,t,s,s,w,e
f,n,x,f,b,w,g,o,e,t,f,s,w,e
t,n,x,y,b,c,d,o,b,t,s,s,w,e
t,g,f,f,b,c,d,o,b,t,s,s,w,e
f,w,x,f,b,w,g,o,e,t,f,s,w,e
t,w,x,y,b,c,m,o,c,e,s,s,w,e
f,n,x,s,b,w,g,o,e,t,s,s,w,e
f,w,f,s,b,w,g,o,e,t,s,s,w,e
t,n,f,f,b,c,d,o,b,t,s,s,w,e
f,w,f,f,b,w,g,o,e,t,f,f,w,e
t,g,x,f,b,c,d,o,b,t,s,s,w,e
t,n,x,f,b,c,d,o,b,t,s,s,w,e
f,w,x,f,b,w,g,o,e,t,s,f,w,e
t,w,x,s,b,c,m,o,c,e,s,s,w,e
f,g,f,s,b,w,g,o,e,t,f,s,w,e
t,n,f,y,n,c,g,o,e,e,s,s,w,p
f,g,f,f,b,w,g,o,e,t,f,s,w,e
t,n,x,f,b,c,d,o,b,t,s,s,w,e
f,w,x,f,b,w,g,o,e,t,s,f,w,e
t,n,x,y,b,c,d,o,b,t,s,s,w,e
t,e,x,y,b,c,d,o,b,t,s,s,w,e
t,n,f,s,n,c,u,o,e,e,s,s,w,p
f,g,f,s,b,w,g,o,e,t,s,s,w,e
t,g,x,f,b,c,d,o,b,t,s,s,w,e
t,g,f,f,b,c,d,o,b,t,s,s,w,e
t,g,x,f,b,c,d,o,b,t,s,s,w,e
t,g,x,f,b,c,d,o,b,t,s,s,w,e
t,n,x,f,b,c,d,o,b,t,s,s,w,e
t,w,x,s,n,c,u,o,e,e,s,s,w,p
t,y,x,s,b,c,m,o,c,e,s,s,w,e
t,n,x,f,b,c,d,o,b,t,s,s,w,e
t,n,f,y,b,c,d,o,b,t,s,s,w,e
f,g,x,s,b,w,g,o,e,t,f,f,w,e
t,e,x,y,b,c,d,o,b,t,s,s,w,e
f,g,x,f,b,w,g,o,e,t,f,s,w,e
f,w,f,s,b,w,g,o,e,t,f,s,w,e
t,n,x,f,b,c,d,o,b,t,s,s,w,e
t,n,f,f,b,c,d,o,b,t,s,s,w,e
f,g,f,f,b,w,g,o,e,t,s,f,w,e
f,g,f,f,b,w,g,o,e,t,s,s,w,e
f,n,f,f,b,w,g,o,e,t,f,f,w,e
t,g,x,f,b,c,d,o,b,t,s,s,w,e
t,e,x,f,b,c,d,o,b,t,s,s,w,e
t,n,f,y,n,c,u,o,e,e,s,s,w,p
t,g,x,y,b,c,d,o,b,t,s,s,w,e
f,w,x,s,b,w,g,o,e,t,s,f,w,e
t,w,b,s,b,c,m,o,c,e,s,s,w,e
f,w,x,s,b,w,g,o,e,t,f,f,w,e
f,n,f,f,b,w,g,o,e,t,f,f,w,e
t,g,x,y,b,c,d,o,b,t,s,s,w,e
t,g,f,f,b,c,d,o,b,t,s,s,w,e
f,g,x,f,b,w,g,o,e,t,f,s,w,e
t,w,x,s,n,c,g,o,e,e,s,s,w,p
f,n,x,s,b,w,g,o,e,t,s,s,w,e
t,g,x,y,b,c,d,o,b,t,s,s,w,e
t,g,f,f,b,c,d,o,b,t,s,s,w,e
t,n,x,y,b,c,d,o,b,t,s,s,w,e
t,e,x,f,b,c,d,o,b,t,s,s,w,e
t,n,f,f,b,c,d,o,b,t,s,s,w,e
t,e,x,f,b,c,d,o,b,t,s,s,w,e
t,n,f,f,b,c,d,o,b,t,s,s,w,e
t,e,x,y,b,c,d,o,b,t,s,s,w,e
t,g,x,f,b,c,d,o,b,t,s,s,w,e
t,g,f,f,b,c,d,o,b,t,s,s,w,e
t,e,x,f,b,c,d,o,b,t,s,s,w,e
t,e,x,y,b,c,d,o,b,t,s,s,w,e
t,w,x,s,n,c,g,o,e,e,s,s,w,p
t,e,x,f,b,c,d,o,b,t,s,s,w,e
t,g,x,y,b,c,d,o,b,t,s,s,w,e
t,n,x,f,b,c,d,o,b,t,s,s,w,e
t,e,x,y,b,c,d,o,b,t,s,s,w,e
t,g,x,y,b,c,d,o,b,t,s,s,w,e
t,g,x,f,b,c,d,o,b,t,s,s,w,e
t,g,x,y,b,c,d,o,b,t,s,s,w,e
t,e,x,f,b,c,d,o,b,t,s,s,w,e
t,e,f,y,b,c,d,o,b,t,s,s,w,e
t,n,f,f,b,c,d,o,b,t,s,s,w,e
t,n,x,f,b,c,d,o,b,t,s,s,w,e
t,g,f,y,b,c,d,o,b,t,s,s,w,e
t,e,x,y,b,c,d,o,b,t,s,s,w,e
t,g,x,f,b,c,d,o,b,t,s,s,w,e
t,g,x,y,b,c,d,o,b,t,s,s,w,e
f,g,x,f,b,c,g,o,b,e,k,k,w,p
t,w,f,s,n,c,g,o,e,e,s,s,w,p
t,e,x,f,b,c,d,o,b,t,s,s,w,e
f,w,x,f,b,w,g,o,e,t,s,s,w,e
t,n,x,y,b,c,d,o,b,t,s,s,w,e
t,n,f,f,b,c,d,o,b,t,s,s,w,e
t,n,x,f,b,c,d,o,b,t,s,s,w,e
t,g,x,y,b,c,d,o,b,t,s,s,w,e
t,g,x,y,b,c,d,o,b,t,s,s,w,e
t,e,x,f,b,c,d,o,b,t,s,s,w,e
t,n,x,y,b,c,d,o,b,t,s,s,w,e
t,g,x,f,b,c,d,o,b,t,s,s,w,e
t,e,x,f,b,c,d,o,b,t,s,s,w,e
t,e,x,y,b,c,d,o,b,t,s,s,w,e
t,n,x,y,b,c,d,o,b,t,s,s,w,e
t,e,x,y,b,c,d,o,b,t,s,s,w,e
t,n,f,y,b,c,d,o,b,t,s,s,w,e
t,n,f,y,b,c,d,o,b,t,s,s,w,e
t,n,x,y,b,c,d,o,b,t,s,s,w,e
t,n,f,s,n,c,u,o,e,e,s,s,w,p
t,e,f,f,b,c,d,o,b,t,s,s,w,e
t,w,x,s,n,c,g,o,e,e,s,s,w,p
t,e,x,f,b,c,d,o,b,t,s,s,w,e
t,n,f,f,b,c,d,o,b,t,s,s,w,e
t,n,x,y,b,c,d,o,b,t,s,s,w,e
t,e,f,f,b,c,d,o,b,t,s,s,w,e
t,e,x,f,b,c,d,o,b,t,s,s,w,e
t,g,x,f,b,c,d,o,b,t,s,s,w,e
t,n,x,y,b,c,d,o,b,t,s,s,w,e
t,n,f,f,b,c,d,o,b,t,s,s,w,e
t,n,f,f,b,c,d,o,b,t,s,s,w,e
t,e,x,f,b,c,d,o,b,t,s,s,w,e
t,n,x,f,b,c,d,o,b,t,s,s,w,e
t,e,x,f,b,c,d,o,b,t,s,s,w,e
t,g,f,f,b,c,d,o,b,t,s,s,w,e
t,n,x,y,b,c,d,o,b,t,s,s,w,e
t,n,f,f,b,c,d,o,b,t,s,s,w,e
t,e,x,f,b,c,d,o,b,t,s,s,w,e
t,e,x,y,b,c,d,o,b,t,s,s,w,e
t,g,x,f,b,c,d,o,b,t,s,s,w,e
t,g,x,y,b,c,d,o,b,t,s,s,w,e
t,e,x,y,b,c,d,o,b,t,s,s,w,e
t,g,x,y,b,c,d,o,b,t,s,s,w,e
t,g,x,f,b,c,d,o,b,t,s,s,w,e
t,g,f,f,b,c,d,o,b,t,s,s,w,e
t,g,x,y,b,c,d,o,b,t,s,s,w,e
t,e,x,y,b,c,d,o,b,t,s,s,w,e
t,n,f,f,b,c,d,o,b,t,s,s,w,e
t,n,f,f,b,c,d,o,b,t,s,s,w,e
t,e,x,y,b,c,d,o,b,t,s,s,w,e
f,g,x,f,b,c,d,o,b,e,k,k,w,p
t,g,x,y,b,c,d,o,b,t,s,s,w,e
t,e,x,f,b,c,d,o,b,t,s,s,w,e
t,n,x,y,b,c,d,o,b,t,s,s,w,e
t,n,f,f,b,c,d,o,b,t,s,s,w,e
t,e,x,y,b,c,d,o,b,t,s,s,w,e
t,n,f,f,b,c,d,o,b,t,s,s,w,e
t,n,f,y,b,c,d,o,b,t,s,s,w,e
t,g,f,f,b,c,d,o,b,t,s,s,w,e
t,e,x,f,b,c,d,o,b,t,s,s,w,e
t,g,x,f,b,c,d,o,b,t,s,s,w,e
t,g,x,f,b,c,d,o,b,t,s,s,w,e
t,n,x,f,b,c,d,o,b,t,s,s,w,e
t,g,x,f,b,c,d,o,b,t,s,s,w,e
f,g,x,s,b,w,g,o,e,t,s,s,w,e
t,e,x,y,b,c,d,o,b,t,s,s,w,e
t,g,f,f,b,c,d,o,b,t,s,s,w,e
t,e,x,y,b,c,d,o,b,t,s,s,w,e
t,g,f,f,b,c,d,o,b,t,s,s,w,e
t,g,x,f,b,c,d,o,b,t,s,s,w,e
t,g,x,f,b,c,d,o,b,t,s,s,w,e
t,g,f,f,b,c,d,o,b,t,s,s,w,e
f,w,x,s,b,w,g,o,e,t,s,f,w,e
t,n,x,f,b,c,d,o,b,t,s,s,w,e
t,n,f,f,b,c,d,o,b,t,s,s,w,e
t,g,f,f,b,c,d,o,b,t,s,s,w,e
t,g,x,y,b,c,d,o,b,t,s,s,w,e
t,e,x,f,b,c,d,o,b,t,s,s,w,e
t,e,x,y,b,c,d,o,b,t,s,s,w,e
t,n,x,f,b,c,d,o,b,t,s,s,w,e
t,g,f,y,b,c,d,o,b,t,s,s,w,e
t,g,x,y,b,c,d,o,b,t,s,s,w,e
f,p,x,s,n,w,d,o,b,e,s,s,w,p
t,n,x,y,b,c,d,o,b,t,s,s,w,e
t,g,f,f,b,c,d,o,b,t,s,s,w,e
t,e,x,y,b,c,d,o,b,t,s,s,w,e
t,n,f,f,b,c,d,o,b,t,s,s,w,e
t,n,x,y,b,c,d,o,b,t,s,s,w,e
t,g,x,f,b,c,d,o,b,t,s,s,w,e
t,n,f,f,b,c,d,o,b,t,s,s,w,e
t,n,x,y,b,c,d,o,b,t,s,s,w,e
t,n,x,y,b,c,d,o,b,t,s,s,w,e
t,e,x,f,b,c,d,o,b,t,s,s,w,e
t,g,f,f,b,c,d,o,b,t,s,s,w,e
t,e,x,y,b,c,d,o,b,t,s,s,w,e
t,e,x,y,b,c,d,o,b,t,s,s,w,e
t,n,f,f,b,c,d,o,b,t,s,s,w,e
t,e,x,f,b,c,d,o,b,t,s,s,w,e
t,e,x,f,b,c,d,o,b,t,s,s,w,e
f,w,x,f,b,w,g,o,e,t,f,f,w,e
t,g,x,y,b,c,d,o,b,t,s,s,w,e
t,e,x,f,b,c,d,o,b,t,s,s,w,e
t,g,x,y,b,c,d,o,b,t,s,s,w,e
t,e,x,f,b,c,d,o,b,t,s,s,w,e
t,g,x,f,b,c,d,o,b,t,s,s,w,e
t,e,f,y,b,c,d,o,b,t,s,s,w,e
t,g,f,y,b,c,d,o,b,t,s,s,w,e
t,e,x,y,b,c,d,o,b,t,s,s,w,e
t,g,x,y,b,c,d,o,b,t,s,s,w,e
f,g,f,f,b,w,g,o,e,t,s,f,w,e
f,g,x,f,b,c,p,o,b,e,k,k,w,p
t,e,x,f,b,c,d,o,b,t,s,s,w,e
t,e,x,y,b,c,d,o,b,t,s,s,w,e
t,w,f,s,n,c,g,o,e,e,s,s,w,p
t,n,f,y,b,c,d,o,b,t,s,s,w,e
t,e,x,f,b,c,d,o,b,t,s,s,w,e
t,e,x,y,b,c,d,o,b,t,s,s,w,e
t,g,x,f,b,c,d,o,b,t,s,s,w,e
t,g,x,y,b,c,d,o,b,t,s,s,w,e
f,g,x,f,b,w,g,o,e,t,f,f,w,e
t,n,x,f,b,c,d,o,b,t,s,s,w,e
t,e,f,f,b,c,d,o,b,t,s,s,w,e
t,g,x,y,b,c,d,o,b,t,s,s,w,e
t,n,f,f,b,c,d,o,b,t,s,s,w,e
f,g,f,f,b,w,g,o,e,t,f,f,w,e
t,g,f,f,b,c,d,o,b,t,s,s,w,e
t,n,x,y,b,c,d,o,b,t,s,s,w,e
t,g,f,f,b,c,d,o,b,t,s,s,w,e
t,n,f,y,b,c,d,o,b,t,s,s,w,e
t,g,x,f,b,c,d,o,b,t,s,s,w,e
t,e,x,y,b,c,d,o,b,t,s,s,w,e
t,n,x,y,b,c,d,o,b,t,s,s,w,e
f,g,f,s,b,w,g,o,e,t,f,s,w,e
t,n,x,f,b,c,d,o,b,t,s,s,w,e
t,n,f,f,b,c,d,o,b,t,s,s,w,e
t,e,x,y,b,c,d,o,b,t,s,s,w,e
t,e,x,y,b,c,d,o,b,t,s,s,w,e
t,n,x,y,b,c,d,o,b,t,s,s,w,e
f,w,f,s,b,w,g,o,e,t,s,f,w,e
t,n,x,y,b,c,d,o,b,t,s,s,w,e
t,e,x,y,b,c,d,o,b,t,s,s,w,e
t,g,x,f,b,c,d,o,b,t,s,s,w,e
t,g,f,f,b,c,d,o,b,t,s,s,w,e
f,n,f,f,b,w,g,o,e,t,s,f,w,e
t,g,f,f,b,c,d,o,b,t,s,s,w,e
t,e,x,y,b,c,d,o,b,t,s,s,w,e
t,g,f,f,b,c,d,o,b,t,s,s,w,e
t,n,x,y,b,c,d,o,b,t,s,s,w,e
t,e,x,f,b,c,d,o,b,t,s,s,w,e
t,n,x,f,b,c,d,o,b,t,s,s,w,e
t,g,x,f,b,c,d,o,b,t,s,s,w,e
t,g,f,f,b,c,d,o,b,t,s,s,w,e
t,n,x,f,b,c,d,o,b,t,s,s,w,e
t,n,x,y,b,c,d,o,b,t,s,s,w,e
t,e,x,f,b,c,d,o,b,t,s,s,w,e
t,g,f,f,b,c,d,o,b,t,s,s,w,e
t,n,x,y,b,c,d,o,b,t,s,s,w,e
f,p,x,s,n,w,d,o,b,e,s,s,w,p
t,g,f,y,b,c,d,o,b,t,s,s,w,e
t,n,f,f,b,c,d,o,b,t,s,s,w,e
t,n,f,s,n,c,u,o,e,e,s,s,w,p
t,n,x,y,b,c,d,o,b,t,s,s,w,e
t,g,x,y,b,c,d,o,b,t,s,s,w,e
t,e,x,y,b,c,d,o,b,t,s,s,w,e
t,e,x,y,b,c,d,o,b,t,s,s,w,e
t,e,x,y,b,c,d,o,b,t,s,s,w,e
t,g,x,f,b,c,d,o,b,t,s,s,w,e
f,w,f,s,b,w,g,o,e,t,s,s,w,e
t,g,x,y,b,c,d,o,b,t,s,s,w,e
f,n,x,f,b,w,g,o,e,t,s,f,w,e
t,n,x,f,b,c,d,o,b,t,s,s,w,e
t,g,x,y,b,c,d,o,b,t,s,s,w,e
t,e,x,y,b,c,d,o,b,t,s,s,w,e
t,n,x,y,b,c,d,o,b,t,s,s,w,e
t,g,x,f,b,c,d,o,b,t,s,s,w,e
t,g,x,f,b,c,d,o,b,t,s,s,w,e
t,g,x,y,b,c,d,o,b,t,s,s,w,e
t,g,x,y,b,c,d,o,b,t,s,s,w,e
t,g,f,y,b,c,d,o,b,t,s,s,w,e
t,e,x,f,b,c,d,o,b,t,s,s,w,e
t,e,x,y,b,c,d,o,b,t,s,s,w,e
t,n,x,f,b,c,d,o,b,t,s,s,w,e
t,n,x,f,b,c,d,o,b,t,s,s,w,e
t,n,f,f,b,c,d,o,b,t,s,s,w,e
t,n,f,f,b,c,d,o,b,t,s,s,w,e
t,g,x,y,b,c,d,o,b,t,s,s,w,e
t,e,x,f,b,c,d,o,b,t,s,s,w,e
t,n,f,y,b,c,d,o,b,t,s,s,w,e
t,e,x,y,b,c,d,o,b,t,s,s,w,e
t,n,f,y,b,c,d,o,b,t,s,s,w,e
t,g,x,y,b,c,d,o,b,t,s,s,w,e
t,n,f,f,b,c,d,o,b,t,s,s,w,e
t,g,x,y,b,c,d,o,b,t,s,s,w,e
t,e,x,y,b,c,d,o,b,t,s,s,w,e
t,n,x,y,b,c,d,o,b,t,s,s,w,e
t,g,x,f,b,c,d,o,b,t,s,s,w,e
t,e,x,f,b,c,d,o,b,t,s,s,w,e
t,n,x,f,b,c,d,o,b,t,s,s,w,e
t,n,f,f,b,c,d,o,b,t,s,s,w,e
t,g,f,y,b,c,d,o,b,t,s,s,w,e
t,n,x,f,b,c,d,o,b,t,s,s,w,e
t,e,x,y,b,c,d,o,b,t,s,s,w,e
t,n,f,f,b,c,d,o,b,t,s,s,w,e
t,n,x,y,b,c,d,o,b,t,s,s,w,e
t,n,f,f,b,c,d,o,b,t,s,s,w,e
t,e,x,y,b,c,d,o,b,t,s,s,w,e
t,e,x,y,b,c,d,o,b,t,s,s,w,e
t,g,x,f,b,c,d,o,b,t,s,s,w,e
t,g,x,f,b,c,d,o,b,t,s,s,w,e
t,e,f,f,b,c,d,o,b,t,s,s,w,e
t,n,x,f,b,c,d,o,b,t,s,s,w,e
t,e,x,y,b,c,d,o,b,t,s,s,w,e
t,g,x,y,b,c,d,o,b,t,s,s,w,e
t,g,x,y,b,c,d,o,b,t,s,s,w,e
t,e,x,f,b,c,d,o,b,t,s,s,w,e
t,n,f,f,b,c,d,o,b,t,s,s,w,e
t,n,x,y,b,c,d,o,b,t,s,s,w,e
t,g,x,y,b,c,d,o,b,t,s,s,w,e
f,w,x,f,b,w,g,o,e,t,s,f,w,e
t,g,f,y,b,c,d,o,b,t,s,s,w,e
f,g,f,s,b,w,g,o,e,t,f,f,w,e
t,n,f,f,b,c,d,o,b,t,s,s,w,e
t,e,x,y,b,c,d,o,b,t,s,s,w,e
t,w,f,y,n,c,u,o,e,e,s,s,w,p
t,g,x,y,b,c,d,o,b,t,s,s,w,e
t,n,f,f,b,c,d,o,b,t,s,s,w,e
t,g,x,f,b,c,d,o,b,t,s,s,w,e
t,e,x,f,b,c,d,o,b,t,s,s,w,e
t,g,f,f,b,c,d,o,b,t,s,s,w,e
t,n,x,y,b,c,d,o,b,t,s,s,w,e
t,e,x,y,b,c,d,o,b,t,s,s,w,e
t,n,x,y,b,c,d,o,b,t,s,s,w,e
t,n,x,y,b,c,d,o,b,t,s,s,w,e
t,n,f,f,b,c,d,o,b,t,s,s,w,e
t,g,x,y,b,c,d,o,b,t,s,s,w,e
t,n,x,y,b,c,d,o,b,t,s,s,w,e
t,e,x,f,b,c,d,o,b,t,s,s,w,e
t,n,f,f,b,c,d,o,b,t,s,s,w,e
t,e,x,f,b,c,d,o,b,t,s,s,w,e
f,w,f,s,b,w,g,o,e,t,s,s,w,e
t,n,x,y,b,c,d,o,b,t,s,s,w,e
t,g,x,f,b,c,d,o,b,t,s,s,w,e
t,n,x,f,b,c,d,o,b,t,s,s,w,e
t,e,x,f,b,c,d,o,b,t,s,s,w,e
t,n,f,f,b,c,d,o,b,t,s,s,w,e
t,n,x,f,b,c,d,o,b,t,s,s,w,e
t,n,x,y,b,c,d,o,b,t,s,s,w,e
t,w,f,s,n,c,u,o,e,e,s,s,w,p
t,g,x,f,b,c,d,o,b,t,s,s,w,e
f,w,f,s,b,w,g,o,e,t,s,s,w,e
f,g,x,s,b,w,g,o,e,t,s,f,w,e
t,g,x,f,b,c,d,o,b,t,s,s,w,e
t,n,f,f,b,c,d,o,b,t,s,s,w,e
t,e,x,f,b,c,d,o,b,t,s,s,w,e
t,g,x,y,b,c,d,o,b,t,s,s,w,e
t,n,f,f,b,c,d,o,b,t,s,s,w,e
t,n,x,f,b,c,d,o,b,t,s,s,w,e
f,g,x,f,b,c,d,o,b,e,k,k,w,p
t,e,x,y,b,c,d,o,b,t,s,s,w,e
f,n,x,f,b,w,g,o,e,t,s,s,w,e
t,w,x,s,n,c,g,o,e,e,s,s,w,p
t,g,x,y,b,c,d,o,b,t,s,s,w,e
t,n,f,f,b,c,d,o,b,t,s,s,w,e
t,n,x,f,b,c,d,o,b,t,s,s,w,e
t,g,x,y,b,c,d,o,b,t,s,s,w,e
t,g,x,y,b,c,d,o,b,t,s,s,w,e
t,n,f,f,b,c,d,o,b,t,s,s,w,e
t,n,f,f,b,c,d,o,b,t,s,s,w,e
t,g,x,f,b,c,d,o,b,t,s,s,w,e
t,g,f,f,b,c,d,o,b,t,s,s,w,e
t,e,x,y,b,c,d,o,b,t,s,s,w,e
t,e,x,f,b,c,d,o,b,t,s,s,w,e
t,w,x,s,n,c,g,o,e,e,s,s,w,p
t,g,f,f,b,c,d,o,b,t,s,s,w,e
t,g,x,f,b,c,d,o,b,t,s,s,w,e
t,e,f,y,b,c,d,o,b,t,s,s,w,e
t,g,f,y,b,c,d,o,b,t,s,s,w,e
t,n,x,y,b,c,d,o,b,t,s,s,w,e
t,e,x,y,b,c,d,o,b,t,s,s,w,e
t,e,x,f,b,c,d,o,b,t,s,s,w,e
t,e,x,y,b,c,d,o,b,t,s,s,w,e
t,g,f,f,b,c,d,o,b,t,s,s,w,e
t,g,x,f,b,c,d,o,b,t,s,s,w,e
t,n,f,f,b,c,d,o,b,t,s,s,w,e
t,n,x,y,b,c,d,o,b,t,s,s,w,e
t,g,x,y,b,c,d,o,b,t,s,s,w,e
t,g,x,f,b,c,d,o,b,t,s,s,w,e
t,n,x,y,b,c,d,o,b,t,s,s,w,e
t,n,f,f,b,c,d,o,b,t,s,s,w,e
t,n,x,y,b,c,d,o,b,t,s,s,w,e
t,n,x,y,b,c,d,o,b,t,s,s,w,e
t,n,f,f,b,c,d,o,b,t,s,s,w,e
t,n,x,f,b,c,d,o,b,t,s,s,w,e
t,n,x,f,b,c,d,o,b,t,s,s,w,e
t,n,x,y,b,c,d,o,b,t,s,s,w,e
t,g,f,f,b,c,d,o,b,t,s,s,w,e
t,e,x,f,b,c,d,o,b,t,s,s,w,e
t,n,f,f,b,c,d,o,b,t,s,s,w,e
f,p,x,s,n,c,d,o,b,e,s,s,w,p
t,e,x,f,b,c,d,o,b,t,s,s,w,e
t,n,f,f,b,c,d,o,b,t,s,s,w,e
t,n,x,f,b,c,d,o,b,t,s,s,w,e
t,e,f,f,b,c,d,o,b,t,s,s,w,e
t,e,x,y,b,c,d,o,b,t,s,s,w,e
t,g,x,f,b,c,d,o,b,t,s,s,w,e
t,g,x,f,b,c,d,o,b,t,s,s,w,e
t,g,x,f,b,c,d,o,b,t,s,s,w,e
t,g,x,f,b,c,d,o,b,t,s,s,w,e
t,g,f,f,b,c,d,o,b,t,s,s,w,e
t,e,x,f,b,c,d,o,b,t,s,s,w,e
t,n,f,y,b,c,d,o,b,t,s,s,w,e
t,e,f,y,b,c,d,o,b,t,s,s,w,e
t,g,x,y,b,c,d,o,b,t,s,s,w,e
t,g,x,y,b,c,d,o,b,t,s,s,w,e
t,g,x,f,b,c,d,o,b,t,s,s,w,e
f,g,x,f,b,c,g,o,b,e,k,k,w,p
t,n,x,y,b,c,d,o,b,t,s,s,w,e
t,e,x,y,b,c,d,o,b,t,s,s,w,e
t,n,x,f,b,c,d,o,b,t,s,s,w,e
t,n,f,f,b,c,d,o,b,t,s,s,w,e
t,n,f,f,b,c,d,o,b,t,s,s,w,e
t,g,f,f,b,c,d,o,b,t,s,s,w,e
t,g,f,f,b,c,d,o,b,t,s,s,w,e
t,g,x,y,b,c,d,o,b,t,s,s,w,e
f,g,x,f,b,w,g,o,e,t,s,f,w,e
t,g,x,y,b,c,d,o,b,t,s,s,w,e
t,e,x,f,b,c,d,o,b,t,s,s,w,e
t,n,f,f,b,c,d,o,b,t,s,s,w,e
t,e,x,y,b,c,d,o,b,t,s,s,w,e
t,g,x,f,b,c,d,o,b,t,s,s,w,e
t,n,x,f,b,c,d,o,b,t,s,s,w,e
t,e,x,y,b,c,d,o,b,t,s,s,w,e
t,n,x,f,b,c,d,o,b,t,s,s,w,e
t,g,f,f,b,c,d,o,b,t,s,s,w,e
t,g,x,y,b,c,d,o,b,t,s,s,w,e
t,g,x,y,b,c,d,o,b,t,s,s,w,e
t,n,f,f,b,c,d,o,b,t,s,s,w,e
t,g,x,f,b,c,d,o,b,t,s,s,w,e
t,n,f,f,b,c,d,o,b,t,s,s,w,e
t,e,x,y,b,c,d,o,b,t,s,s,w,e
t,n,x,f,b,c,d,o,b,t,s,s,w,e
t,g,x,y,b,c,d,o,b,t,s,s,w,e
t,g,f,f,b,c,d,o,b,t,s,s,w,e
t,g,x,f,b,c,d,o,b,t,s,s,w,e
t,n,x,f,b,c,d,o,b,t,s,s,w,e
t,g,x,y,b,c,d,o,b,t,s,s,w,e
t,g,x,y,b,c,d,o,b,t,s,s,w,e
t,e,x,y,b,c,d,o,b,t,s,s,w,e
t,n,x,y,b,c,d,o,b,t,s,s,w,e
t,g,x,y,b,c,d,o,b,t,s,s,w,e
t,n,f,y,n,c,u,o,e,e,s,s,w,p
f,g,x,s,b,w,g,o,e,t,f,s,w,e
t,g,x,f,b,c,d,o,b,t,s,s,w,e
t,e,x,f,b,c,d,o,b,t,s,s,w,e
f,p,x,s,n,w,d,o,b,e,s,s,w,p
t,n,x,y,b,c,d,o,b,t,s,s,w,e
t,e,x,f,b,c,d,o,b,t,s,s,w,e
t,n,x,y,b,c,d,o,b,t,s,s,w,e
t,e,x,y,b,c,d,o,b,t,s,s,w,e
f,w,x,s,b,w,g,o,e,t,s,s,w,e
t,g,f,f,b,c,d,o,b,t,s,s,w,e
t,g,x,y,b,c,d,o,b,t,s,s,w,e
t,g,x,y,b,c,d,o,b,t,s,s,w,e
t,e,x,f,b,c,d,o,b,t,s,s,w,e
t,g,x,y,b,c,d,o,b,t,s,s,w,e
t,g,x,y,b,c,d,o,b,t,s,s,w,e
t,e,x,f,b,c,d,o,b,t,s,s,w,e
t,w,f,y,n,c,u,o,e,e,s,s,w,p
t,n,f,f,b,c,d,o,b,t,s,s,w,e
t,e,x,f,b,c,d,o,b,t,s,s,w,e
t,e,x,f,b,c,d,o,b,t,s,s,w,e
t,g,x,y,b,c,d,o,b,t,s,s,w,e
f,w,f,s,b,w,g,o,e,t,f,f,w,e
f,n,x,f,b,w,g,o,e,t,f,s,w,e
t,n,x,f,b,c,d,o,b,t,s,s,w,e
t,n,f,f,b,c,d,o,b,t,s,s,w,e
t,e,x,y,b,c,d,o,b,t,s,s,w,e
t,e,x,y,b,c,d,o,b,t,s,s,w,e
t,e,x,y,b,c,d,o,b,t,s,s,w,e
t,n,f,f,b,c,d,o,b,t,s,s,w,e
t,g,x,f,b,c,d,o,b,t,s,s,w,e
t,n,f,f,b,c,d,o,b,t,s,s,w,e
t,e,f,f,b,c,d,o,b,t,s,s,w,e
t,e,x,y,b,c,d,o,b,t,s,s,w,e
f,w,x,s,n,w,d,o,b,e,s,s,w,p
t,n,f,f,b,c,d,o,b,t,s,s,w,e
t,g,f,f,b,c,d,o,b,t,s,s,w,e
t,n,f,f,b,c,d,o,b,t,s,s,w,e
t,n,x,y,b,c,d,o,b,t,s,s,w,e
t,e,x,f,b,c,d,o,b,t,s,s,w,e
f,w,f,s,b,w,g,o,e,t,f,s,w,e
t,g,x,y,b,c,d,o,b,t,s,s,w,e
t,e,x,f,b,c,d,o,b,t,s,s,w,e
t,n,f,f,b,c,d,o,b,t,s,s,w,e
t,n,f,f,b,c,d,o,b,t,s,s,w,e
t,n,x,y,b,c,d,o,b,t,s,s,w,e
t,g,x,y,b,c,d,o,b,t,s,s,w,e
t,n,x,y,b,c,d,o,b,t,s,s,w,e
t,g,x,f,b,c,d,o,b,t,s,s,w,e
t,n,x,y,b,c,d,o,b,t,s,s,w,e
t,n,x,y,b,c,d,o,b,t,s,s,w,e
t,n,f,f,b,c,d,o,b,t,s,s,w,e
t,g,x,y,b,c,d,o,b,t,s,s,w,e
t,e,x,y,b,c,d,o,b,t,s,s,w,e
t,n,x,y,b,c,d,o,b,t,s,s,w,e
f,g,x,f,b,c,p,o,b,e,k,k,w,p
t,g,f,f,b,c,d,o,b,t,s,s,w,e
t,e,x,y,b,c,d,o,b,t,s,s,w,e
f,g,x,f,b,c,d,o,b,e,k,k,w,p
t,e,x,y,b,c,d,o,b,t,s,s,w,e
t,e,x,f,b,c,d,o,b,t,s,s,w,e
f,g,x,f,b,c,d,o,b,e,k,k,w,p
f,p,x,f,n,w,d,o,b,e,s,s,w,p
t,g,x,f,b,c,d,o,b,t,s,s,w,e
t,g,f,f,b,c,d,o,b,t,s,s,w,e
t,g,x,f,b,c,d,o,b,t,s,s,w,e
t,g,x,y,b,c,d,o,b,t,s,s,w,e
t,g,x,y,b,c,d,o,b,t,s,s,w,e
t,g,f,f,b,c,d,o,b,t,s,s,w,e
t,g,x,f,b,c,d,o,b,t,s,s,w,e
t,e,x,f,b,c,d,o,b,t,s,s,w,e
t,n,x,f,b,c,d,o,b,t,s,s,w,e
t,n,x,y,b,c,d,o,b,t,s,s,w,e
t,n,f,f,b,c,d,o,b,t,s,s,w,e
t,n,f,f,b,c,d,o,b,t,s,s,w,e
t,g,f,f,b,c,d,o,b,t,s,s,w,e
t,g,x,f,b,c,d,o,b,t,s,s,w,e
t,n,x,y,b,c,d,o,b,t,s,s,w,e
t,e,x,y,b,c,d,o,b,t,s,s,w,e
t,n,f,f,b,c,d,o,b,t,s,s,w,e
t,g,x,y,b,c,d,o,b,t,s,s,w,e
t,n,x,y,b,c,d,o,b,t,s,s,w,e
f,w,x,f,n,c,d,o,b,e,s,s,w,p
t,n,f,f,b,c,d,o,b,t,s,s,w,e
t,e,x,y,b,c,d,o,b,t,s,s,w,e
t,n,x,y,b,c,d,o,b,t,s,s,w,e
t,g,f,f,b,c,d,o,b,t,s,s,w,e
t,e,x,f,b,c,d,o,b,t,s,s,w,e
f,g,x,f,b,c,d,o,b,e,k,k,w,p
t,e,x,y,b,c,d,o,b,t,s,s,w,e
t,g,f,f,b,c,d,o,b,t,s,s,w,e
t,e,f,y,b,c,d,o,b,t,s,s,w,e
t,e,x,f,b,c,d,o,b,t,s,s,w,e
f,g,x,f,b,c,g,o,b,e,k,k,w,p
t,n,x,y,b,c,d,o,b,t,s,s,w,e
t,n,x,y,b,c,d,o,b,t,s,s,w,e
t,n,x,y,b,c,d,o,b,t,s,s,w,e
t,n,x,y,b,c,d,o,b,t,s,s,w,e
t,g,x,y,b,c,d,o,b,t,s,s,w,e
t,n,x,y,b,c,d,o,b,t,s,s,w,e
t,g,x,f,b,c,d,o,b,t,s,s,w,e
t,e,x,y,b,c,d,o,b,t,s,s,w,e
t,e,x,y,b,c,d,o,b,t,s,s,w,e
t,g,x,y,b,c,d,o,b,t,s,s,w,e
t,e,f,f,b,c,d,o,b,t,s,s,w,e
t,n,f,f,b,c,d,o,b,t,s,s,w,e
t,n,f,f,b,c,d,o,b,t,s,s,w,e
t,g,x,y,b,c,d,o,b,t,s,s,w,e
t,g,x,y,b,c,d,o,b,t,s,s,w,e
t,e,x,f,b,c,d,o,b,t,s,s,w,e
t,n,f,f,b,c,d,o,b,t,s,s,w,e
t,n,f,f,b,c,d,o,b,t,s,s,w,e
t,e,x,y,b,c,d,o,b,t,s,s,w,e
t,n,x,y,b,c,d,o,b,t,s,s,w,e
t,n,f,f,b,c,d,o,b,t,s,s,w,e
t,n,f,f,b,c,d,o,b,t,s,s,w,e
f,g,x,f,b,c,p,o,b,e,k,k,w,p
t,g,x,f,b,c,d,o,b,t,s,s,w,e
t,n,x,y,b,c,d,o,b,t,s,s,w,e
t,g,x,f,b,c,d,o,b,t,s,s,w,e
t,g,x,f,b,c,d,o,b,t,s,s,w,e
t,g,x,y,b,c,d,o,b,t,s,s,w,e
t,n,f,f,b,c,d,o,b,t,s,s,w,e
t,g,f,f,b,c,d,o,b,t,s,s,w,e
t,n,x,y,b,c,d,o,b,t,s,s,w,e
t,e,x,f,b,c,d,o,b,t,s,s,w,e
t,n,f,f,b,c,d,o,b,t,s,s,w,e
f,g,x,f,b,c,p,o,b,e,k,k,w,p
t,e,x,f,b,c,d,o,b,t,s,s,w,e
t,n,f,f,b,c,d,o,b,t,s,s,w,e
t,e,x,f,b,c,d,o,b,t,s,s,w,e
t,e,x,f,b,c,d,o,b,t,s,s,w,e
t,e,x,y,b,c,d,o,b,t,s,s,w,e
t,g,f,y,b,c,d,o,b,t,s,s,w,e
t,n,f,f,b,c,d,o,b,t,s,s,w,e
t,g,x,f,b,c,d,o,b,t,s,s,w,e
t,g,f,f,b,c,d,o,b,t,s,s,w,e
t,n,x,y,b,c,d,o,b,t,s,s,w,e
t,g,x,y,b,c,d,o,b,t,s,s,w,e
t,g,x,y,b,c,d,o,b,t,s,s,w,e
t,n,x,f,b,c,d,o,b,t,s,s,w,e
t,e,x,y,b,c,d,o,b,t,s,s,w,e
t,n,f,f,b,c,d,o,b,t,s,s,w,e
t,e,x,y,b,c,d,o,b,t,s,s,w,e
t,n,x,f,b,c,d,o,b,t,s,s,w,e
t,n,f,f,b,c,d,o,b,t,s,s,w,e
t,e,x,y,b,c,d,o,b,t,s,s,w,e
t,g,x,f,b,c,d,o,b,t,s,s,w,e
t,n,x,y,b,c,d,o,b,t,s,s,w,e
f,g,x,f,n,c,d,o,b,e,s,s,w,p
t,g,f,f,b,c,d,o,b,t,s,s,w,e
t,n,x,f,b,c,d,o,b,t,s,s,w,e
f,n,f,s,b,w,g,o,e,t,s,f,w,e
t,n,f,f,b,c,d,o,b,t,s,s,w,e
t,g,x,y,b,c,d,o,b,t,s,s,w,e
t,g,f,y,b,c,d,o,b,t,s,s,w,e
t,g,x,y,b,c,d,o,b,t,s,s,w,e
t,e,f,y,b,c,d,o,b,t,s,s,w,e
t,g,x,y,b,c,d,o,b,t,s,s,w,e
t,g,x,f,b,c,d,o,b,t,s,s,w,e
t,g,f,f,b,c,d,o,b,t,s,s,w,e
t,n,x,y,b,c,d,o,b,t,s,s,w,e
t,n,f,f,b,c,d,o,b,t,s,s,w,e
t,e,x,y,b,c,d,o,b,t,s,s,w,e
t,e,x,y,b,c,d,o,b,t,s,s,w,e
t,n,f,y,b,c,d,o,b,t,s,s,w,e
t,n,x,y,b,c,d,o,b,t,s,s,w,e
t,g,x,f,b,c,d,o,b,t,s,s,w,e
t,g,f,f,b,c,d,o,b,t,s,s,w,e
f,w,f,f,b,w,g,o,e,t,s,f,w,e
t,n,x,y,b,c,d,o,b,t,s,s,w,e
t,g,x,f,b,c,d,o,b,t,s,s,w,e
t,e,f,y,b,c,d,o,b,t,s,s,w,e
t,e,x,f,b,c,d,o,b,t,s,s,w,e
t,n,x,y,b,c,d,o,b,t,s,s,w,e
t,n,f,y,b,c,d,o,b,t,s,s,w,e
t,g,x,y,b,c,d,o,b,t,s,s,w,e
t,n,f,f,b,c,d,o,b,t,s,s,w,e
t,e,x,y,b,c,d,o,b,t,s,s,w,e
t,e,x,y,b,c,d,o,b,t,s,s,w,e
t,e,x,y,b,c,d,o,b,t,s,s,w,e
t,e,x,f,b,c,d,o,b,t,s,s,w,e
t,e,x,f,b,c,d,o,b,t,s,s,w,e
t,e,x,f,b,c,d,o,b,t,s,s,w,e
t,n,f,f,b,c,d,o,b,t,s,s,w,e
t,g,x,f,b,c,d,o,b,t,s,s,w,e
t,g,x,f,b,c,d,o,b,t,s,s,w,e
t,g,x,y,b,c,d,o,b,t,s,s,w,e
t,n,x,y,b,c,d,o,b,t,s,s,w,e
t,e,x,f,b,c,d,o,b,t,s,s,w,e
t,e,x,f,b,c,d,o,b,t,s,s,w,e
t,g,x,f,b,c,d,o,b,t,s,s,w,e
t,e,x,f,b,c,d,o,b,t,s,s,w,e
t,n,f,f,b,c,d,o,b,t,s,s,w,e
t,e,x,f,b,c,d,o,b,t,s,s,w,e
t,n,f,f,b,c,d,o,b,t,s,s,w,e
t,n,f,f,b,c,d,o,b,t,s,s,w,e
t,n,f,f,b,c,d,o,b,t,s,s,w,e
t,g,x,f,b,c,d,o,b,t,s,s,w,e
t,e,x,f,b,c,d,o,b,t,s,s,w,e
t,e,x,y,b,c,d,o,b,t,s,s,w,e
t,g,f,f,b,c,d,o,b,t,s,s,w,e
t,n,f,f,b,c,d,o,b,t,s,s,w,e
t,n,x,y,b,c,d,o,b,t,s,s,w,e
t,n,f,f,b,c,d,o,b,t,s,s,w,e
f,p,x,f,n,c,d,o,b,e,s,s,w,p
t,e,x,f,b,c,d,o,b,t,s,s,w,e
t,n,x,f,b,c,d,o,b,t,s,s,w,e
t,e,x,y,b,c,d,o,b,t,s,s,w,e
t,n,f,f,b,c,d,o,b,t,s,s,w,e
t,n,f,f,b,c,d,o,b,t,s,s,w,e
t,g,x,y,b,c,d,o,b,t,s,s,w,e
f,n,f,s,b,w,g,o,e,t,s,s,w,e
t,g,x,y,b,c,d,o,b,t,s,s,w,e
t,n,x,y,b,c,d,o,b,t,s,s,w,e
t,n,x,y,b,c,d,o,b,t,s,s,w,e
t,g,f,f,b,c,d,o,b,t,s,s,w,e
t,e,x,f,b,c,d,o,b,t,s,s,w,e
t,n,f,f,b,c,d,o,b,t,s,s,w,e
f,g,x,f,b,c,g,o,b,e,k,k,w,p
t,e,x,y,b,c,d,o,b,t,s,s,w,e
t,g,x,f,b,c,d,o,b,t,s,s,w,e
t,e,x,f,b,c,d,o,b,t,s,s,w,e
t,e,x,f,b,c,d,o,b,t,s,s,w,e
t,e,x,y,b,c,d,o,b,t,s,s,w,e
t,n,f,f,b,c,d,o,b,t,s,s,w,e
t,n,f,f,b,c,d,o,b,t,s,s,w,e
t,n,x,y,b,c,d,o,b,t,s,s,w,e
t,e,x,f,b,c,d,o,b,t,s,s,w,e
t,e,x,y,b,c,d,o,b,t,s,s,w,e
t,n,x,y,b,c,d,o,b,t,s,s,w,e
t,g,x,y,b,c,d,o,b,t,s,s,w,e
t,n,x,y,b,c,d,o,b,t,s,s,w,e
t,e,x,y,b,c,d,o,b,t,s,s,w,e
t,e,x,f,b,c,d,o,b,t,s,s,w,e
t,e,x,f,b,c,d,o,b,t,s,s,w,e
t,e,x,y,b,c,d,o,b,t,s,s,w,e
t,n,x,y,b,c,d,o,b,t,s,s,w,e
t,e,x,f,b,c,d,o,b,t,s,s,w,e
t,e,f,f,b,c,d,o,b,t,s,s,w,e
t,n,f,f,b,c,d,o,b,t,s,s,w,e
t,e,x,y,b,c,d,o,b,t,s,s,w,e
t,n,x,f,b,c,d,o,b,t,s,s,w,e
t,e,x,y,b,c,d,o,b,t,s,s,w,e
t,g,f,f,b,c,d,o,b,t,s,s,w,e
t,n,x,y,b,c,d,o,b,t,s,s,w,e
t,e,f,y,b,c,d,o,b,t,s,s,w,e
t,n,x,y,b,c,d,o,b,t,s,s,w,e
t,e,x,y,b,c,d,o,b,t,s,s,w,e
t,g,x,y,b,c,d,o,b,t,s,s,w,e
t,g,f,y,b,c,d,o,b,t,s,s,w,e
t,n,x,y,b,c,d,o,b,t,s,s,w,e
f,g,x,s,b,w,g,o,e,t,f,s,w,e
t,n,f,f,b,c,d,o,b,t,s,s,w,e
t,g,x,y,b,c,d,o,b,t,s,s,w,e
t,g,x,y,b,c,d,o,b,t,s,s,w,e
t,n,x,f,b,c,d,o,b,t,s,s,w,e
t,e,x,f,b,c,d,o,b,t,s,s,w,e
t,e,x,y,b,c,d,o,b,t,s,s,w,e
t,n,x,y,b,c,d,o,b,t,s,s,w,e
t,e,x,f,b,c,d,o,b,t,s,s,w,e
t,e,x,y,b,c,d,o,b,t,s,s,w,e
t,n,x,y,b,c,d,o,b,t,s,s,w,e
t,g,f,f,b,c,d,o,b,t,s,s,w,e
t,e,x,f,b,c,d,o,b,t,s,s,w,e
t,n,f,y,b,c,d,o,b,t,s,s,w,e
t,n,x,y,b,c,d,o,b,t,s,s,w,e
t,e,x,f,b,c,d,o,b,t,s,s,w,e
t,g,x,f,b,c,d,o,b,t,s,s,w,e
t,n,x,y,b,c,d,o,b,t,s,s,w,e
t,g,x,y,b,c,d,o,b,t,s,s,w,e
f,g,x,f,n,c,d,o,b,e,s,s,w,p
t,n,x,y,b,c,d,o,b,t,s,s,w,e
t,g,x,f,b,c,d,o,b,t,s,s,w,e
t,n,x,y,b,c,d,o,b,t,s,s,w,e
t,g,x,y,b,c,d,o,b,t,s,s,w,e
t,n,x,y,b,c,d,o,b,t,s,s,w,e
t,n,f,f,b,c,d,o,b,t,s,s,w,e
t,n,f,f,b,c,d,o,b,t,s,s,w,e
t,n,x,y,b,c,d,o,b,t,s,s,w,e
t,n,f,f,b,c,d,o,b,t,s,s,w,e
t,n,f,f,b,c,d,o,b,t,s,s,w,e
t,g,f,y,b,c,d,o,b,t,s,s,w,e
t,g,x,f,b,c,d,o,b,t,s,s,w,e
t,g,x,y,b,c,d,o,b,t,s,s,w,e
t,g,x,y,b,c,d,o,b,t,s,s,w,e
t,n,f,f,b,c,d,o,b,t,s,s,w,e
t,g,x,f,b,c,d,o,b,t,s,s,w,e
f,g,x,f,b,c,d,o,b,e,k,k,w,p
t,n,f,f,b,c,d,o,b,t,s,s,w,e
t,g,x,y,b,c,d,o,b,t,s,s,w,e
t,g,x,f,b,c,d,o,b,t,s,s,w,e
f,g,x,f,b,c,d,o,b,e,k,k,w,p
t,n,f,f,b,c,d,o,b,t,s,s,w,e
t,e,x,y,b,c,d,o,b,t,s,s,w,e
t,n,x,y,b,c,d,o,b,t,s,s,w,e
t,e,x,f,b,c,d,o,b,t,s,s,w,e
t,e,x,f,b,c,d,o,b,t,s,s,w,e
t,n,x,y,b,c,d,o,b,t,s,s,w,e
t,n,f,f,b,c,d,o,b,t,s,s,w,e
t,e,x,f,b,c,d,o,b,t,s,s,w,e
t,g,x,f,b,c,d,o,b,t,s,s,w,e
t,n,f,f,b,c,d,o,b,t,s,s,w,e
t,e,x,y,b,c,d,o,b,t,s,s,w,e
t,g,x,f,b,c,d,o,b,t,s,s,w,e
t,g,f,f,b,c,d,o,b,t,s,s,w,e
t,g,f,f,b,c,d,o,b,t,s,s,w,e
t,n,f,f,b,c,d,o,b,t,s,s,w,e
t,n,x,f,b,c,d,o,b,t,s,s,w,e
t,e,x,y,b,c,d,o,b,t,s,s,w,e
f,g,f,s,b,w,g,o,e,t,f,f,w,e
t,e,x,y,b,c,d,o,b,t,s,s,w,e
t,g,f,f,b,c,d,o,b,t,s,s,w,e
t,e,x,y,b,c,d,o,b,t,s,s,w,e
t,g,x,f,b,c,d,o,b,t,s,s,w,e
t,n,f,f,b,c,d,o,b,t,s,s,w,e
t,e,x,f,b,c,d,o,b,t,s,s,w,e
t,e,x,f,b,c,d,o,b,t,s,s,w,e
t,g,x,f,b,c,d,o,b,t,s,s,w,e
f,w,x,f,n,w,d,o,b,e,s,s,w,p
t,e,x,y,b,c,d,o,b,t,s,s,w,e
t,e,x,f,b,c,d,o,b,t,s,s,w,e
t,n,x,y,b,c,d,o,b,t,s,s,w,e
f,w,f,f,b,w,g,o,e,t,s,s,w,e
t,g,x,f,b,c,d,o,b,t,s,s,w,e
t,g,f,f,b,c,d,o,b,t,s,s,w,e
t,g,x,f,b,c,d,o,b,t,s,s,w,e
t,e,f,y,b,c,d,o,b,t,s,s,w,e
t,e,x,f,b,c,d,o,b,t,s,s,w,e
t,n,x,y,b,c,d,o,b,t,s,s,w,e
t,e,x,y,b,c,d,o,b,t,s,s,w,e
t,e,x,f,b,c,d,o,b,t,s,s,w,e
t,e,f,y,b,c,d,o,b,t,s,s,w,e
t,n,f,f,b,c,d,o,b,t,s,s,w,e
t,g,x,y,b,c,d,o,b,t,s,s,w,e
t,g,x,y,b,c,d,o,b,t,s,s,w,e
t,g,x,f,b,c,d,o,b,t,s,s,w,e
t,e,x,f,b,c,d,o,b,t,s,s,w,e
t,n,x,f,b,c,d,o,b,t,s,s,w,e
f,n,f,f,b,w,g,o,e,t,f,f,w,e
t,e,x,f,b,c,d,o,b,t,s,s,w,e
t,g,x,y,b,c,d,o,b,t,s,s,w,e
t,n,x,y,b,c,d,o,b,t,s,s,w,e
t,g,x,f,b,c,d,o,b,t,s,s,w,e
t,e,x,y,b,c,d,o,b,t,s,s,w,e
t,n,f,f,b,c,d,o,b,t,s,s,w,e
t,g,x,y,b,c,d,o,b,t,s,s,w,e
t,g,f,f,b,c,d,o,b,t,s,s,w,e
t,e,x,f,b,c,d,o,b,t,s,s,w,e
t,n,f,f,b,c,d,o,b,t,s,s,w,e
t,g,x,y,b,c,d,o,b,t,s,s,w,e
t,n,x,y,b,c,d,o,b,t,s,s,w,e
t,e,x,y,b,c,d,o,b,t,s,s,w,e
t,e,x,f,b,c,d,o,b,t,s,s,w,e
t,n,x,f,b,c,d,o,b,t,s,s,w,e
t,n,f,f,b,c,d,o,b,t,s,s,w,e
t,g,x,y,b,c,d,o,b,t,s,s,w,e
t,e,x,f,b,c,d,o,b,t,s,s,w,e
t,n,f,f,b,c,d,o,b,t,s,s,w,e
t,n,f,f,b,c,d,o,b,t,s,s,w,e
t,e,x,y,b,c,d,o,b,t,s,s,w,e
t,g,x,f,b,c,d,o,b,t,s,s,w,e
t,g,x,f,b,c,d,o,b,t,s,s,w,e
f,p,x,f,n,w,d,o,b,e,s,s,w,p
t,n,x,y,b,c,d,o,b,t,s,s,w,e
t,e,x,f,b,c,d,o,b,t,s,s,w,e
f,n,f,s,b,w,g,o,e,t,f,f,w,e
t,g,x,y,b,c,d,o,b,t,s,s,w,e
t,g,x,y,b,c,d,o,b,t,s,s,w,e
t,n,x,f,b,c,d,o,b,t,s,s,w,e
t,g,f,f,b,c,d,o,b,t,s,s,w,e
t,g,x,f,b,c,d,o,b,t,s,s,w,e
t,n,x,y,b,c,d,o,b,t,s,s,w,e
t,e,x,f,b,c,d,o,b,t,s,s,w,e
t,n,x,f,b,c,d,o,b,t,s,s,w,e
t,g,f,f,b,c,d,o,b,t,s,s,w,e
t,n,f,f,b,c,d,o,b,t,s,s,w,e
t,g,x,y,b,c,d,o,b,t,s,s,w,e
t,e,x,y,b,c,d,o,b,t,s,s,w,e
t,g,x,y,b,c,d,o,b,t,s,s,w,e
t,g,f,f,b,c,d,o,b,t,s,s,w,e
t,e,x,f,b,c,d,o,b,t,s,s,w,e
f,p,x,s,n,w,d,o,b,e,s,s,w,p
t,n,f,y,b,c,d,o,b,t,s,s,w,e
t,e,x,y,b,c,d,o,b,t,s,s,w,e
t,g,x,y,b,c,d,o,b,t,s,s,w,e
t,g,x,y,b,c,d,o,b,t,s,s,w,e
t,g,x,f,b,c,d,o,b,t,s,s,w,e
t,e,x,f,b,c,d,o,b,t,s,s,w,e
t,n,x,y,b,c,d,o,b,t,s,s,w,e
t,g,x,y,b,c,d,o,b,t,s,s,w,e
t,e,x,y,b,c,d,o,b,t,s,s,w,e
t,n,x,y,b,c,d,o,b,t,s,s,w,e
t,g,x,y,b,c,d,o,b,t,s,s,w,e
t,n,x,y,b,c,d,o,b,t,s,s,w,e
t,e,x,f,b,c,d,o,b,t,s,s,w,e
t,e,x,f,b,c,d,o,b,t,s,s,w,e
t,g,x,y,b,c,d,o,b,t,s,s,w,e
t,g,f,f,b,c,d,o,b,t,s,s,w,e
t,e,f,f,b,c,d,o,b,t,s,s,w,e
t,g,f,f,b,c,d,o,b,t,s,s,w,e
t,e,x,y,b,c,d,o,b,t,s,s,w,e
t,e,x,y,b,c,d,o,b,t,s,s,w,e
f,w,x,s,b,w,g,o,e,t,s,f,w,e
t,n,x,y,b,c,d,o,b,t,s,s,w,e
t,e,x,y,b,c,d,o,b,t,s,s,w,e
t,e,f,f,b,c,d,o,b,t,s,s,w,e
t,g,x,f,b,c,d,o,b,t,s,s,w,e
t,n,f,f,b,c,d,o,b,t,s,s,w,e
f,g,x,s,n,c,d,o,b,e,s,s,w,p
t,e,f,y,b,c,d,o,b,t,s,s,w,e
t,g,x,y,b,c,d,o,b,t,s,s,w,e
f,n,x,f,b,w,g,o,e,t,s,s,w,e
t,e,x,y,b,c,d,o,b,t,s,s,w,e
f,w,x,f,n,w,d,o,b,e,s,s,w,p
t,e,x,y,b,c,d,o,b,t,s,s,w,e
t,g,f,f,b,c,d,o,b,t,s,s,w,e
t,n,f,f,b,c,d,o,b,t,s,s,w,e
t,n,x,y,b,c,d,o,b,t,s,s,w,e
t,n,f,f,b,c,d,o,b,t,s,s,w,e
t,g,x,f,b,c,d,o,b,t,s,s,w,e
t,n,f,y,b,c,d,o,b,t,s,s,w,e
t,g,x,y,b,c,d,o,b,t,s,s,w,e
t,n,f,y,b,c,d,o,b,t,s,s,w,e
t,g,x,f,b,c,d,o,b,t,s,s,w,e
f,g,x,f,b,c,p,o,b,e,k,k,w,p
t,g,x,y,b,c,d,o,b,t,s,s,w,e
t,g,x,y,b,c,d,o,b,t,s,s,w,e
t,g,x,f,b,c,d,o,b,t,s,s,w,e
t,e,x,f,b,c,d,o,b,t,s,s,w,e
t,g,x,f,b,c,d,o,b,t,s,s,w,e
t,g,x,f,b,c,d,o,b,t,s,s,w,e
t,g,f,f,b,c,d,o,b,t,s,s,w,e
t,e,x,y,b,c,d,o,b,t,s,s,w,e
t,g,x,f,b,c,d,o,b,t,s,s,w,e
t,e,x,y,b,c,d,o,b,t,s,s,w,e
t,n,x,f,b,c,d,o,b,t,s,s,w,e
t,g,x,y,b,c,d,o,b,t,s,s,w,e
t,e,x,y,b,c,d,o,b,t,s,s,w,e
t,n,f,f,b,c,d,o,b,t,s,s,w,e
t,e,x,f,b,c,d,o,b,t,s,s,w,e
t,n,f,y,b,c,d,o,b,t,s,s,w,e
t,n,x,y,b,c,d,o,b,t,s,s,w,e
t,g,x,y,b,c,d,o,b,t,s,s,w,e
t,e,f,f,b,c,d,o,b,t,s,s,w,e
t,g,x,f,b,c,d,o,b,t,s,s,w,e
t,g,x,y,b,c,d,o,b,t,s,s,w,e
t,g,x,y,b,c,d,o,b,t,s,s,w,e
f,g,x,f,b,c,p,o,b,e,k,k,w,p
t,g,x,f,b,c,d,o,b,t,s,s,w,e
t,g,x,f,b,c,d,o,b,t,s,s,w,e
t,n,x,f,b,c,d,o,b,t,s,s,w,e
t,g,x,f,b,c,d,o,b,t,s,s,w,e
t,n,f,f,b,c,d,o,b,t,s,s,w,e
t,n,x,y,b,c,d,o,b,t,s,s,w,e
t,e,x,f,b,c,d,o,b,t,s,s,w,e
t,n,x,y,b,c,d,o,b,t,s,s,w,e
t,g,f,y,b,c,d,o,b,t,s,s,w,e
t,g,f,f,b,c,d,o,b,t,s,s,w,e
f,g,x,f,b,c,p,o,b,e,k,k,w,p
t,n,x,f,b,c,d,o,b,t,s,s,w,e
t,n,x,y,b,c,d,o,b,t,s,s,w,e
t,e,x,f,b,c,d,o,b,t,s,s,w,e
t,n,x,f,b,c,d,o,b,t,s,s,w,e
t,n,f,f,b,c,d,o,b,t,s,s,w,e
t,g,x,y,b,c,d,o,b,t,s,s,w,e
t,n,x,y,b,c,d,o,b,t,s,s,w,e
t,e,x,y,b,c,d,o,b,t,s,s,w,e
t,g,f,f,b,c,d,o,b,t,s,s,w,e
t,g,x,f,b,c,d,o,b,t,s,s,w,e
t,e,x,y,b,c,d,o,b,t,s,s,w,e
t,e,x,y,b,c,d,o,b,t,s,s,w,e
t,g,x,f,b,c,d,o,b,t,s,s,w,e
t,n,x,y,b,c,d,o,b,t,s,s,w,e
t,e,x,f,b,c,d,o,b,t,s,s,w,e
t,n,f,f,b,c,d,o,b,t,s,s,w,e
t,e,x,f,b,c,d,o,b,t,s,s,w,e
t,n,f,f,b,c,d,o,b,t,s,s,w,e
t,e,x,y,b,c,d,o,b,t,s,s,w,e
t,n,x,f,b,c,d,o,b,t,s,s,w,e
t,e,x,f,b,c,d,o,b,t,s,s,w,e
t,e,x,f,b,c,d,o,b,t,s,s,w,e
t,n,x,f,b,c,d,o,b,t,s,s,w,e
t,n,x,y,b,c,d,o,b,t,s,s,w,e
t,e,x,y,b,c,d,o,b,t,s,s,w,e
t,n,f,f,b,c,d,o,b,t,s,s,w,e
t,n,x,y,b,c,d,o,b,t,s,s,w,e
t,e,x,y,b,c,d,o,b,t,s,s,w,e
f,g,f,f,b,w,g,o,e,t,f,s,w,e
t,e,x,y,b,c,d,o,b,t,s,s,w,e
t,e,x,y,b,c,d,o,b,t,s,s,w,e
t,n,f,f,b,c,d,o,b,t,s,s,w,e
t,n,f,f,b,c,d,o,b,t,s,s,w,e
t,g,x,f,b,c,d,o,b,t,s,s,w,e
t,g,x,y,b,c,d,o,b,t,s,s,w,e
t,n,x,f,b,c,d,o,b,t,s,s,w,e
t,n,f,f,b,c,d,o,b,t,s,s,w,e
t,n,x,y,b,c,d,o,b,t,s,s,w,e
t,g,x,y,b,c,d,o,b,t,s,s,w,e
t,g,x,f,b,c,d,o,b,t,s,s,w,e
t,e,x,y,b,c,d,o,b,t,s,s,w,e
t,g,x,f,b,c,d,o,b,t,s,s,w,e
t,e,x,y,b,c,d,o,b,t,s,s,w,e
t,g,x,f,b,c,d,o,b,t,s,s,w,e
t,e,x,f,b,c,d,o,b,t,s,s,w,e
t,e,x,f,b,c,d,o,b,t,s,s,w,e
t,e,x,f,b,c,d,o,b,t,s,s,w,e
t,g,f,y,b,c,d,o,b,t,s,s,w,e
t,g,x,f,b,c,d,o,b,t,s,s,w,e
t,e,x,f,b,c,d,o,b,t,s,s,w,e
t,g,x,f,b,c,d,o,b,t,s,s,w,e
t,n,f,f,b,c,d,o,b,t,s,s,w,e
f,g,x,f,b,c,d,o,b,e,k,k,w,p
t,n,x,f,b,c,d,o,b,t,s,s,w,e
t,g,x,y,b,c,d,o,b,t,s,s,w,e
t,n,f,f,b,c,d,o,b,t,s,s,w,e
t,e,x,f,b,c,d,o,b,t,s,s,w,e
t,g,f,f,b,c,d,o,b,t,s,s,w,e
t,n,x,y,b,c,d,o,b,t,s,s,w,e
t,e,x,y,b,c,d,o,b,t,s,s,w,e
t,e,x,y,b,c,d,o,b,t,s,s,w,e
t,n,x,y,b,c,d,o,b,t,s,s,w,e
t,n,x,y,b,c,d,o,b,t,s,s,w,e
f,y,x,y,b,c,p,o,b,e,k,k,w,p
t,n,f,y,b,c,d,o,b,t,s,s,w,e
f,g,x,f,b,c,d,o,b,e,k,k,w,p
f,g,x,f,n,w,d,o,b,e,s,s,w,p
t,g,f,f,b,c,d,o,b,t,s,s,w,e
t,e,f,f,b,c,d,o,b,t,s,s,w,e
t,n,f,y,b,c,d,o,b,t,s,s,w,e
t,e,f,f,b,c,d,o,b,t,s,s,w,e
f,g,x,f,b,c,p,o,b,e,k,k,w,p
t,g,f,f,b,c,d,o,b,t,s,s,w,e
t,e,f,y,b,c,d,o,b,t,s,s,w,e
t,e,f,y,b,c,d,o,b,t,s,s,w,e
f,w,x,f,n,c,d,o,b,e,s,s,w,p
t,e,x,f,b,c,d,o,b,t,s,s,w,e
t,n,f,y,b,c,d,o,b,t,s,s,w,e
f,g,x,f,b,c,g,o,b,e,k,k,w,p
f,g,x,f,b,c,p,o,b,e,k,k,w,p
t,e,f,y,b,c,d,o,b,t,s,s,w,e
t,e,f,y,b,c,d,o,b,t,s,s,w,e
t,n,f,f,b,c,d,o,b,t,s,s,w,e
t,g,f,f,b,c,d,o,b,t,s,s,w,e
t,e,f,f,b,c,d,o,b,t,s,s,w,e
t,e,f,y,b,c,d,o,b,t,s,s,w,e
t,e,f,y,b,c,d,o,b,t,s,s,w,e
t,e,f,y,b,c,d,o,b,t,s,s,w,e
f,p,x,f,n,w,d,o,b,e,s,s,w,p
f,g,x,f,b,c,d,o,b,e,k,k,w,p
t,e,f,f,b,c,d,o,b,t,s,s,w,e
t,g,f,y,b,c,d,o,b,t,s,s,w,e
t,g,f,y,b,c,d,o,b,t,s,s,w,e
t,g,f,f,b,c,d,o,b,t,s,s,w,e
t,e,f,f,b,c,d,o,b,t,s,s,w,e
t,e,f,y,b,c,d,o,b,t,s,s,w,e
f,g,f,f,b,c,p,o,b,e,k,k,w,p
t,n,f,y,b,c,d,o,b,t,s,s,w,e
t,e,f,y,b,c,d,o,b,t,s,s,w,e
f,g,x,f,n,c,d,o,b,e,s,s,w,p
t,e,f,f,b,c,d,o,b,t,s,s,w,e
t,e,f,y,b,c,d,o,b,t,s,s,w,e
f,y,x,y,b,c,g,o,b,e,k,k,w,p
f,y,f,f,b,c,d,o,b,e,k,k,w,p
t,n,f,y,b,c,d,o,b,t,s,s,w,e
t,n,f,y,b,c,d,o,b,t,s,s,w,e
t,g,f,y,b,c,d,o,b,t,s,s,w,e
t,n,f,y,b,c,d,o,b,t,s,s,w,e
t,e,x,y,b,c,d,o,b,t,s,s,w,e
f,p,x,s,n,w,d,o,b,e,s,s,w,p
t,n,f,y,b,c,d,o,b,t,s,s,w,e
t,e,x,y,b,c,d,o,b,t,s,s,w,e
t,e,f,f,b,c,d,o,b,t,s,s,w,e
t,n,f,y,b,c,d,o,b,t,s,s,w,e
f,w,x,s,n,c,d,o,b,e,s,s,w,p
t,g,f,f,b,c,d,o,b,t,s,s,w,e
t,g,f,y,b,c,d,o,b,t,s,s,w,e
t,g,f,y,b,c,d,o,b,t,s,s,w,e
t,n,f,y,b,c,d,o,b,t,s,s,w,e
f,g,x,s,n,c,d,o,b,e,s,s,w,p
f,p,x,f,n,c,d,o,b,e,s,s,w,p
t,e,f,y,b,c,d,o,b,t,s,s,w,e
f,g,x,f,b,c,d,o,b,e,k,k,w,p
f,w,x,s,n,w,d,o,b,e,s,s,w,p
f,g,x,f,b,c,p,o,b,e,k,k,w,p
t,n,f,y,b,c,d,o,b,t,s,s,w,e
f,y,x,y,b,c,p,o,b,e,k,k,w,p
t,g,f,y,b,c,d,o,b,t,s,s,w,e
t,n,f,y,b,c,d,o,b,t,s,s,w,e
t,g,f,y,b,c,d,o,b,t,s,s,w,e
f,w,x,s,n,c,d,o,b,e,s,s,w,p
f,g,x,f,b,c,p,o,b,e,k,k,w,p
t,g,f,y,b,c,d,o,b,t,s,s,w,e
t,n,x,y,b,c,d,o,b,t,s,s,w,e
t,g,f,y,b,c,d,o,b,t,s,s,w,e
f,g,x,f,b,c,p,o,b,e,k,k,w,p
t,n,f,y,b,c,d,o,b,t,s,s,w,e
f,g,f,f,b,c,p,o,b,e,k,k,w,p
t,e,f,f,b,c,d,o,b,t,s,s,w,e
t,n,x,f,b,c,d,o,b,t,s,s,w,e
f,g,f,f,b,c,p,o,b,e,k,k,w,p
t,g,f,y,b,c,d,o,b,t,s,s,w,e
t,g,f,y,b,c,d,o,b,t,s,s,w,e
t,e,f,y,b,c,d,o,b,t,s,s,w,e
f,g,x,f,b,c,p,o,b,e,k,k,w,p
t,e,f,f,b,c,d,o,b,t,s,s,w,e
t,n,f,y,b,c,d,o,b,t,s,s,w,e
f,g,x,f,b,c,g,o,b,e,k,k,w,p
t,e,f,y,b,c,d,o,b,t,s,s,w,e
f,g,x,f,b,c,d,o,b,e,k,k,w,p
t,e,f,y,b,c,d,o,b,t,s,s,w,e
f,g,x,f,b,c,g,o,b,e,k,k,w,p
f,g,x,f,b,c,p,o,b,e,k,k,w,p
f,g,x,f,b,c,g,o,b,e,k,k,w,p
t,e,f,y,b,c,d,o,b,t,s,s,w,e
f,g,x,f,b,c,g,o,b,e,k,k,w,p
t,e,f,f,b,c,d,o,b,t,s,s,w,e
f,g,x,s,n,w,d,o,b,e,s,s,w,p
t,g,f,y,b,c,d,o,b,t,s,s,w,e
f,p,x,s,n,c,d,o,b,e,s,s,w,p
t,e,f,f,b,c,d,o,b,t,s,s,w,e
t,e,f,f,b,c,d,o,b,t,s,s,w,e
t,e,f,y,b,c,d,o,b,t,s,s,w,e
t,n,f,y,b,c,d,o,b,t,s,s,w,e
f,g,x,f,b,c,g,o,b,e,k,k,w,p
f,y,f,f,b,c,p,o,b,e,k,k,w,p
f,g,x,s,n,w,d,o,b,e,s,s,w,p
t,e,f,f,b,c,d,o,b,t,s,s,w,e
t,e,f,f,b,c,d,o,b,t,s,s,w,e
t,e,f,y,b,c,d,o,b,t,s,s,w,e
t,n,f,y,b,c,d,o,b,t,s,s,w,e
f,g,x,f,b,c,g,o,b,e,k,k,w,p
f,g,x,f,n,c,d,o,b,e,s,s,w,p
t,g,f,f,b,c,d,o,b,t,s,s,w,e
t,e,f,y,b,c,d,o,b,t,s,s,w,e
t,e,f,y,b,c,d,o,b,t,s,s,w,e
t,g,f,f,b,c,d,o,b,t,s,s,w,e
t,n,f,y,b,c,d,o,b,t,s,s,w,e
t,n,f,y,b,c,d,o,b,t,s,s,w,e
t,e,f,f,b,c,d,o,b,t,s,s,w,e
f,g,x,s,n,c,d,o,b,e,s,s,w,p
f,w,x,f,n,c,d,o,b,e,s,s,w,p
t,g,f,f,b,c,d,o,b,t,s,s,w,e
t,g,f,y,b,c,d,o,b,t,s,s,w,e
f,g,x,f,b,c,d,o,b,e,k,k,w,p
t,e,x,y,b,c,d,o,b,t,s,s,w,e
f,w,x,s,n,w,d,o,b,e,s,s,w,p
t,g,f,y,b,c,d,o,b,t,s,s,w,e
t,g,f,y,b,c,d,o,b,t,s,s,w,e
t,g,f,y,b,c,d,o,b,t,s,s,w,e
t,e,f,f,b,c,d,o,b,t,s,s,w,e
t,n,f,y,b,c,d,o,b,t,s,s,w,e
t,g,f,y,b,c,d,o,b,t,s,s,w,e
t,n,f,y,b,c,d,o,b,t,s,s,w,e
t,g,f,y,b,c,d,o,b,t,s,s,w,e
t,g,f,y,b,c,d,o,b,t,s,s,w,e
t,n,x,f,b,c,d,o,b,t,s,s,w,e
t,e,f,y,b,c,d,o,b,t,s,s,w,e
t,e,f,f,b,c,d,o,b,t,s,s,w,e
t,e,f,y,b,c,d,o,b,t,s,s,w,e
f,y,x,f,b,c,p,o,b,e,k,k,w,p
t,g,f,y,b,c,d,o,b,t,s,s,w,e
t,n,f,y,b,c,d,o,b,t,s,s,w,e
f,g,x,f,b,c,d,o,b,e,k,k,w,p
t,g,f,y,b,c,d,o,b,t,s,s,w,e
t,g,f,y,b,c,d,o,b,t,s,s,w,e
t,g,f,y,b,c,d,o,b,t,s,s,w,e
t,e,f,y,b,c,d,o,b,t,s,s,w,e
t,g,f,y,b,c,d,o,b,t,s,s,w,e
f,w,x,s,n,c,d,o,b,e,s,s,w,p
f,w,x,f,n,w,d,o,b,e,s,s,w,p
t,n,f,f,b,c,d,o,b,t,s,s,w,e
t,e,f,f,b,c,d,o,b,t,s,s,w,e
t,e,f,y,b,c,d,o,b,t,s,s,w,e
f,g,x,f,b,c,d,o,b,e,k,k,w,p
t,g,f,f,b,c,d,o,b,t,s,s,w,e
t,g,f,f,b,c,d,o,b,t,s,s,w,e
t,g,f,f,b,c,d,o,b,t,s,s,w,e
f,w,x,s,n,w,d,o,b,e,s,s,w,p
t,e,x,y,b,c,d,o,b,t,s,s,w,e
t,e,f,y,b,c,d,o,b,t,s,s,w,e
f,g,x,f,b,c,d,o,b,e,k,k,w,p
t,e,f,f,b,c,d,o,b,t,s,s,w,e
f,g,x,f,b,c,p,o,b,e,k,k,w,p
f,p,x,f,n,w,d,o,b,e,s,s,w,p
t,g,f,y,b,c,d,o,b,t,s,s,w,e
f,g,x,f,b,c,p,o,b,e,k,k,w,p
f,w,x,f,n,c,d,o,b,e,s,s,w,p
f,g,x,f,b,c,p,o,b,e,k,k,w,p
t,e,f,y,b,c,d,o,b,t,s,s,w,e
f,g,x,y,b,c,p,o,b,e,k,k,w,p
f,g,x,s,n,w,d,o,b,e,s,s,w,p
t,g,f,y,b,c,d,o,b,t,s,s,w,e
t,n,f,y,b,c,d,o,b,t,s,s,w,e
t,e,f,f,b,c,d,o,b,t,s,s,w,e
f,g,x,f,b,c,p,o,b,e,k,k,w,p
f,p,x,f,n,w,d,o,b,e,s,s,w,p
t,n,x,y,b,c,d,o,b,t,s,s,w,e
t,e,f,f,b,c,d,o,b,t,s,s,w,e
t,n,f,y,b,c,d,o,b,t,s,s,w,e
t,g,f,y,b,c,d,o,b,t,s,s,w,e
f,g,x,y,b,c,g,o,b,e,k,k,w,p
t,n,f,y,b,c,d,o,b,t,s,s,w,e
f,p,x,f,n,c,d,o,b,e,s,s,w,p
f,w,x,f,n,c,d,o,b,e,s,s,w,p
t,e,f,f,b,c,d,o,b,t,s,s,w,e
t,n,f,y,b,c,d,o,b,t,s,s,w,e
t,e,f,y,b,c,d,o,b,t,s,s,w,e
t,g,f,y,b,c,d,o,b,t,s,s,w,e
f,g,x,f,b,c,d,o,b,e,k,k,w,p
f,g,x,f,b,c,p,o,b,e,k,k,w,p
t,e,f,f,b,c,d,o,b,t,s,s,w,e
f,y,x,y,b,c,g,o,b,e,k,k,w,p
f,p,x,s,n,c,d,o,b,e,s,s,w,p
t,e,f,f,b,c,d,o,b,t,s,s,w,e
f,y,f,f,b,c,d,o,b,e,k,k,w,p
t,e,f,y,b,c,d,o,b,t,s,s,w,e
t,e,f,y,b,c,d,o,b,t,s,s,w,e
t,n,x,f,b,c,d,o,b,t,s,s,w,e
t,e,f,f,b,c,d,o,b,t,s,s,w,e
t,g,f,f,b,c,d,o,b,t,s,s,w,e
f,g,x,f,b,c,g,o,b,e,k,k,w,p
t,e,f,y,b,c,d,o,b,t,s,s,w,e
f,g,f,f,b,c,p,o,b,e,k,k,w,p
t,e,f,y,b,c,d,o,b,t,s,s,w,e
t,e,f,f,b,c,d,o,b,t,s,s,w,e
t,g,f,f,b,c,d,o,b,t,s,s,w,e
f,g,x,f,b,c,g,o,b,e,k,k,w,p
t,g,f,y,b,c,d,o,b,t,s,s,w,e
t,g,f,y,b,c,d,o,b,t,s,s,w,e
f,g,x,f,b,c,g,o,b,e,k,k,w,p
f,w,x,f,n,c,d,o,b,e,s,s,w,p
t,e,f,f,b,c,d,o,b,t,s,s,w,e
f,y,x,f,b,c,d,o,b,e,k,k,w,p
t,e,f,y,b,c,d,o,b,t,s,s,w,e
t,g,f,y,b,c,d,o,b,t,s,s,w,e
t,e,f,f,b,c,d,o,b,t,s,s,w,e
t,g,f,f,b,c,d,o,b,t,s,s,w,e
t,g,f,y,b,c,d,o,b,t,s,s,w,e
t,e,f,f,b,c,d,o,b,t,s,s,w,e
f,g,x,s,n,w,d,o,b,e,s,s,w,p
t,g,f,y,b,c,d,o,b,t,s,s,w,e
t,n,f,y,b,c,d,o,b,t,s,s,w,e
t,g,f,y,b,c,d,o,b,t,s,s,w,e
t,g,f,y,b,c,d,o,b,t,s,s,w,e
t,n,f,y,b,c,d,o,b,t,s,s,w,e
t,g,x,f,b,c,d,o,b,t,s,s,w,e
t,g,f,f,b,c,d,o,b,t,s,s,w,e
f,g,x,f,b,c,p,o,b,e,k,k,w,p
f,w,x,s,n,w,d,o,b,e,s,s,w,p
t,g,f,f,b,c,d,o,b,t,s,s,w,e
t,g,f,f,b,c,d,o,b,t,s,s,w,e
t,g,f,y,b,c,d,o,b,t,s,s,w,e
f,g,x,f,b,c,p,o,b,e,k,k,w,p
f,w,x,s,n,w,d,o,b,e,s,s,w,p
f,g,x,f,b,c,p,o,b,e,k,k,w,p
t,g,x,y,b,c,d,o,b,t,s,s,w,e
f,g,x,f,b,c,g,o,b,e,k,k,w,p
t,e,f,y,b,c,d,o,b,t,s,s,w,e
t,g,f,y,b,c,d,o,b,t,s,s,w,e
t,g,x,f,b,c,d,o,b,t,s,s,w,e
f,g,x,f,b,c,d,o,b,e,k,k,w,p
t,g,f,y,b,c,d,o,b,t,s,s,w,e
t,g,f,y,b,c,d,o,b,t,s,s,w,e
f,w,x,s,n,c,d,o,b,e,s,s,w,p
f,y,x,y,b,c,g,o,b,e,k,k,w,p
t,e,f,f,b,c,d,o,b,t,s,s,w,e
f,g,x,f,b,c,d,o,b,e,k,k,w,p
f,g,x,f,b,c,d,o,b,e,k,k,w,p
t,n,x,y,b,c,d,o,b,t,s,s,w,e
f,g,x,f,b,c,g,o,b,e,k,k,w,p
t,n,f,y,b,c,d,o,b,t,s,s,w,e
t,g,f,f,b,c,d,o,b,t,s,s,w,e
t,g,f,y,b,c,d,o,b,t,s,s,w,e
t,g,f,y,b,c,d,o,b,t,s,s,w,e
f,g,x,s,n,w,d,o,b,e,s,s,w,p
t,g,f,f,b,c,d,o,b,t,s,s,w,e
t,e,f,y,b,c,d,o,b,t,s,s,w,e
t,n,f,y,b,c,d,o,b,t,s,s,w,e
t,g,f,y,b,c,d,o,b,t,s,s,w,e
f,p,x,f,n,c,d,o,b,e,s,s,w,p
f,g,x,f,b,c,g,o,b,e,k,k,w,p
t,g,f,y,b,c,d,o,b,t,s,s,w,e
t,g,f,f,b,c,d,o,b,t,s,s,w,e
f,p,x,s,n,w,d,o,b,e,s,s,w,p
t,g,x,y,b,c,d,o,b,t,s,s,w,e
f,g,x,f,b,c,p,o,b,e,k,k,w,p
f,g,x,f,b,c,p,o,b,e,k,k,w,p
t,n,f,y,b,c,d,o,b,t,s,s,w,e
t,n,f,y,b,c,d,o,b,t,s,s,w,e
f,g,x,s,n,c,d,o,b,e,s,s,w,p
f,g,f,f,b,c,d,o,b,e,k,k,w,p
f,p,x,f,n,w,d,o,b,e,s,s,w,p
t,e,f,y,b,c,d,o,b,t,s,s,w,e
t,g,f,y,b,c,d,o,b,t,s,s,w,e
t,e,f,f,b,c,d,o,b,t,s,s,w,e
f,y,x,f,b,c,g,o,b,e,k,k,w,p
t,g,f,f,b,c,d,o,b,t,s,s,w,e
f,w,x,f,n,w,d,o,b,e,s,s,w,p
f,g,x,f,b,c,d,o,b,e,k,k,w,p
t,e,f,f,b,c,d,o,b,t,s,s,w,e
t,g,f,y,b,c,d,o,b,t,s,s,w,e
f,g,x,f,b,c,p,o,b,e,k,k,w,p
f,g,x,f,b,c,p,o,b,e,k,k,w,p
f,p,x,s,n,w,d,o,b,e,s,s,w,p
t,g,x,y,b,c,d,o,b,t,s,s,w,e
f,g,x,f,b,c,d,o,b,e,k,k,w,p
t,n,f,y,b,c,d,o,b,t,s,s,w,e
t,n,x,y,b,c,d,o,b,t,s,s,w,e
t,e,f,y,b,c,d,o,b,t,s,s,w,e
t,g,f,y,b,c,d,o,b,t,s,s,w,e
t,e,f,f,b,c,d,o,b,t,s,s,w,e
t,g,f,y,b,c,d,o,b,t,s,s,w,e
t,g,f,f,b,c,d,o,b,t,s,s,w,e
f,p,x,f,n,w,d,o,b,e,s,s,w,p
t,e,f,f,b,c,d,o,b,t,s,s,w,e
t,e,f,f,b,c,d,o,b,t,s,s,w,e
f,w,x,s,n,w,d,o,b,e,s,s,w,p
t,g,f,f,b,c,d,o,b,t,s,s,w,e
t,n,f,y,b,c,d,o,b,t,s,s,w,e
f,g,x,f,b,c,g,o,b,e,k,k,w,p
t,e,f,f,b,c,d,o,b,t,s,s,w,e
f,g,x,f,b,c,g,o,b,e,k,k,w,p
t,e,f,f,b,c,d,o,b,t,s,s,w,e
t,g,f,y,b,c,d,o,b,t,s,s,w,e
t,g,f,f,b,c,d,o,b,t,s,s,w,e
f,g,x,f,b,c,g,o,b,e,k,k,w,p
t,e,f,y,b,c,d,o,b,t,s,s,w,e
f,w,x,f,n,c,d,o,b,e,s,s,w,p
t,n,f,y,b,c,d,o,b,t,s,s,w,e
t,g,x,y,b,c,d,o,b,t,s,s,w,e
t,n,f,y,b,c,d,o,b,t,s,s,w,e
t,e,f,y,b,c,d,o,b,t,s,s,w,e
t,g,f,y,b,c,d,o,b,t,s,s,w,e
t,e,f,y,b,c,d,o,b,t,s,s,w,e
f,g,x,f,b,c,d,o,b,e,k,k,w,p
t,g,f,y,b,c,d,o,b,t,s,s,w,e
t,g,f,y,b,c,d,o,b,t,s,s,w,e
t,g,f,f,b,c,d,o,b,t,s,s,w,e
t,g,f,y,b,c,d,o,b,t,s,s,w,e
t,e,f,f,b,c,d,o,b,t,s,s,w,e
t,e,f,f,b,c,d,o,b,t,s,s,w,e
t,n,f,y,b,c,d,o,b,t,s,s,w,e
t,n,f,f,b,c,d,o,b,t,s,s,w,e
f,p,x,f,n,c,d,o,b,e,s,s,w,p
f,g,x,f,b,c,d,o,b,e,k,k,w,p
t,g,f,y,b,c,d,o,b,t,s,s,w,e
t,e,f,y,b,c,d,o,b,t,s,s,w,e
f,w,x,s,n,c,d,o,b,e,s,s,w,p
f,p,x,f,n,w,d,o,b,e,s,s,w,p
f,g,x,f,b,c,p,o,b,e,k,k,w,p
t,g,x,f,b,c,d,o,b,t,s,s,w,e
t,e,f,y,b,c,d,o,b,t,s,s,w,e
f,p,x,s,n,w,d,o,b,e,s,s,w,p
t,g,f,y,b,c,d,o,b,t,s,s,w,e
t,n,f,y,b,c,d,o,b,t,s,s,w,e
f,g,x,f,b,c,g,o,b,e,k,k,w,p
t,n,f,y,b,c,d,o,b,t,s,s,w,e
t,e,x,f,b,c,d,o,b,t,s,s,w,e
f,w,x,f,n,w,d,o,b,e,s,s,w,p
t,n,f,y,b,c,d,o,b,t,s,s,w,e
f,g,x,f,b,c,d,o,b,e,k,k,w,p
t,e,f,y,b,c,d,o,b,t,s,s,w,e
f,y,x,f,b,c,p,o,b,e,k,k,w,p
t,g,f,f,b,c,d,o,b,t,s,s,w,e
t,e,x,f,b,c,d,o,b,t,s,s,w,e
t,e,f,y,b,c,d,o,b,t,s,s,w,e
t,g,f,y,b,c,d,o,b,t,s,s,w,e
f,g,x,f,n,w,d,o,b,e,s,s,w,p
t,g,f,y,b,c,d,o,b,t,s,s,w,e
t,e,f,f,b,c,d,o,b,t,s,s,w,e
f,g,x,f,b,c,p,o,b,e,k,k,w,p
t,n,f,y,b,c,d,o,b,t,s,s,w,e
f,g,x,s,n,w,d,o,b,e,s,s,w,p
f,g,x,f,b,c,g,o,b,e,k,k,w,p
t,e,f,f,b,c,d,o,b,t,s,s,w,e
t,n,f,y,b,c,d,o,b,t,s,s,w,e
t,g,f,y,b,c,d,o,b,t,s,s,w,e
t,g,f,f,b,c,d,o,b,t,s,s,w,e
f,w,x,f,n,c,d,o,b,e,s,s,w,p
f,g,x,f,b,c,g,o,b,e,k,k,w,p
f,g,x,f,n,w,d,o,b,e,s,s,w,p
t,e,f,f,b,c,d,o,b,t,s,s,w,e
t,e,f,y,b,c,d,o,b,t,s,s,w,e
f,g,f,y,b,c,d,o,b,e,k,k,w,p
f,g,x,f,b,c,g,o,b,e,k,k,w,p
t,e,f,y,b,c,d,o,b,t,s,s,w,e
f,p,x,f,n,w,d,o,b,e,s,s,w,p
f,g,x,s,n,c,d,o,b,e,s,s,w,p
t,e,f,y,b,c,d,o,b,t,s,s,w,e
t,e,f,f,b,c,d,o,b,t,s,s,w,e
t,e,f,y,b,c,d,o,b,t,s,s,w,e
t,n,f,y,b,c,d,o,b,t,s,s,w,e
f,p,x,s,n,w,d,o,b,e,s,s,w,p
f,g,x,f,b,c,d,o,b,e,k,k,w,p
t,e,f,f,b,c,d,o,b,t,s,s,w,e
t,e,f,y,b,c,d,o,b,t,s,s,w,e
t,g,f,f,b,c,d,o,b,t,s,s,w,e
t,e,f,f,b,c,d,o,b,t,s,s,w,e
t,n,f,y,b,c,d,o,b,t,s,s,w,e
t,e,f,y,b,c,d,o,b,t,s,s,w,e
f,y,f,f,b,c,p,o,b,e,k,k,w,p
t,g,x,f,b,c,d,o,b,t,s,s,w,e
f,p,x,s,n,w,d,o,b,e,s,s,w,p
t,e,x,y,b,c,d,o,b,t,s,s,w,e
t,g,f,f,b,c,d,o,b,t,s,s,w,e
t,e,f,f,b,c,d,o,b,t,s,s,w,e
t,e,x,f,b,c,d,o,b,t,s,s,w,e
t,g,f,y,b,c,d,o,b,t,s,s,w,e
t,e,f,f,b,c,d,o,b,t,s,s,w,e
f,w,x,s,n,w,d,o,b,e,s,s,w,p
f,g,x,y,b,c,d,o,b,e,k,k,w,p
f,p,x,f,n,c,d,o,b,e,s,s,w,p
t,g,f,y,b,c,d,o,b,t,s,s,w,e
t,n,x,y,b,c,d,o,b,t,s,s,w,e
f,g,x,f,n,c,d,o,b,e,s,s,w,p
t,n,f,y,b,c,d,o,b,t,s,s,w,e
f,p,x,f,n,c,d,o,b,e,s,s,w,p
t,e,f,f,b,c,d,o,b,t,s,s,w,e
f,w,x,s,n,w,d,o,b,e,s,s,w,p
t,n,x,y,b,c,d,o,b,t,s,s,w,e
f,g,x,f,b,c,g,o,b,e,k,k,w,p
f,g,x,s,n,c,d,o,b,e,s,s,w,p
t,n,f,y,b,c,d,o,b,t,s,s,w,e
f,g,x,f,b,c,g,o,b,e,k,k,w,p
f,p,x,s,n,c,d,o,b,e,s,s,w,p
t,e,f,y,b,c,d,o,b,t,s,s,w,e
f,g,x,s,n,w,d,o,b,e,s,s,w,p
t,g,x,y,b,c,d,o,b,t,s,s,w,e
t,g,x,y,b,c,d,o,b,t,s,s,w,e
t,n,f,y,b,c,d,o,b,t,s,s,w,e
t,n,f,y,b,c,d,o,b,t,s,s,w,e
t,n,f,f,b,c,d,o,b,t,s,s,w,e
f,g,x,s,n,c,d,o,b,e,s,s,w,p
t,g,f,f,b,c,d,o,b,t,s,s,w,e
t,e,x,f,b,c,d,o,b,t,s,s,w,e
t,g,f,f,b,c,d,o,b,t,s,s,w,e
t,e,f,y,b,c,d,o,b,t,s,s,w,e
t,n,f,y,b,c,d,o,b,t,s,s,w,e
f,g,x,f,b,c,g,o,b,e,k,k,w,p
f,g,x,s,n,c,d,o,b,e,s,s,w,p
t,e,f,y,b,c,d,o,b,t,s,s,w,e
t,g,x,y,b,c,d,o,b,t,s,s,w,e
f,g,x,f,n,w,d,o,b,e,s,s,w,p
t,n,f,y,b,c,d,o,b,t,s,s,w,e
t,g,f,y,b,c,d,o,b,t,s,s,w,e
t,e,f,f,b,c,d,o,b,t,s,s,w,e
f,y,x,f,b,c,p,o,b,e,k,k,w,p
f,g,x,s,n,w,d,o,b,e,s,s,w,p
t,g,f,y,b,c,d,o,b,t,s,s,w,e
t,n,f,y,b,c,d,o,b,t,s,s,w,e
t,n,f,y,b,c,d,o,b,t,s,s,w,e
t,g,f,y,b,c,d,o,b,t,s,s,w,e
t,g,f,y,b,c,d,o,b,t,s,s,w,e
f,g,x,f,b,c,p,o,b,e,k,k,w,p
t,g,f,y,b,c,d,o,b,t,s,s,w,e
t,e,f,f,b,c,d,o,b,t,s,s,w,e
f,g,x,f,n,w,d,o,b,e,s,s,w,p
t,g,f,y,b,c,d,o,b,t,s,s,w,e
f,g,f,y,b,c,p,o,b,e,k,k,w,p
t,e,f,f,b,c,d,o,b,t,s,s,w,e
f,g,x,f,b,c,p,o,b,e,k,k,w,p
t,g,f,y,b,c,d,o,b,t,s,s,w,e
f,p,x,f,n,c,d,o,b,e,s,s,w,p
t,e,f,f,b,c,d,o,b,t,s,s,w,e
f,p,x,f,n,w,d,o,b,e,s,s,w,p
f,w,x,s,n,c,d,o,b,e,s,s,w,p
t,g,f,y,b,c,d,o,b,t,s,s,w,e
f,p,x,s,n,w,d,o,b,e,s,s,w,p
f,g,x,f,b,c,d,o,b,e,k,k,w,p
t,n,x,f,b,c,d,o,b,t,s,s,w,e
t,g,f,y,b,c,d,o,b,t,s,s,w,e
t,e,f,y,b,c,d,o,b,t,s,s,w,e
f,g,x,f,b,c,g,o,b,e,k,k,w,p
f,g,x,f,n,w,d,o,b,e,s,s,w,p
f,g,x,f,b,c,p,o,b,e,k,k,w,p
f,w,x,f,n,w,d,o,b,e,s,s,w,p
t,n,f,y,b,c,d,o,b,t,s,s,w,e
t,g,f,y,b,c,d,o,b,t,s,s,w,e
f,w,x,f,n,w,d,o,b,e,s,s,w,p
t,g,x,y,b,c,d,o,b,t,s,s,w,e
t,n,f,y,b,c,d,o,b,t,s,s,w,e
t,g,f,f,b,c,d,o,b,t,s,s,w,e
t,e,x,y,b,c,d,o,b,t,s,s,w,e
t,e,f,y,b,c,d,o,b,t,s,s,w,e
f,w,x,f,n,w,d,o,b,e,s,s,w,p
t,e,f,f,b,c,d,o,b,t,s,s,w,e
f,y,x,y,b,c,d,o,b,e,k,k,w,p
t,g,f,f,b,c,d,o,b,t,s,s,w,e
t,n,f,y,b,c,d,o,b,t,s,s,w,e
f,g,x,f,n,w,d,o,b,e,s,s,w,p
f,p,x,s,n,c,d,o,b,e,s,s,w,p
t,e,f,f,b,c,d,o,b,t,s,s,w,e
t,g,x,f,b,c,d,o,b,t,s,s,w,e
t,g,f,y,b,c,d,o,b,t,s,s,w,e
f,g,x,f,b,c,p,o,b,e,k,k,w,p
t,n,x,y,b,c,d,o,b,t,s,s,w,e
t,g,f,y,b,c,d,o,b,t,s,s,w,e
t,g,f,f,b,c,d,o,b,t,s,s,w,e
f,g,x,f,n,c,d,o,b,e,s,s,w,p
t,n,f,y,b,c,d,o,b,t,s,s,w,e
f,g,x,f,b,c,p,o,b,e,k,k,w,p
t,g,f,y,b,c,d,o,b,t,s,s,w,e
t,e,f,f,b,c,d,o,b,t,s,s,w,e
t,e,f,f,b,c,d,o,b,t,s,s,w,e
f,w,x,s,n,c,d,o,b,e,s,s,w,p
f,w,x,f,n,w,d,o,b,e,s,s,w,p
t,e,f,f,b,c,d,o,b,t,s,s,w,e
t,e,f,f,b,c,d,o,b,t,s,s,w,e
t,n,f,y,b,c,d,o,b,t,s,s,w,e
f,g,x,f,b,c,g,o,b,e,k,k,w,p
t,g,f,y,b,c,d,o,b,t,s,s,w,e
f,g,x,f,b,c,p,o,b,e,k,k,w,p
t,e,f,f,b,c,d,o,b,t,s,s,w,e
f,g,x,f,b,c,g,o,b,e,k,k,w,p
t,g,f,y,b,c,d,o,b,t,s,s,w,e
t,e,f,f,b,c,d,o,b,t,s,s,w,e
t,n,f,y,b,c,d,o,b,t,s,s,w,e
f,g,x,f,b,c,d,o,b,e,k,k,w,p
t,e,f,f,b,c,d,o,b,t,s,s,w,e
t,g,x,f,b,c,d,o,b,t,s,s,w,e
t,g,f,y,b,c,d,o,b,t,s,s,w,e
f,w,x,f,n,w,d,o,b,e,s,s,w,p
t,e,f,f,b,c,d,o,b,t,s,s,w,e
t,e,f,f,b,c,d,o,b,t,s,s,w,e
t,e,f,y,b,c,d,o,b,t,s,s,w,e
t,e,x,f,b,c,d,o,b,t,s,s,w,e
t,n,f,y,b,c,d,o,b,t,s,s,w,e
f,g,x,f,b,c,g,o,b,e,k,k,w,p
t,g,x,f,b,c,d,o,b,t,s,s,w,e
f,g,x,f,b,c,d,o,b,e,k,k,w,p
t,g,f,y,b,c,d,o,b,t,s,s,w,e
t,n,f,y,b,c,d,o,b,t,s,s,w,e
f,g,x,y,b,c,d,o,b,e,k,k,w,p
t,g,f,y,b,c,d,o,b,t,s,s,w,e
f,g,f,f,b,c,d,o,b,e,k,k,w,p
t,e,f,y,b,c,d,o,b,t,s,s,w,e
f,g,x,s,n,c,d,o,b,e,s,s,w,p
t,e,f,y,b,c,d,o,b,t,s,s,w,e
t,n,f,y,b,c,d,o,b,t,s,s,w,e
t,e,x,f,b,c,d,o,b,t,s,s,w,e
t,e,f,y,b,c,d,o,b,t,s,s,w,e
t,g,f,y,b,c,d,o,b,t,s,s,w,e
f,p,x,s,n,w,d,o,b,e,s,s,w,p
f,g,f,f,b,c,d,o,b,e,k,k,w,p
t,g,f,f,b,c,d,o,b,t,s,s,w,e
t,e,f,f,b,c,d,o,b,t,s,s,w,e
f,p,x,f,n,c,d,o,b,e,s,s,w,p
t,n,f,f,b,c,d,o,b,t,s,s,w,e
t,g,f,y,b,c,d,o,b,t,s,s,w,e
t,e,f,y,b,c,d,o,b,t,s,s,w,e
t,e,f,y,b,c,d,o,b,t,s,s,w,e
t,g,x,f,b,c,d,o,b,t,s,s,w,e
f,w,x,s,n,w,d,o,b,e,s,s,w,p
t,g,f,y,b,c,d,o,b,t,s,s,w,e
f,g,x,y,b,c,d,o,b,e,k,k,w,p
t,n,f,y,b,c,d,o,b,t,s,s,w,e
t,n,f,y,b,c,d,o,b,t,s,s,w,e
f,g,x,s,n,w,d,o,b,e,s,s,w,p
t,g,f,y,b,c,d,o,b,t,s,s,w,e
t,e,f,y,b,c,d,o,b,t,s,s,w,e
f,g,x,f,b,c,d,o,b,e,k,k,w,p
t,n,x,y,b,c,d,o,b,t,s,s,w,e
t,e,f,y,b,c,d,o,b,t,s,s,w,e
t,e,f,f,b,c,d,o,b,t,s,s,w,e
f,p,x,s,n,c,d,o,b,e,s,s,w,p
f,g,x,f,b,c,d,o,b,e,k,k,w,p
t,e,f,y,b,c,d,o,b,t,s,s,w,e
t,g,f,y,b,c,d,o,b,t,s,s,w,e
f,p,x,s,n,c,d,o,b,e,s,s,w,p
t,g,f,f,b,c,d,o,b,t,s,s,w,e
t,e,f,f,b,c,d,o,b,t,s,s,w,e
t,n,f,f,b,c,d,o,b,t,s,s,w,e
t,g,x,y,b,c,d,o,b,t,s,s,w,e
t,n,x,y,b,c,d,o,b,t,s,s,w,e
t,n,f,y,b,c,d,o,b,t,s,s,w,e
f,p,x,f,n,c,d,o,b,e,s,s,w,p
t,e,f,f,b,c,d,o,b,t,s,s,w,e
f,y,x,y,b,c,d,o,b,e,k,k,w,p
f,g,x,s,n,w,d,o,b,e,s,s,w,p
t,n,f,y,b,c,d,o,b,t,s,s,w,e
f,g,f,f,b,c,d,o,b,e,k,k,w,p
f,g,x,f,n,w,d,o,b,e,s,s,w,p
t,g,f,y,b,c,d,o,b,t,s,s,w,e
t,g,f,y,b,c,d,o,b,t,s,s,w,e
t,g,f,y,b,c,d,o,b,t,s,s,w,e
t,n,x,y,b,c,d,o,b,t,s,s,w,e
f,y,x,f,b,c,g,o,b,e,k,k,w,p
t,g,f,f,b,c,d,o,b,t,s,s,w,e
f,g,x,f,b,c,p,o,b,e,k,k,w,p
t,e,f,y,b,c,d,o,b,t,s,s,w,e
t,e,f,f,b,c,d,o,b,t,s,s,w,e
f,g,f,f,b,c,d,o,b,e,k,k,w,p
t,e,f,f,b,c,d,o,b,t,s,s,w,e
f,y,x,f,b,c,p,o,b,e,k,k,w,p
t,e,f,f,b,c,d,o,b,t,s,s,w,e
t,g,f,f,b,c,d,o,b,t,s,s,w,e
t,e,f,f,b,c,d,o,b,t,s,s,w,e
t,e,f,y,b,c,d,o,b,t,s,s,w,e
t,e,f,y,b,c,d,o,b,t,s,s,w,e
t,n,f,y,b,c,d,o,b,t,s,s,w,e
t,g,f,f,b,c,d,o,b,t,s,s,w,e
t,e,f,f,b,c,d,o,b,t,s,s,w,e
f,g,x,f,b,c,g,o,b,e,k,k,w,p
t,n,f,y,b,c,d,o,b,t,s,s,w,e
f,g,x,f,n,c,d,o,b,e,s,s,w,p
t,n,f,y,b,c,d,o,b,t,s,s,w,e
t,g,f,y,b,c,d,o,b,t,s,s,w,e
t,e,x,f,b,c,d,o,b,t,s,s,w,e
t,e,f,y,b,c,d,o,b,t,s,s,w,e
t,g,f,f,b,c,d,o,b,t,s,s,w,e
t,g,x,y,b,c,d,o,b,t,s,s,w,e
f,p,x,f,n,c,d,o,b,e,s,s,w,p
t,n,x,y,b,c,d,o,b,t,s,s,w,e
t,n,f,y,b,c,d,o,b,t,s,s,w,e
t,g,f,y,b,c,d,o,b,t,s,s,w,e
f,g,f,f,b,c,g,o,b,e,k,k,w,p
t,g,f,y,b,c,d,o,b,t,s,s,w,e
t,e,f,y,b,c,d,o,b,t,s,s,w,e
f,g,x,f,b,c,g,o,b,e,k,k,w,p
t,n,f,y,b,c,d,o,b,t,s,s,w,e
f,g,x,f,b,c,g,o,b,e,k,k,w,p
t,e,f,f,b,c,d,o,b,t,s,s,w,e
t,n,x,y,b,c,d,o,b,t,s,s,w,e
t,g,x,y,b,c,d,o,b,t,s,s,w,e
t,e,f,y,b,c,d,o,b,t,s,s,w,e
f,g,x,y,b,c,d,o,b,e,k,k,w,p
f,g,x,s,n,c,d,o,b,e,s,s,w,p
f,g,x,f,b,c,g,o,b,e,k,k,w,p
f,g,x,f,b,c,p,o,b,e,k,k,w,p
f,g,f,f,b,c,p,o,b,e,k,k,w,p
t,g,f,f,b,c,d,o,b,t,s,s,w,e
f,g,x,f,b,c,d,o,b,e,k,k,w,p
t,e,f,y,b,c,d,o,b,t,s,s,w,e
t,n,f,y,b,c,d,o,b,t,s,s,w,e
t,n,f,y,b,c,d,o,b,t,s,s,w,e
f,y,x,y,b,c,d,o,b,e,k,k,w,p
t,g,f,y,b,c,d,o,b,t,s,s,w,e
f,p,x,f,n,w,d,o,b,e,s,s,w,p
t,e,f,f,b,c,d,o,b,t,s,s,w,e
t,n,f,y,b,c,d,o,b,t,s,s,w,e
t,n,x,y,b,c,d,o,b,t,s,s,w,e
t,e,f,f,b,c,d,o,b,t,s,s,w,e
f,g,x,f,b,c,g,o,b,e,k,k,w,p
f,g,x,f,b,c,p,o,b,e,k,k,w,p
t,g,f,f,b,c,d,o,b,t,s,s,w,e
t,n,x,f,b,c,d,o,b,t,s,s,w,e
f,g,x,f,b,c,d,o,b,e,k,k,w,p
t,g,f,f,b,c,d,o,b,t,s,s,w,e
f,p,x,f,n,c,d,o,b,e,s,s,w,p
t,n,f,y,b,c,d,o,b,t,s,s,w,e
t,g,f,y,b,c,d,o,b,t,s,s,w,e
f,g,x,f,b,c,p,o,b,e,k,k,w,p
t,e,x,f,b,c,d,o,b,t,s,s,w,e
f,g,x,s,n,w,d,o,b,e,s,s,w,p
f,g,x,f,b,c,g,o,b,e,k,k,w,p
t,n,f,y,b,c,d,o,b,t,s,s,w,e
f,g,x,f,b,c,d,o,b,e,k,k,w,p
t,e,f,y,b,c,d,o,b,t,s,s,w,e
t,g,f,f,b,c,d,o,b,t,s,s,w,e
t,g,f,f,b,c,d,o,b,t,s,s,w,e
t,n,f,y,b,c,d,o,b,t,s,s,w,e
t,e,f,y,b,c,d,o,b,t,s,s,w,e
t,g,f,y,b,c,d,o,b,t,s,s,w,e
t,e,f,y,b,c,d,o,b,t,s,s,w,e
t,n,f,y,b,c,d,o,b,t,s,s,w,e
f,y,x,y,b,c,g,o,b,e,k,k,w,p
t,g,f,f,b,c,d,o,b,t,s,s,w,e
t,n,f,y,b,c,d,o,b,t,s,s,w,e
f,g,x,f,b,c,g,o,b,e,k,k,w,p
f,g,x,f,b,c,d,o,b,e,k,k,w,p
f,g,x,f,b,c,p,o,b,e,k,k,w,p
t,e,f,y,b,c,d,o,b,t,s,s,w,e
t,n,f,y,b,c,d,o,b,t,s,s,w,e
f,g,x,y,b,c,d,o,b,e,k,k,w,p
f,g,x,f,b,c,p,o,b,e,k,k,w,p
f,g,f,y,b,c,p,o,b,e,k,k,w,p
t,n,f,y,b,c,d,o,b,t,s,s,w,e
f,g,x,f,n,w,d,o,b,e,s,s,w,p
t,e,f,f,b,c,d,o,b,t,s,s,w,e
f,y,f,f,b,c,d,o,b,e,k,k,w,p
t,n,f,y,b,c,d,o,b,t,s,s,w,e
t,e,x,y,b,c,d,o,b,t,s,s,w,e
f,g,x,f,b,c,p,o,b,e,k,k,w,p
t,n,x,y,b,c,d,o,b,t,s,s,w,e
f,w,x,s,n,c,d,o,b,e,s,s,w,p
t,g,f,y,b,c,d,o,b,t,s,s,w,e
t,e,f,f,b,c,d,o,b,t,s,s,w,e
t,g,f,y,b,c,d,o,b,t,s,s,w,e
f,g,x,f,b,c,d,o,b,e,k,k,w,p
t,e,f,y,b,c,d,o,b,t,s,s,w,e
t,e,f,y,b,c,d,o,b,t,s,s,w,e
f,p,x,s,n,c,d,o,b,e,s,s,w,p
t,e,f,f,b,c,d,o,b,t,s,s,w,e
t,g,f,f,b,c,d,o,b,t,s,s,w,e
t,g,f,f,b,c,d,o,b,t,s,s,w,e
t,g,f,f,b,c,d,o,b,t,s,s,w,e
f,g,x,f,b,c,p,o,b,e,k,k,w,p
t,n,f,y,b,c,d,o,b,t,s,s,w,e
t,g,f,y,b,c,d,o,b,t,s,s,w,e
t,n,f,y,b,c,d,o,b,t,s,s,w,e
f,p,x,s,n,c,d,o,b,e,s,s,w,p
t,e,f,y,b,c,d,o,b,t,s,s,w,e
t,g,f,y,b,c,d,o,b,t,s,s,w,e
t,e,f,y,b,c,d,o,b,t,s,s,w,e
f,w,x,s,n,c,d,o,b,e,s,s,w,p
f,g,x,f,b,c,p,o,b,e,k,k,w,p
t,n,f,y,b,c,d,o,b,t,s,s,w,e
f,g,x,f,b,c,g,o,b,e,k,k,w,p
f,w,x,f,n,c,d,o,b,e,s,s,w,p
t,n,f,y,b,c,d,o,b,t,s,s,w,e
t,g,f,y,b,c,d,o,b,t,s,s,w,e
t,g,f,y,b,c,d,o,b,t,s,s,w,e
t,g,f,y,b,c,d,o,b,t,s,s,w,e
f,w,x,f,n,w,d,o,b,e,s,s,w,p
t,e,f,f,b,c,d,o,b,t,s,s,w,e
f,g,x,f,b,c,g,o,b,e,k,k,w,p
t,n,f,y,b,c,d,o,b,t,s,s,w,e
t,n,f,y,b,c,d,o,b,t,s,s,w,e
f,p,x,s,n,c,d,o,b,e,s,s,w,p
t,g,f,y,b,c,d,o,b,t,s,s,w,e
f,p,x,s,n,c,d,o,b,e,s,s,w,p
t,n,x,y,b,c,d,o,b,t,s,s,w,e
f,g,x,y,b,c,g,o,b,e,k,k,w,p
t,e,f,y,b,c,d,o,b,t,s,s,w,e
f,p,x,f,n,c,d,o,b,e,s,s,w,p
f,g,x,f,b,c,p,o,b,e,k,k,w,p
t,e,f,f,b,c,d,o,b,t,s,s,w,e
t,e,f,f,b,c,d,o,b,t,s,s,w,e
f,g,x,f,n,c,d,o,b,e,s,s,w,p
f,g,x,f,b,c,g,o,b,e,k,k,w,p
t,g,f,y,b,c,d,o,b,t,s,s,w,e
f,g,x,f,b,c,d,o,b,e,k,k,w,p
t,e,f,f,b,c,d,o,b,t,s,s,w,e
t,n,f,y,b,c,d,o,b,t,s,s,w,e
f,y,f,y,b,c,d,o,b,e,k,k,w,p
t,e,f,y,b,c,d,o,b,t,s,s,w,e
t,e,f,y,b,c,d,o,b,t,s,s,w,e
t,n,f,y,b,c,d,o,b,t,s,s,w,e
t,n,x,f,b,c,d,o,b,t,s,s,w,e
f,g,f,y,b,c,d,o,b,e,k,k,w,p
t,g,f,y,b,c,d,o,b,t,s,s,w,e
t,e,f,f,b,c,d,o,b,t,s,s,w,e
t,n,f,y,b,c,d,o,b,t,s,s,w,e
t,g,x,y,b,c,d,o,b,t,s,s,w,e
t,n,x,y,b,c,d,o,b,t,s,s,w,e
f,g,x,f,b,c,d,o,b,e,k,k,w,p
f,w,x,s,n,w,d,o,b,e,s,s,w,p
f,y,f,f,b,c,p,o,b,e,k,k,w,p
t,n,f,y,b,c,d,o,b,t,s,s,w,e
t,e,f,y,b,c,d,o,b,t,s,s,w,e
t,e,f,f,b,c,d,o,b,t,s,s,w,e
t,e,f,f,b,c,d,o,b,t,s,s,w,e
t,e,f,y,b,c,d,o,b,t,s,s,w,e
t,n,f,y,b,c,d,o,b,t,s,s,w,e
t,e,f,y,b,c,d,o,b,t,s,s,w,e
f,g,x,y,b,c,g,o,b,e,k,k,w,p
t,e,f,y,b,c,d,o,b,t,s,s,w,e
t,n,f,y,b,c,d,o,b,t,s,s,w,e
f,g,x,f,b,c,d,o,b,e,k,k,w,p
f,w,x,f,n,w,d,o,b,e,s,s,w,p
f,g,x,f,n,w,d,o,b,e,s,s,w,p
t,n,x,y,b,c,d,o,b,t,s,s,w,e
f,y,f,f,b,c,p,o,b,e,k,k,w,p
f,g,x,s,n,w,d,o,b,e,s,s,w,p
t,e,f,y,b,c,d,o,b,t,s,s,w,e
t,e,f,y,b,c,d,o,b,t,s,s,w,e
t,e,f,f,b,c,d,o,b,t,s,s,w,e
f,y,x,f,b,c,d,o,b,e,k,k,w,p
t,n,f,y,b,c,d,o,b,t,s,s,w,e
t,e,f,f,b,c,d,o,b,t,s,s,w,e
t,e,f,y,b,c,d,o,b,t,s,s,w,e
f,y,x,f,b,c,p,o,b,e,k,k,w,p
f,g,x,f,n,c,d,o,b,e,s,s,w,p
t,e,f,f,b,c,d,o,b,t,s,s,w,e
f,g,x,s,n,c,d,o,b,e,s,s,w,p
f,w,x,f,n,c,d,o,b,e,s,s,w,p
f,g,x,f,b,c,g,o,b,e,k,k,w,p
t,g,f,y,b,c,d,o,b,t,s,s,w,e
t,e,f,f,b,c,d,o,b,t,s,s,w,e
f,y,f,f,b,c,p,o,b,e,k,k,w,p
t,e,f,f,b,c,d,o,b,t,s,s,w,e
t,e,f,y,b,c,d,o,b,t,s,s,w,e
t,g,f,f,b,c,d,o,b,t,s,s,w,e
t,e,f,y,b,c,d,o,b,t,s,s,w,e
t,g,f,f,b,c,d,o,b,t,s,s,w,e
t,n,f,y,b,c,d,o,b,t,s,s,w,e
t,e,f,y,b,c,d,o,b,t,s,s,w,e
t,n,f,y,b,c,d,o,b,t,s,s,w,e
t,e,f,f,b,c,d,o,b,t,s,s,w,e
t,e,f,y,b,c,d,o,b,t,s,s,w,e
t,g,f,f,b,c,d,o,b,t,s,s,w,e
t,g,x,f,b,c,d,o,b,t,s,s,w,e
t,n,f,y,b,c,d,o,b,t,s,s,w,e
t,n,f,y,b,c,d,o,b,t,s,s,w,e
t,e,x,f,b,c,d,o,b,t,s,s,w,e
t,n,f,f,b,c,d,o,b,t,s,s,w,e
f,g,x,f,b,c,p,o,b,e,k,k,w,p
t,e,f,y,b,c,d,o,b,t,s,s,w,e
t,g,x,y,b,c,d,o,b,t,s,s,w,e
t,n,f,y,b,c,d,o,b,t,s,s,w,e
t,n,f,y,b,c,d,o,b,t,s,s,w,e
t,g,f,y,b,c,d,o,b,t,s,s,w,e
f,g,x,f,b,c,d,o,b,e,k,k,w,p
t,e,f,f,b,c,d,o,b,t,s,s,w,e
f,g,f,f,b,c,d,o,b,e,k,k,w,p
t,g,f,y,b,c,d,o,b,t,s,s,w,e
t,g,f,y,b,c,d,o,b,t,s,s,w,e
t,g,f,f,b,c,d,o,b,t,s,s,w,e
f,y,f,f,b,c,p,o,b,e,k,k,w,p
t,n,x,y,b,c,d,o,b,t,s,s,w,e
t,g,f,y,b,c,d,o,b,t,s,s,w,e
f,g,f,f,b,c,d,o,b,e,k,k,w,p
t,n,f,y,b,c,d,o,b,t,s,s,w,e
f,g,x,f,n,w,d,o,b,e,s,s,w,p
t,e,f,y,b,c,d,o,b,t,s,s,w,e
f,w,x,s,n,w,d,o,b,e,s,s,w,p
t,n,f,y,b,c,d,o,b,t,s,s,w,e
f,w,x,s,n,c,d,o,b,e,s,s,w,p
t,e,f,y,b,c,d,o,b,t,s,s,w,e
t,g,f,f,b,c,d,o,b,t,s,s,w,e
t,e,f,f,b,c,d,o,b,t,s,s,w,e
t,e,f,y,b,c,d,o,b,t,s,s,w,e
f,g,x,s,n,c,d,o,b,e,s,s,w,p
t,e,f,y,b,c,d,o,b,t,s,s,w,e
t,e,f,y,b,c,d,o,b,t,s,s,w,e
f,p,x,f,n,w,d,o,b,e,s,s,w,p
t,e,f,f,b,c,d,o,b,t,s,s,w,e
f,p,x,s,n,c,d,o,b,e,s,s,w,p
t,e,f,f,b,c,d,o,b,t,s,s,w,e
f,g,f,f,b,c,g,o,b,e,k,k,w,p
t,g,f,y,b,c,d,o,b,t,s,s,w,e
f,g,x,f,b,c,g,o,b,e,k,k,w,p
t,n,f,y,b,c,d,o,b,t,s,s,w,e
t,e,f,y,b,c,d,o,b,t,s,s,w,e
t,n,f,y,b,c,d,o,b,t,s,s,w,e
f,p,x,s,n,w,d,o,b,e,s,s,w,p
f,g,x,y,b,c,p,o,b,e,k,k,w,p
t,e,f,f,b,c,d,o,b,t,s,s,w,e
t,g,f,f,b,c,d,o,b,t,s,s,w,e
t,g,f,y,b,c,d,o,b,t,s,s,w,e
t,e,f,y,b,c,d,o,b,t,s,s,w,e
t,e,f,y,b,c,d,o,b,t,s,s,w,e
t,g,x,f,b,c,d,o,b,t,s,s,w,e
f,g,x,f,b,c,d,o,b,e,k,k,w,p
t,n,x,y,b,c,d,o,b,t,s,s,w,e
t,e,f,y,b,c,d,o,b,t,s,s,w,e
t,e,f,f,b,c,d,o,b,t,s,s,w,e
f,w,x,f,n,c,d,o,b,e,s,s,w,p
t,e,f,y,b,c,d,o,b,t,s,s,w,e
t,g,f,y,b,c,d,o,b,t,s,s,w,e
f,g,x,f,b,c,g,o,b,e,k,k,w,p
t,g,f,y,b,c,d,o,b,t,s,s,w,e
f,w,x,s,n,w,d,o,b,e,s,s,w,p
t,e,f,f,b,c,d,o,b,t,s,s,w,e
f,w,x,s,n,c,d,o,b,e,s,s,w,p
f,g,x,f,b,c,d,o,b,e,k,k,w,p
f,g,x,f,b,c,d,o,b,e,k,k,w,p
t,g,f,y,b,c,d,o,b,t,s,s,w,e
t,g,f,y,b,c,d,o,b,t,s,s,w,e
t,e,f,y,b,c,d,o,b,t,s,s,w,e
t,e,f,y,b,c,d,o,b,t,s,s,w,e
f,g,x,f,b,c,p,o,b,e,k,k,w,p
t,e,f,f,b,c,d,o,b,t,s,s,w,e
t,e,f,f,b,c,d,o,b,t,s,s,w,e
f,g,x,y,b,c,g,o,b,e,k,k,w,p
t,e,f,f,b,c,d,o,b,t,s,s,w,e
f,g,x,f,n,w,d,o,b,e,s,s,w,p
t,g,f,y,b,c,d,o,b,t,s,s,w,e
t,e,f,y,b,c,d,o,b,t,s,s,w,e
t,e,f,y,b,c,d,o,b,t,s,s,w,e
t,g,f,y,b,c,d,o,b,t,s,s,w,e
t,e,x,f,b,c,d,o,b,t,s,s,w,e
t,g,f,y,b,c,d,o,b,t,s,s,w,e
f,p,x,s,n,c,d,o,b,e,s,s,w,p
t,n,f,y,b,c,d,o,b,t,s,s,w,e
f,g,x,f,b,c,g,o,b,e,k,k,w,p
t,e,f,y,b,c,d,o,b,t,s,s,w,e
t,g,f,y,b,c,d,o,b,t,s,s,w,e
t,e,f,f,b,c,d,o,b,t,s,s,w,e
f,w,x,s,n,w,d,o,b,e,s,s,w,p
f,w,x,f,n,w,d,o,b,e,s,s,w,p
t,n,x,y,b,c,d,o,b,t,s,s,w,e
t,e,f,f,b,c,d,o,b,t,s,s,w,e
t,e,f,y,b,c,d,o,b,t,s,s,w,e
t,g,x,y,b,c,d,o,b,t,s,s,w,e
f,g,x,f,b,c,d,o,b,e,k,k,w,p
f,w,x,f,n,w,d,o,b,e,s,s,w,p
t,n,f,y,b,c,d,o,b,t,s,s,w,e
t,e,f,f,b,c,d,o,b,t,s,s,w,e
f,w,x,f,n,w,d,o,b,e,s,s,w,p
f,g,x,s,n,w,d,o,b,e,s,s,w,p
t,e,x,y,b,c,d,o,b,t,s,s,w,e
f,g,x,f,b,c,d,o,b,e,k,k,w,p
f,g,x,f,n,c,d,o,b,e,s,s,w,p
f,g,x,f,b,c,d,o,b,e,k,k,w,p
f,g,x,s,n,c,d,o,b,e,s,s,w,p
t,g,x,f,b,c,d,o,b,t,s,s,w,e
f,p,x,f,n,c,d,o,b,e,s,s,w,p
t,e,f,f,b,c,d,o,b,t,s,s,w,e
f,p,x,s,n,c,d,o,b,e,s,s,w,p
f,g,x,f,n,w,d,o,b,e,s,s,w,p
t,e,f,y,b,c,d,o,b,t,s,s,w,e
f,g,x,f,n,c,d,o,b,e,s,s,w,p
f,g,x,s,n,w,d,o,b,e,s,s,w,p
t,g,f,y,b,c,d,o,b,t,s,s,w,e
t,n,f,y,b,c,d,o,b,t,s,s,w,e
f,g,x,f,n,w,d,o,b,e,s,s,w,p
t,e,f,f,b,c,d,o,b,t,s,s,w,e
f,w,x,s,n,c,d,o,b,e,s,s,w,p
t,n,f,y,b,c,d,o,b,t,s,s,w,e
f,g,x,f,b,c,d,o,b,e,k,k,w,p
f,g,f,y,b,c,g,o,b,e,k,k,w,p
t,g,f,y,b,c,d,o,b,t,s,s,w,e
f,g,x,f,b,c,g,o,b,e,k,k,w,p
t,g,f,y,b,c,d,o,b,t,s,s,w,e
f,g,x,f,b,c,g,o,b,e,k,k,w,p
f,g,f,f,b,c,p,o,b,e,k,k,w,p
t,e,f,f,b,c,d,o,b,t,s,s,w,e
t,g,f,f,b,c,d,o,b,t,s,s,w,e
f,w,x,f,n,c,d,o,b,e,s,s,w,p
t,g,f,f,b,c,d,o,b,t,s,s,w,e
f,g,x,f,b,c,p,o,b,e,k,k,w,p
f,y,x,y,b,c,d,o,b,e,k,k,w,p
f,g,f,y,b,c,p,o,b,e,k,k,w,p
f,y,x,f,b,c,g,o,b,e,k,k,w,p
f,w,x,f,n,w,d,o,b,e,s,s,w,p
f,y,x,y,b,c,d,o,b,e,k,k,w,p
f,y,x,y,b,c,d,o,b,e,k,k,w,p
f,y,x,f,b,c,p,o,b,e,k,k,w,p
f,y,f,f,b,c,d,o,b,e,k,k,w,p
f,y,f,f,b,c,d,o,b,e,k,k,w,p
t,g,f,y,b,c,d,o,b,t,s,s,w,e
f,g,x,y,b,c,g,o,b,e,k,k,w,p
f,y,f,f,b,c,p,o,b,e,k,k,w,p
f,y,f,f,b,c,g,o,b,e,k,k,w,p
t,g,x,f,b,c,d,o,b,t,s,s,w,e
t,n,f,y,b,c,d,o,b,t,s,s,w,e
t,e,f,y,b,c,d,o,b,t,s,s,w,e
f,y,x,y,b,c,g,o,b,e,k,k,w,p
f,g,f,y,b,c,g,o,b,e,k,k,w,p
f,g,f,y,b,c,d,o,b,e,k,k,w,p
t,e,f,y,b,c,d,o,b,t,s,s,w,e
f,g,f,y,b,c,g,o,b,e,k,k,w,p
t,e,f,f,b,c,d,o,b,t,s,s,w,e
t,g,f,f,b,c,d,o,b,t,s,s,w,e
t,g,f,f,b,c,d,o,b,t,s,s,w,e
f,g,x,f,b,c,d,o,b,e,k,k,w,p
f,y,x,y,b,c,g,o,b,e,k,k,w,p
f,y,f,f,b,c,g,o,b,e,k,k,w,p
t,e,f,y,b,c,d,o,b,t,s,s,w,e
f,y,x,f,b,c,d,o,b,e,k,k,w,p
f,g,f,y,b,c,p,o,b,e,k,k,w,p
f,y,f,f,b,c,g,o,b,e,k,k,w,p
f,y,f,y,b,c,d,o,b,e,k,k,w,p
f,g,x,y,b,c,p,o,b,e,k,k,w,p
f,y,f,f,b,c,p,o,b,e,k,k,w,p
f,p,x,s,n,c,d,o,b,e,s,s,w,p
f,y,x,y,b,c,g,o,b,e,k,k,w,p
t,e,f,f,b,c,d,o,b,t,s,s,w,e
t,e,f,y,b,c,d,o,b,t,s,s,w,e
f,p,x,f,n,c,d,o,b,e,s,s,w,p
f,y,x,f,b,c,g,o,b,e,k,k,w,p
f,g,f,y,b,c,g,o,b,e,k,k,w,p
t,g,x,y,b,c,d,o,b,t,s,s,w,e
t,e,f,f,b,c,d,o,b,t,s,s,w,e
f,g,f,y,b,c,d,o,b,e,k,k,w,p
t,g,f,y,b,c,d,o,b,t,s,s,w,e
f,y,x,f,b,c,d,o,b,e,k,k,w,p
f,g,f,y,b,c,g,o,b,e,k,k,w,p
t,e,f,f,b,c,d,o,b,t,s,s,w,e
f,y,x,y,b,c,g,o,b,e,k,k,w,p
f,y,f,f,b,c,g,o,b,e,k,k,w,p
f,y,x,y,b,c,g,o,b,e,k,k,w,p
f,g,f,f,b,c,g,o,b,e,k,k,w,p
f,p,x,s,n,w,d,o,b,e,s,s,w,p
f,g,x,f,n,c,d,o,b,e,s,s,w,p
f,g,x,y,b,c,p,o,b,e,k,k,w,p
f,y,x,y,b,c,p,o,b,e,k,k,w,p
f,g,f,f,b,c,d,o,b,e,k,k,w,p
t,g,f,y,b,c,d,o,b,t,s,s,w,e
t,g,x,s,b,c,u,o,b,t,f,s,w,p
f,y,x,y,b,c,d,o,b,e,k,k,w,p
t,g,f,f,b,c,d,o,b,t,s,s,w,e
f,y,f,f,b,c,d,o,b,e,k,k,w,p
f,g,x,y,b,c,p,o,b,e,k,k,w,p
f,y,f,f,b,c,p,o,b,e,k,k,w,p
f,g,x,y,b,c,g,o,b,e,k,k,w,p
f,g,f,y,b,c,g,o,b,e,k,k,w,p
f,y,f,y,b,c,p,o,b,e,k,k,w,p
f,y,x,f,b,c,p,o,b,e,k,k,w,p
f,w,x,s,n,c,d,o,b,e,s,s,w,p
f,g,x,y,b,c,p,o,b,e,k,k,w,p
f,g,x,f,b,c,p,o,b,e,k,k,w,p
t,n,f,y,b,c,d,o,b,t,s,s,w,e
t,g,f,f,b,c,d,o,b,t,s,s,w,e
f,y,x,f,b,c,p,o,b,e,k,k,w,p
f,p,x,s,n,c,d,o,b,e,s,s,w,p
f,g,f,f,b,c,g,o,b,e,k,k,w,p
f,g,x,f,b,c,g,o,b,e,k,k,w,p
f,w,x,s,n,c,d,o,b,e,s,s,w,p
t,e,f,f,b,c,d,o,b,t,s,s,w,e
f,g,f,y,b,c,g,o,b,e,k,k,w,p
f,p,x,f,n,w,d,o,b,e,s,s,w,p
t,w,f,s,b,c,g,o,b,t,f,s,w,p
f,y,x,y,b,c,p,o,b,e,k,k,w,p
t,b,x,y,b,c,w,t,,e,s,s,w,e
f,g,f,f,b,c,g,o,b,e,k,k,w,p
f,g,x,f,b,c,g,o,b,e,k,k,w,p
f,y,x,f,b,c,g,o,b,e,k,k,w,p
f,y,f,f,b,c,g,o,b,e,k,k,w,p
t,g,f,f,b,c,d,o,b,t,s,s,w,e
f,y,x,f,b,c,d,o,b,e,k,k,w,p
f,g,x,y,b,c,d,o,b,e,k,k,w,p
f,g,f,f,b,c,g,o,b,e,k,k,w,p
f,g,x,f,n,w,d,o,b,e,s,s,w,p
f,g,x,f,n,c,d,o,b,e,s,s,w,p
f,g,x,y,b,c,g,o,b,e,k,k,w,p
t,g,x,s,b,c,g,o,b,t,s,s,w,p
f,g,x,y,b,c,g,o,b,e,k,k,w,p
t,g,f,y,b,c,d,o,b,t,s,s,w,e
f,y,f,f,b,c,d,o,b,e,k,k,w,p
t,e,f,f,b,c,d,o,b,t,s,s,w,e
f,g,f,y,b,c,p,o,b,e,k,k,w,p
t,n,f,y,b,c,d,o,b,t,s,s,w,e
t,e,f,f,b,c,d,o,b,t,s,s,w,e
f,g,x,y,b,c,p,o,b,e,k,k,w,p
f,g,x,y,b,c,d,o,b,e,k,k,w,p
t,e,f,f,b,c,d,o,b,t,s,s,w,e
f,g,f,f,b,c,p,o,b,e,k,k,w,p
t,g,f,f,b,c,d,o,b,t,s,s,w,e
t,e,f,y,b,c,d,o,b,t,s,s,w,e
t,e,f,y,b,c,d,o,b,t,s,s,w,e
f,g,f,f,b,c,p,o,b,e,k,k,w,p
t,e,x,f,b,c,d,o,b,t,s,s,w,e
f,g,f,y,b,c,d,o,b,e,k,k,w,p
f,y,x,y,b,c,p,o,b,e,k,k,w,p
f,y,f,y,b,c,d,o,b,e,k,k,w,p
f,y,x,f,b,c,p,o,b,e,k,k,w,p
f,y,x,y,b,c,d,o,b,e,k,k,w,p
t,g,x,f,b,c,d,o,b,t,s,s,w,e
t,g,x,y,b,c,d,o,b,t,s,s,w,e
f,g,f,y,b,c,g,o,b,e,k,k,w,p
f,y,f,f,b,c,d,o,b,e,k,k,w,p
f,g,x,y,b,c,p,o,b,e,k,k,w,p
f,e,x,y,n,c,p,o,,t,k,s,w,p
f,g,x,y,b,c,p,o,b,e,k,k,w,p
f,g,x,y,b,c,g,o,b,e,k,k,w,p
f,g,x,s,n,w,d,o,b,e,s,s,w,p
f,g,f,f,b,c,g,o,b,e,k,k,w,p
t,b,f,s,b,c,g,o,b,t,s,f,w,p
f,g,x,y,b,c,d,o,b,e,k,k,w,p
f,y,x,y,b,c,d,o,b,e,k,k,w,p
f,w,x,s,n,w,d,o,b,e,s,s,w,p
f,y,x,y,b,c,d,o,b,e,k,k,w,p
t,e,f,f,b,c,d,o,b,t,s,s,w,e
f,g,x,y,b,c,g,o,b,e,k,k,w,p
f,y,x,f,b,c,d,o,b,e,k,k,w,p
f,y,x,f,b,c,p,o,b,e,k,k,w,p
f,g,f,f,b,c,g,o,b,e,k,k,w,p
f,y,x,f,b,c,d,o,b,e,k,k,w,p
t,g,f,f,b,c,d,o,b,t,s,s,w,e
f,g,x,f,b,c,d,o,b,e,k,k,w,p
t,n,f,y,b,c,d,o,b,t,s,s,w,e
f,g,f,y,b,c,d,o,b,e,k,k,w,p
f,g,f,f,b,c,p,o,b,e,k,k,w,p
f,g,f,f,b,c,d,o,b,e,k,k,w,p
f,w,x,s,n,w,d,o,b,e,s,s,w,p
f,g,x,y,b,c,d,o,b,e,k,k,w,p
t,n,f,y,b,c,d,o,b,t,s,s,w,e
f,w,x,f,n,c,d,o,b,e,s,s,w,p
f,y,x,f,b,c,d,o,b,e,k,k,w,p
f,y,x,f,b,c,d,o,b,e,k,k,w,p
f,p,x,f,n,w,d,o,b,e,s,s,w,p
f,y,f,f,b,c,d,o,b,e,k,k,w,p
f,g,f,f,b,c,p,o,b,e,k,k,w,p
t,e,f,y,b,c,d,o,b,t,s,s,w,e
f,y,x,y,b,c,p,o,b,e,k,k,w,p
f,y,f,f,b,c,p,o,b,e,k,k,w,p
f,g,x,f,n,c,d,o,b,e,s,s,w,p
f,p,x,s,n,w,d,o,b,e,s,s,w,p
t,e,x,f,b,c,d,o,b,t,s,s,w,e
f,y,x,y,b,c,g,o,b,e,k,k,w,p
t,n,f,f,b,c,d,o,b,t,s,s,w,e
t,e,f,y,b,c,d,o,b,t,s,s,w,e
f,y,f,y,b,c,d,o,b,e,k,k,w,p
f,y,x,f,b,c,g,o,b,e,k,k,w,p
f,g,x,y,b,c,d,o,b,e,k,k,w,p
f,g,f,f,b,c,d,o,b,e,k,k,w,p
f,y,f,f,b,c,p,o,b,e,k,k,w,p
t,g,f,y,b,c,d,o,b,t,s,s,w,e
f,g,x,y,b,c,p,o,b,e,k,k,w,p
f,y,x,y,b,c,p,o,b,e,k,k,w,p
f,g,f,f,b,c,p,o,b,e,k,k,w,p
f,y,f,f,b,c,p,o,b,e,k,k,w,p
t,e,f,f,b,c,d,o,b,t,s,s,w,e
t,n,f,y,b,c,d,o,b,t,s,s,w,e
f,y,x,f,b,c,g,o,b,e,k,k,w,p
f,u,f,y,n,c,d,o,,e,s,f,w,e
t,n,f,y,b,c,d,o,b,t,s,s,w,e
f,y,f,y,b,c,g,o,b,e,k,k,w,p
f,y,f,f,b,c,g,o,b,e,k,k,w,p
f,g,x,y,b,c,d,o,b,e,k,k,w,p
f,g,x,y,b,c,p,o,b,e,k,k,w,p
f,y,f,f,b,c,p,o,b,e,k,k,w,p
f,y,x,y,b,c,d,o,b,e,k,k,w,p
f,y,x,f,b,c,p,o,b,e,k,k,w,p
f,g,x,y,b,c,p,o,b,e,k,k,w,p
f,y,x,f,b,c,p,o,b,e,k,k,w,p
t,g,x,f,b,c,d,o,b,t,s,s,w,e
f,g,f,y,b,c,d,o,b,e,k,k,w,p
t,e,f,y,b,c,d,o,b,t,s,s,w,e
f,g,x,f,b,c,d,o,b,e,k,k,w,p
f,y,f,f,b,c,d,o,b,e,k,k,w,p
t,n,f,y,b,c,d,o,b,t,s,s,w,e
t,g,f,f,b,c,d,o,b,t,s,s,w,e
f,g,f,y,b,c,g,o,b,e,k,k,w,p
t,e,x,f,b,c,d,o,b,t,s,s,w,e
t,e,f,f,b,c,d,o,b,t,s,s,w,e
f,y,f,y,b,c,p,o,b,e,k,k,w,p
f,w,x,f,n,c,d,o,b,e,s,s,w,p
f,g,x,y,b,c,d,o,b,e,k,k,w,p
f,e,x,y,n,c,d,o,,t,k,s,w,p
f,y,x,f,b,c,p,o,b,e,k,k,w,p
f,g,f,y,b,c,d,o,b,e,k,k,w,p
t,g,f,y,b,c,d,o,b,t,s,s,w,e
f,n,x,y,n,c,l,o,,t,s,s,w,p
t,e,f,y,b,c,d,o,b,t,s,s,w,e
t,b,b,s,b,c,m,t,b,e,s,s,w,p
t,g,f,f,b,c,d,o,b,t,s,s,w,e
f,g,f,f,b,c,g,o,b,e,k,k,w,p
t,g,f,y,b,c,d,o,b,t,s,s,w,e
f,y,f,f,b,c,p,o,b,e,k,k,w,p
f,y,f,f,b,c,g,o,b,e,k,k,w,p
f,g,f,f,b,c,g,o,b,e,k,k,w,p
t,e,f,f,b,c,d,o,b,t,s,s,w,e
f,g,x,f,b,c,p,o,b,e,k,k,w,p
f,y,f,f,b,c,g,o,b,e,k,k,w,p
f,y,x,f,b,c,d,o,b,e,k,k,w,p
f,y,x,f,b,c,p,o,b,e,k,k,w,p
f,y,f,f,b,c,g,o,b,e,k,k,w,p
f,y,f,f,b,c,g,o,b,e,k,k,w,p
f,g,x,y,b,c,p,o,b,e,k,k,w,p
t,e,f,y,b,c,d,o,b,t,s,s,w,e
f,g,f,f,b,c,d,o,b,e,k,k,w,p
f,y,f,f,b,c,g,o,b,e,k,k,w,p
t,n,f,f,b,c,d,o,b,t,s,s,w,e
f,y,x,y,b,c,p,o,b,e,k,k,w,p
f,y,x,y,b,c,p,o,b,e,k,k,w,p
t,n,f,y,b,c,d,o,b,t,s,s,w,e
f,g,f,y,b,c,p,o,b,e,k,k,w,p
t,e,f,f,b,c,d,o,b,t,s,s,w,e
f,y,x,y,b,c,g,o,b,e,k,k,w,p
f,g,f,y,b,c,d,o,b,e,k,k,w,p
f,y,x,y,b,c,d,o,b,e,k,k,w,p
f,g,x,s,n,c,d,o,b,e,s,s,w,p
t,g,f,f,b,c,d,o,b,t,s,s,w,e
f,g,f,y,b,c,g,o,b,e,k,k,w,p
f,g,x,f,b,c,d,o,b,e,k,k,w,p
f,g,f,y,b,c,p,o,b,e,k,k,w,p
t,n,f,y,b,c,d,o,b,t,s,s,w,e
f,y,x,y,b,c,d,o,b,e,k,k,w,p
f,g,f,f,b,c,d,o,b,e,k,k,w,p
t,e,f,y,b,c,d,o,b,t,s,s,w,e
t,e,f,y,b,c,d,o,b,t,s,s,w,e
t,g,f,s,b,c,u,o,b,t,f,f,w,p
f,g,x,f,b,c,p,o,b,e,k,k,w,p
f,g,f,y,b,c,p,o,b,e,k,k,w,p
f,g,x,y,b,c,p,o,b,e,k,k,w,p
f,y,x,f,b,c,d,o,b,e,k,k,w,p
f,g,f,y,b,c,d,o,b,e,k,k,w,p
f,g,f,y,b,c,p,o,b,e,k,k,w,p
t,e,f,y,b,c,d,o,b,t,s,s,w,e
f,g,x,y,b,c,g,o,b,e,k,k,w,p
f,g,f,y,b,c,g,o,b,e,k,k,w,p
f,g,x,y,b,c,p,o,b,e,k,k,w,p
t,e,f,f,b,c,d,o,b,t,s,s,w,e
t,e,f,y,b,c,d,o,b,t,s,s,w,e
t,e,f,y,b,c,d,o,b,t,s,s,w,e
f,y,f,f,b,c,g,o,b,e,k,k,w,p
f,g,f,f,b,c,p,o,b,e,k,k,w,p
t,n,f,y,b,c,d,o,b,t,s,s,w,e
f,g,x,y,b,c,g,o,b,e,k,k,w,p
t,g,f,f,b,c,d,o,b,t,s,s,w,e
f,y,x,f,b,c,p,o,b,e,k,k,w,p
f,y,x,y,b,c,d,o,b,e,k,k,w,p
f,y,x,y,b,c,d,o,b,e,k,k,w,p
f,c,f,f,n,w,l,o,b,e,f,f,w,e
f,g,x,f,b,c,d,o,b,e,k,k,w,p
f,g,f,f,b,c,g,o,b,e,k,k,w,p
f,g,x,y,b,c,g,o,b,e,k,k,w,p
f,g,f,y,b,c,g,o,b,e,k,k,w,p
t,b,x,s,b,c,u,o,b,t,f,s,w,p
f,g,f,f,b,c,d,o,b,e,k,k,w,p
f,g,x,y,b,c,g,o,b,e,k,k,w,p
f,y,f,f,b,c,p,o,b,e,k,k,w,p
f,g,f,f,b,c,p,o,b,e,k,k,w,p
f,g,f,f,b,c,d,o,b,e,k,k,w,p
t,g,f,f,b,c,d,o,b,t,s,s,w,e
f,y,x,f,b,c,p,o,b,e,k,k,w,p
f,y,x,f,b,c,p,o,b,e,k,k,w,p
t,e,f,y,b,c,d,o,b,t,s,s,w,e
f,g,f,y,b,c,p,o,b,e,k,k,w,p
f,g,f,f,b,c,d,o,b,e,k,k,w,p
f,y,x,y,b,c,d,o,b,e,k,k,w,p
t,g,f,f,b,c,d,o,b,t,s,s,w,e
f,g,x,f,b,c,g,o,b,e,k,k,w,p
f,g,x,f,b,c,p,o,b,e,k,k,w,p
t,n,f,y,b,c,d,o,b,t,s,s,w,e
t,g,f,f,b,c,d,o,b,t,s,s,w,e
f,g,x,y,b,c,d,o,b,e,k,k,w,p
f,y,f,y,b,c,p,o,b,e,k,k,w,p
f,y,f,f,b,c,d,o,b,e,k,k,w,p
f,g,f,f,b,c,p,o,b,e,k,k,w,p
f,g,f,f,b,c,p,o,b,e,k,k,w,p
f,g,f,y,b,c,g,o,b,e,k,k,w,p
t,b,f,s,b,c,u,o,b,t,f,f,w,p
t,e,f,f,b,c,d,o,b,t,s,s,w,e
f,n,x,y,n,c,d,o,,t,k,k,w,p
t,g,x,y,b,c,d,o,b,t,s,s,w,e
f,g,x,f,n,w,d,o,b,e,s,s,w,p
f,p,x,f,n,w,d,o,b,e,s,s,w,p
f,n,x,y,n,c,l,o,,t,s,k,w,p
f,g,f,f,b,c,p,o,b,e,k,k,w,p
f,y,x,f,b,c,g,o,b,e,k,k,w,p
t,g,x,s,b,c,u,o,b,t,s,f,w,p
f,g,f,y,b,c,p,o,b,e,k,k,w,p
f,y,x,f,b,c,d,o,b,e,k,k,w,p
f,g,f,y,b,c,p,o,b,e,k,k,w,p
f,g,f,f,b,c,d,o,b,e,k,k,w,p
f,g,f,y,b,c,d,o,b,e,k,k,w,p
f,g,x,y,b,c,g,o,b,e,k,k,w,p
f,g,f,f,b,c,g,o,b,e,k,k,w,p
f,y,x,f,b,c,g,o,b,e,k,k,w,p
f,y,f,f,b,c,g,o,b,e,k,k,w,p
f,y,x,f,b,c,g,o,b,e,k,k,w,p
f,y,x,f,b,c,g,o,b,e,k,k,w,p
f,y,x,y,b,c,g,o,b,e,k,k,w,p
t,g,f,s,b,c,u,o,b,t,s,s,w,p
f,y,x,f,b,c,g,o,b,e,k,k,w,p
f,y,f,f,b,c,g,o,b,e,k,k,w,p
f,g,f,y,b,c,d,o,b,e,k,k,w,p
f,y,f,f,b,c,d,o,b,e,k,k,w,p
f,y,f,f,b,c,d,o,b,e,k,k,w,p
f,g,x,y,b,c,p,o,b,e,k,k,w,p
f,g,x,y,b,c,p,o,b,e,k,k,w,p
t,e,f,y,b,c,d,o,b,t,s,s,w,e
f,y,f,f,b,c,d,o,b,e,k,k,w,p
f,g,f,f,b,c,d,o,b,e,k,k,w,p
f,g,f,y,b,c,p,o,b,e,k,k,w,p
f,y,x,f,b,c,g,o,b,e,k,k,w,p
f,y,x,f,b,c,p,o,b,e,k,k,w,p
f,g,x,f,b,c,d,o,b,e,k,k,w,p
f,y,x,y,b,c,p,o,b,e,k,k,w,p
t,w,f,s,b,c,u,o,b,t,f,f,w,p
f,y,f,f,b,c,g,o,b,e,k,k,w,p
f,y,f,f,b,c,d,o,b,e,k,k,w,p
f,g,f,y,b,c,p,o,b,e,k,k,w,p
f,y,f,f,b,c,d,o,b,e,k,k,w,p
f,y,f,f,b,c,d,o,b,e,k,k,w,p
f,g,f,f,b,c,p,o,b,e,k,k,w,p
f,g,x,y,b,c,g,o,b,e,k,k,w,p
f,y,x,f,b,c,p,o,b,e,k,k,w,p
f,g,f,f,b,c,g,o,b,e,k,k,w,p
f,y,x,f,b,c,d,o,b,e,k,k,w,p
f,g,f,y,b,c,d,o,b,e,k,k,w,p
f,y,x,y,b,c,d,o,b,e,k,k,w,p
t,w,x,s,b,c,g,o,b,t,f,s,w,p
f,g,f,f,b,c,g,o,b,e,k,k,w,p
t,b,x,s,b,c,g,o,b,t,f,s,w,p
f,g,f,y,b,c,d,o,b,e,k,k,w,p
f,g,x,y,b,c,d,o,b,e,k,k,w,p
f,y,x,f,b,c,g,o,b,e,k,k,w,p
f,y,x,f,b,c,g,o,b,e,k,k,w,p
f,y,x,y,b,c,g,o,b,e,k,k,w,p
t,g,f,y,b,c,d,o,b,t,s,s,w,e
f,y,f,y,b,c,p,o,b,e,k,k,w,p
f,g,x,y,b,c,p,o,b,e,k,k,w,p
f,y,f,f,b,c,g,o,b,e,k,k,w,p
f,y,f,y,b,c,p,o,b,e,k,k,w,p
f,y,f,f,b,c,d,o,b,e,k,k,w,p
f,g,x,y,b,c,p,o,b,e,k,k,w,p
f,g,f,f,b,c,g,o,b,e,k,k,w,p
f,g,x,y,b,c,p,o,b,e,k,k,w,p
f,p,x,f,n,c,d,o,b,e,s,s,w,p
f,y,x,y,b,c,d,o,b,e,k,k,w,p
f,y,x,f,b,c,g,o,b,e,k,k,w,p
f,y,f,f,b,c,g,o,b,e,k,k,w,p
f,g,x,y,b,c,g,o,b,e,k,k,w,p
f,g,f,f,b,c,g,o,b,e,k,k,w,p
f,g,x,y,b,c,d,o,b,e,k,k,w,p
f,y,x,f,b,c,g,o,b,e,k,k,w,p
f,y,x,f,b,c,p,o,b,e,k,k,w,p
f,g,x,y,b,c,d,o,b,e,k,k,w,p
f,y,x,y,b,c,d,o,b,e,k,k,w,p
f,g,f,y,b,c,p,o,b,e,k,k,w,p
f,g,f,y,b,c,d,o,b,e,k,k,w,p
f,y,x,f,b,c,p,o,b,e,k,k,w,p
f,n,k,y,n,w,l,o,b,e,f,f,w,e
f,g,f,f,b,c,p,o,b,e,k,k,w,p
f,y,x,y,b,c,g,o,b,e,k,k,w,p
f,y,f,f,b,c,g,o,b,e,k,k,w,p
f,g,x,y,b,c,d,o,b,e,k,k,w,p
f,g,x,f,b,c,p,o,b,e,k,k,w,p
f,y,f,f,b,c,g,o,b,e,k,k,w,p
t,p,f,s,b,c,w,t,,e,s,s,w,e
f,y,f,f,b,c,p,o,b,e,k,k,w,p
f,y,x,f,b,c,d,o,b,e,k,k,w,p
f,g,x,y,b,c,d,o,b,e,k,k,w,p
f,g,f,y,b,c,p,o,b,e,k,k,w,p
f,y,x,f,b,c,d,o,b,e,k,k,w,p
f,g,f,y,b,c,g,o,b,e,k,k,w,p
f,g,f,y,b,c,g,o,b,e,k,k,w,p
t,p,k,s,b,c,w,t,,e,s,s,w,e
f,y,x,f,b,c,d,o,b,e,k,k,w,p
f,y,f,f,b,c,p,o,b,e,k,k,w,p
f,g,f,f,b,c,p,o,b,e,k,k,w,p
f,g,f,f,b,c,g,o,b,e,k,k,w,p
f,y,x,f,b,c,p,o,b,e,k,k,w,p
f,g,f,f,b,c,p,o,b,e,k,k,w,p
f,g,x,y,b,c,g,o,b,e,k,k,w,p
f,y,f,y,b,c,g,o,b,e,k,k,w,p
f,g,f,f,b,c,d,o,b,e,k,k,w,p
f,y,x,f,b,c,d,o,b,e,k,k,w,p
f,g,f,f,b,c,g,o,b,e,k,k,w,p
f,g,f,f,b,c,d,o,b,e,k,k,w,p
f,y,f,f,b,c,g,o,b,e,k,k,w,p
t,g,f,y,b,c,d,o,b,t,s,s,w,e
f,g,f,y,b,c,d,o,b,e,k,k,w,p
f,g,f,y,b,c,d,o,b,e,k,k,w,p
f,g,f,y,b,c,g,o,b,e,k,k,w,p
f,y,x,y,b,c,g,o,b,e,k,k,w,p
f,g,x,y,b,c,g,o,b,e,k,k,w,p
f,y,x,y,b,c,p,o,b,e,k,k,w,p
f,y,f,f,b,c,d,o,b,e,k,k,w,p
f,y,x,f,b,c,g,o,b,e,k,k,w,p
f,y,x,y,b,c,p,o,b,e,k,k,w,p
f,g,f,f,b,c,g,o,b,e,k,k,w,p
f,y,x,f,b,c,d,o,b,e,k,k,w,p
f,g,f,f,b,c,g,o,b,e,k,k,w,p
f,g,f,y,b,c,d,o,b,e,k,k,w,p
f,g,f,f,b,c,g,o,b,e,k,k,w,p
f,y,f,y,b,c,g,o,b,e,k,k,w,p
f,g,f,f,b,c,g,o,b,e,k,k,w,p
f,y,x,f,b,c,p,o,b,e,k,k,w,p
f,g,f,y,b,c,g,o,b,e,k,k,w,p
f,g,f,y,b,c,g,o,b,e,k,k,w,p
f,g,f,y,b,c,p,o,b,e,k,k,w,p
f,r,x,y,n,c,d,o,,e,s,f,w,e
f,y,f,y,b,c,g,o,b,e,k,k,w,p
f,y,x,f,b,c,d,o,b,e,k,k,w,p
f,n,x,y,n,c,p,o,,t,k,s,w,p
f,y,f,y,b,c,d,o,b,e,k,k,w,p
f,n,k,y,n,c,d,o,,e,k,y,w,p
f,y,f,f,b,c,d,o,b,e,k,k,w,p
f,g,x,y,b,c,d,o,b,e,k,k,w,p
f,g,x,y,b,c,g,o,b,e,k,k,w,p
f,g,f,y,b,c,g,o,b,e,k,k,w,p
f,y,x,f,b,c,d,o,b,e,k,k,w,p
f,g,x,f,b,c,d,o,b,e,k,k,w,p
f,g,x,y,b,c,d,o,b,e,k,k,w,p
f,g,x,y,b,c,g,o,b,e,k,k,w,p
f,g,x,y,b,c,g,o,b,e,k,k,w,p
t,e,f,y,b,c,d,o,b,t,s,s,w,e
f,y,f,f,b,c,p,o,b,e,k,k,w,p
f,y,x,y,b,c,g,o,b,e,k,k,w,p
f,y,f,f,b,c,g,o,b,e,k,k,w,p
f,y,x,f,b,c,p,o,b,e,k,k,w,p
f,g,f,f,b,c,g,o,b,e,k,k,w,p
f,g,f,f,b,c,g,o,b,e,k,k,w,p
f,y,x,y,b,c,g,o,b,e,k,k,w,p
t,b,f,s,b,c,u,o,b,t,s,s,w,p
f,g,x,y,b,c,g,o,b,e,k,k,w,p
f,y,x,y,b,c,p,o,b,e,k,k,w,p
f,g,f,f,b,c,p,o,b,e,k,k,w,p
f,g,f,y,b,c,d,o,b,e,k,k,w,p
f,y,f,f,b,c,d,o,b,e,k,k,w,p
f,g,f,y,b,c,g,o,b,e,k,k,w,p
f,g,x,y,b,c,g,o,b,e,k,k,w,p
t,e,x,s,b,c,w,t,,e,s,s,w,e
f,g,f,f,b,c,d,o,b,e,k,k,w,p
f,y,f,f,b,c,d,o,b,e,k,k,w,p
f,g,f,y,b,c,d,o,b,e,k,k,w,p
f,y,x,y,b,c,p,o,b,e,k,k,w,p
f,g,f,y,b,c,d,o,b,e,k,k,w,p
f,y,x,f,b,c,g,o,b,e,k,k,w,p
t,w,b,y,n,w,l,o,b,e,s,s,w,p
t,b,f,s,b,c,u,o,b,t,s,s,w,p
f,y,x,y,b,c,p,o,b,e,k,k,w,p
f,g,f,y,b,c,d,o,b,e,k,k,w,p
f,g,f,y,b,c,p,o,b,e,k,k,w,p
f,y,f,y,b,c,p,o,b,e,k,k,w,p
f,g,f,f,b,c,d,o,b,e,k,k,w,p
f,y,x,y,b,c,d,o,b,e,k,k,w,p
f,y,x,f,b,c,g,o,b,e,k,k,w,p
f,g,f,f,b,c,g,o,b,e,k,k,w,p
t,w,x,s,b,c,u,o,b,t,f,f,w,p
t,g,f,y,b,c,d,o,b,t,s,s,w,e
f,n,x,y,n,c,d,o,,t,s,k,w,p
f,g,f,y,b,c,d,o,b,e,k,k,w,p
f,g,f,f,b,c,g,o,b,e,k,k,w,p
t,e,f,y,b,c,d,o,b,t,s,s,w,e
t,b,x,y,b,c,w,t,,e,s,s,w,e
f,y,x,y,b,c,g,o,b,e,k,k,w,p
f,y,x,y,b,c,d,o,b,e,k,k,w,p
f,y,x,y,b,c,p,o,b,e,k,k,w,p
f,y,x,y,b,c,g,o,b,e,k,k,w,p
f,y,f,f,b,c,g,o,b,e,k,k,w,p
f,g,f,y,b,c,g,o,b,e,k,k,w,p
f,g,x,f,b,c,g,o,b,e,k,k,w,p
f,y,f,y,b,c,g,o,b,e,k,k,w,p
f,g,x,y,b,c,g,o,b,e,k,k,w,p
f,y,x,y,b,c,g,o,b,e,k,k,w,p
f,g,f,y,b,c,p,o,b,e,k,k,w,p
f,y,f,y,b,c,g,o,b,e,k,k,w,p
f,g,x,y,b,c,d,o,b,e,k,k,w,p
f,g,f,y,b,c,d,o,b,e,k,k,w,p
f,g,f,y,b,c,p,o,b,e,k,k,w,p
f,u,x,y,n,c,d,o,,e,s,f,w,e
f,g,x,f,b,c,g,o,b,e,k,k,w,p
f,y,f,f,b,c,g,o,b,e,k,k,w,p
f,y,f,f,b,c,g,o,b,e,k,k,w,p
f,y,x,f,b,c,g,o,b,e,k,k,w,p
f,y,f,f,b,c,g,o,b,e,k,k,w,p
f,g,f,f,b,c,g,o,b,e,k,k,w,p
f,g,f,y,b,c,d,o,b,e,k,k,w,p
f,g,f,f,b,c,g,o,b,e,k,k,w,p
f,y,f,f,b,c,d,o,b,e,k,k,w,p
f,y,f,y,b,c,p,o,b,e,k,k,w,p
f,g,f,f,b,c,p,o,b,e,k,k,w,p
f,g,f,y,b,c,g,o,b,e,k,k,w,p
f,y,f,f,b,c,d,o,b,e,k,k,w,p
t,e,f,f,b,c,d,o,b,t,s,s,w,e
t,b,f,s,b,c,u,o,b,t,s,f,w,p
f,g,f,y,b,c,d,o,b,e,k,k,w,p
f,g,f,f,b,c,p,o,b,e,k,k,w,p
f,y,x,y,b,c,g,o,b,e,k,k,w,p
f,y,f,f,b,c,p,o,b,e,k,k,w,p
f,y,f,y,b,c,d,o,b,e,k,k,w,p
t,n,f,y,b,c,d,o,b,t,s,s,w,e
f,y,f,y,b,c,g,o,b,e,k,k,w,p
t,b,x,s,b,c,w,t,,e,s,s,w,e
f,y,x,y,b,c,g,o,b,e,k,k,w,p
f,y,x,f,b,c,d,o,b,e,k,k,w,p
f,y,x,y,b,c,g,o,b,e,k,k,w,p
f,g,f,y,b,c,p,o,b,e,k,k,w,p
t,e,f,f,b,c,d,o,b,t,s,s,w,e
f,y,f,f,b,c,d,o,b,e,k,k,w,p
f,y,f,f,b,c,g,o,b,e,k,k,w,p
f,y,x,y,b,c,d,o,b,e,k,k,w,p
f,y,x,f,b,c,g,o,b,e,k,k,w,p
f,n,x,y,n,c,d,o,,t,k,s,w,p
f,y,f,f,b,c,p,o,b,e,k,k,w,p
f,y,x,y,b,c,g,o,b,e,k,k,w,p
f,y,f,f,b,c,p,o,b,e,k,k,w,p
f,y,f,f,b,c,d,o,b,e,k,k,w,p
f,g,f,y,b,c,p,o,b,e,k,k,w,p
f,g,f,y,b,c,g,o,b,e,k,k,w,p
f,g,f,y,b,c,d,o,b,e,k,k,w,p
f,g,f,f,b,c,g,o,b,e,k,k,w,p
f,g,x,s,n,c,d,o,b,e,s,s,w,p
f,y,x,y,b,c,g,o,b,e,k,k,w,p
t,g,f,s,b,c,u,o,b,t,f,f,w,p
f,g,x,y,b,c,g,o,b,e,k,k,w,p
f,y,x,y,b,c,p,o,b,e,k,k,w,p
f,y,x,y,b,c,d,o,b,e,k,k,w,p
t,g,f,y,b,c,d,o,b,t,s,s,w,e
f,g,f,f,b,c,d,o,b,e,k,k,w,p
f,y,f,y,b,c,g,o,b,e,k,k,w,p
f,g,f,y,b,c,p,o,b,e,k,k,w,p
f,y,x,y,b,c,g,o,b,e,k,k,w,p
f,g,x,y,b,c,d,o,b,e,k,k,w,p
f,y,x,f,b,c,p,o,b,e,k,k,w,p
t,n,f,y,b,c,d,o,b,t,s,s,w,e
f,g,x,y,b,c,g,o,b,e,k,k,w,p
f,y,f,f,b,c,g,o,b,e,k,k,w,p
f,g,x,y,b,c,p,o,b,e,k,k,w,p
f,y,x,y,b,c,g,o,b,e,k,k,w,p
f,g,f,f,b,c,p,o,b,e,k,k,w,p
f,g,f,f,b,c,g,o,b,e,k,k,w,p
f,y,x,y,b,c,g,o,b,e,k,k,w,p
t,b,k,y,b,c,w,t,,e,s,s,w,e
f,y,x,y,b,c,p,o,b,e,k,k,w,p
f,n,x,y,n,c,d,o,,t,s,k,w,p
f,g,f,y,b,c,p,o,b,e,k,k,w,p
f,g,x,y,b,c,p,o,b,e,k,k,w,p
f,y,f,y,b,c,g,o,b,e,k,k,w,p
f,g,f,y,b,c,d,o,b,e,k,k,w,p
f,g,f,f,b,c,g,o,b,e,k,k,w,p
f,y,f,y,b,c,g,o,b,e,k,k,w,p
f,y,x,f,b,c,d,o,b,e,k,k,w,p
t,w,x,s,b,c,u,o,b,t,f,f,w,p
f,y,x,y,b,c,g,o,b,e,k,k,w,p
f,y,f,f,b,c,p,o,b,e,k,k,w,p
f,y,x,f,b,c,g,o,b,e,k,k,w,p
f,y,x,y,b,c,p,o,b,e,k,k,w,p
f,y,f,y,b,c,g,o,b,e,k,k,w,p
f,y,x,y,b,c,g,o,b,e,k,k,w,p
f,y,x,y,b,c,p,o,b,e,k,k,w,p
f,g,f,y,b,c,p,o,b,e,k,k,w,p
f,y,f,f,b,c,p,o,b,e,k,k,w,p
f,g,f,f,b,c,p,o,b,e,k,k,w,p
t,n,f,y,b,c,d,o,b,t,s,s,w,e
f,y,x,y,b,c,d,o,b,e,k,k,w,p
f,g,x,y,b,c,p,o,b,e,k,k,w,p
f,g,f,y,b,c,g,o,b,e,k,k,w,p
f,g,f,y,b,c,g,o,b,e,k,k,w,p
f,y,x,y,b,c,d,o,b,e,k,k,w,p
f,g,f,f,b,c,p,o,b,e,k,k,w,p
f,g,x,y,b,c,d,o,b,e,k,k,w,p
f,y,x,y,b,c,d,o,b,e,k,k,w,p
f,y,x,f,b,c,d,o,b,e,k,k,w,p
f,y,f,f,b,c,d,o,b,e,k,k,w,p
f,c,f,f,n,w,l,o,b,e,s,f,w,e
f,g,f,y,b,c,g,o,b,e,k,k,w,p
f,g,x,y,b,c,p,o,b,e,k,k,w,p
f,y,f,f,n,c,d,o,,e,k,y,w,p
f,y,f,f,b,c,p,o,b,e,k,k,w,p
t,g,x,s,b,c,g,o,b,t,f,s,w,p
t,n,f,s,b,c,w,t,,e,s,s,w,e
f,n,x,y,n,c,p,o,,t,s,k,w,p
f,g,x,s,n,w,d,o,b,e,s,s,w,p
f,y,x,f,b,c,d,o,b,e,k,k,w,p
f,g,f,y,b,c,g,o,b,e,k,k,w,p
f,g,f,y,b,c,d,o,b,e,k,k,w,p
f,y,x,y,b,c,g,o,b,e,k,k,w,p
f,y,x,y,b,c,g,o,b,e,k,k,w,p
f,g,x,y,b,c,d,o,b,e,k,k,w,p
f,g,f,y,b,c,d,o,b,e,k,k,w,p
f,g,f,y,b,c,g,o,b,e,k,k,w,p
f,y,f,f,b,c,g,o,b,e,k,k,w,p
f,y,x,f,b,c,d,o,b,e,k,k,w,p
f,y,f,f,b,c,p,o,b,e,k,k,w,p
f,g,f,f,b,c,p,o,b,e,k,k,w,p
f,y,f,f,b,c,p,o,b,e,k,k,w,p
f,y,f,y,b,c,d,o,b,e,k,k,w,p
f,y,f,f,b,c,p,o,b,e,k,k,w,p
f,y,f,f,b,c,d,o,b,e,k,k,w,p
f,g,x,y,b,c,g,o,b,e,k,k,w,p
f,g,x,y,b,c,g,o,b,e,k,k,w,p
f,g,x,y,b,c,d,o,b,e,k,k,w,p
t,b,x,s,b,c,w,t,,e,s,s,w,e
f,g,f,f,b,c,d,o,b,e,k,k,w,p
f,y,x,f,b,c,d,o,b,e,k,k,w,p
f,n,x,y,n,c,l,o,,t,s,s,w,p
f,g,x,y,b,c,d,o,b,e,k,k,w,p
f,g,f,y,b,c,p,o,b,e,k,k,w,p
f,g,f,y,b,c,d,o,b,e,k,k,w,p
f,y,f,f,b,c,g,o,b,e,k,k,w,p
f,y,x,y,b,c,d,o,b,e,k,k,w,p
f,y,x,f,b,c,g,o,b,e,k,k,w,p
f,g,f,f,b,c,p,o,b,e,k,k,w,p
f,g,x,y,b,c,p,o,b,e,k,k,w,p
f,y,f,f,b,c,g,o,b,e,k,k,w,p
f,y,x,f,b,c,g,o,b,e,k,k,w,p
f,u,x,y,n,c,d,o,,e,s,f,w,e
t,b,f,y,b,c,w,t,,e,s,s,w,e
f,y,f,y,b,c,d,o,b,e,k,k,w,p
f,y,x,y,b,c,p,o,b,e,k,k,w,p
f,g,x,y,b,c,g,o,b,e,k,k,w,p
f,g,f,f,b,c,d,o,b,e,k,k,w,p
f,g,f,y,b,c,g,o,b,e,k,k,w,p
f,g,f,f,b,c,g,o,b,e,k,k,w,p
f,g,f,y,b,c,g,o,b,e,k,k,w,p
f,y,x,f,b,c,g,o,b,e,k,k,w,p
f,y,f,f,b,c,d,o,b,e,k,k,w,p
f,g,f,f,b,c,d,o,b,e,k,k,w,p
f,y,f,y,b,c,g,o,b,e,k,k,w,p
f,y,f,y,b,c,g,o,b,e,k,k,w,p
f,g,f,f,b,c,g,o,b,e,k,k,w,p
t,b,f,s,b,c,g,o,b,t,s,f,w,p
t,w,f,s,b,c,m,t,b,e,s,s,w,p
f,y,x,y,b,c,p,o,b,e,k,k,w,p
f,y,f,f,b,c,p,o,b,e,k,k,w,p
f,g,f,y,b,c,g,o,b,e,k,k,w,p
f,y,x,y,b,c,d,o,b,e,k,k,w,p
f,y,x,f,b,c,p,o,b,e,k,k,w,p
f,y,x,f,b,c,d,o,b,e,k,k,w,p
t,g,f,f,b,c,d,o,b,t,s,s,w,e
f,u,x,y,n,c,d,o,,e,s,f,w,e
f,g,x,y,b,c,d,o,b,e,k,k,w,p
f,y,f,f,b,c,g,o,b,e,k,k,w,p
f,y,x,y,b,c,d,o,b,e,k,k,w,p
f,g,f,y,b,c,d,o,b,e,k,k,w,p
f,y,x,y,b,c,p,o,b,e,k,k,w,p
f,y,x,f,b,c,d,o,b,e,k,k,w,p
f,y,x,y,b,c,p,o,b,e,k,k,w,p
f,y,f,f,b,c,g,o,b,e,k,k,w,p
f,g,x,y,b,c,p,o,b,e,k,k,w,p
f,g,f,y,b,c,g,o,b,e,k,k,w,p
f,g,f,y,b,c,p,o,b,e,k,k,w,p
f,y,x,f,b,c,p,o,b,e,k,k,w,p
t,e,f,f,b,c,d,o,b,t,s,s,w,e
f,y,x,y,b,c,d,o,b,e,k,k,w,p
f,g,f,f,b,c,d,o,b,e,k,k,w,p
f,g,x,y,b,c,p,o,b,e,k,k,w,p
f,g,f,y,b,c,p,o,b,e,k,k,w,p
f,g,f,f,b,c,p,o,b,e,k,k,w,p
f,g,f,f,b,c,d,o,b,e,k,k,w,p
f,g,f,f,b,c,g,o,b,e,k,k,w,p
f,g,f,y,b,c,d,o,b,e,k,k,w,p
f,y,f,f,b,c,d,o,b,e,k,k,w,p
f,y,x,f,b,c,d,o,b,e,k,k,w,p
f,g,x,y,b,c,p,o,b,e,k,k,w,p
f,g,x,y,b,c,p,o,b,e,k,k,w,p
f,w,x,f,n,c,d,o,b,e,s,s,w,p
f,g,f,f,b,c,d,o,b,e,k,k,w,p
f,y,x,f,b,c,p,o,b,e,k,k,w,p
f,g,f,y,b,c,d,o,b,e,k,k,w,p
f,y,x,f,b,c,g,o,b,e,k,k,w,p
f,g,f,y,b,c,d,o,b,e,k,k,w,p
f,g,f,y,b,c,d,o,b,e,k,k,w,p
f,y,f,f,b,c,p,o,b,e,k,k,w,p
f,g,x,y,b,c,g,o,b,e,k,k,w,p
f,y,f,y,b,c,g,o,b,e,k,k,w,p
f,y,f,f,b,c,p,o,b,e,k,k,w,p
f,y,x,f,b,c,d,o,b,e,k,k,w,p
f,y,f,f,b,c,g,o,b,e,k,k,w,p
f,y,x,y,b,c,p,o,b,e,k,k,w,p
f,y,f,f,b,c,d,o,b,e,k,k,w,p
f,y,x,f,b,c,g,o,b,e,k,k,w,p
f,g,f,y,b,c,d,o,b,e,k,k,w,p
f,g,f,f,b,c,d,o,b,e,k,k,w,p
f,y,f,f,b,c,g,o,b,e,k,k,w,p
f,g,f,f,b,c,d,o,b,e,k,k,w,p
f,g,f,f,b,c,g,o,b,e,k,k,w,p
f,y,f,f,b,c,d,o,b,e,k,k,w,p
f,y,x,y,b,c,d,o,b,e,k,k,w,p
f,y,x,y,b,c,d,o,b,e,k,k,w,p
f,y,f,f,b,c,d,o,b,e,k,k,w,p
f,y,x,y,b,c,d,o,b,e,k,k,w,p
f,y,x,y,b,c,g,o,b,e,k,k,w,p
f,n,x,y,n,c,d,o,,t,s,s,w,p
t,b,f,y,b,c,w,t,,e,s,s,w,e
f,y,x,f,b,c,g,o,b,e,k,k,w,p
f,y,x,y,b,c,d,o,b,e,k,k,w,p
f,g,f,y,b,c,d,o,b,e,k,k,w,p
f,y,x,y,b,c,d,o,b,e,k,k,w,p
f,g,f,y,b,c,p,o,b,e,k,k,w,p
f,g,f,y,b,c,d,o,b,e,k,k,w,p
f,g,f,f,b,c,p,o,b,e,k,k,w,p
f,y,x,f,b,c,p,o,b,e,k,k,w,p
f,y,f,f,b,c,g,o,b,e,k,k,w,p
f,y,f,f,b,c,d,o,b,e,k,k,w,p
f,g,f,y,b,c,p,o,b,e,k,k,w,p
f,g,f,y,b,c,g,o,b,e,k,k,w,p
f,g,f,f,b,c,g,o,b,e,k,k,w,p
f,g,f,y,b,c,d,o,b,e,k,k,w,p
f,g,f,f,b,c,d,o,b,e,k,k,w,p
f,g,f,y,b,c,p,o,b,e,k,k,w,p
f,g,x,f,n,c,d,o,b,e,s,s,w,p
t,b,f,s,b,c,g,o,b,t,f,f,w,p
t,e,f,f,b,c,d,o,b,t,s,s,w,e
f,y,x,y,b,c,p,o,b,e,k,k,w,p
f,g,x,y,b,c,d,o,b,e,k,k,w,p
f,g,f,y,b,c,g,o,b,e,k,k,w,p
t,g,f,f,b,c,d,o,b,t,s,s,w,e
f,y,x,y,b,c,d,o,b,e,k,k,w,p
f,y,x,y,b,c,p,o,b,e,k,k,w,p
f,y,f,f,b,c,p,o,b,e,k,k,w,p
f,y,x,f,b,c,p,o,b,e,k,k,w,p
f,y,x,f,b,c,d,o,b,e,k,k,w,p
f,g,x,y,b,c,g,o,b,e,k,k,w,p
t,w,f,s,b,c,u,o,b,t,s,f,w,p
f,g,x,y,b,c,d,o,b,e,k,k,w,p
f,y,x,f,b,c,g,o,b,e,k,k,w,p
f,g,f,y,b,c,p,o,b,e,k,k,w,p
f,g,x,y,b,c,p,o,b,e,k,k,w,p
f,y,x,f,b,c,d,o,b,e,k,k,w,p
f,u,f,y,n,c,d,o,,e,s,f,w,e
f,y,f,f,b,c,d,o,b,e,k,k,w,p
f,g,f,y,b,c,g,o,b,e,k,k,w,p
f,y,x,y,b,c,g,o,b,e,k,k,w,p
f,g,f,f,b,c,g,o,b,e,k,k,w,p
t,n,f,y,b,c,d,o,b,t,s,s,w,e
f,y,x,f,b,c,p,o,b,e,k,k,w,p
f,g,f,f,b,c,d,o,b,e,k,k,w,p
f,g,x,y,b,c,p,o,b,e,k,k,w,p
f,y,f,f,b,c,g,o,b,e,k,k,w,p
f,y,x,f,b,c,d,o,b,e,k,k,w,p
f,y,x,y,b,c,p,o,b,e,k,k,w,p
f,y,x,f,b,c,p,o,b,e,k,k,w,p
f,g,f,y,b,c,g,o,b,e,k,k,w,p
t,w,x,s,b,c,u,o,b,t,f,f,w,p
t,e,f,y,b,c,w,t,,e,s,s,w,e
f,u,x,y,n,c,d,o,,e,s,f,w,e
f,y,x,y,b,c,g,o,b,e,k,k,w,p
f,g,x,y,b,c,d,o,b,e,k,k,w,p
f,y,x,f,b,c,p,o,b,e,k,k,w,p
f,g,f,f,b,c,d,o,b,e,k,k,w,p
f,g,x,y,b,c,p,o,b,e,k,k,w,p
f,g,f,f,b,c,g,o,b,e,k,k,w,p
f,y,f,f,b,c,g,o,b,e,k,k,w,p
f,g,x,y,b,c,p,o,b,e,k,k,w,p
f,g,f,y,b,c,p,o,b,e,k,k,w,p
t,p,f,s,b,c,w,t,,e,s,s,w,e
f,g,f,f,b,c,p,o,b,e,k,k,w,p
f,y,x,y,b,c,p,o,b,e,k,k,w,p
f,g,x,y,b,c,p,o,b,e,k,k,w,p
f,y,f,f,b,c,g,o,b,e,k,k,w,p
f,y,x,f,b,c,d,o,b,e,k,k,w,p
f,g,f,y,b,c,d,o,b,e,k,k,w,p
f,y,f,y,b,c,p,o,b,e,k,k,w,p
f,g,x,y,b,c,g,o,b,e,k,k,w,p
f,g,x,y,b,c,d,o,b,e,k,k,w,p
f,y,f,f,b,c,p,o,b,e,k,k,w,p
f,g,f,f,b,c,d,o,b,e,k,k,w,p
f,g,x,y,b,c,p,o,b,e,k,k,w,p
f,y,f,f,b,c,p,o,b,e,k,k,w,p
f,g,f,y,b,c,d,o,b,e,k,k,w,p
f,g,x,y,b,c,g,o,b,e,k,k,w,p
f,g,f,f,b,c,d,o,b,e,k,k,w,p
f,g,x,y,b,c,g,o,b,e,k,k,w,p
f,g,f,f,b,c,d,o,b,e,k,k,w,p
f,y,x,y,b,c,p,o,b,e,k,k,w,p
f,y,x,f,b,c,g,o,b,e,k,k,w,p
f,g,x,y,b,c,p,o,b,e,k,k,w,p
f,y,f,f,b,c,p,o,b,e,k,k,w,p
t,n,f,y,b,c,d,o,b,t,s,s,w,e
f,g,f,f,b,c,d,o,b,e,k,k,w,p
f,y,x,y,b,c,p,o,b,e,k,k,w,p
t,g,x,s,b,c,g,o,b,t,f,f,w,p
f,y,f,y,b,c,p,o,b,e,k,k,w,p
f,y,x,y,b,c,p,o,b,e,k,k,w,p
f,w,x,f,n,c,d,o,b,e,s,s,w,p
f,y,x,f,b,c,d,o,b,e,k,k,w,p
t,b,f,s,b,c,u,o,b,t,f,s,w,p
f,y,x,y,b,c,g,o,b,e,k,k,w,p
f,g,x,y,b,c,d,o,b,e,k,k,w,p
f,y,f,f,b,c,g,o,b,e,k,k,w,p
t,p,f,s,b,c,g,t,b,e,s,s,w,p
t,b,f,s,b,c,u,o,b,t,f,f,w,p
f,g,x,y,b,c,g,o,b,e,k,k,w,p
f,g,x,y,b,c,g,o,b,e,k,k,w,p
f,g,x,y,b,c,g,o,b,e,k,k,w,p
f,g,f,f,b,c,p,o,b,e,k,k,w,p
f,g,f,f,b,c,p,o,b,e,k,k,w,p
f,y,x,f,b,c,p,o,b,e,k,k,w,p
f,y,f,f,b,c,p,o,b,e,k,k,w,p
f,u,f,y,n,c,d,o,,e,s,f,w,e
f,y,x,f,b,c,g,o,b,e,k,k,w,p
t,e,f,f,b,c,d,o,b,t,s,s,w,e
f,y,f,f,b,c,g,o,b,e,k,k,w,p
f,y,x,f,b,c,g,o,b,e,k,k,w,p
f,n,x,y,n,c,l,o,,t,k,s,w,p
f,g,x,y,b,c,g,o,b,e,k,k,w,p
f,y,x,f,b,c,d,o,b,e,k,k,w,p
f,g,f,f,b,c,g,o,b,e,k,k,w,p
f,g,x,y,b,c,p,o,b,e,k,k,w,p
f,g,x,y,b,c,g,o,b,e,k,k,w,p
f,y,x,f,b,c,d,o,b,e,k,k,w,p
f,y,f,f,b,c,g,o,b,e,k,k,w,p
f,g,f,y,b,c,p,o,b,e,k,k,w,p
f,g,f,y,b,c,g,o,b,e,k,k,w,p
t,n,f,y,b,c,d,o,b,t,s,s,w,e
f,y,x,y,b,c,g,o,b,e,k,k,w,p
t,e,f,f,b,c,d,o,b,t,s,s,w,e
f,y,x,f,b,c,d,o,b,e,k,k,w,p
f,g,x,y,b,c,p,o,b,e,k,k,w,p
f,g,f,y,b,c,p,o,b,e,k,k,w,p
f,y,x,f,b,c,p,o,b,e,k,k,w,p
f,g,f,f,b,c,d,o,b,e,k,k,w,p
f,g,f,f,b,c,d,o,b,e,k,k,w,p
f,g,f,y,b,c,p,o,b,e,k,k,w,p
f,g,f,y,b,c,g,o,b,e,k,k,w,p
f,y,x,f,b,c,d,o,b,e,k,k,w,p
f,y,x,y,b,c,p,o,b,e,k,k,w,p
f,y,f,f,b,c,d,o,b,e,k,k,w,p
f,g,x,y,b,c,d,o,b,e,k,k,w,p
f,y,f,f,b,c,p,o,b,e,k,k,w,p
f,g,f,y,b,c,d,o,b,e,k,k,w,p
f,p,x,f,n,w,d,o,b,e,s,s,w,p
f,y,f,f,b,c,d,o,b,e,k,k,w,p
f,g,x,y,b,c,d,o,b,e,k,k,w,p
f,y,x,y,b,c,g,o,b,e,k,k,w,p
f,g,x,y,b,c,d,o,b,e,k,k,w,p
f,y,f,y,b,c,p,o,b,e,k,k,w,p
f,g,x,y,b,c,p,o,b,e,k,k,w,p
f,y,x,f,b,c,d,o,b,e,k,k,w,p
f,g,f,y,b,c,d,o,b,e,k,k,w,p
f,g,f,y,b,c,g,o,b,e,k,k,w,p
f,y,x,y,b,c,d,o,b,e,k,k,w,p
f,y,f,f,b,c,d,o,b,e,k,k,w,p
f,g,x,y,b,c,d,o,b,e,k,k,w,p
f,y,x,y,b,c,d,o,b,e,k,k,w,p
f,g,x,y,b,c,d,o,b,e,k,k,w,p
f,g,x,y,b,c,g,o,b,e,k,k,w,p
f,y,x,f,b,c,g,o,b,e,k,k,w,p
f,g,x,y,b,c,d,o,b,e,k,k,w,p
f,g,f,f,b,c,p,o,b,e,k,k,w,p
f,g,f,f,b,c,g,o,b,e,k,k,w,p
f,g,x,y,b,c,p,o,b,e,k,k,w,p
f,y,x,f,b,c,d,o,b,e,k,k,w,p
f,g,x,y,b,c,d,o,b,e,k,k,w,p
f,g,f,f,b,c,p,o,b,e,k,k,w,p
f,y,x,y,b,c,p,o,b,e,k,k,w,p
f,y,x,f,b,c,d,o,b,e,k,k,w,p
f,g,f,y,b,c,d,o,b,e,k,k,w,p
f,g,f,f,b,c,p,o,b,e,k,k,w,p
t,p,x,s,b,c,w,t,,e,s,s,w,e
f,y,f,f,b,c,d,o,b,e,k,k,w,p
f,p,x,s,n,w,d,o,b,e,s,s,w,p
f,y,x,f,b,c,g,o,b,e,k,k,w,p
f,g,f,f,b,c,p,o,b,e,k,k,w,p
f,y,x,f,b,c,g,o,b,e,k,k,w,p
t,e,f,f,b,c,d,o,b,t,s,s,w,e
f,y,x,y,b,c,d,o,b,e,k,k,w,p
f,y,x,f,b,c,g,o,b,e,k,k,w,p
f,g,f,y,b,c,g,o,b,e,k,k,w,p
f,y,f,f,b,c,g,o,b,e,k,k,w,p
t,n,f,y,b,c,d,o,b,t,s,s,w,e
f,y,x,y,b,c,p,o,b,e,k,k,w,p
f,g,f,f,b,c,p,o,b,e,k,k,w,p
f,y,x,y,b,c,p,o,b,e,k,k,w,p
f,y,f,f,b,c,d,o,b,e,k,k,w,p
f,y,f,y,b,c,d,o,b,e,k,k,w,p
f,g,f,y,b,c,g,o,b,e,k,k,w,p
f,g,f,f,b,c,g,o,b,e,k,k,w,p
f,y,x,y,b,c,g,o,b,e,k,k,w,p
f,g,f,y,b,c,p,o,b,e,k,k,w,p
f,y,x,y,b,c,g,o,b,e,k,k,w,p
t,g,f,f,b,c,d,o,b,t,s,s,w,e
t,g,x,s,b,c,g,o,b,t,f,s,w,p
f,n,x,y,n,c,p,o,,t,s,k,w,p
t,g,f,s,b,c,g,o,b,t,s,f,w,p
f,g,f,y,b,c,g,o,b,e,k,k,w,p
f,y,f,y,b,c,g,o,b,e,k,k,w,p
f,g,f,y,b,c,d,o,b,e,k,k,w,p
t,e,f,y,b,c,w,t,,e,s,s,w,e
f,g,f,y,b,c,p,o,b,e,k,k,w,p
f,y,x,f,b,c,g,o,b,e,k,k,w,p
f,g,f,f,b,c,d,o,b,e,k,k,w,p
f,y,x,y,b,c,d,o,b,e,k,k,w,p
f,y,f,f,b,c,g,o,b,e,k,k,w,p
t,n,f,y,b,c,w,t,,e,s,s,w,e
f,g,f,y,b,c,g,o,b,e,k,k,w,p
f,n,k,f,n,c,d,o,,e,k,y,w,p
f,g,f,f,b,c,d,o,b,e,k,k,w,p
f,y,f,f,b,c,p,o,b,e,k,k,w,p
f,n,x,y,n,c,p,o,,t,s,k,w,p
f,g,f,f,b,c,d,o,b,e,k,k,w,p
f,g,f,f,b,c,p,o,b,e,k,k,w,p
t,w,f,s,b,c,g,o,b,t,f,f,w,p
f,y,f,f,b,c,d,o,b,e,k,k,w,p
f,g,x,y,b,c,g,o,b,e,k,k,w,p
f,y,x,f,b,c,g,o,b,e,k,k,w,p
t,e,x,y,b,c,w,t,,e,s,s,w,e
f,y,f,y,b,c,d,o,b,e,k,k,w,p
f,y,b,f,n,c,d,o,,e,k,y,w,p
f,y,f,y,b,c,d,o,b,e,k,k,w,p
t,g,x,s,b,c,u,o,b,t,f,f,w,p
f,y,f,y,b,c,d,o,b,e,k,k,w,p
f,y,f,f,b,c,g,o,b,e,k,k,w,p
t,e,k,y,b,c,w,t,,e,s,s,w,e
f,y,f,f,b,c,p,o,b,e,k,k,w,p
f,y,f,f,b,c,p,o,b,e,k,k,w,p
f,n,k,y,n,w,l,o,b,e,f,s,w,e
f,w,x,s,n,c,d,o,b,e,s,s,w,p
f,y,x,f,b,c,g,o,b,e,k,k,w,p
f,y,x,f,b,c,p,o,b,e,k,k,w,p
f,y,x,f,b,c,d,o,b,e,k,k,w,p
f,y,f,y,b,c,p,o,b,e,k,k,w,p
t,b,b,s,b,c,g,t,b,e,s,s,w,p
t,w,x,s,b,c,g,o,b,t,f,f,w,p
t,e,f,y,b,c,d,o,b,t,s,s,w,e
t,w,b,s,b,c,m,t,b,e,s,s,w,p
t,p,f,y,b,c,w,t,,e,s,s,w,e
t,w,x,s,b,c,g,o,b,t,f,f,w,p
t,n,k,y,b,c,w,t,,e,s,s,w,e
f,y,x,y,b,c,p,o,b,e,k,k,w,p
t,b,f,s,b,c,u,o,b,t,f,s,w,p
f,g,f,y,b,c,d,o,b,e,k,k,w,p
f,y,x,y,b,c,d,o,b,e,k,k,w,p
f,g,x,y,b,c,d,o,b,e,k,k,w,p
f,y,x,f,b,c,p,o,b,e,k,k,w,p
f,y,x,y,b,c,d,o,b,e,k,k,w,p
f,y,x,y,b,c,d,o,b,e,k,k,w,p
f,y,x,f,b,c,p,o,b,e,k,k,w,p
f,g,x,y,b,c,p,o,b,e,k,k,w,p
f,g,f,f,b,c,p,o,b,e,k,k,w,p
t,e,k,s,b,c,w,t,,e,s,s,w,e
t,n,f,y,b,c,w,t,,e,s,s,w,e
t,b,f,s,b,c,w,t,,e,s,s,w,e
f,y,x,y,b,c,d,o,b,e,k,k,w,p
t,g,f,f,b,c,d,o,b,t,s,s,w,e
f,y,f,f,b,c,p,o,b,e,k,k,w,p
f,g,f,y,b,c,g,o,b,e,k,k,w,p
t,g,x,s,b,c,g,o,b,t,f,f,w,p
f,g,f,f,b,c,p,o,b,e,k,k,w,p
f,y,x,f,b,c,d,o,b,e,k,k,w,p
f,y,f,f,b,c,g,o,b,e,k,k,w,p
f,n,x,y,n,c,l,o,,t,k,k,w,p
f,g,f,f,b,c,p,o,b,e,k,k,w,p
t,n,f,y,b,c,w,t,,e,s,s,w,e
t,e,f,y,b,c,d,o,b,t,s,s,w,e
f,g,f,y,b,c,g,o,b,e,k,k,w,p
f,y,x,y,b,c,p,o,b,e,k,k,w,p
f,g,f,f,b,c,d,o,b,e,k,k,w,p
t,e,f,f,b,c,d,o,b,t,s,s,w,e
f,y,x,y,b,c,p,o,b,e,k,k,w,p
f,y,f,f,b,c,p,o,b,e,k,k,w,p
f,g,f,f,b,c,p,o,b,e,k,k,w,p
f,y,f,y,b,c,d,o,b,e,k,k,w,p
f,g,x,y,b,c,d,o,b,e,k,k,w,p
t,w,b,y,b,c,m,t,b,e,s,s,w,p
f,y,f,f,b,c,p,o,b,e,k,k,w,p
f,n,x,y,n,c,d,o,,t,k,s,w,p
f,g,f,f,b,c,g,o,b,e,k,k,w,p
f,y,x,y,b,c,g,o,b,e,k,k,w,p
f,y,f,y,b,c,p,o,b,e,k,k,w,p
t,p,f,y,b,c,w,t,,e,s,s,w,e
t,w,x,s,b,c,g,o,b,t,s,s,w,p
f,g,f,y,b,c,g,o,b,e,k,k,w,p
f,g,x,y,b,c,p,o,b,e,k,k,w,p
f,y,x,f,b,c,g,o,b,e,k,k,w,p
t,b,f,s,b,c,u,o,b,t,f,s,w,p
f,g,x,f,n,c,d,o,b,e,s,s,w,p
f,y,x,f,b,c,p,o,b,e,k,k,w,p
f,g,f,y,b,c,g,o,b,e,k,k,w,p
f,y,f,y,b,c,p,o,b,e,k,k,w,p
f,r,x,y,n,c,d,o,,e,s,f,w,e
f,w,f,y,n,c,d,o,,e,s,f,w,e
f,y,x,f,b,c,d,o,b,e,k,k,w,p
f,y,f,y,b,c,p,o,b,e,k,k,w,p
f,y,f,y,b,c,g,o,b,e,k,k,w,p
f,e,x,y,n,c,p,o,,t,k,k,w,p
f,e,x,y,n,c,l,o,,t,k,k,w,p
f,g,x,y,b,c,d,o,b,e,k,k,w,p
f,y,x,y,b,c,g,o,b,e,k,k,w,p
f,g,f,f,b,c,d,o,b,e,k,k,w,p
f,g,x,y,b,c,g,o,b,e,k,k,w,p
f,y,x,y,b,c,d,o,b,e,k,k,w,p
f,y,f,f,b,c,p,o,b,e,k,k,w,p
t,e,f,s,b,c,w,t,,e,s,s,w,e
f,y,f,f,b,c,p,o,b,e,k,k,w,p
f,y,x,y,b,c,p,o,b,e,k,k,w,p
t,g,f,s,b,c,g,o,b,t,f,s,w,p
f,y,f,f,b,c,g,o,b,e,k,k,w,p
f,y,x,y,b,c,d,o,b,e,k,k,w,p
f,y,x,f,b,c,p,o,b,e,k,k,w,p
t,g,x,s,b,c,u,o,b,t,f,f,w,p
f,g,f,y,b,c,g,o,b,e,k,k,w,p
f,g,f,f,b,c,g,o,b,e,k,k,w,p
f,w,x,s,n,c,d,o,b,e,s,s,w,p
f,g,f,y,b,c,p,o,b,e,k,k,w,p
t,e,f,y,b,c,d,o,b,t,s,s,w,e
f,y,x,f,b,c,g,o,b,e,k,k,w,p
f,y,x,y,b,c,p,o,b,e,k,k,w,p
t,b,k,s,b,c,w,t,,e,s,s,w,e
f,y,f,f,b,c,g,o,b,e,k,k,w,p
f,y,f,f,b,c,d,o,b,e,k,k,w,p
f,y,x,y,b,c,g,o,b,e,k,k,w,p
f,n,x,f,n,w,l,o,b,e,s,f,w,e
t,e,x,y,b,c,w,t,,e,s,s,w,e
f,g,x,y,b,c,p,o,b,e,k,k,w,p
f,y,x,f,b,c,g,o,b,e,k,k,w,p
t,g,f,s,b,c,g,o,b,t,f,f,w,p
f,y,x,y,b,c,g,o,b,e,k,k,w,p
f,g,f,y,b,c,p,o,b,e,k,k,w,p
f,g,x,y,b,c,g,o,b,e,k,k,w,p
f,n,x,y,n,c,p,o,,t,s,k,w,p
t,b,k,s,b,c,w,t,,e,s,s,w,e
f,y,f,f,b,c,d,o,b,e,k,k,w,p
f,g,x,f,b,c,p,o,b,e,k,k,w,p
f,g,f,y,b,c,p,o,b,e,k,k,w,p
f,y,x,f,b,c,d,o,b,e,k,k,w,p
f,y,f,y,b,c,g,o,b,e,k,k,w,p
t,p,k,s,b,c,w,t,,e,s,s,w,e
f,n,f,y,n,c,d,o,,e,k,y,w,p
f,g,x,y,b,c,d,o,b,e,k,k,w,p
f,y,x,f,b,c,d,o,b,e,k,k,w,p
f,g,x,y,b,c,p,o,b,e,k,k,w,p
t,b,f,s,b,c,u,o,b,t,f,f,w,p
t,b,f,s,b,c,w,t,,e,s,s,w,e
t,w,f,s,b,c,u,o,b,t,f,f,w,p
f,g,f,y,b,c,p,o,b,e,k,k,w,p
f,y,x,f,b,c,p,o,b,e,k,k,w,p
f,g,f,y,b,c,p,o,b,e,k,k,w,p
f,y,f,y,b,c,g,o,b,e,k,k,w,p
f,y,f,f,b,c,d,o,b,e,k,k,w,p
t,b,x,s,b,c,u,o,b,t,s,s,w,p
f,g,f,f,b,c,p,o,b,e,k,k,w,p
f,g,x,y,b,c,d,o,b,e,k,k,w,p
f,y,f,f,b,c,g,o,b,e,k,k,w,p
f,y,f,y,b,c,d,o,b,e,k,k,w,p
t,g,f,s,b,c,u,o,b,t,s,f,w,p
t,b,f,s,b,c,w,t,,e,s,s,w,e
t,p,x,s,b,c,w,t,,e,s,s,w,e
t,n,k,s,b,c,w,t,,e,s,s,w,e
t,p,f,y,b,c,g,t,b,e,s,s,w,p
f,g,f,y,b,c,p,o,b,e,k,k,w,p
f,y,x,y,b,c,p,o,b,e,k,k,w,p
f,g,f,f,b,c,g,o,b,e,k,k,w,p
f,g,f,f,b,c,d,o,b,e,k,k,w,p
f,y,x,f,b,c,p,o,b,e,k,k,w,p
f,g,f,f,b,c,d,o,b,e,k,k,w,p
f,g,f,y,b,c,d,o,b,e,k,k,w,p
f,y,f,y,b,c,d,o,b,e,k,k,w,p
f,y,f,f,b,c,g,o,b,e,k,k,w,p
f,y,f,y,b,c,g,o,b,e,k,k,w,p
f,y,x,y,b,c,d,o,b,e,k,k,w,p
f,y,x,y,b,c,p,o,b,e,k,k,w,p
f,g,f,y,b,c,g,o,b,e,k,k,w,p
f,g,f,f,b,c,d,o,b,e,k,k,w,p
f,y,x,y,b,c,p,o,b,e,k,k,w,p
f,y,x,y,b,c,p,o,b,e,k,k,w,p
f,u,f,y,n,c,d,o,,e,s,f,w,e
f,g,f,f,b,c,g,o,b,e,k,k,w,p
f,n,x,y,n,c,l,o,,t,s,s,w,p
f,y,x,y,b,c,g,o,b,e,k,k,w,p
f,y,x,y,b,c,p,o,b,e,k,k,w,p
f,g,x,y,b,c,g,o,b,e,k,k,w,p
f,y,f,f,b,c,d,o,b,e,k,k,w,p
f,y,x,f,b,c,d,o,b,e,k,k,w,p
f,g,x,y,b,c,p,o,b,e,k,k,w,p
t,b,f,s,b,c,w,t,,e,s,s,w,e
f,g,f,f,b,c,p,o,b,e,k,k,w,p
f,y,f,y,b,c,d,o,b,e,k,k,w,p
t,n,x,s,b,c,w,t,,e,s,s,w,e
f,g,f,f,b,c,p,o,b,e,k,k,w,p
f,g,x,y,b,c,d,o,b,e,k,k,w,p
f,n,x,y,n,c,p,o,,t,k,k,w,p
f,y,f,f,b,c,d,o,b,e,k,k,w,p
f,n,x,y,n,c,d,o,,e,k,y,w,p
t,b,b,s,b,c,g,t,b,e,s,s,w,p
f,y,f,f,b,c,d,o,b,e,k,k,w,p
f,g,f,y,b,c,d,o,b,e,k,k,w,p
f,u,f,y,n,c,d,o,,e,s,f,w,e
f,y,x,f,b,c,g,o,b,e,k,k,w,p
f,y,f,y,b,c,g,o,b,e,k,k,w,p
f,y,f,f,b,c,g,o,b,e,k,k,w,p
f,y,x,y,b,c,d,o,b,e,k,k,w,p
t,e,x,y,b,c,w,t,,e,s,s,w,e
f,g,f,f,b,c,g,o,b,e,k,k,w,p
f,y,x,y,b,c,g,o,b,e,k,k,w,p
f,y,x,y,b,c,p,o,b,e,k,k,w,p
f,g,f,y,b,c,p,o,b,e,k,k,w,p
t,b,k,s,b,c,w,t,,e,s,s,w,e
f,y,f,y,b,c,d,o,b,e,k,k,w,p
f,g,x,y,b,c,p,o,b,e,k,k,w,p
f,y,x,f,b,c,d,o,b,e,k,k,w,p
f,y,f,f,b,c,p,o,b,e,k,k,w,p
t,w,f,s,b,c,u,o,b,t,s,f,w,p
f,g,x,s,n,c,d,o,b,e,s,s,w,p
f,y,f,y,b,c,d,o,b,e,k,k,w,p
f,u,f,y,n,c,d,o,,e,s,f,w,e
f,y,x,f,b,c,d,o,b,e,k,k,w,p
f,g,f,y,b,c,d,o,b,e,k,k,w,p
f,y,x,f,b,c,g,o,b,e,k,k,w,p
f,y,x,f,b,c,p,o,b,e,k,k,w,p
t,g,x,s,b,c,u,o,b,t,f,s,w,p
f,g,f,y,b,c,d,o,b,e,k,k,w,p
f,y,f,f,b,c,p,o,b,e,k,k,w,p
f,y,f,f,b,c,d,o,b,e,k,k,w,p
f,g,x,y,b,c,d,o,b,e,k,k,w,p
f,g,x,y,b,c,g,o,b,e,k,k,w,p
f,g,x,y,b,c,d,o,b,e,k,k,w,p
f,g,x,f,b,c,g,o,b,e,k,k,w,p
f,y,x,y,b,c,p,o,b,e,k,k,w,p
f,g,f,f,b,c,g,o,b,e,k,k,w,p
f,y,f,f,b,c,d,o,b,e,k,k,w,p
f,g,x,y,b,c,p,o,b,e,k,k,w,p
f,y,f,f,b,c,p,o,b,e,k,k,w,p
f,n,x,y,n,c,l,o,,t,k,k,w,p
f,y,x,f,b,c,p,o,b,e,k,k,w,p
f,y,x,y,b,c,p,o,b,e,k,k,w,p
t,b,f,s,b,c,g,o,b,t,f,s,w,p
f,g,f,f,b,c,d,o,b,e,k,k,w,p
f,y,f,y,b,c,p,o,b,e,k,k,w,p
f,y,x,f,b,c,p,o,b,e,k,k,w,p
f,g,f,f,b,c,d,o,b,e,k,k,w,p
f,y,x,y,b,c,d,o,b,e,k,k,w,p
f,g,x,y,b,c,d,o,b,e,k,k,w,p
f,e,x,y,n,c,l,o,,t,k,k,w,p
t,b,k,y,b,c,w,t,,e,s,s,w,e
t,b,f,y,b,c,w,t,,e,s,s,w,e
f,g,x,y,b,c,d,o,b,e,k,k,w,p
f,y,f,f,b,c,p,o,b,e,k,k,w,p
f,g,x,y,b,c,g,o,b,e,k,k,w,p
f,g,f,y,b,c,g,o,b,e,k,k,w,p
t,b,x,s,b,c,u,o,b,t,s,f,w,p
f,y,f,y,b,c,p,o,b,e,k,k,w,p
t,w,x,s,b,c,u,o,b,t,f,f,w,p
f,y,x,f,b,c,p,o,b,e,k,k,w,p
f,g,x,y,b,c,p,o,b,e,k,k,w,p
t,w,x,s,b,c,u,o,b,t,s,f,w,p
t,b,f,s,b,c,g,o,b,t,f,f,w,p
t,w,x,s,b,c,u,o,b,t,f,s,w,p
f,y,f,f,b,c,d,o,b,e,k,k,w,p
f,g,f,y,b,c,p,o,b,e,k,k,w,p
f,y,x,f,b,c,g,o,b,e,k,k,w,p
f,g,f,f,b,c,p,o,b,e,k,k,w,p
f,w,x,y,n,c,d,o,,e,s,f,w,e
t,e,x,s,b,c,w,t,,e,s,s,w,e
f,g,x,y,b,c,g,o,b,e,k,k,w,p
f,g,f,f,b,c,g,o,b,e,k,k,w,p
f,n,x,y,n,c,l,o,,t,k,s,w,p
f,g,x,y,b,c,p,o,b,e,k,k,w,p
f,g,f,f,b,c,p,o,b,e,k,k,w,p
f,y,f,f,b,c,p,o,b,e,k,k,w,p
f,y,f,f,b,c,d,o,b,e,k,k,w,p
t,e,f,f,b,c,d,o,b,t,s,s,w,e
f,y,x,y,b,c,g,o,b,e,k,k,w,p
f,y,f,y,b,c,d,o,b,e,k,k,w,p
f,g,f,f,b,c,p,o,b,e,k,k,w,p
f,y,x,y,b,c,g,o,b,e,k,k,w,p
f,y,x,f,b,c,p,o,b,e,k,k,w,p
f,y,k,f,n,c,d,o,,e,k,y,w,p
f,y,f,f,b,c,g,o,b,e,k,k,w,p
f,c,k,f,n,w,l,o,b,e,f,s,w,e
f,g,f,f,b,c,p,o,b,e,k,k,w,p
f,y,f,y,b,c,p,o,b,e,k,k,w,p
f,g,x,y,b,c,d,o,b,e,k,k,w,p
f,g,x,y,b,c,p,o,b,e,k,k,w,p
f,y,f,f,b,c,g,o,b,e,k,k,w,p
f,y,f,y,b,c,d,o,b,e,k,k,w,p
f,y,x,f,b,c,d,o,b,e,k,k,w,p
f,y,f,f,b,c,p,o,b,e,k,k,w,p
f,y,x,y,b,c,d,o,b,e,k,k,w,p
t,p,b,y,b,c,g,t,b,e,s,s,w,p
t,p,k,y,b,c,w,t,,e,s,s,w,e
f,y,x,y,b,c,p,o,b,e,k,k,w,p
f,y,x,f,b,c,g,o,b,e,k,k,w,p
t,b,k,y,b,c,w,t,,e,s,s,w,e
f,y,f,y,b,c,d,o,b,e,k,k,w,p
t,w,x,s,b,c,u,o,b,t,s,s,w,p
f,n,x,y,n,c,p,o,,t,k,k,w,p
f,n,x,y,n,c,d,o,,t,s,k,w,p
f,e,x,y,n,c,p,o,,t,k,k,w,p
t,w,f,g,n,w,l,o,b,e,s,s,w,p
t,g,x,s,b,c,u,o,b,t,f,s,w,p
f,c,f,y,n,w,l,o,b,e,f,s,w,e
f,g,x,y,b,c,g,o,b,e,k,k,w,p
f,y,f,y,b,c,d,o,b,e,k,k,w,p
f,y,f,y,b,c,p,o,b,e,k,k,w,p
t,p,f,y,b,c,w,t,,e,s,s,w,e
t,b,x,s,b,c,g,o,b,t,f,s,w,p
t,g,x,s,b,c,g,o,b,t,s,f,w,p
f,e,x,y,n,c,p,o,,t,k,s,w,p
f,c,k,y,n,w,l,o,b,e,s,f,w,e
t,w,x,s,b,c,u,o,b,t,s,f,w,p
t,w,x,s,b,c,g,o,b,t,s,f,w,p
t,b,f,s,b,c,u,o,b,t,s,f,w,p
t,b,f,s,b,c,g,o,b,t,s,s,w,p
f,c,k,y,n,w,l,o,b,e,f,s,w,e
f,g,x,y,b,c,d,o,b,e,k,k,w,p
t,w,f,s,b,c,g,o,b,t,f,f,w,p
t,g,f,s,b,c,u,o,b,t,s,s,w,p
t,w,c,g,n,w,l,o,b,e,s,s,w,p
t,g,x,s,b,c,u,o,b,t,s,f,w,p
t,w,b,g,n,w,l,o,b,e,s,s,w,p
t,b,x,s,b,c,g,o,b,t,s,s,w,p
t,w,f,s,b,c,u,o,b,t,f,f,w,p
f,y,b,f,n,c,d,o,,e,k,y,w,p
f,n,x,y,n,c,d,o,,t,s,s,w,p
f,n,x,y,n,c,d,o,,t,k,s,w,p
t,n,k,s,b,c,w,t,,e,s,s,w,e
t,b,k,y,b,c,w,t,,e,s,s,w,e
t,w,f,s,b,c,g,o,b,t,s,s,w,p
t,b,f,s,b,c,m,t,b,e,s,s,w,p
f,y,f,y,b,c,p,o,b,e,k,k,w,p
f,g,x,y,b,c,g,o,b,e,k,k,w,p
t,b,f,s,b,c,g,t,b,e,s,s,w,p
f,n,x,y,n,c,p,o,,t,k,s,w,p
f,e,x,y,n,c,p,o,,t,k,k,w,p
f,g,f,f,b,c,d,o,b,e,k,k,w,p
t,e,x,s,b,c,w,t,,e,s,s,w,e
f,n,x,y,n,c,l,o,,t,k,k,w,p
f,y,x,f,b,c,g,o,b,e,k,k,w,p
f,n,x,y,n,c,d,o,,t,k,s,w,p
f,n,f,f,n,w,l,o,b,e,s,f,w,e
f,n,x,y,n,c,p,o,,t,s,k,w,p
t,b,x,s,b,c,w,t,,e,s,s,w,e
t,n,f,y,b,c,w,t,,e,s,s,w,e
f,y,f,y,b,c,p,o,b,e,k,k,w,p
t,b,f,y,b,c,m,t,b,e,s,s,w,p
f,n,x,y,n,c,d,o,,e,k,y,w,p
f,n,x,y,n,c,l,o,,t,s,k,w,p
t,b,x,s,b,c,g,o,b,t,s,s,w,p
t,b,x,s,b,c,g,o,b,t,f,s,w,p
f,y,f,y,b,c,p,o,b,e,k,k,w,p
t,g,f,s,b,c,g,o,b,t,s,f,w,p
f,n,x,y,n,c,l,o,,t,s,k,w,p
t,b,x,s,b,c,g,o,b,t,f,s,w,p
f,n,f,f,n,c,d,o,,e,k,y,w,p
t,e,x,y,b,c,w,t,,e,s,s,w,e
t,b,f,s,b,c,g,o,b,t,f,f,w,p
t,w,f,s,b,c,g,o,b,t,f,s,w,p
t,e,k,y,b,c,w,t,,e,s,s,w,e
f,y,x,f,b,c,p,o,b,e,k,k,w,p
f,n,x,f,n,c,d,o,,e,k,y,w,p
t,n,x,y,b,c,w,t,,e,s,s,w,e
f,g,x,y,b,c,g,o,b,e,k,k,w,p
t,b,f,s,b,c,g,o,b,t,f,s,w,p
t,b,f,s,b,c,g,o,b,t,f,s,w,p
f,y,f,y,b,c,g,o,b,e,k,k,w,p
f,y,f,y,b,c,d,o,b,e,k,k,w,p
t,p,x,s,b,c,w,t,,e,s,s,w,e
t,p,f,s,b,c,w,t,,e,s,s,w,e
t,w,b,y,b,c,g,t,b,e,s,s,w,p
f,c,x,y,n,w,l,o,b,e,f,f,w,e
t,n,f,s,b,c,w,t,,e,s,s,w,e
t,b,x,s,b,c,u,o,b,t,f,s,w,p
t,g,x,s,b,c,g,o,b,t,f,s,w,p
f,y,f,y,b,c,d,o,b,e,k,k,w,p
t,b,x,s,b,c,u,o,b,t,f,s,w,p
t,w,x,s,b,c,g,o,b,t,s,s,w,p
f,c,f,y,n,w,l,o,b,e,s,f,w,e
f,e,x,y,n,c,d,o,,t,k,s,w,p
f,y,f,f,b,c,d,o,b,e,k,k,w,p
f,w,x,y,n,c,d,o,,e,s,f,w,e
f,y,x,y,b,c,p,o,b,e,k,k,w,p
t,p,f,y,b,c,g,t,b,e,s,s,w,p
t,g,f,s,b,c,u,o,b,t,f,s,w,p
f,n,x,y,n,c,d,o,,t,s,s,w,p
t,p,k,s,b,c,w,t,,e,s,s,w,e
f,n,x,y,n,c,l,o,,t,k,k,w,p
f,g,x,y,b,c,p,o,b,e,k,k,w,p
t,b,f,s,b,c,u,o,b,t,f,f,w,p
t,p,k,y,b,c,w,t,,e,s,s,w,e
f,y,x,f,b,c,p,o,b,e,k,k,w,p
f,g,f,y,b,c,g,o,b,e,k,k,w,p
f,g,f,f,b,c,d,o,b,e,k,k,w,p
t,b,x,s,b,c,g,o,b,t,s,f,w,p
f,n,x,y,n,c,p,o,,t,s,s,w,p
f,y,x,y,b,c,d,o,b,e,k,k,w,p
f,y,f,f,b,c,d,o,b,e,k,k,w,p
f,n,f,f,n,c,d,o,,e,k,y,w,p
t,b,k,s,b,c,w,t,,e,s,s,w,e
f,y,f,y,b,c,g,o,b,e,k,k,w,p
f,e,x,y,n,c,l,o,,t,k,s,w,p
t,g,x,s,b,c,u,o,b,t,f,f,w,p
t,n,f,s,b,c,w,t,,e,s,s,w,e
f,g,x,y,b,c,p,o,b,e,k,k,w,p
f,n,x,y,n,c,d,o,,t,s,s,w,p
t,g,x,s,b,c,u,o,b,t,s,s,w,p
t,g,x,s,b,c,g,o,b,t,f,s,w,p
t,p,f,y,b,c,m,t,b,e,s,s,w,p
t,b,k,y,b,c,w,t,,e,s,s,w,e
t,w,x,s,b,c,u,o,b,t,s,s,w,p
f,n,x,y,n,c,d,o,,t,s,s,w,p
t,n,k,y,b,c,w,t,,e,s,s,w,e
f,y,f,y,b,c,d,o,b,e,k,k,w,p
t,p,x,y,b,c,w,t,,e,s,s,w,e
t,g,f,s,b,c,u,o,b,t,f,f,w,p
t,p,x,s,b,c,w,t,,e,s,s,w,e
f,n,b,y,n,c,d,o,,e,k,y,w,p
t,b,f,s,b,c,g,o,b,t,f,f,w,p
f,n,x,y,n,c,p,o,,t,k,s,w,p
f,n,x,y,n,c,d,o,,t,k,k,w,p
t,b,x,s,b,c,u,o,b,t,s,s,w,p
f,n,x,y,n,c,l,o,,t,s,s,w,p
t,p,k,y,b,c,w,t,,e,s,s,w,e
f,c,k,f,n,w,l,o,b,e,f,f,w,e
f,y,x,y,b,c,g,o,b,e,k,k,w,p
t,n,x,s,b,c,w,t,,e,s,s,w,e
f,g,f,f,b,c,p,o,b,e,k,k,w,p
f,y,f,y,b,c,d,o,b,e,k,k,w,p
t,g,f,s,b,c,u,o,b,t,s,f,w,p
t,w,k,y,n,w,l,o,b,e,s,s,w,p
f,n,k,f,n,w,l,o,b,e,f,f,w,e
f,y,k,f,n,c,d,o,,e,k,y,w,p
t,w,f,s,b,c,g,o,b,t,f,f,w,p
f,y,f,y,n,c,d,o,,e,k,y,w,p
f,y,f,y,b,c,d,o,b,e,k,k,w,p
t,b,k,s,b,c,w,t,,e,s,s,w,e
f,y,f,y,b,c,p,o,b,e,k,k,w,p
f,n,x,y,n,c,p,o,,t,s,s,w,p
f,y,x,y,b,c,d,o,b,e,k,k,w,p
f,y,x,y,b,c,p,o,b,e,k,k,w,p
t,w,b,y,b,c,g,t,b,e,s,s,w,p
f,y,f,y,b,c,g,o,b,e,k,k,w,p
t,w,x,s,b,c,g,o,b,t,s,f,w,p
t,b,x,s,b,c,g,o,b,t,s,s,w,p
t,b,k,y,b,c,w,t,,e,s,s,w,e
f,y,f,y,b,c,p,o,b,e,k,k,w,p
t,b,x,s,b,c,g,o,b,t,f,f,w,p
t,b,b,y,b,c,m,t,b,e,s,s,w,p
t,w,x,s,b,c,g,o,b,t,s,f,w,p
t,n,k,s,b,c,w,t,,e,s,s,w,e
t,g,f,s,b,c,u,o,b,t,f,s,w,p
f,y,x,f,n,c,d,o,,e,k,y,w,p
t,g,f,s,b,c,g,o,b,t,s,s,w,p
f,y,f,y,b,c,d,o,b,e,k,k,w,p
f,n,k,y,n,c,d,o,,e,k,y,w,p
t,b,f,s,b,c,u,o,b,t,s,f,w,p
t,e,f,s,b,c,w,t,,e,s,s,w,e
f,n,x,y,n,c,d,o,,t,s,s,w,p
f,n,x,y,n,c,d,o,,t,s,s,w,p
f,n,x,y,n,c,l,o,,t,s,s,w,p
t,w,x,s,b,c,u,o,b,t,f,s,w,p
t,n,k,s,b,c,w,t,,e,s,s,w,e
f,g,f,y,b,c,g,o,b,e,k,k,w,p
t,b,x,s,b,c,w,t,,e,s,s,w,e
t,w,f,s,b,c,u,o,b,t,f,s,w,p
f,n,k,f,n,w,l,o,b,e,s,s,w,e
f,n,x,y,n,c,l,o,,t,k,s,w,p
t,w,f,s,b,c,g,o,b,t,f,s,w,p
t,g,x,s,b,c,u,o,b,t,s,s,w,p
f,y,k,y,n,c,d,o,,e,k,y,w,p
t,w,f,s,b,c,m,t,b,e,s,s,w,p
f,y,f,f,b,c,p,o,b,e,k,k,w,p
t,p,k,y,b,c,w,t,,e,s,s,w,e
t,w,f,y,n,w,l,o,b,e,s,s,w,p
t,b,f,s,b,c,u,o,b,t,f,s,w,p
f,w,f,y,n,c,d,o,,e,s,f,w,e
f,r,x,y,n,c,d,o,,e,s,f,w,e
t,b,x,s,b,c,w,t,,e,s,s,w,e
t,g,f,s,b,c,g,o,b,t,s,s,w,p
f,e,x,y,n,c,d,o,,t,s,k,w,p
f,y,f,y,b,c,p,o,b,e,k,k,w,p
t,g,f,s,b,c,g,o,b,t,s,s,w,p
t,b,f,s,b,c,g,o,b,t,s,s,w,p
t,e,f,s,b,c,w,t,,e,s,s,w,e
f,e,x,y,n,c,d,o,,t,k,k,w,p
f,g,f,f,b,c,g,o,b,e,k,k,w,p
f,y,f,y,b,c,d,o,b,e,k,k,w,p
t,n,x,s,b,c,w,t,,e,s,s,w,e
t,g,f,s,b,c,g,o,b,t,f,f,w,p
f,n,x,y,n,c,l,o,,t,s,s,w,p
t,w,f,s,b,c,g,o,b,t,s,s,w,p
f,c,x,f,n,w,l,o,b,e,s,s,w,e
t,g,f,s,b,c,g,o,b,t,f,s,w,p
f,g,f,f,b,c,p,o,b,e,k,k,w,p
f,r,x,y,n,c,d,o,,e,s,f,w,e
f,y,x,f,b,c,p,o,b,e,k,k,w,p
f,n,x,y,n,c,l,o,,t,s,k,w,p
f,n,x,y,n,c,l,o,,t,s,s,w,p
t,e,f,y,b,c,w,t,,e,s,s,w,e
t,g,x,s,b,c,u,o,b,t,s,f,w,p
t,n,k,y,b,c,w,t,,e,s,s,w,e
t,e,f,y,b,c,w,t,,e,s,s,w,e
f,n,x,y,n,c,p,o,,t,s,k,w,p
f,n,b,y,n,c,d,o,,e,k,y,w,p
f,n,x,y,n,c,p,o,,t,s,s,w,p
t,b,f,y,b,c,w,t,,e,s,s,w,e
t,w,x,s,b,c,g,o,b,t,f,s,w,p
f,y,f,y,b,c,g,o,b,e,k,k,w,p
t,n,f,y,b,c,w,t,,e,s,s,w,e
t,w,b,y,b,c,m,t,b,e,s,s,w,p
f,n,x,y,n,w,l,o,b,e,s,f,w,e
f,y,f,y,b,c,p,o,b,e,k,k,w,p
t,b,x,s,b,c,g,o,b,t,f,s,w,p
f,n,x,y,n,c,l,o,,t,s,s,w,p
t,g,x,s,b,c,u,o,b,t,s,s,w,p
t,g,f,s,b,c,u,o,b,t,s,f,w,p
f,n,x,y,n,c,p,o,,t,k,s,w,p
f,w,f,y,n,c,d,o,,e,s,f,w,e
f,n,x,y,n,c,l,o,,t,k,s,w,p
f,g,f,f,b,c,g,o,b,e,k,k,w,p
f,e,x,y,n,c,l,o,,t,k,s,w,p
t,w,x,s,b,c,g,o,b,t,s,s,w,p
f,g,f,y,b,c,d,o,b,e,k,k,w,p
t,w,x,s,b,c,u,o,b,t,s,f,w,p
f,y,k,y,n,c,d,o,,e,k,y,w,p
t,w,f,s,b,c,u,o,b,t,s,f,w,p
t,g,f,s,b,c,u,o,b,t,f,f,w,p
f,c,x,y,n,w,l,o,b,e,f,s,w,e
t,w,x,s,b,c,u,o,b,t,s,s,w,p
f,n,x,y,n,c,p,o,,t,k,k,w,p
t,p,f,y,b,c,g,t,b,e,s,s,w,p
f,y,f,y,b,c,p,o,b,e,k,k,w,p
t,p,x,s,b,c,w,t,,e,s,s,w,e
t,b,f,y,b,c,g,t,b,e,s,s,w,p
f,y,x,f,n,c,d,o,,e,k,y,w,p
f,y,f,y,b,c,p,o,b,e,k,k,w,p
f,n,f,f,n,w,l,o,b,e,f,f,w,e
f,n,x,f,n,w,l,o,b,e,f,s,w,e
f,n,x,y,n,c,l,o,,t,s,k,w,p
t,g,f,s,b,c,u,o,b,t,f,s,w,p
t,b,x,s,b,c,u,o,b,t,f,f,w,p
t,g,f,s,b,c,g,o,b,t,s,s,w,p
t,b,x,s,b,c,g,o,b,t,f,f,w,p
f,r,x,y,n,c,d,o,,e,s,f,w,e
f,y,f,y,b,c,d,o,b,e,k,k,w,p
t,g,f,s,b,c,u,o,b,t,f,s,w,p
f,n,x,y,n,c,p,o,,t,s,s,w,p
f,y,f,y,b,c,g,o,b,e,k,k,w,p
t,w,f,s,b,c,u,o,b,t,f,f,w,p
t,w,x,s,b,c,u,o,b,t,f,s,w,p
f,g,f,y,b,c,p,o,b,e,k,k,w,p
f,y,f,y,b,c,p,o,b,e,k,k,w,p
f,n,x,y,n,c,d,o,,t,s,s,w,p
f,y,x,y,n,c,d,o,,e,k,y,w,p
t,n,f,s,b,c,w,t,,e,s,s,w,e
f,y,f,y,b,c,d,o,b,e,k,k,w,p
t,g,f,s,b,c,u,o,b,t,s,f,w,p
f,n,x,y,n,c,l,o,,t,k,s,w,p
f,y,f,y,b,c,d,o,b,e,k,k,w,p
f,y,f,y,b,c,d,o,b,e,k,k,w,p
t,w,f,s,b,c,u,o,b,t,s,s,w,p
t,p,f,s,b,c,m,t,b,e,s,s,w,p
f,y,f,y,b,c,g,o,b,e,k,k,w,p
t,p,k,s,b,c,w,t,,e,s,s,w,e
t,b,x,s,b,c,g,o,b,t,s,s,w,p
t,w,x,s,b,c,g,o,b,t,f,s,w,p
t,w,x,s,b,c,g,o,b,t,f,f,w,p
f,n,x,y,n,c,d,o,,t,s,s,w,p
t,p,b,y,b,c,m,t,b,e,s,s,w,p
t,b,x,s,b,c,u,o,b,t,f,s,w,p
t,p,x,y,b,c,w,t,,e,s,s,w,e
f,n,x,y,n,c,p,o,,t,s,k,w,p
f,y,x,y,b,c,p,o,b,e,k,k,w,p
t,w,x,s,b,c,u,o,b,t,s,f,w,p
t,b,f,y,b,c,w,t,,e,s,s,w,e
t,b,f,s,b,c,u,o,b,t,f,s,w,p
f,c,x,f,n,w,l,o,b,e,f,f,w,e
t,p,f,s,b,c,w,t,,e,s,s,w,e
f,n,x,y,n,w,l,o,b,e,f,f,w,e
t,p,f,s,b,c,w,t,,e,s,s,w,e
t,g,f,s,b,c,u,o,b,t,s,s,w,p
t,e,k,s,b,c,w,t,,e,s,s,w,e
t,e,k,y,b,c,w,t,,e,s,s,w,e
t,w,f,s,b,c,g,o,b,t,s,f,w,p
t,b,k,s,b,c,w,t,,e,s,s,w,e
t,b,x,s,b,c,g,o,b,t,f,f,w,p
f,y,b,y,n,c,d,o,,e,k,y,w,p
t,w,x,s,b,c,u,o,b,t,s,s,w,p
f,y,x,f,b,c,g,o,b,e,k,k,w,p
f,y,f,y,b,c,p,o,b,e,k,k,w,p
f,n,b,f,n,c,d,o,,e,k,y,w,p
f,y,f,y,b,c,p,o,b,e,k,k,w,p
f,y,f,y,b,c,p,o,b,e,k,k,w,p
f,c,f,y,n,w,l,o,b,e,s,s,w,e
f,e,x,y,n,c,d,o,,t,k,k,w,p
t,w,f,s,b,c,g,o,b,t,s,s,w,p
f,n,x,y,n,c,p,o,,t,k,k,w,p
t,p,b,y,b,c,g,t,b,e,s,s,w,p
f,y,f,y,b,c,d,o,b,e,k,k,w,p
t,b,x,s,b,c,g,o,b,t,s,f,w,p
f,y,f,y,b,c,p,o,b,e,k,k,w,p
t,b,f,s,b,c,g,o,b,t,f,s,w,p
t,b,f,s,b,c,u,o,b,t,s,s,w,p
f,n,x,y,n,c,p,o,,t,k,k,w,p
f,y,f,y,b,c,p,o,b,e,k,k,w,p
t,n,x,s,b,c,w,t,,e,s,s,w,e
f,y,f,y,b,c,g,o,b,e,k,k,w,p
t,b,f,s,b,c,w,t,,e,s,s,w,e
t,e,f,s,b,c,w,t,,e,s,s,w,e
t,n,x,s,b,c,w,t,,e,s,s,w,e
t,w,f,s,b,c,u,o,b,t,f,s,w,p
f,y,f,y,b,c,d,o,b,e,k,k,w,p
t,p,f,s,b,c,w,t,,e,s,s,w,e
t,e,x,s,b,c,w,t,,e,s,s,w,e
f,y,f,y,b,c,d,o,b,e,k,k,w,p
t,b,b,y,b,c,m,t,b,e,s,s,w,p
t,b,f,s,b,c,u,o,b,t,s,f,w,p
t,g,f,s,b,c,g,o,b,t,f,s,w,p
t,b,x,s,b,c,g,o,b,t,s,s,w,p
f,y,x,f,b,c,p,o,b,e,k,k,w,p
t,w,f,s,b,c,g,o,b,t,s,s,w,p
t,g,x,s,b,c,u,o,b,t,f,s,w,p
f,r,f,y,n,c,d,o,,e,s,f,w,e
f,y,f,y,b,c,g,o,b,e,k,k,w,p
f,n,x,y,n,c,d,o,,t,s,k,w,p
t,b,x,s,b,c,g,o,b,t,f,s,w,p
f,c,x,f,n,w,l,o,b,e,f,s,w,e
t,g,x,s,b,c,u,o,b,t,f,s,w,p
f,u,x,y,n,c,d,o,,e,s,f,w,e
f,y,x,f,b,c,p,o,b,e,k,k,w,p
f,g,f,f,b,c,g,o,b,e,k,k,w,p
t,w,f,y,b,c,m,t,b,e,s,s,w,p
f,n,x,y,n,c,d,o,,t,k,k,w,p
f,n,x,y,n,c,l,o,,t,k,k,w,p
f,g,x,y,b,c,p,o,b,e,k,k,w,p
t,p,x,y,b,c,w,t,,e,s,s,w,e
t,g,f,s,b,c,g,o,b,t,f,f,w,p
t,b,x,s,b,c,g,o,b,t,s,f,w,p
f,n,x,y,n,c,p,o,,t,k,s,w,p
t,g,x,s,b,c,u,o,b,t,f,s,w,p
f,n,x,y,n,c,p,o,,t,k,s,w,p
t,w,f,s,b,c,g,o,b,t,f,f,w,p
t,g,x,s,b,c,u,o,b,t,s,s,w,p
t,g,x,s,b,c,g,o,b,t,s,f,w,p
f,y,f,y,b,c,p,o,b,e,k,k,w,p
f,y,f,y,b,c,p,o,b,e,k,k,w,p
f,g,f,y,b,c,g,o,b,e,k,k,w,p
f,y,x,y,b,c,g,o,b,e,k,k,w,p
t,g,x,s,b,c,u,o,b,t,f,f,w,p
t,b,f,s,b,c,u,o,b,t,f,f,w,p
t,w,f,s,b,c,u,o,b,t,f,s,w,p
f,g,f,f,b,c,g,o,b,e,k,k,w,p
t,b,f,s,b,c,g,o,b,t,f,f,w,p
f,n,x,y,n,c,d,o,,t,s,k,w,p
t,w,x,s,b,c,g,o,b,t,s,s,w,p
t,e,k,s,b,c,w,t,,e,s,s,w,e
t,b,f,y,b,c,m,t,b,e,s,s,w,p
f,n,x,y,n,c,p,o,,t,s,s,w,p
t,n,k,y,b,c,w,t,,e,s,s,w,e
t,w,f,s,b,c,u,o,b,t,s,s,w,p
t,w,f,s,b,c,u,o,b,t,s,s,w,p
f,n,x,y,n,c,d,o,,t,k,k,w,p
t,w,x,s,b,c,g,o,b,t,f,s,w,p
f,n,x,y,n,c,l,o,,t,s,s,w,p
t,p,b,s,b,c,g,t,b,e,s,s,w,p
f,e,x,y,n,c,d,o,,t,k,s,w,p
f,g,f,y,b,c,p,o,b,e,k,k,w,p
f,y,x,y,b,c,d,o,b,e,k,k,w,p
f,g,x,y,b,c,g,o,b,e,k,k,w,p
t,w,f,y,b,c,m,t,b,e,s,s,w,p
t,g,f,s,b,c,g,o,b,t,f,f,w,p
t,p,k,y,b,c,w,t,,e,s,s,w,e
t,w,x,s,b,c,g,o,b,t,f,s,w,p
t,p,k,s,b,c,w,t,,e,s,s,w,e
t,w,f,s,b,c,u,o,b,t,s,f,w,p
f,n,x,y,n,c,p,o,,t,k,s,w,p
f,y,x,f,b,c,d,o,b,e,k,k,w,p
f,g,f,y,b,c,p,o,b,e,k,k,w,p
f,g,x,y,b,c,p,o,b,e,k,k,w,p
t,e,x,y,b,c,w,t,,e,s,s,w,e
f,y,f,y,b,c,p,o,b,e,k,k,w,p
f,n,x,y,n,c,d,o,,t,k,k,w,p
t,b,x,s,b,c,g,o,b,t,f,f,w,p
f,y,f,y,b,c,d,o,b,e,k,k,w,p
t,e,k,y,b,c,w,t,,e,s,s,w,e
t,p,f,y,b,c,m,t,b,e,s,s,w,p
t,w,f,y,b,c,m,t,b,e,s,s,w,p
f,y,f,y,b,c,p,o,b,e,k,k,w,p
f,y,f,y,b,c,g,o,b,e,k,k,w,p
f,r,f,y,n,c,d,o,,e,s,f,w,e
t,w,x,s,b,c,g,o,b,t,s,f,w,p
t,w,x,s,b,c,g,o,b,t,f,f,w,p
t,b,x,s,b,c,u,o,b,t,f,s,w,p
f,n,x,y,n,c,p,o,,t,s,k,w,p
t,e,k,y,b,c,w,t,,e,s,s,w,e
t,p,k,s,b,c,w,t,,e,s,s,w,e
t,b,x,y,b,c,w,t,,e,s,s,w,e
t,g,x,s,b,c,g,o,b,t,s,s,w,p
f,y,f,y,b,c,g,o,b,e,k,k,w,p
f,n,x,y,n,c,l,o,,t,s,k,w,p
t,w,c,y,n,w,l,o,b,e,s,s,w,p
t,w,f,s,b,c,g,o,b,t,f,f,w,p
t,g,f,s,b,c,g,o,b,t,s,f,w,p
f,e,x,y,n,c,l,o,,t,k,k,w,p
t,g,x,s,b,c,g,o,b,t,s,s,w,p
f,n,x,y,n,c,d,o,,t,k,s,w,p
t,p,x,y,b,c,w,t,,e,s,s,w,e
f,w,f,y,n,c,d,o,,e,s,f,w,e
f,y,f,y,b,c,g,o,b,e,k,k,w,p
f,n,x,y,n,c,d,o,,t,s,k,w,p
f,y,x,f,b,c,d,o,b,e,k,k,w,p
f,n,x,y,n,c,l,o,,t,k,s,w,p
t,g,x,s,b,c,u,o,b,t,s,f,w,p
f,n,x,y,n,c,d,o,,t,k,k,w,p
f,n,k,f,n,w,l,o,b,e,s,f,w,e
t,w,x,s,b,c,u,o,b,t,f,s,w,p
f,y,f,y,b,c,p,o,b,e,k,k,w,p
t,p,x,y,b,c,w,t,,e,s,s,w,e
t,b,b,y,b,c,m,t,b,e,s,s,w,p
f,g,f,y,b,c,p,o,b,e,k,k,w,p
f,r,f,y,n,c,d,o,,e,s,f,w,e
f,n,x,y,n,c,l,o,,t,s,s,w,p
f,n,x,y,n,c,p,o,,t,k,k,w,p
t,b,f,s,b,c,g,o,b,t,f,f,w,p
f,y,f,y,b,c,d,o,b,e,k,k,w,p
f,n,x,y,n,c,d,o,,t,s,s,w,p
t,n,f,y,b,c,w,t,,e,s,s,w,e
f,n,x,y,n,c,l,o,,t,k,k,w,p
t,e,f,y,b,c,w,t,,e,s,s,w,e
t,b,x,y,b,c,w,t,,e,s,s,w,e
t,n,x,s,b,c,w,t,,e,s,s,w,e
t,w,f,s,b,c,g,o,b,t,s,f,w,p
t,b,x,y,b,c,w,t,,e,s,s,w,e
f,y,x,f,b,c,g,o,b,e,k,k,w,p
f,y,f,y,b,c,d,o,b,e,k,k,w,p
f,y,f,y,b,c,g,o,b,e,k,k,w,p
t,e,k,y,b,c,w,t,,e,s,s,w,e
t,w,f,s,b,c,u,o,b,t,s,f,w,p
f,c,k,y,n,w,l,o,b,e,s,s,w,e
f,n,k,y,n,w,l,o,b,e,s,s,w,e
t,p,b,s,b,c,m,t,b,e,s,s,w,p
f,n,x,y,n,c,p,o,,t,k,k,w,p
t,b,x,s,b,c,u,o,b,t,s,f,w,p
f,r,f,y,n,c,d,o,,e,s,f,w,e
t,b,x,s,b,c,g,o,b,t,f,f,w,p
f,u,f,y,n,c,d,o,,e,s,f,w,e
f,n,x,y,n,c,p,o,,t,s,k,w,p
t,w,x,s,b,c,u,o,b,t,s,s,w,p
t,e,x,s,b,c,w,t,,e,s,s,w,e
t,p,f,y,b,c,w,t,,e,s,s,w,e
f,n,x,y,n,c,p,o,,t,s,s,w,p
f,n,x,y,n,c,p,o,,t,s,k,w,p
t,w,x,s,b,c,g,o,b,t,s,s,w,p
f,y,f,y,b,c,p,o,b,e,k,k,w,p
t,n,x,y,b,c,w,t,,e,s,s,w,e
t,e,x,y,b,c,w,t,,e,s,s,w,e
t,w,x,s,b,c,u,o,b,t,s,f,w,p
f,y,x,y,b,c,g,o,b,e,k,k,w,p
t,b,f,s,b,c,m,t,b,e,s,s,w,p
f,y,f,f,b,c,p,o,b,e,k,k,w,p
t,g,x,s,b,c,g,o,b,t,s,f,w,p
t,p,f,s,b,c,w,t,,e,s,s,w,e
t,n,x,y,b,c,w,t,,e,s,s,w,e
t,w,b,y,b,c,m,t,b,e,s,s,w,p
f,y,f,y,b,c,d,o,b,e,k,k,w,p
f,e,x,y,n,c,d,o,,t,k,k,w,p
t,b,x,s,b,c,g,o,b,t,s,f,w,p
t,b,x,s,b,c,g,o,b,t,s,s,w,p
f,n,x,y,n,c,p,o,,t,k,s,w,p
t,p,b,y,b,c,g,t,b,e,s,s,w,p
f,c,x,y,n,w,l,o,b,e,s,s,w,e
f,n,x,y,n,c,d,o,,t,k,s,w,p
t,w,x,s,b,c,u,o,b,t,s,s,w,p
f,n,x,y,n,c,d,o,,t,k,k,w,p
f,n,f,y,n,w,l,o,b,e,f,s,w,e
f,n,x,y,n,c,p,o,,t,s,k,w,p
t,g,f,s,b,c,u,o,b,t,s,s,w,p
f,e,x,y,n,c,d,o,,t,k,s,w,p
f,r,x,y,n,c,d,o,,e,s,f,w,e
t,p,b,y,b,c,m,t,b,e,s,s,w,p
t,p,x,s,b,c,w,t,,e,s,s,w,e
f,n,x,y,n,c,l,o,,t,k,k,w,p
f,n,x,y,n,c,p,o,,t,k,k,w,p
t,g,f,s,b,c,g,o,b,t,f,f,w,p
f,y,f,y,b,c,p,o,b,e,k,k,w,p
t,p,f,y,b,c,m,t,b,e,s,s,w,p
f,n,x,y,n,c,p,o,,t,k,k,w,p
f,n,x,y,n,c,d,o,,t,k,s,w,p
t,b,f,s,b,c,w,t,,e,s,s,w,e
t,b,f,s,b,c,u,o,b,t,s,s,w,p
f,c,x,y,n,w,l,o,b,e,s,f,w,e
f,w,x,y,n,c,d,o,,e,s,f,w,e
f,n,x,y,n,c,l,o,,t,k,k,w,p
f,n,f,y,n,w,l,o,b,e,s,s,w,e
f,n,x,y,n,c,d,o,,t,k,s,w,p
f,n,x,y,n,c,d,o,,t,s,s,w,p
t,p,k,y,b,c,w,t,,e,s,s,w,e
t,w,f,s,b,c,m,t,b,e,s,s,w,p
f,n,x,y,n,c,l,o,,t,k,s,w,p
f,y,f,y,b,c,g,o,b,e,k,k,w,p
f,n,k,y,n,w,l,o,b,e,s,f,w,e
t,g,f,s,b,c,g,o,b,t,f,s,w,p
t,w,f,s,b,c,g,t,b,e,s,s,w,p
f,g,f,f,b,c,g,o,b,e,k,k,w,p
t,n,f,s,b,c,w,t,,e,s,s,w,e
f,y,x,f,b,c,d,o,b,e,k,k,w,p
f,n,x,y,n,c,l,o,,t,k,s,w,p
f,e,x,y,n,c,p,o,,t,s,k,w,p
f,y,f,y,b,c,g,o,b,e,k,k,w,p
t,w,b,s,b,c,g,t,b,e,s,s,w,p
t,b,x,s,b,c,u,o,b,t,s,f,w,p
t,b,f,y,b,c,w,t,,e,s,s,w,e
f,c,x,f,n,w,l,o,b,e,s,f,w,e
t,w,f,s,b,c,u,o,b,t,f,s,w,p
t,p,k,s,b,c,w,t,,e,s,s,w,e
t,n,k,y,b,c,w,t,,e,s,s,w,e
t,b,x,y,b,c,w,t,,e,s,s,w,e
f,y,x,f,b,c,g,o,b,e,k,k,w,p
t,g,f,s,b,c,g,o,b,t,f,s,w,p
f,y,f,y,b,c,p,o,b,e,k,k,w,p
t,e,x,y,b,c,w,t,,e,s,s,w,e
t,b,f,s,b,c,g,o,b,t,f,s,w,p
f,n,x,y,n,w,l,o,b,e,s,s,w,e
f,y,f,y,b,c,d,o,b,e,k,k,w,p
f,g,f,f,b,c,d,o,b,e,k,k,w,p
t,b,b,y,b,c,g,t,b,e,s,s,w,p
f,e,x,y,n,c,p,o,,t,k,s,w,p
f,y,f,y,b,c,p,o,b,e,k,k,w,p
f,y,f,f,b,c,p,o,b,e,k,k,w,p
t,w,f,y,b,c,g,t,b,e,s,s,w,p
t,e,k,s,b,c,w,t,,e,s,s,w,e
f,y,f,y,b,c,p,o,b,e,k,k,w,p
t,n,k,s,b,c,w,t,,e,s,s,w,e
f,y,f,y,n,c,d,o,,e,k,y,w,p
f,g,f,y,b,c,p,o,b,e,k,k,w,p
f,y,f,y,b,c,g,o,b,e,k,k,w,p
f,e,x,y,n,c,p,o,,t,k,s,w,p
t,b,f,s,b,c,w,t,,e,s,s,w,e
t,w,f,s,b,c,u,o,b,t,f,s,w,p
t,w,x,s,b,c,g,o,b,t,f,f,w,p
f,g,f,y,b,c,d,o,b,e,k,k,w,p
t,p,f,y,b,c,w,t,,e,s,s,w,e
f,y,f,y,b,c,g,o,b,e,k,k,w,p
f,y,f,y,b,c,p,o,b,e,k,k,w,p
t,e,k,s,b,c,w,t,,e,s,s,w,e
t,n,x,y,b,c,w,t,,e,s,s,w,e
f,y,x,y,b,c,g,o,b,e,k,k,w,p
t,b,f,s,b,c,g,o,b,t,s,f,w,p
f,g,x,y,b,c,d,o,b,e,k,k,w,p
t,g,f,s,b,c,u,o,b,t,f,f,w,p
t,w,x,s,b,c,g,o,b,t,f,s,w,p
f,n,x,f,n,c,d,o,,e,k,y,w,p
t,b,f,s,b,c,g,o,b,t,s,f,w,p
t,e,f,y,b,c,w,t,,e,s,s,w,e
f,y,f,y,b,c,g,o,b,e,k,k,w,p
t,b,x,s,b,c,u,o,b,t,s,f,w,p
f,n,k,f,n,w,l,o,b,e,f,s,w,e
f,y,f,y,b,c,g,o,b,e,k,k,w,p
f,c,k,y,n,w,l,o,b,e,f,f,w,e
f,g,x,f,b,c,p,o,b,e,k,k,w,p
f,n,x,y,n,c,p,o,,t,k,k,w,p
t,p,f,y,b,c,w,t,,e,s,s,w,e
t,b,x,s,b,c,g,o,b,t,f,f,w,p
f,g,x,y,b,c,d,o,b,e,k,k,w,p
f,y,f,y,b,c,g,o,b,e,k,k,w,p
f,e,x,y,n,c,d,o,,t,s,k,w,p
f,r,f,y,n,c,d,o,,e,s,f,w,e
f,y,f,y,b,c,p,o,b,e,k,k,w,p
t,g,x,s,b,c,g,o,b,t,f,f,w,p
t,w,x,s,b,c,g,o,b,t,f,f,w,p
t,b,f,s,b,c,g,o,b,t,f,s,w,p
t,n,x,y,b,c,w,t,,e,s,s,w,e
f,y,f,f,n,c,d,o,,e,k,y,w,p
f,u,f,y,n,c,d,o,,e,s,f,w,e
f,n,x,y,n,c,l,o,,t,s,s,w,p
t,n,x,s,b,c,w,t,,e,s,s,w,e
t,w,x,s,b,c,u,o,b,t,f,s,w,p
f,y,f,y,b,c,d,o,b,e,k,k,w,p
t,b,f,s,b,c,w,t,,e,s,s,w,e
f,c,k,f,n,w,l,o,b,e,s,s,w,e
t,g,x,s,b,c,u,o,b,t,s,f,w,p
f,g,f,y,b,c,p,o,b,e,k,k,w,p
f,e,x,y,n,c,l,o,,t,s,k,w,p
t,p,f,y,b,c,w,t,,e,s,s,w,e
t,p,k,y,b,c,w,t,,e,s,s,w,e
f,y,x,y,b,c,g,o,b,e,k,k,w,p
f,n,x,y,n,c,d,o,,t,k,k,w,p
t,n,f,s,b,c,w,t,,e,s,s,w,e
f,y,f,y,b,c,g,o,b,e,k,k,w,p
f,n,x,y,n,c,d,o,,t,s,s,w,p
t,n,f,s,b,c,w,t,,e,s,s,w,e
f,y,f,y,b,c,d,o,b,e,k,k,w,p
f,y,f,y,b,c,p,o,b,e,k,k,w,p
f,y,f,y,b,c,p,o,b,e,k,k,w,p
f,c,f,f,n,w,l,o,b,e,f,s,w,e
t,b,b,y,b,c,g,t,b,e,s,s,w,p
t,e,k,y,b,c,w,t,,e,s,s,w,e
t,b,x,s,b,c,u,o,b,t,f,f,w,p
t,g,x,s,b,c,g,o,b,t,s,s,w,p
f,y,f,y,b,c,g,o,b,e,k,k,w,p
t,g,x,s,b,c,u,o,b,t,s,s,w,p
f,e,x,y,n,c,p,o,,t,s,k,w,p
t,w,f,s,b,c,u,o,b,t,f,f,w,p
t,p,f,s,b,c,w,t,,e,s,s,w,e
t,b,f,s,b,c,g,o,b,t,s,s,w,p
f,e,x,y,n,c,p,o,,t,k,k,w,p
f,w,f,y,n,c,d,o,,e,s,f,w,e
t,p,x,y,b,c,w,t,,e,s,s,w,e
t,b,x,s,b,c,u,o,b,t,s,s,w,p
t,w,k,g,n,w,l,o,b,e,s,s,w,p
t,g,f,s,b,c,g,o,b,t,s,s,w,p
f,n,x,y,n,c,p,o,,t,s,s,w,p
t,e,k,s,b,c,w,t,,e,s,s,w,e
f,n,x,y,n,c,d,o,,t,k,s,w,p
f,n,x,y,n,c,p,o,,t,s,s,w,p
t,w,f,s,b,c,g,o,b,t,f,f,w,p
t,e,f,s,b,c,w,t,,e,s,s,w,e
t,b,f,s,b,c,g,o,b,t,s,s,w,p
t,w,b,s,b,c,m,t,b,e,s,s,w,p
f,n,f,f,n,w,l,o,b,e,f,s,w,e
t,g,f,s,b,c,u,o,b,t,s,s,w,p
t,w,x,s,b,c,g,o,b,t,s,s,w,p
f,y,f,y,b,c,g,o,b,e,k,k,w,p
t,b,x,s,b,c,w,t,,e,s,s,w,e
t,n,f,y,b,c,w,t,,e,s,s,w,e
f,r,x,y,n,c,d,o,,e,s,f,w,e
t,b,k,s,b,c,w,t,,e,s,s,w,e
t,w,x,s,b,c,u,o,b,t,s,f,w,p
f,n,x,y,n,c,d,o,,t,s,k,w,p
t,b,x,y,b,c,w,t,,e,s,s,w,e
t,w,f,y,b,c,g,t,b,e,s,s,w,p
t,b,f,s,b,c,u,o,b,t,s,f,w,p
t,g,x,s,b,c,g,o,b,t,s,s,w,p
t,n,k,s,b,c,w,t,,e,s,s,w,e
t,g,f,s,b,c,g,o,b,t,s,f,w,p
t,p,k,y,b,c,w,t,,e,s,s,w,e
t,b,f,y,b,c,m,t,b,e,s,s,w,p
f,n,x,y,n,c,d,o,,t,k,s,w,p
f,y,f,y,b,c,p,o,b,e,k,k,w,p
t,b,x,s,b,c,u,o,b,t,f,f,w,p
f,c,k,f,n,w,l,o,b,e,s,f,w,e
t,g,f,s,b,c,u,o,b,t,s,f,w,p
t,w,f,s,b,c,g,o,b,t,f,s,w,p
t,b,b,s,b,c,m,t,b,e,s,s,w,p
t,p,b,s,b,c,g,t,b,e,s,s,w,p
t,w,f,s,b,c,g,o,b,t,s,f,w,p
t,n,x,y,b,c,w,t,,e,s,s,w,e
f,n,x,y,n,c,l,o,,t,s,k,w,p
f,g,x,y,b,c,g,o,b,e,k,k,w,p
t,b,x,s,b,c,w,t,,e,s,s,w,e
f,n,x,y,n,c,l,o,,t,k,s,w,p
t,b,x,s,b,c,u,o,b,t,s,s,w,p
t,p,f,s,b,c,g,t,b,e,s,s,w,p
f,n,x,y,n,c,l,o,,t,k,s,w,p
t,w,x,s,b,c,u,o,b,t,f,f,w,p
t,w,f,s,b,c,u,o,b,t,s,s,w,p
f,r,f,y,n,c,d,o,,e,s,f,w,e
t,w,f,s,b,c,g,o,b,t,f,s,w,p
t,w,f,s,b,c,u,o,b,t,f,s,w,p
f,w,x,y,n,c,d,o,,e,s,f,w,e
f,n,x,y,n,c,d,o,,t,s,k,w,p
t,b,k,y,b,c,w,t,,e,s,s,w,e
f,n,x,y,n,c,d,o,,t,k,k,w,p
f,n,x,y,n,c,l,o,,t,k,k,w,p
t,b,x,s,b,c,u,o,b,t,f,f,w,p
f,r,f,y,n,c,d,o,,e,s,f,w,e
t,p,b,s,b,c,g,t,b,e,s,s,w,p
t,b,x,s,b,c,u,o,b,t,f,f,w,p
f,c,f,y,n,w,l,o,b,e,f,f,w,e
f,u,x,y,n,c,d,o,,e,s,f,w,e
t,b,x,s,b,c,u,o,b,t,s,f,w,p
f,w,x,y,n,c,d,o,,e,s,f,w,e
f,n,x,y,n,c,l,o,,t,k,k,w,p
t,p,x,s,b,c,w,t,,e,s,s,w,e
t,p,f,s,b,c,m,t,b,e,s,s,w,p
f,n,f,y,n,c,d,o,,e,k,y,w,p
f,y,f,y,b,c,p,o,b,e,k,k,w,p
t,w,f,s,b,c,g,o,b,t,s,f,w,p
f,g,x,y,b,c,g,o,b,e,k,k,w,p
t,e,f,y,b,c,w,t,,e,s,s,w,e
t,b,f,s,b,c,g,t,b,e,s,s,w,p
t,p,b,s,b,c,m,t,b,e,s,s,w,p
f,n,x,y,n,c,l,o,,t,s,k,w,p
t,b,x,s,b,c,u,o,b,t,f,s,w,p
f,y,x,y,b,c,p,o,b,e,k,k,w,p
t,w,b,y,b,c,g,t,b,e,s,s,w,p
f,n,f,y,n,w,l,o,b,e,s,f,w,e
f,y,f,f,b,c,g,o,b,e,k,k,w,p
f,y,f,y,b,c,p,o,b,e,k,k,w,p
f,y,f,y,b,c,g,o,b,e,k,k,w,p
t,g,x,s,b,c,u,o,b,t,s,f,w,p
f,e,x,y,n,c,l,o,,t,s,k,w,p
f,y,x,y,n,c,d,o,,e,k,y,w,p
f,n,x,y,n,c,p,o,,t,k,k,w,p
t,w,f,s,b,c,g,o,b,t,s,f,w,p
f,g,f,f,b,c,g,o,b,e,k,k,w,p
f,n,f,f,n,w,l,o,b,e,s,s,w,e
t,g,x,s,b,c,g,o,b,t,f,s,w,p
t,b,f,s,b,c,u,o,b,t,f,f,w,p
t,e,f,s,b,c,w,t,,e,s,s,w,e
t,b,x,s,b,c,u,o,b,t,s,s,w,p
f,y,f,y,b,c,d,o,b,e,k,k,w,p
f,n,x,y,n,c,d,o,,t,s,k,w,p
t,w,f,s,b,c,g,o,b,t,s,s,w,p
t,g,f,s,b,c,g,o,b,t,s,s,w,p
f,y,f,y,b,c,g,o,b,e,k,k,w,p
f,c,f,f,n,w,l,o,b,e,s,s,w,e
f,n,x,y,n,c,l,o,,t,k,k,w,p
t,e,k,y,b,c,w,t,,e,s,s,w,e
f,n,x,y,n,c,l,o,,t,k,s,w,p
t,w,f,s,b,c,g,o,b,t,s,f,w,p
f,e,x,y,n,c,l,o,,t,s,k,w,p
t,n,x,s,b,c,w,t,,e,s,s,w,e
f,g,f,y,b,c,p,o,b,e,k,k,w,p
t,w,x,s,b,c,u,o,b,t,f,f,w,p
t,e,f,s,b,c,w,t,,e,s,s,w,e
f,y,f,y,b,c,d,o,b,e,k,k,w,p
f,y,f,y,b,c,d,o,b,e,k,k,w,p
t,e,f,y,b,c,w,t,,e,s,s,w,e
t,g,f,s,b,c,g,o,b,t,f,f,w,p
t,n,k,s,b,c,w,t,,e,s,s,w,e
f,y,f,y,b,c,d,o,b,e,k,k,w,p
t,w,x,s,b,c,g,o,b,t,s,f,w,p
f,n,x,y,n,c,p,o,,t,s,k,w,p
f,y,f,y,b,c,g,o,b,e,k,k,w,p
t,w,f,y,b,c,g,t,b,e,s,s,w,p
f,n,x,y,n,c,d,o,,t,k,s,w,p
f,w,f,y,n,c,d,o,,e,s,f,w,e
f,w,x,y,n,c,d,o,,e,s,f,w,e
f,n,x,y,n,c,p,o,,t,s,s,w,p
t,g,f,s,b,c,u,o,b,t,f,s,w,p
f,u,x,y,n,c,d,o,,e,s,f,w,e
t,w,f,s,b,c,g,t,b,e,s,s,w,p
f,y,x,y,b,c,d,o,b,e,k,k,w,p
t,g,f,s,b,c,g,o,b,t,s,f,w,p
f,y,f,y,b,c,p,o,b,e,k,k,w,p
f,y,x,f,b,c,g,o,b,e,k,k,w,p
f,y,f,y,b,c,d,o,b,e,k,k,w,p
t,g,x,s,b,c,g,o,b,t,f,f,w,p
f,r,f,y,n,c,d,o,,e,s,f,w,e
t,w,f,s,b,c,g,o,b,t,f,s,w,p
t,n,k,s,b,c,w,t,,e,s,s,w,e
f,n,x,y,n,c,d,o,,t,k,k,w,p
t,g,x,s,b,c,g,o,b,t,f,f,w,p
f,y,f,y,b,c,g,o,b,e,k,k,w,p
t,w,b,s,b,c,m,t,b,e,s,s,w,p
f,n,x,y,n,c,d,o,,t,s,k,w,p
t,b,b,s,b,c,m,t,b,e,s,s,w,p
f,y,f,f,b,c,g,o,b,e,k,k,w,p
f,g,x,y,b,c,d,o,b,e,k,k,w,p
t,e,x,y,b,c,w,t,,e,s,s,w,e
t,b,k,s,b,c,w,t,,e,s,s,w,e
f,n,x,y,n,c,l,o,,t,k,s,w,p
t,e,x,s,b,c,w,t,,e,s,s,w,e
t,b,f,s,b,c,m,t,b,e,s,s,w,p
t,n,f,s,b,c,w,t,,e,s,s,w,e
f,e,x,y,n,c,p,o,,t,s,k,w,p
t,b,f,y,b,c,w,t,,e,s,s,w,e
t,g,x,s,b,c,u,o,b,t,s,s,w,p
t,b,f,s,b,c,g,t,b,e,s,s,w,p
f,n,x,y,n,c,l,o,,t,s,k,w,p
f,e,x,y,n,c,l,o,,t,k,s,w,p
f,y,f,y,b,c,g,o,b,e,k,k,w,p
f,n,x,y,n,c,l,o,,t,s,k,w,p
f,n,x,y,n,c,d,o,,t,k,k,w,p
t,g,f,s,b,c,u,o,b,t,f,s,w,p
t,p,x,y,b,c,w,t,,e,s,s,w,e
f,u,x,y,n,c,d,o,,e,s,f,w,e
f,y,f,y,b,c,p,o,b,e,k,k,w,p
t,g,x,s,b,c,g,o,b,t,s,f,w,p
f,n,x,y,n,c,l,o,,t,s,k,w,p
t,g,f,s,b,c,u,o,b,t,s,f,w,p
t,b,x,s,b,c,g,o,b,t,s,f,w,p
f,y,x,f,b,c,g,o,b,e,k,k,w,p
t,w,b,s,b,c,g,t,b,e,s,s,w,p
t,n,k,y,b,c,w,t,,e,s,s,w,e
f,e,x,y,n,c,d,o,,t,k,k,w,p
f,y,f,y,b,c,p,o,b,e,k,k,w,p
t,b,x,y,b,c,w,t,,e,s,s,w,e
t,b,x,s,b,c,g,o,b,t,s,f,w,p
t,g,f,s,b,c,u,o,b,t,f,f,w,p
t,b,f,s,b,c,u,o,b,t,s,s,w,p
f,y,f,y,b,c,d,o,b,e,k,k,w,p
f,n,x,y,n,c,p,o,,t,s,s,w,p
t,w,f,s,b,c,u,o,b,t,f,f,w,p
t,n,k,y,b,c,w,t,,e,s,s,w,e
t,e,x,s,b,c,w,t,,e,s,s,w,e
f,w,x,y,n,c,d,o,,e,s,f,w,e
t,b,f,s,b,c,u,o,b,t,f,s,w,p
t,g,f,s,b,c,u,o,b,t,s,s,w,p
t,e,f,s,b,c,w,t,,e,s,s,w,e
f,y,f,y,b,c,g,o,b,e,k,k,w,p
f,n,x,y,n,c,l,o,,t,k,k,w,p
t,w,f,s,b,c,g,t,b,e,s,s,w,p
f,g,f,y,b,c,d,o,b,e,k,k,w,p
f,n,x,f,n,w,l,o,b,e,s,s,w,e
f,y,f,y,b,c,d,o,b,e,k,k,w,p
t,w,x,s,b,c,u,o,b,t,f,s,w,p
t,b,x,s,b,c,w,t,,e,s,s,w,e
t,p,x,s,b,c,w,t,,e,s,s,w,e
t,g,x,s,b,c,g,o,b,t,f,f,w,p
f,g,f,f,b,c,p,o,b,e,k,k,w,p
t,w,x,s,b,c,g,o,b,t,s,f,w,p
f,y,x,f,b,c,p,o,b,e,k,k,w,p
t,w,f,s,b,c,u,o,b,t,s,s,w,p
t,n,k,y,b,c,w,t,,e,s,s,w,e
t,p,x,y,b,c,w,t,,e,s,s,w,e
f,y,f,y,b,c,g,o,b,e,k,k,w,p
t,b,f,y,b,c,w,t,,e,s,s,w,e
t,e,x,s,b,c,w,t,,e,s,s,w,e
t,g,x,s,b,c,u,o,b,t,f,f,w,p
t,b,f,s,b,c,u,o,b,t,s,s,w,p
f,y,f,y,b,c,p,o,b,e,k,k,w,p
t,b,x,s,b,c,u,o,b,t,s,f,w,p
t,w,f,s,b,c,g,o,b,t,s,s,w,p
f,y,f,y,b,c,g,o,b,e,k,k,w,p
f,y,f,y,b,c,d,o,b,e,k,k,w,p
f,g,f,y,b,c,p,o,b,e,k,k,w,p
f,g,f,f,b,c,p,o,b,e,k,k,w,p
t,p,b,s,b,c,m,t,b,e,s,s,w,p
f,n,x,y,n,c,l,o,,t,s,s,w,p
t,w,b,s,b,c,g,t,b,e,s,s,w,p
t,n,x,y,b,c,w,t,,e,s,s,w,e
f,n,x,y,n,c,p,o,,t,s,s,w,p
f,n,x,y,n,c,p,o,,t,s,s,w,p
f,n,x,y,n,c,p,o,,t,k,s,w,p
t,b,f,s,b,c,g,o,b,t,s,s,w,p
f,y,b,y,n,c,d,o,,e,k,y,w,p
t,g,x,s,b,c,u,o,b,t,f,f,w,p
t,p,f,y,b,c,w,t,,e,s,s,w,e
t,p,k,s,b,c,w,t,,e,s,s,w,e
t,n,f,y,b,c,w,t,,e,s,s,w,e
t,p,b,y,b,c,m,t,b,e,s,s,w,p
t,g,x,s,b,c,g,o,b,t,s,f,w,p
t,g,x,s,b,c,g,o,b,t,s,s,w,p
f,y,x,f,b,c,g,o,b,e,k,k,w,p
f,n,x,y,n,c,p,o,,t,k,s,w,p
t,b,f,y,b,c,g,t,b,e,s,s,w,p
t,b,x,s,b,c,u,o,b,t,f,f,w,p
t,b,b,s,b,c,g,t,b,e,s,s,w,p
f,w,f,y,n,c,d,o,,e,s,f,w,e
f,n,x,y,n,w,l,o,b,e,f,s,w,e
f,y,x,f,b,c,p,o,b,e,k,k,w,p
t,b,f,s,b,c,g,o,b,t,s,f,w,p
f,y,f,y,b,c,g,o,b,e,k,k,w,p
t,e,k,s,b,c,w,t,,e,s,s,w,e
f,y,f,f,b,c,p,o,b,e,k,k,w,p
f,n,b,f,n,c,d,o,,e,k,y,w,p
f,n,x,y,n,c,p,o,,t,k,s,w,p
f,y,f,y,b,c,d,o,b,e,k,k,w,p
f,y,x,y,b,c,g,o,b,e,k,k,w,p
t,g,x,s,b,c,g,o,b,t,f,s,w,p
f,n,x,y,n,c,d,o,,t,s,k,w,p
t,n,x,y,b,c,w,t,,e,s,s,w,e
f,n,f,y,n,w,l,o,b,e,f,f,w,e
t,b,f,y,b,c,g,t,b,e,s,s,w,p
f,n,k,f,n,c,d,o,,e,k,y,w,p
f,g,f,y,b,c,g,o,b,e,k,k,w,p
f,n,x,y,n,c,p,o,,t,k,k,w,p
f,g,f,f,b,c,d,o,b,e,k,k,w,p
f,g,f,f,b,c,d,o,b,e,k,k,w,p
t,g,x,s,b,c,g,o,b,t,s,f,w,p
f,r,x,y,n,c,d,o,,e,s,f,w,e
f,n,x,y,n,c,p,o,,t,k,s,w,p
t,p,f,s,b,c,m,t,b,e,s,s,w,p
f,e,x,y,n,c,l,o,,t,k,k,w,p
t,b,f,s,b,c,g,o,b,t,s,s,w,p
t,b,x,s,b,c,u,o,b,t,s,s,w,p
t,e,k,s,b,c,w,t,,e,s,s,w,e
t,b,f,s,b,c,g,o,b,t,s,f,w,p
f,n,x,f,n,w,l,o,b,e,f,f,w,e
f,y,f,y,b,c,d,o,b,e,k,k,w,p
f,w,f,y,n,c,d,o,,e,s,f,w,e
t,w,f,s,b,c,u,o,b,t,s,s,w,p
t,p,f,s,b,c,g,t,b,e,s,s,w,p
f,y,f,y,b,c,d,o,b,e,k,k,w,p
t,g,f,s,b,c,g,o,b,t,s,f,w,p
f,n,x,y,n,c,l,o,,t,s,k,w,p
f,y,f,y,b,c,g,o,b,e,k,k,w,p
t,g,f,s,b,c,g,o,b,t,f,s,w,p
t,w,f,s,b,c,u,o,b,t,s,f,w,p
f,n,x,y,n,c,d,o,,t,s,k,w,p
f,y,f,f,b,c,d,o,b,e,k,k,w,p
f,n,x,y,n,c,d,o,,t,k,k,w,p
t,b,b,y,b,c,g,t,b,e,s,s,w,p
f,y,f,y,b,c,g,o,b,e,k,k,w,p
f,e,x,y,n,c,l,o,,t,k,s,w,p
f,n,x,y,n,c,d,o,,t,k,s,w,p
t,b,k,y,b,c,w,t,,e,s,s,w,e
f,w,x,y,n,c,d,o,,e,s,f,w,e
t,b,f,s,b,c,u,o,b,t,s,f,w,p
f,y,f,y,b,c,g,o,b,e,k,k,w,p
f,e,x,y,n,c,p,o,,t,k,s,w,p
f,e,f,s,n,c,d,o,,t,k,s,w,p
f,e,x,y,n,c,d,o,,t,s,s,w,p
f,n,x,s,n,c,p,o,,t,k,k,w,p
f,n,f,y,n,c,p,o,,t,k,s,w,p
f,e,f,y,n,c,d,o,,t,s,k,w,p
f,n,k,y,n,c,l,o,,t,k,s,w,p
f,e,f,y,n,c,p,o,,t,s,s,w,p
f,e,x,s,n,c,l,o,,t,s,k,w,p
f,n,f,y,n,c,p,o,,t,s,k,w,p
f,e,f,y,n,c,d,o,,t,k,k,w,p
f,e,x,s,n,c,l,o,,t,s,s,w,p
f,n,x,s,n,c,l,o,,t,k,k,w,p
f,e,f,s,n,c,d,o,,t,k,s,w,p
f,e,f,s,n,c,l,o,,t,k,k,w,p
f,e,f,y,n,c,p,o,,t,s,k,w,p
f,n,f,y,n,c,p,o,,t,s,k,w,p
f,n,f,y,n,c,p,o,,t,k,s,w,p
f,e,x,y,n,c,d,o,,t,k,s,w,p
f,n,k,s,n,c,p,o,,t,s,k,w,p
f,n,x,s,n,c,l,o,,t,s,s,w,p
f,e,f,s,n,c,d,o,,t,k,k,w,p
f,e,f,y,n,c,l,o,,t,k,k,w,p
f,e,k,s,n,c,p,o,,t,s,s,w,p
f,e,f,y,n,c,d,o,,t,k,s,w,p
f,n,x,s,n,c,p,o,,t,k,k,w,p
f,e,f,s,n,c,d,o,,t,k,k,w,p
f,n,f,s,n,c,l,o,,t,k,k,w,p
f,e,f,y,n,c,d,o,,t,k,s,w,p
f,e,f,s,n,c,l,o,,t,s,s,w,p
f,n,f,s,n,c,p,o,,t,k,k,w,p
f,e,f,y,n,c,p,o,,t,s,k,w,p
f,e,x,s,n,c,l,o,,t,k,k,w,p
f,e,f,s,n,c,p,o,,t,s,k,w,p
f,n,x,s,n,c,d,o,,t,k,k,w,p
f,n,f,y,n,c,p,o,,t,s,k,w,p
f,e,x,y,n,c,l,o,,t,k,s,w,p
f,n,f,y,n,c,l,o,,t,k,s,w,p
f,n,b,s,b,c,l,o,,e,s,s,n,e
f,n,f,s,n,c,d,o,,t,k,k,w,p
f,n,x,s,b,c,l,o,,e,s,s,n,e
f,e,f,y,n,c,d,o,,t,s,s,w,p
f,n,f,y,n,c,l,o,,t,k,s,w,p
f,e,f,y,n,c,p,o,,t,s,k,w,p
f,n,f,s,n,c,l,o,,t,k,s,w,p
f,e,x,y,n,c,l,o,,t,s,k,w,p
f,n,x,s,n,c,d,o,,t,s,s,w,p
f,n,f,s,n,c,d,o,,t,s,k,w,p
f,e,f,y,n,c,d,o,,t,s,k,w,p
f,n,f,s,n,c,d,o,,t,k,k,w,p
f,n,f,s,n,c,p,o,,t,s,k,w,p
f,n,f,s,n,c,l,o,,t,s,k,w,p
f,e,f,y,n,c,d,o,,t,k,s,w,p
f,e,f,s,n,c,l,o,,t,s,k,w,p
f,e,x,y,n,c,l,o,,t,s,k,w,p
f,e,x,s,n,c,d,o,,t,k,s,w,p
f,e,f,s,n,c,d,o,,t,s,s,w,p
f,n,f,y,n,c,p,o,,t,k,s,w,p
f,e,x,y,n,c,d,o,,t,k,s,w,p
f,e,k,s,n,c,l,o,,t,s,s,w,p
f,n,k,s,n,c,l,o,,t,k,k,w,p
f,n,f,y,n,c,d,o,,t,s,s,w,p
f,e,x,s,n,c,l,o,,t,s,s,w,p
f,e,x,y,n,c,l,o,,t,k,k,w,p
f,e,f,y,n,c,p,o,,t,s,s,w,p
f,n,f,y,n,c,l,o,,t,s,s,w,p
f,e,f,s,n,c,p,o,,t,s,k,w,p
f,n,x,s,n,c,p,o,,t,s,k,w,p
f,w,x,f,b,w,g,t,,e,k,k,w,e
f,n,f,y,n,c,p,o,,t,s,k,w,p
f,n,x,s,n,c,d,o,,t,s,k,w,p
f,e,x,s,n,c,d,o,,t,s,s,w,p
f,n,f,s,n,c,l,o,,t,s,s,w,p
f,n,f,s,n,c,l,o,,t,s,k,w,p
f,e,x,y,n,c,l,o,,t,k,k,w,p
f,e,x,s,n,c,d,o,,t,k,s,w,p
f,n,f,s,n,c,l,o,,t,s,k,w,p
f,n,k,s,n,c,p,o,,t,k,k,w,p
f,n,f,y,n,c,p,o,,t,k,s,w,p
f,n,x,s,n,c,l,o,,t,k,s,w,p
f,e,f,y,n,c,l,o,,t,k,s,w,p
f,e,x,s,n,c,d,o,,t,k,k,w,p
f,n,f,s,n,c,l,o,,t,k,k,w,p
f,n,f,y,n,c,p,o,,t,s,s,w,p
f,n,k,y,n,c,l,o,,t,k,s,w,p
f,n,f,y,n,c,d,o,,t,k,s,w,p
f,n,f,s,n,c,d,o,,t,k,s,w,p
f,e,x,s,n,c,l,o,,t,s,s,w,p
f,n,f,s,n,c,l,o,,t,s,s,w,p
f,n,f,s,n,c,d,o,,t,s,k,w,p
f,e,f,s,n,c,l,o,,t,s,k,w,p
f,n,f,y,n,c,l,o,,t,s,k,w,p
f,n,f,s,n,c,d,o,,t,k,k,w,p
f,n,f,y,n,c,l,o,,t,s,k,w,p
f,e,f,s,n,c,l,o,,t,s,k,w,p
f,e,f,s,n,c,l,o,,t,s,s,w,p
f,e,x,y,n,c,p,o,,t,s,k,w,p
f,n,f,s,n,c,p,o,,t,s,k,w,p
f,e,x,y,n,c,d,o,,t,s,k,w,p
f,e,f,y,n,c,l,o,,t,k,s,w,p
f,n,x,s,n,c,p,o,,t,s,k,w,p
f,n,f,y,n,c,p,o,,t,s,s,w,p
f,e,f,y,n,c,d,o,,t,s,s,w,p
f,e,x,y,n,c,l,o,,t,k,s,w,p
f,n,f,y,n,c,d,o,,t,s,k,w,p
f,n,f,y,n,c,l,o,,t,s,k,w,p
f,e,x,y,n,c,l,o,,t,s,k,w,p
f,n,f,y,n,c,l,o,,t,k,k,w,p
f,n,f,s,n,c,l,o,,t,k,s,w,p
f,n,x,s,n,c,p,o,,t,s,s,w,p
f,e,f,y,n,c,p,o,,t,k,k,w,p
f,e,x,y,n,c,l,o,,t,k,k,w,p
f,e,x,s,n,c,p,o,,t,k,k,w,p
f,e,f,s,n,c,l,o,,t,s,s,w,p
f,e,f,y,n,c,d,o,,t,k,s,w,p
f,e,x,y,n,c,l,o,,t,s,k,w,p
f,e,x,y,n,c,l,o,,t,s,k,w,p
f,n,x,s,n,c,l,o,,t,s,s,w,p
f,e,x,s,n,c,l,o,,t,s,s,w,p
f,e,k,s,n,c,p,o,,t,k,k,w,p
t,c,x,s,b,c,p,t,b,e,s,s,w,e
f,e,x,s,n,c,p,o,,t,s,k,w,p
f,n,f,s,n,c,d,o,,t,s,s,w,p
f,n,x,s,n,c,l,o,,t,s,k,w,p
f,n,f,y,n,c,p,o,,t,s,k,w,p
f,e,f,y,n,c,l,o,,t,s,k,w,p
f,e,f,s,n,c,l,o,,t,s,s,w,p
f,e,x,y,n,c,l,o,,t,k,k,w,p
f,e,x,s,n,c,l,o,,t,k,s,w,p
f,n,x,s,n,c,d,o,,t,k,k,w,p
f,e,x,y,n,c,d,o,,t,k,s,w,p
f,e,f,s,n,c,p,o,,t,k,s,w,p
f,n,f,s,n,c,l,o,,t,s,k,w,p
f,e,f,y,n,c,p,o,,t,k,s,w,p
f,e,x,y,n,c,l,o,,t,k,s,w,p
f,e,k,s,n,c,p,o,,t,s,s,w,p
f,n,f,y,n,c,d,o,,t,s,s,w,p
f,n,f,s,n,c,d,o,,t,s,k,w,p
f,e,x,s,n,c,p,o,,t,k,k,w,p
f,n,f,s,n,c,l,o,,t,s,s,w,p
f,e,f,s,n,c,p,o,,t,k,k,w,p
f,e,f,y,n,c,l,o,,t,s,s,w,p
f,w,b,f,b,w,g,t,,e,s,s,w,e
f,e,x,y,n,c,l,o,,t,s,s,w,p
f,e,x,y,n,c,p,o,,t,k,k,w,p
f,e,f,y,n,c,l,o,,t,k,s,w,p
f,e,f,y,n,c,l,o,,t,s,k,w,p
f,w,k,f,b,w,g,t,,e,k,s,w,e
f,n,x,s,n,c,p,o,,t,k,k,w,p
f,n,f,s,n,c,p,o,,t,k,s,w,p
f,n,x,s,n,c,d,o,,t,s,s,w,p
f,e,f,s,n,c,d,o,,t,k,k,w,p
f,n,x,s,n,c,p,o,,t,s,k,w,p
f,n,x,s,n,c,p,o,,t,k,k,w,p
f,e,x,s,n,c,p,o,,t,k,k,w,p
f,n,k,s,n,c,d,o,,t,s,s,w,p
f,e,x,y,n,c,d,o,,t,s,s,w,p
f,e,x,s,n,c,d,o,,t,s,s,w,p
f,e,x,y,n,c,d,o,,t,k,k,w,p
f,e,x,s,n,c,d,o,,t,s,s,w,p
f,e,x,s,n,c,d,o,,t,s,s,w,p
f,e,x,s,n,c,l,o,,t,k,k,w,p
f,e,x,s,n,c,d,o,,t,s,s,w,p
f,e,f,y,n,c,d,o,,t,s,k,w,p
f,n,x,s,n,c,d,o,,t,s,s,w,p
f,n,f,s,n,c,d,o,,t,s,s,w,p
f,e,x,s,n,c,d,o,,t,k,k,w,p
f,e,f,s,n,c,p,o,,t,s,k,w,p
f,n,x,s,n,c,l,o,,t,s,k,w,p
f,e,f,y,n,c,d,o,,t,s,s,w,p
f,n,x,s,n,c,l,o,,t,k,s,w,p
f,n,k,s,n,c,p,o,,t,k,k,w,p
f,e,f,s,n,c,l,o,,t,s,s,w,p
f,e,f,s,n,c,l,o,,t,k,s,w,p
f,e,f,y,n,c,p,o,,t,s,s,w,p
f,n,k,s,n,c,p,o,,t,s,k,w,p
f,n,f,y,n,c,l,o,,t,k,s,w,p
f,e,f,s,n,c,p,o,,t,s,s,w,p
f,e,x,y,n,c,d,o,,t,k,s,w,p
f,e,f,s,n,c,l,o,,t,s,s,w,p
f,e,f,y,n,c,l,o,,t,s,s,w,p
f,n,f,s,n,c,d,o,,t,k,k,w,p
f,n,f,s,n,c,d,o,,t,k,s,w,p
f,e,x,y,n,c,p,o,,t,k,k,w,p
f,e,x,y,n,c,l,o,,t,k,k,w,p
f,e,f,s,n,c,p,o,,t,k,k,w,p
f,e,k,y,n,c,d,o,,t,k,k,w,p
f,e,f,y,n,c,p,o,,t,k,k,w,p
f,n,k,y,n,c,d,o,,t,s,k,w,p
f,e,x,s,n,c,l,o,,t,k,s,w,p
f,e,x,y,n,c,p,o,,t,s,k,w,p
f,n,x,s,n,c,l,o,,t,s,k,w,p
f,n,f,y,n,c,l,o,,t,s,s,w,p
f,e,x,s,n,c,p,o,,t,k,k,w,p
f,g,b,s,b,w,g,t,,e,s,k,w,e
f,e,x,y,n,c,p,o,,t,k,k,w,p
f,e,x,s,n,c,d,o,,t,k,s,w,p
f,e,f,y,n,c,l,o,,t,s,s,w,p
f,e,x,s,n,c,p,o,,t,k,s,w,p
f,e,f,y,n,c,d,o,,t,s,k,w,p
f,e,f,y,n,c,l,o,,t,k,k,w,p
f,n,x,s,n,c,d,o,,t,k,k,w,p
f,n,f,y,n,c,p,o,,t,k,s,w,p
f,w,k,s,b,w,g,t,,e,k,s,w,e
f,e,f,y,n,c,p,o,,t,k,k,w,p
f,e,x,s,n,c,p,o,,t,s,s,w,p
f,n,f,y,n,c,l,o,,t,k,s,w,p
f,n,f,y,n,c,l,o,,t,k,k,w,p
f,e,x,s,n,c,l,o,,t,k,k,w,p
f,e,f,y,n,c,d,o,,t,k,k,w,p
f,e,f,y,n,c,p,o,,t,k,k,w,p
f,n,f,s,n,c,p,o,,t,s,k,w,p
f,e,x,y,n,c,p,o,,t,s,k,w,p
f,e,f,y,n,c,d,o,,t,s,k,w,p
f,g,b,f,b,w,g,t,,e,k,s,w,e
f,e,k,y,n,c,l,o,,t,s,k,w,p
f,e,x,y,n,c,l,o,,t,s,s,w,p
f,e,k,s,n,c,l,o,,t,s,k,w,p
f,n,x,s,n,c,p,o,,t,s,k,w,p
f,w,k,s,b,w,g,t,,e,s,k,w,e
f,e,f,s,n,c,d,o,,t,s,s,w,p
f,n,x,s,n,c,p,o,,t,k,s,w,p
f,e,k,s,n,c,p,o,,t,s,k,w,p
f,n,k,y,n,c,l,o,,t,k,k,w,p
f,e,k,y,n,c,p,o,,t,k,s,w,p
f,e,x,s,n,c,d,o,,t,k,s,w,p
f,e,f,s,n,c,p,o,,t,s,k,w,p
f,e,f,y,n,c,p,o,,t,k,k,w,p
f,e,x,y,n,c,d,o,,t,s,k,w,p
f,n,f,y,n,c,d,o,,t,s,s,w,p
f,e,x,y,n,c,d,o,,t,s,s,w,p
f,n,f,y,n,c,l,o,,t,s,s,w,p
f,e,x,y,n,c,l,o,,t,s,s,w,p
f,n,k,y,n,c,l,o,,t,k,k,w,p
f,e,f,s,n,c,l,o,,t,s,k,w,p
f,n,x,s,n,c,p,o,,t,k,s,w,p
f,n,f,y,n,c,d,o,,t,k,s,w,p
f,e,f,s,n,c,d,o,,t,s,k,w,p
f,e,x,s,n,c,d,o,,t,k,k,w,p
f,n,f,s,n,c,d,o,,t,s,k,w,p
f,n,f,y,n,c,l,o,,t,s,k,w,p
f,e,x,y,n,c,d,o,,t,s,s,w,p
f,e,x,s,n,c,d,o,,t,s,k,w,p
f,e,f,y,n,c,l,o,,t,s,s,w,p
f,e,f,s,n,c,l,o,,t,k,s,w,p
f,e,f,y,n,c,d,o,,t,k,s,w,p
f,n,x,s,n,c,l,o,,t,s,s,w,p
f,n,f,s,n,c,d,o,,t,s,k,w,p
f,n,x,s,n,c,l,o,,t,k,k,w,p
f,n,f,y,n,c,p,o,,t,k,k,w,p
f,n,k,y,n,c,d,o,,t,k,k,w,p
f,e,x,s,n,c,p,o,,t,s,k,w,p
f,n,f,y,n,c,d,o,,t,k,s,w,p
f,e,x,y,n,c,p,o,,t,s,k,w,p
f,e,f,y,n,c,d,o,,t,k,k,w,p
f,e,x,y,n,c,d,o,,t,s,k,w,p
f,e,f,y,n,c,l,o,,t,k,s,w,p
f,e,f,y,n,c,d,o,,t,s,s,w,p
f,e,f,s,n,c,l,o,,t,s,k,w,p
f,e,k,y,n,c,l,o,,t,k,k,w,p
f,e,x,s,n,c,p,o,,t,s,k,w,p
f,g,k,s,b,w,g,t,,e,k,s,w,e
f,n,x,s,n,c,l,o,,t,k,s,w,p
f,e,f,s,n,c,d,o,,t,s,k,w,p
f,n,f,s,n,c,d,o,,t,s,k,w,p
f,e,f,s,n,c,l,o,,t,k,k,w,p
f,n,f,y,n,c,p,o,,t,k,s,w,p
f,e,x,s,n,c,p,o,,t,s,s,w,p
f,e,x,s,n,c,p,o,,t,s,k,w,p
f,e,x,s,n,c,d,o,,t,s,s,w,p
f,e,x,s,n,c,p,o,,t,k,s,w,p
f,e,f,s,n,c,d,o,,t,s,s,w,p
f,e,x,s,n,c,p,o,,t,s,k,w,p
f,n,x,s,n,c,l,o,,t,s,k,w,p
f,n,f,s,n,c,l,o,,t,s,k,w,p
f,n,k,y,n,c,d,o,,t,k,s,w,p
f,e,x,y,n,c,p,o,,t,k,s,w,p
f,n,x,s,n,c,l,o,,t,k,s,w,p
f,e,x,s,n,c,p,o,,t,k,k,w,p
f,w,b,s,b,w,g,t,,e,k,k,w,e
f,e,f,s,n,c,p,o,,t,k,k,w,p
f,e,x,s,n,c,l,o,,t,s,s,w,p
f,e,x,y,n,c,d,o,,t,s,k,w,p
f,n,f,y,n,c,p,o,,t,s,s,w,p
f,e,f,s,n,c,l,o,,t,k,s,w,p
f,n,f,y,n,c,d,o,,t,s,k,w,p
f,e,f,y,n,c,d,o,,t,k,k,w,p
f,n,f,s,n,c,d,o,,t,s,s,w,p
f,e,x,y,n,c,l,o,,t,s,s,w,p
f,n,f,s,n,c,d,o,,t,k,s,w,p
f,n,x,s,n,c,l,o,,t,k,s,w,p
f,e,f,s,n,c,p,o,,t,k,s,w,p
f,n,x,s,n,c,d,o,,t,s,s,w,p
f,e,f,s,n,c,l,o,,t,k,s,w,p
f,e,x,y,n,c,p,o,,t,s,s,w,p
f,n,f,y,n,c,p,o,,t,s,k,w,p
f,e,x,y,n,c,l,o,,t,k,s,w,p
f,n,f,s,n,c,p,o,,t,k,k,w,p
f,n,f,s,n,c,p,o,,t,k,s,w,p
f,n,x,s,n,c,p,o,,t,k,k,w,p
f,e,f,s,n,c,d,o,,t,s,s,w,p
f,n,k,y,n,c,p,o,,t,k,s,w,p
f,e,x,y,n,c,l,o,,t,s,k,w,p
f,e,x,y,n,c,d,o,,t,s,k,w,p
f,n,k,s,n,c,d,o,,t,k,k,w,p
f,e,x,s,n,c,p,o,,t,k,s,w,p
f,e,x,s,n,c,p,o,,t,s,s,w,p
f,n,f,y,n,c,l,o,,t,s,k,w,p
f,e,f,s,n,c,d,o,,t,s,s,w,p
f,e,f,s,n,c,p,o,,t,s,s,w,p
f,n,f,s,n,c,l,o,,t,k,s,w,p
f,e,f,y,n,c,p,o,,t,s,s,w,p
f,e,f,y,n,c,l,o,,t,s,k,w,p
f,e,k,s,n,c,d,o,,t,k,s,w,p
f,n,x,s,n,c,d,o,,t,k,s,w,p
f,n,f,y,n,c,d,o,,t,k,s,w,p
f,e,f,s,n,c,p,o,,t,k,k,w,p
f,n,k,s,n,c,d,o,,t,s,s,w,p
f,n,f,y,n,c,p,o,,t,s,s,w,p
f,e,x,y,n,c,l,o,,t,s,s,w,p
f,e,x,y,n,c,p,o,,t,k,k,w,p
f,e,x,s,n,c,p,o,,t,k,s,w,p
f,n,f,y,n,c,l,o,,t,k,k,w,p
f,n,f,y,n,c,p,o,,t,k,s,w,p
f,e,f,y,n,c,p,o,,t,k,s,w,p
f,n,k,y,n,c,l,o,,t,k,s,w,p
f,n,x,s,n,c,d,o,,t,k,k,w,p
f,e,x,s,n,c,l,o,,t,s,s,w,p
f,n,x,s,n,c,l,o,,t,s,s,w,p
f,e,f,y,n,c,p,o,,t,s,k,w,p
f,e,k,y,n,c,d,o,,t,s,k,w,p
f,g,x,f,b,w,g,t,,e,s,k,w,e
f,e,f,y,n,c,l,o,,t,s,s,w,p
f,e,x,s,n,c,l,o,,t,k,s,w,p
f,e,x,s,n,c,l,o,,t,k,s,w,p
f,e,x,y,n,c,d,o,,t,k,k,w,p
f,n,f,y,n,c,p,o,,t,k,k,w,p
f,n,f,y,n,c,l,o,,t,s,s,w,p
f,n,x,s,n,c,p,o,,t,k,s,w,p
f,e,x,s,n,c,l,o,,t,k,k,w,p
f,e,f,y,n,c,d,o,,t,s,k,w,p
f,n,f,s,n,c,l,o,,t,k,k,w,p
f,n,f,y,n,c,l,o,,t,k,s,w,p
f,n,f,y,n,c,d,o,,t,k,k,w,p
f,e,x,y,n,c,l,o,,t,k,s,w,p
f,e,x,s,n,c,p,o,,t,s,k,w,p
f,n,f,s,n,c,l,o,,t,s,s,w,p
f,n,f,s,n,c,d,o,,t,k,s,w,p
f,e,x,s,n,c,d,o,,t,s,k,w,p
f,n,f,s,n,c,l,o,,t,k,k,w,p
f,n,f,s,n,c,p,o,,t,k,k,w,p
f,n,f,y,n,c,p,o,,t,s,s,w,p
f,n,x,s,n,c,l,o,,t,k,k,w,p
f,n,f,s,n,c,l,o,,t,k,s,w,p
f,n,f,s,n,c,p,o,,t,k,k,w,p
f,n,x,s,n,c,p,o,,t,s,s,w,p
f,n,f,y,n,c,p,o,,t,k,k,w,p
f,n,x,s,n,c,p,o,,t,k,s,w,p
f,n,x,s,n,c,p,o,,t,s,s,w,p
f,n,f,s,n,c,p,o,,t,k,k,w,p
f,n,f,y,n,c,d,o,,t,s,s,w,p
f,e,x,y,n,c,d,o,,t,s,s,w,p
f,e,f,s,n,c,l,o,,t,s,k,w,p
f,n,f,y,n,c,d,o,,t,s,k,w,p
f,e,f,s,n,c,l,o,,t,s,k,w,p
f,n,x,s,n,c,p,o,,t,k,k,w,p
f,w,k,f,b,w,g,t,,e,k,k,w,e
f,n,x,s,n,c,p,o,,t,s,s,w,p
f,n,f,s,n,c,d,o,,t,k,s,w,p
f,n,f,y,n,c,p,o,,t,k,k,w,p
f,n,f,s,n,c,d,o,,t,k,s,w,p
f,n,f,y,n,c,d,o,,t,k,s,w,p
f,n,f,y,n,c,l,o,,t,s,s,w,p
f,n,f,s,n,c,d,o,,t,s,k,w,p
f,e,f,y,n,c,p,o,,t,k,s,w,p
f,n,b,s,b,c,l,o,,e,s,s,o,e
f,e,f,s,n,c,d,o,,t,k,s,w,p
f,e,f,s,n,c,p,o,,t,k,k,w,p
f,e,x,s,n,c,l,o,,t,k,k,w,p
f,n,f,y,n,c,l,o,,t,s,k,w,p
f,e,f,y,n,c,p,o,,t,k,s,w,p
f,n,f,s,n,c,l,o,,t,k,s,w,p
f,e,f,y,n,c,l,o,,t,k,k,w,p
f,n,f,s,n,c,p,o,,t,k,s,w,p
f,n,k,y,n,c,p,o,,t,k,s,w,p
f,e,f,y,n,c,l,o,,t,k,s,w,p
f,e,f,s,n,c,d,o,,t,k,k,w,p
f,e,x,y,n,c,p,o,,t,k,s,w,p
f,n,f,s,n,c,l,o,,t,k,k,w,p
f,e,x,s,n,c,p,o,,t,k,s,w,p
f,n,k,y,n,c,p,o,,t,k,k,w,p
f,n,x,s,n,c,p,o,,t,k,k,w,p
f,e,x,y,n,c,d,o,,t,k,k,w,p
f,n,f,y,n,c,d,o,,t,k,s,w,p
f,e,f,s,n,c,d,o,,t,s,k,w,p
f,n,f,s,n,c,p,o,,t,s,s,w,p
f,w,x,s,b,w,g,t,,e,k,s,w,e
f,n,f,y,n,c,d,o,,t,s,s,w,p
f,n,f,s,n,c,l,o,,t,s,k,w,p
f,e,x,y,n,c,l,o,,t,s,s,w,p
f,e,f,s,n,c,l,o,,t,s,k,w,p
f,n,x,s,n,c,p,o,,t,s,s,w,p
f,e,x,y,n,c,l,o,,t,s,k,w,p
f,g,k,f,b,w,g,t,,e,k,k,w,e
f,e,f,s,n,c,l,o,,t,k,s,w,p
f,e,f,y,n,c,p,o,,t,s,k,w,p
f,w,b,f,b,w,g,t,,e,s,k,w,e
f,n,f,s,n,c,l,o,,t,s,k,w,p
f,e,x,y,n,c,l,o,,t,k,s,w,p
f,e,x,y,n,c,d,o,,t,s,k,w,p
f,n,f,s,n,c,p,o,,t,k,s,w,p
f,n,x,s,n,c,d,o,,t,k,k,w,p
f,e,f,s,n,c,p,o,,t,k,k,w,p
f,e,f,s,n,c,l,o,,t,s,k,w,p
f,e,f,s,n,c,l,o,,t,s,s,w,p
f,e,x,y,b,c,d,n,c,e,k,y,w,p
f,n,f,y,n,c,d,o,,t,s,k,w,p
f,e,f,y,n,c,d,o,,t,s,s,w,p
f,e,x,s,n,c,p,o,,t,k,k,w,p
f,e,f,s,n,c,p,o,,t,s,s,w,p
f,e,f,y,n,c,p,o,,t,k,k,w,p
f,e,f,y,n,c,l,o,,t,s,s,w,p
f,e,x,s,n,c,l,o,,t,k,k,w,p
f,e,f,s,n,c,p,o,,t,s,k,w,p
f,n,x,s,b,c,l,o,,e,s,s,n,e
f,n,f,y,n,c,d,o,,t,s,k,w,p
f,e,f,y,n,c,l,o,,t,s,s,w,p
f,e,f,y,n,c,l,o,,t,s,s,w,p
f,n,x,s,n,c,p,o,,t,k,s,w,p
f,e,x,s,n,c,d,o,,t,k,s,w,p
f,e,x,y,n,c,d,o,,t,k,k,w,p
f,e,x,s,n,c,p,o,,t,s,k,w,p
f,e,x,y,n,c,p,o,,t,s,s,w,p
f,e,f,y,n,c,p,o,,t,s,k,w,p
f,n,x,s,b,c,l,o,,e,s,s,n,e
f,n,f,s,n,c,p,o,,t,k,k,w,p
f,e,x,y,n,c,p,o,,t,s,s,w,p
f,n,f,s,n,c,d,o,,t,s,s,w,p
f,e,f,y,n,c,p,o,,t,k,k,w,p
f,e,x,y,n,c,d,o,,t,k,s,w,p
f,n,x,s,n,c,d,o,,t,k,s,w,p
f,n,x,s,n,c,l,o,,t,s,k,w,p
f,n,x,s,n,c,l,o,,t,s,s,w,p
f,e,x,y,n,c,d,o,,t,s,s,w,p
f,n,f,s,n,c,l,o,,t,k,s,w,p
f,n,f,s,n,c,l,o,,t,s,s,w,p
f,e,k,y,n,c,l,o,,t,s,s,w,p
f,n,x,s,n,c,d,o,,t,k,s,w,p
f,n,f,y,n,c,p,o,,t,s,k,w,p
f,w,k,s,b,w,g,t,,e,s,k,w,e
f,e,f,s,n,c,l,o,,t,s,k,w,p
f,e,x,s,n,c,l,o,,t,s,k,w,p
f,n,f,y,n,c,d,o,,t,s,s,w,p
f,n,f,y,n,c,p,o,,t,k,k,w,p
f,e,f,y,n,c,d,o,,t,k,k,w,p
f,n,x,s,n,c,p,o,,t,k,k,w,p
f,n,f,y,n,c,l,o,,t,k,k,w,p
f,n,x,s,n,c,l,o,,t,s,k,w,p
f,n,k,y,n,c,l,o,,t,k,k,w,p
f,e,f,s,n,c,d,o,,t,k,s,w,p
f,e,f,y,n,c,l,o,,t,k,k,w,p
f,e,f,y,n,c,l,o,,t,s,s,w,p
f,e,f,y,n,c,p,o,,t,k,k,w,p
f,n,f,y,n,c,p,o,,t,s,s,w,p
f,n,f,y,n,c,l,o,,t,s,s,w,p
f,n,k,y,n,c,l,o,,t,k,s,w,p
f,n,k,y,n,c,p,o,,t,k,s,w,p
f,e,f,s,n,c,p,o,,t,k,s,w,p
f,e,x,s,n,c,d,o,,t,k,k,w,p
f,n,k,s,n,c,l,o,,t,k,s,w,p
f,e,x,s,n,c,p,o,,t,s,s,w,p
f,n,f,s,n,c,d,o,,t,k,k,w,p
f,e,x,s,n,c,l,o,,t,s,k,w,p
f,n,f,s,n,c,p,o,,t,s,k,w,p
f,n,x,s,n,c,l,o,,t,k,k,w,p
f,e,f,y,n,c,d,o,,t,s,k,w,p
f,n,x,s,n,c,l,o,,t,k,s,w,p
f,e,x,s,n,c,p,o,,t,s,s,w,p
f,e,x,s,n,c,d,o,,t,s,k,w,p
f,n,x,s,n,c,p,o,,t,k,k,w,p
f,e,x,y,n,c,d,o,,t,s,s,w,p
f,e,f,y,n,c,p,o,,t,s,k,w,p
f,e,f,s,n,c,d,o,,t,k,s,w,p
f,e,x,s,n,c,d,o,,t,k,k,w,p
f,e,f,y,n,c,l,o,,t,k,k,w,p
f,e,f,s,n,c,p,o,,t,k,s,w,p
f,e,f,s,n,c,l,o,,t,s,k,w,p
f,n,f,y,n,c,d,o,,t,k,k,w,p
f,n,f,s,n,c,p,o,,t,s,k,w,p
f,e,x,s,n,c,p,o,,t,s,k,w,p
f,n,f,y,n,c,l,o,,t,k,k,w,p
f,n,f,s,n,c,d,o,,t,s,k,w,p
f,n,f,y,n,c,l,o,,t,k,s,w,p
f,e,f,s,n,c,l,o,,t,k,k,w,p
f,e,f,y,n,c,p,o,,t,s,k,w,p
f,n,f,y,n,c,d,o,,t,k,s,w,p
f,e,f,s,n,c,d,o,,t,k,k,w,p
f,e,f,s,n,c,d,o,,t,s,k,w,p
f,n,f,y,n,c,d,o,,t,k,k,w,p
f,e,f,s,n,c,d,o,,t,k,s,w,p
f,n,f,s,n,c,d,o,,t,k,s,w,p
f,e,k,y,n,c,d,o,,t,s,s,w,p
f,e,f,y,n,c,d,o,,t,s,k,w,p
f,e,f,s,n,c,d,o,,t,k,k,w,p
f,e,f,y,n,c,d,o,,t,s,s,w,p
f,n,f,y,n,c,l,o,,t,k,s,w,p
f,e,f,y,n,c,p,o,,t,s,s,w,p
f,n,f,s,n,c,p,o,,t,s,k,w,p
f,e,x,y,n,c,d,o,,t,s,s,w,p
f,w,x,f,b,w,g,t,,e,k,s,w,e
f,e,x,s,n,c,d,o,,t,k,s,w,p
f,e,x,s,n,c,l,o,,t,s,s,w,p
f,n,f,y,n,c,l,o,,t,k,k,w,p
f,e,x,s,n,c,d,o,,t,s,s,w,p
f,n,x,s,n,c,d,o,,t,s,k,w,p
f,n,x,s,n,c,p,o,,t,k,s,w,p
f,n,x,s,n,c,l,o,,t,k,k,w,p
f,g,x,f,b,w,g,t,,e,s,k,w,e
f,e,f,y,n,c,l,o,,t,k,s,w,p
f,e,f,y,n,c,l,o,,t,s,k,w,p
f,e,x,y,n,c,p,o,,t,s,s,w,p
f,n,x,s,n,c,p,o,,t,k,k,w,p
f,e,k,s,n,c,p,o,,t,k,s,w,p
f,e,k,y,n,c,d,o,,t,k,s,w,p
f,e,f,y,n,c,d,o,,t,k,k,w,p
f,n,x,s,n,c,l,o,,t,k,k,w,p
f,n,f,s,n,c,l,o,,t,k,s,w,p
f,e,x,s,n,c,p,o,,t,k,s,w,p
f,n,f,y,n,c,d,o,,t,k,k,w,p
f,n,x,s,n,c,p,o,,t,k,s,w,p
f,w,k,f,b,w,g,t,,e,s,k,w,e
f,n,k,y,n,c,d,o,,t,s,k,w,p
f,e,f,s,n,c,d,o,,t,s,k,w,p
f,e,x,y,n,c,d,o,,t,k,s,w,p
f,n,x,s,n,c,l,o,,t,s,s,w,p
f,n,x,s,n,c,d,o,,t,s,s,w,p
f,e,f,y,n,c,l,o,,t,k,s,w,p
f,n,f,y,n,c,l,o,,t,s,s,w,p
f,e,x,y,n,c,l,o,,t,s,s,w,p
f,e,f,s,n,c,p,o,,t,s,k,w,p
f,e,x,s,n,c,d,o,,t,s,k,w,p
f,n,x,s,n,c,p,o,,t,k,s,w,p
f,n,f,y,n,c,l,o,,t,k,k,w,p
f,e,f,y,n,c,l,o,,t,s,k,w,p
f,n,f,y,n,c,l,o,,t,k,s,w,p
f,n,f,y,n,c,d,o,,t,s,s,w,p
f,n,f,s,n,c,p,o,,t,s,k,w,p
f,e,f,y,n,c,p,o,,t,k,s,w,p
f,e,f,y,n,c,l,o,,t,k,s,w,p
f,e,x,y,n,c,p,o,,t,k,s,w,p
f,e,k,s,n,c,p,o,,t,s,k,w,p
f,e,f,y,n,c,p,o,,t,s,s,w,p
f,n,f,y,n,c,p,o,,t,s,s,w,p
f,n,f,s,n,c,d,o,,t,k,k,w,p
f,e,f,s,n,c,p,o,,t,s,k,w,p
f,e,k,s,n,c,p,o,,t,s,k,w,p
f,e,f,y,n,c,p,o,,t,s,s,w,p
f,n,f,s,n,c,p,o,,t,k,k,w,p
f,n,x,s,b,c,l,o,,e,s,s,o,e
f,n,x,s,n,c,l,o,,t,s,s,w,p
f,n,k,s,n,c,l,o,,t,s,s,w,p
f,n,f,s,n,c,d,o,,t,s,k,w,p
f,n,f,s,n,c,d,o,,t,k,s,w,p
f,n,x,s,n,c,p,o,,t,s,s,w,p
f,n,f,s,n,c,d,o,,t,k,k,w,p
f,e,f,y,n,c,p,o,,t,k,s,w,p
f,e,f,y,n,c,d,o,,t,s,k,w,p
f,n,f,s,n,c,l,o,,t,s,s,w,p
f,e,x,s,n,c,l,o,,t,s,k,w,p
f,n,x,s,n,c,p,o,,t,s,k,w,p
f,e,x,s,n,c,p,o,,t,s,s,w,p
f,e,x,s,n,c,d,o,,t,k,k,w,p
f,e,f,y,n,c,l,o,,t,k,s,w,p
f,e,x,s,n,c,p,o,,t,k,k,w,p
f,e,k,s,n,c,l,o,,t,k,s,w,p
f,e,x,y,n,c,p,o,,t,s,s,w,p
f,n,f,s,n,c,p,o,,t,s,s,w,p
f,n,f,s,n,c,l,o,,t,s,k,w,p
f,n,x,s,n,c,d,o,,t,s,s,w,p
f,e,k,y,n,c,p,o,,t,s,k,w,p
f,e,x,s,n,c,l,o,,t,k,k,w,p
f,n,f,y,n,c,d,o,,t,s,s,w,p
f,e,f,y,n,c,d,o,,t,k,s,w,p
f,n,f,y,n,c,p,o,,t,s,s,w,p
f,n,f,s,n,c,l,o,,t,k,k,w,p
f,e,f,s,n,c,p,o,,t,s,s,w,p
f,n,k,y,n,c,p,o,,t,k,k,w,p
f,e,f,y,n,c,l,o,,t,s,k,w,p
f,e,f,s,n,c,p,o,,t,s,s,w,p
f,n,f,s,n,c,d,o,,t,s,s,w,p
f,n,x,s,n,c,l,o,,t,s,s,w,p
f,n,f,y,n,c,d,o,,t,k,s,w,p
f,e,f,y,n,c,d,o,,t,k,k,w,p
f,e,x,y,n,c,d,o,,t,k,k,w,p
f,e,f,s,n,c,p,o,,t,k,s,w,p
f,n,x,s,n,c,l,o,,t,k,k,w,p
f,n,f,s,n,c,p,o,,t,k,k,w,p
f,n,f,s,n,c,l,o,,t,s,k,w,p
f,e,f,s,n,c,p,o,,t,s,s,w,p
f,g,x,s,b,w,g,t,,e,s,k,w,e
f,n,k,y,n,c,p,o,,t,k,k,w,p
f,e,x,y,n,c,p,o,,t,k,s,w,p
f,n,x,s,n,c,p,o,,t,s,s,w,p
f,n,x,s,n,c,d,o,,t,s,s,w,p
f,e,f,y,n,c,l,o,,t,k,k,w,p
f,n,k,y,n,c,l,o,,t,s,s,w,p
f,e,x,s,n,c,d,o,,t,k,s,w,p
f,n,x,s,n,c,d,o,,t,s,k,w,p
f,n,k,y,n,c,d,o,,t,k,s,w,p
f,e,x,y,n,c,l,o,,t,k,k,w,p
f,n,k,s,n,c,p,o,,t,k,s,w,p
f,n,x,s,n,c,p,o,,t,s,k,w,p
f,e,x,y,n,c,d,o,,t,s,k,w,p
f,e,f,s,n,c,d,o,,t,s,k,w,p
f,n,f,s,n,c,l,o,,t,s,k,w,p
f,n,f,s,n,c,p,o,,t,k,s,w,p
f,e,f,s,n,c,p,o,,t,k,s,w,p
f,e,x,y,n,c,l,o,,t,k,s,w,p
f,e,x,s,n,c,l,o,,t,k,s,w,p
f,n,f,s,n,c,p,o,,t,s,s,w,p
f,e,f,y,n,c,d,o,,t,s,s,w,p
f,n,x,s,n,c,d,o,,t,k,s,w,p
f,e,x,s,n,c,d,o,,t,k,k,w,p
f,e,x,s,n,c,l,o,,t,k,k,w,p
f,e,f,s,n,c,p,o,,t,k,s,w,p
f,e,x,y,n,c,p,o,,t,s,k,w,p
f,n,x,s,n,c,d,o,,t,s,k,w,p
f,e,x,s,n,c,l,o,,t,s,k,w,p
f,e,x,s,n,c,l,o,,t,s,k,w,p
f,n,x,s,n,c,d,o,,t,s,k,w,p
f,n,x,s,n,c,l,o,,t,k,s,w,p
f,e,f,s,n,c,d,o,,t,s,s,w,p
f,e,f,y,n,c,d,o,,t,k,s,w,p
f,n,x,s,n,c,d,o,,t,k,s,w,p
f,e,x,s,n,c,l,o,,t,k,k,w,p
f,n,f,s,n,c,l,o,,t,k,s,w,p
f,n,x,s,n,c,d,o,,t,s,k,w,p
f,e,f,s,n,c,d,o,,t,k,s,w,p
f,n,k,y,n,c,p,o,,t,s,k,w,p
f,n,x,s,n,c,l,o,,t,s,k,w,p
f,n,f,y,n,c,p,o,,t,k,s,w,p
f,n,k,y,n,c,p,o,,t,k,s,w,p
f,e,f,s,n,c,d,o,,t,k,s,w,p
f,n,f,s,n,c,p,o,,t,k,k,w,p
f,e,x,s,n,c,d,o,,t,s,k,w,p
f,n,x,s,n,c,l,o,,t,s,s,w,p
f,n,f,y,n,c,p,o,,t,k,s,w,p
f,n,f,y,n,c,p,o,,t,s,k,w,p
f,e,x,s,n,c,l,o,,t,s,s,w,p
f,n,f,y,n,c,l,o,,t,k,s,w,p
f,e,x,y,n,c,p,o,,t,s,s,w,p
f,n,f,y,n,c,l,o,,t,k,k,w,p
f,e,f,y,n,c,p,o,,t,k,s,w,p
f,e,x,y,n,c,l,o,,t,k,s,w,p
f,e,f,s,n,c,l,o,,t,s,s,w,p
f,n,k,s,n,c,d,o,,t,s,k,w,p
f,e,x,y,n,c,p,o,,t,s,s,w,p
f,n,x,s,n,c,l,o,,t,k,s,w,p
f,e,f,s,n,c,p,o,,t,k,s,w,p
f,e,f,s,n,c,p,o,,t,s,s,w,p
f,g,b,f,b,w,g,t,,e,s,k,w,e
f,n,x,s,n,c,p,o,,t,k,s,w,p
f,n,k,s,n,c,p,o,,t,k,s,w,p
f,n,b,s,b,c,l,o,,e,s,s,n,e
f,n,f,s,n,c,d,o,,t,s,s,w,p
f,n,f,y,n,c,d,o,,t,k,k,w,p
f,e,x,y,n,c,d,o,,t,s,k,w,p
f,e,x,s,n,c,d,o,,t,k,s,w,p
f,c,k,y,b,c,d,n,c,e,k,y,w,p
f,e,x,s,n,c,l,o,,t,s,s,w,p
f,n,f,s,n,c,p,o,,t,k,k,w,p
f,n,x,s,n,c,l,o,,t,k,k,w,p
f,e,x,y,n,c,d,o,,t,s,k,w,p
f,e,x,s,n,c,d,o,,t,k,k,w,p
f,e,f,s,n,c,l,o,,t,s,s,w,p
f,n,f,s,n,c,d,o,,t,s,k,w,p
f,n,f,s,n,c,d,o,,t,k,k,w,p
f,e,f,y,n,c,p,o,,t,k,s,w,p
f,e,x,s,n,c,l,o,,t,s,k,w,p
f,e,f,y,n,c,d,o,,t,s,k,w,p
f,n,f,y,n,c,l,o,,t,s,k,w,p
f,e,x,y,n,c,l,o,,t,k,k,w,p
f,e,f,y,n,c,p,o,,t,k,s,w,p
f,e,f,s,n,c,l,o,,t,k,k,w,p
f,e,f,s,n,c,p,o,,t,k,s,w,p
f,e,x,s,n,c,p,o,,t,k,k,w,p
f,e,x,s,n,c,d,o,,t,k,k,w,p
f,e,k,y,n,c,p,o,,t,s,s,w,p
f,e,x,y,n,c,l,o,,t,s,s,w,p
f,e,x,s,n,c,d,o,,t,s,s,w,p
f,n,x,s,n,c,d,o,,t,k,k,w,p
f,n,x,s,n,c,l,o,,t,s,s,w,p
f,n,f,s,n,c,d,o,,t,s,k,w,p
f,n,f,y,n,c,p,o,,t,k,k,w,p
f,e,x,s,n,c,d,o,,t,s,k,w,p
f,n,k,s,n,c,p,o,,t,s,k,w,p
f,n,f,s,n,c,d,o,,t,s,s,w,p
f,n,f,y,n,c,d,o,,t,k,k,w,p
f,e,f,y,n,c,p,o,,t,s,k,w,p
f,e,f,y,n,c,l,o,,t,s,k,w,p
f,n,f,y,n,c,d,o,,t,k,s,w,p
f,e,x,s,n,c,l,o,,t,k,s,w,p
f,n,f,y,n,c,d,o,,t,s,k,w,p
f,n,f,s,n,c,d,o,,t,k,s,w,p
f,e,f,s,n,c,p,o,,t,s,k,w,p
f,n,x,s,n,c,d,o,,t,s,s,w,p
f,e,f,y,n,c,d,o,,t,s,s,w,p
f,n,k,y,n,c,l,o,,t,k,k,w,p
f,n,f,s,n,c,p,o,,t,k,s,w,p
f,n,f,y,n,c,p,o,,t,s,k,w,p
f,e,f,s,n,c,l,o,,t,k,k,w,p
f,n,x,s,n,c,l,o,,t,s,k,w,p
f,e,f,s,n,c,p,o,,t,s,k,w,p
f,e,x,s,n,c,d,o,,t,s,k,w,p
f,e,f,y,n,c,d,o,,t,s,s,w,p
f,e,x,s,n,c,p,o,,t,k,k,w,p
f,e,f,s,n,c,p,o,,t,s,k,w,p
f,n,f,s,n,c,p,o,,t,k,s,w,p
f,n,x,s,n,c,p,o,,t,s,k,w,p
f,e,x,s,n,c,d,o,,t,s,s,w,p
f,e,f,s,n,c,d,o,,t,s,k,w,p
f,e,x,s,n,c,l,o,,t,s,k,w,p
f,n,x,s,n,c,l,o,,t,k,s,w,p
f,e,f,s,n,c,d,o,,t,k,k,w,p
f,e,x,y,n,c,l,o,,t,s,k,w,p
f,n,x,s,n,c,p,o,,t,s,k,w,p
f,e,x,y,n,c,p,o,,t,s,s,w,p
f,e,f,s,n,c,l,o,,t,k,k,w,p
f,e,x,s,n,c,d,o,,t,k,s,w,p
f,n,f,y,n,c,l,o,,t,s,s,w,p
f,e,x,s,n,c,l,o,,t,k,s,w,p
f,n,x,s,n,c,l,o,,t,k,s,w,p
f,e,f,s,n,c,d,o,,t,k,s,w,p
f,e,x,s,n,c,d,o,,t,s,k,w,p
f,n,f,s,n,c,l,o,,t,k,k,w,p
f,e,x,y,n,c,p,o,,t,k,k,w,p
f,e,f,y,n,c,d,o,,t,k,k,w,p
f,e,x,y,n,c,p,o,,t,k,k,w,p
f,n,k,y,n,c,l,o,,t,k,k,w,p
f,n,f,y,n,c,l,o,,t,s,s,w,p
f,e,x,y,n,c,l,o,,t,s,s,w,p
f,n,f,s,n,c,p,o,,t,s,s,w,p
f,e,x,s,n,c,d,o,,t,k,k,w,p
f,e,f,s,n,c,d,o,,t,k,s,w,p
f,g,x,f,b,w,g,t,,e,k,k,w,e
f,e,x,s,n,c,p,o,,t,s,k,w,p
f,n,f,s,n,c,l,o,,t,s,k,w,p
f,n,f,s,n,c,p,o,,t,s,s,w,p
f,e,x,s,n,c,l,o,,t,s,k,w,p
f,e,x,s,n,c,l,o,,t,k,s,w,p
f,e,x,s,n,c,l,o,,t,k,s,w,p
f,e,f,y,n,c,d,o,,t,k,s,w,p
f,g,b,f,b,w,g,t,,e,s,s,w,e
f,n,f,y,n,c,d,o,,t,k,s,w,p
f,e,f,y,n,c,d,o,,t,s,k,w,p
f,n,f,y,n,c,d,o,,t,s,s,w,p
f,n,f,s,n,c,l,o,,t,s,k,w,p
f,n,f,y,n,c,d,o,,t,s,k,w,p
f,e,x,y,n,c,d,o,,t,k,s,w,p
f,n,f,y,n,c,l,o,,t,s,s,w,p
f,n,x,s,n,c,d,o,,t,s,k,w,p
f,e,f,y,n,c,d,o,,t,s,s,w,p
f,g,k,f,b,w,g,t,,e,k,s,w,e
f,n,b,s,b,c,l,o,,e,s,s,n,e
f,n,f,s,n,c,l,o,,t,s,s,w,p
f,n,x,s,n,c,p,o,,t,s,s,w,p
f,n,f,y,n,c,l,o,,t,s,s,w,p
f,e,f,s,n,c,l,o,,t,k,s,w,p
f,n,f,y,n,c,l,o,,t,s,s,w,p
f,n,f,s,n,c,d,o,,t,s,s,w,p
f,e,f,y,n,c,p,o,,t,s,s,w,p
f,e,f,y,n,c,l,o,,t,k,k,w,p
f,n,f,s,n,c,l,o,,t,k,k,w,p
f,e,x,s,n,c,d,o,,t,s,k,w,p
f,w,x,f,b,w,g,t,,e,s,k,w,e
f,n,f,s,n,c,p,o,,t,s,s,w,p
f,e,x,s,n,c,l,o,,t,k,s,w,p
f,n,x,s,n,c,d,o,,t,k,s,w,p
f,n,x,s,n,c,l,o,,t,k,s,w,p
f,n,x,s,n,c,d,o,,t,k,k,w,p
f,n,k,y,n,c,d,o,,t,k,k,w,p
f,n,f,s,n,c,p,o,,t,k,k,w,p
f,e,x,y,n,c,p,o,,t,s,s,w,p
f,n,f,s,n,c,p,o,,t,s,s,w,p
f,n,f,s,n,c,d,o,,t,s,k,w,p
f,n,x,s,n,c,l,o,,t,s,k,w,p
f,n,x,s,n,c,d,o,,t,s,s,w,p
f,e,x,y,n,c,l,o,,t,s,s,w,p
f,e,f,s,n,c,d,o,,t,s,s,w,p
f,e,f,s,n,c,l,o,,t,k,k,w,p
f,n,f,y,n,c,p,o,,t,s,k,w,p
f,e,x,s,n,c,l,o,,t,s,k,w,p
f,e,f,s,n,c,l,o,,t,s,s,w,p
f,e,f,y,n,c,d,o,,t,s,s,w,p
f,e,f,y,n,c,l,o,,t,k,k,w,p
f,e,x,y,n,c,l,o,,t,k,k,w,p
f,n,f,y,n,c,l,o,,t,k,k,w,p
f,n,f,s,n,c,l,o,,t,s,s,w,p
f,n,f,s,n,c,p,o,,t,k,s,w,p
f,e,k,y,n,c,l,o,,t,k,k,w,p
f,e,f,s,n,c,l,o,,t,s,s,w,p
f,e,x,s,n,c,p,o,,t,k,s,w,p
f,e,x,y,n,c,p,o,,t,s,k,w,p
f,e,f,y,n,c,l,o,,t,s,k,w,p
f,e,x,y,n,c,d,o,,t,k,k,w,p
f,e,f,y,n,c,l,o,,t,s,s,w,p
f,n,f,y,n,c,d,o,,t,k,k,w,p
f,e,f,y,n,c,l,o,,t,s,k,w,p
f,e,x,y,n,c,p,o,,t,s,s,w,p
f,e,x,s,n,c,d,o,,t,s,k,w,p
f,e,f,s,n,c,l,o,,t,k,s,w,p
f,e,f,s,n,c,p,o,,t,k,k,w,p
f,e,x,s,n,c,p,o,,t,s,s,w,p
f,e,f,s,n,c,p,o,,t,k,k,w,p
f,e,f,s,n,c,p,o,,t,s,s,w,p
f,n,f,s,n,c,l,o,,t,k,k,w,p
f,e,f,y,n,c,d,o,,t,k,k,w,p
f,n,f,y,n,c,p,o,,t,k,k,w,p
f,e,k,s,n,c,l,o,,t,k,k,w,p
f,n,f,s,n,c,d,o,,t,k,k,w,p
f,n,f,y,n,c,p,o,,t,s,s,w,p
f,e,f,s,n,c,l,o,,t,k,s,w,p
f,e,f,y,n,c,l,o,,t,s,s,w,p
f,n,x,s,n,c,p,o,,t,s,s,w,p
f,n,k,y,n,c,p,o,,t,k,k,w,p
f,e,x,y,n,c,d,o,,t,k,k,w,p
f,e,x,s,n,c,l,o,,t,s,s,w,p
f,g,x,s,b,w,g,t,,e,k,s,w,e
f,n,k,y,n,c,d,o,,t,k,s,w,p
f,n,x,s,n,c,p,o,,t,k,s,w,p
f,n,f,s,n,c,p,o,,t,s,k,w,p
f,n,f,s,n,c,p,o,,t,s,s,w,p
f,e,x,s,n,c,p,o,,t,k,k,w,p
f,e,f,s,n,c,l,o,,t,s,k,w,p
f,e,f,y,n,c,l,o,,t,k,k,w,p
f,e,f,y,n,c,p,o,,t,k,k,w,p
f,n,f,s,n,c,l,o,,t,k,s,w,p
f,e,f,s,n,c,p,o,,t,s,s,w,p
f,n,x,s,n,c,p,o,,t,k,s,w,p
f,e,f,s,n,c,l,o,,t,k,k,w,p
f,e,x,s,n,c,p,o,,t,s,s,w,p
f,e,f,s,n,c,d,o,,t,s,s,w,p
f,e,f,y,n,c,p,o,,t,k,s,w,p
f,e,k,y,n,c,p,o,,t,s,s,w,p
f,n,f,s,n,c,p,o,,t,s,s,w,p
f,e,k,y,n,c,d,o,,t,k,s,w,p
f,e,f,s,n,c,l,o,,t,k,k,w,p
f,e,f,y,n,c,l,o,,t,s,k,w,p
f,e,f,s,n,c,l,o,,t,k,k,w,p
f,n,b,s,b,c,l,o,,e,s,s,o,e
f,n,x,s,n,c,d,o,,t,s,k,w,p
f,e,f,y,n,c,l,o,,t,k,s,w,p
f,n,f,y,n,c,d,o,,t,k,k,w,p
f,e,f,s,n,c,d,o,,t,k,k,w,p
f,n,f,y,n,c,p,o,,t,k,k,w,p
f,n,k,y,b,c,d,n,c,e,k,y,w,p
f,e,x,s,n,c,p,o,,t,k,k,w,p
f,e,f,s,n,c,l,o,,t,k,k,w,p
f,n,k,y,n,c,d,o,,t,k,s,w,p
f,e,f,s,n,c,p,o,,t,s,s,w,p
f,w,k,s,b,w,g,t,,e,k,k,w,e
f,n,f,y,n,c,l,o,,t,k,s,w,p
f,n,f,y,n,c,d,o,,t,s,k,w,p
f,n,f,y,n,c,p,o,,t,s,s,w,p
f,n,f,s,n,c,d,o,,t,k,k,w,p
f,n,f,s,n,c,l,o,,t,s,s,w,p
f,e,f,y,n,c,p,o,,t,k,k,w,p
f,e,x,s,n,c,d,o,,t,k,s,w,p
f,n,f,y,n,c,p,o,,t,k,s,w,p
f,n,x,s,n,c,p,o,,t,s,k,w,p
f,e,x,s,n,c,l,o,,t,s,k,w,p
f,e,x,s,n,c,l,o,,t,s,k,w,p
f,e,f,y,n,c,d,o,,t,k,k,w,p
f,n,x,s,n,c,d,o,,t,k,s,w,p
f,e,x,s,n,c,p,o,,t,s,s,w,p
f,n,f,s,n,c,l,o,,t,k,s,w,p
f,n,x,s,n,c,l,o,,t,k,k,w,p
f,e,f,y,n,c,d,o,,t,k,s,w,p
f,n,x,s,n,c,d,o,,t,k,k,w,p
f,e,f,y,n,c,l,o,,t,k,k,w,p
f,e,f,s,n,c,p,o,,t,k,s,w,p
f,n,f,y,n,c,l,o,,t,k,k,w,p
f,n,f,y,n,c,d,o,,t,s,s,w,p
f,e,x,y,n,c,d,o,,t,k,k,w,p
f,g,k,f,b,w,g,t,,e,k,k,w,e
f,e,x,s,n,c,d,o,,t,s,k,w,p
f,n,k,y,n,c,d,o,,t,s,k,w,p
f,n,k,y,n,c,d,o,,t,s,k,w,p
f,e,x,y,n,c,p,o,,t,s,s,w,p
f,e,f,s,n,c,l,o,,t,k,s,w,p
f,n,f,s,n,c,l,o,,t,k,s,w,p
f,e,f,s,n,c,p,o,,t,s,k,w,p
f,e,x,s,n,c,p,o,,t,k,s,w,p
f,n,f,s,n,c,d,o,,t,s,s,w,p
f,e,f,y,n,c,p,o,,t,s,k,w,p
f,n,x,s,n,c,l,o,,t,s,k,w,p
f,e,x,y,n,c,p,o,,t,s,k,w,p
f,e,f,s,n,c,p,o,,t,k,s,w,p
f,n,x,s,n,c,d,o,,t,k,k,w,p
f,n,f,s,n,c,p,o,,t,k,s,w,p
f,n,x,s,b,c,l,o,,e,s,s,o,e
f,n,k,s,n,c,p,o,,t,k,k,w,p
f,n,f,s,n,c,l,o,,t,s,s,w,p
f,e,k,y,n,c,p,o,,t,k,s,w,p
t,c,x,y,b,c,p,t,b,e,s,s,w,e
f,n,b,s,b,c,l,o,,e,s,s,n,e
f,g,k,s,b,w,g,t,,e,s,k,w,e
f,g,x,f,b,w,g,t,,e,s,k,w,e
f,n,x,s,n,c,d,o,,t,s,k,w,p
f,e,k,y,n,c,p,o,,t,s,s,w,p
f,n,x,s,b,c,l,o,,e,s,s,n,e
f,e,k,s,n,c,d,o,,t,k,k,w,p
f,y,b,y,n,w,l,o,c,e,y,y,y,p
f,e,x,s,n,c,d,o,,t,k,s,w,p
f,g,b,s,b,w,g,t,,e,k,k,w,e
f,e,k,y,n,c,p,o,,t,s,k,w,p
f,e,k,s,n,c,p,o,,t,s,k,w,p
f,e,f,s,n,c,d,o,,t,k,k,w,p
f,n,f,y,n,c,p,o,,t,k,s,w,p
f,e,f,s,n,c,d,o,,t,k,k,w,p
f,g,k,f,b,w,g,t,,e,s,k,w,e
f,n,k,s,n,c,p,o,,t,s,s,w,p
f,e,k,s,n,c,d,o,,t,k,s,w,p
f,e,f,s,n,c,l,o,,t,k,s,w,p
f,g,b,f,b,w,g,t,,e,k,k,w,e
f,n,f,y,n,c,d,o,,t,k,k,w,p
f,n,f,s,n,c,p,o,,t,s,s,w,p
f,n,f,s,b,c,l,o,,e,s,s,n,e
t,p,x,y,b,c,p,t,b,e,s,s,w,e
f,n,f,s,n,c,d,o,,t,k,k,w,p
f,e,k,y,n,c,l,o,,t,k,k,w,p
f,n,f,s,n,c,l,o,,t,s,s,w,p
f,w,b,s,b,w,g,t,,e,s,k,w,e
f,e,x,y,n,c,p,o,,t,k,k,w,p
f,e,f,y,n,c,l,o,,t,k,s,w,p
f,e,f,s,n,c,l,o,,t,k,s,w,p
f,n,k,y,n,c,d,o,,t,s,s,w,p
f,w,x,f,b,w,g,t,,e,s,s,w,e
f,w,b,s,b,w,g,t,,e,s,s,w,e
f,e,k,s,n,c,l,o,,t,k,k,w,p
f,n,f,y,n,c,l,o,,t,s,k,w,p
t,n,f,y,b,c,p,t,b,e,s,s,w,e
f,n,k,s,n,c,d,o,,t,s,s,w,p
f,n,k,s,n,c,l,o,,t,s,k,w,p
f,n,f,y,n,c,l,o,,t,s,k,w,p
f,e,f,y,b,c,d,n,c,e,k,y,w,p
f,e,x,s,n,c,d,o,,t,s,k,w,p
f,e,k,y,n,c,p,o,,t,s,s,w,p
f,n,x,s,n,c,l,o,,t,s,k,w,p
f,e,k,s,n,c,l,o,,t,k,k,w,p
f,n,k,y,n,c,l,o,,t,s,k,w,p
f,e,f,y,n,c,p,o,,t,s,s,w,p
f,w,x,f,b,w,g,t,,e,s,s,w,e
f,n,k,s,n,c,d,o,,t,k,s,w,p
f,n,f,s,n,c,p,o,,t,s,k,w,p
f,e,k,s,n,c,d,o,,t,s,k,w,p
f,e,k,s,n,c,l,o,,t,k,k,w,p
f,n,k,y,n,c,l,o,,t,s,s,w,p
f,w,k,f,b,w,g,t,,e,s,s,w,e
f,n,k,s,n,c,p,o,,t,s,s,w,p
f,n,k,y,n,c,l,o,,t,k,s,w,p
f,n,k,s,n,c,l,o,,t,k,k,w,p
f,e,k,s,n,c,d,o,,t,s,s,w,p
f,n,x,s,n,c,l,o,,t,k,k,w,p
f,e,x,y,n,c,l,o,,t,s,s,w,p
f,e,f,s,n,c,p,o,,t,k,k,w,p
f,n,k,y,n,c,d,o,,t,s,s,w,p
f,n,b,s,b,c,d,t,b,e,y,y,w,e
f,n,f,s,n,c,p,o,,t,s,s,w,p
f,e,k,y,n,c,d,o,,t,k,k,w,p
f,n,x,s,b,c,d,t,b,e,y,y,w,e
f,n,f,s,n,c,d,o,,t,k,k,w,p
f,n,k,s,n,c,l,o,,t,s,s,w,p
f,n,f,y,n,c,p,o,,t,k,k,w,p
f,n,x,s,n,c,p,o,,t,s,s,w,p
f,w,k,f,b,w,g,t,,e,s,s,w,e
f,e,f,y,n,c,d,o,,t,k,k,w,p
f,e,x,s,n,c,p,o,,t,s,k,w,p
f,n,x,s,n,c,l,o,,t,k,s,w,p
f,n,f,s,n,c,p,o,,t,k,s,w,p
f,n,k,s,n,c,l,o,,t,k,k,w,p
f,e,k,s,n,c,p,o,,t,k,s,w,p
f,e,k,s,n,c,l,o,,t,k,s,w,p
f,e,x,s,n,c,d,o,,t,k,k,w,p
f,n,b,s,b,c,p,t,b,e,y,y,w,e
f,e,k,s,n,c,p,o,,t,k,s,w,p
f,n,x,s,n,c,p,o,,t,s,s,w,p
f,e,x,y,n,c,p,o,,t,k,k,w,p
f,e,f,s,n,c,l,o,,t,s,s,w,p
f,n,b,s,b,c,l,o,,e,s,s,n,e
f,g,k,s,b,w,g,t,,e,k,k,w,e
f,e,k,y,b,c,d,n,c,e,k,y,w,p
f,e,k,y,n,c,l,o,,t,k,s,w,p
f,e,f,s,n,c,d,o,,t,k,k,w,p
f,n,k,s,b,c,l,o,,e,s,s,o,e
f,e,f,y,n,c,d,o,,t,k,s,w,p
f,e,k,y,n,c,d,o,,t,s,k,w,p
f,w,k,f,b,w,g,t,,e,k,s,w,e
f,g,x,s,b,w,g,t,,e,s,k,w,e
f,n,k,s,b,c,l,o,,e,s,s,o,e
f,e,k,y,n,c,d,o,,t,s,s,w,p
f,n,k,y,n,c,l,o,,t,k,s,w,p
f,e,k,s,n,c,p,o,,t,k,s,w,p
f,w,x,s,b,w,g,t,,e,k,k,w,e
f,w,k,s,b,w,g,t,,e,k,k,w,e
f,w,k,s,b,w,g,t,,e,k,s,w,e
f,e,k,s,n,c,l,o,,t,k,s,w,p
f,e,x,s,n,c,p,o,,t,s,s,w,p
f,g,k,s,b,w,g,t,,e,s,k,w,e
f,w,x,f,b,w,g,t,,e,s,k,w,e
f,e,k,y,n,c,d,o,,t,s,k,w,p
f,w,b,s,b,w,g,t,,e,s,s,w,e
f,e,k,s,n,c,p,o,,t,s,s,w,p
f,n,f,s,n,c,p,o,,t,s,k,w,p
f,n,f,y,n,c,d,o,,t,s,k,w,p
f,g,k,s,b,w,g,t,,e,s,k,w,e
f,w,x,s,b,w,g,t,,e,s,s,w,e
f,e,f,y,n,c,p,o,,t,s,s,w,p
f,e,x,s,n,c,d,o,,t,s,s,w,p
f,w,x,f,b,w,g,t,,e,k,k,w,e
f,w,k,f,b,w,g,t,,e,k,k,w,e
f,e,f,s,n,c,d,o,,t,k,k,w,p
t,g,f,s,b,c,p,t,b,e,s,s,w,e
f,e,k,s,n,c,d,o,,t,k,s,w,p
f,n,x,s,n,c,p,o,,t,s,k,w,p
f,n,k,s,b,c,l,o,,e,s,s,n,e
f,n,x,s,b,c,l,o,,e,s,s,o,e
f,e,k,y,n,c,l,o,,t,k,s,w,p
f,e,x,s,n,c,d,o,,t,k,s,w,p
f,n,x,s,n,c,d,o,,t,k,s,w,p
f,e,k,s,n,c,d,o,,t,k,k,w,p
f,n,x,s,n,c,l,o,,t,s,k,w,p
f,w,k,f,b,w,g,t,,e,k,s,w,e
f,n,k,s,b,c,l,o,,e,s,s,n,e
f,c,k,y,b,c,d,n,c,e,k,y,w,p
f,g,x,f,b,w,g,t,,e,s,s,w,e
f,n,x,s,b,c,l,o,,e,s,s,o,e
f,n,x,s,b,c,l,o,,e,s,s,o,e
f,e,k,y,n,c,p,o,,t,k,s,w,p
f,w,k,f,b,w,g,t,,e,s,s,w,e
f,g,x,f,b,w,g,t,,e,k,s,w,e
f,n,f,s,b,c,l,o,,e,s,s,o,e
f,n,k,y,n,c,d,o,,t,k,k,w,p
f,n,k,y,n,c,l,o,,t,k,s,w,p
f,n,f,y,n,c,d,o,,t,k,s,w,p
f,e,f,y,n,c,p,o,,t,k,s,w,p
f,g,k,f,b,w,g,t,,e,s,k,w,e
f,e,f,y,n,c,d,o,,t,k,k,w,p
f,n,f,y,n,c,p,o,,t,k,s,w,p
f,e,k,s,n,c,l,o,,t,k,s,w,p
f,g,k,s,b,w,g,t,,e,k,k,w,e
f,n,b,s,b,c,l,o,,e,s,s,n,e
f,n,k,y,n,c,l,o,,t,k,k,w,p
f,n,x,s,n,c,p,o,,t,k,s,w,p
f,n,b,s,b,c,l,o,,e,s,s,n,e
f,n,k,s,n,c,d,o,,t,k,s,w,p
f,n,k,s,n,c,p,o,,t,k,k,w,p
f,e,k,s,n,c,l,o,,t,s,k,w,p
f,e,f,s,n,c,p,o,,t,s,s,w,p
f,e,x,s,n,c,p,o,,t,s,s,w,p
f,e,x,s,n,c,d,o,,t,s,s,w,p
f,n,x,s,n,c,d,o,,t,s,s,w,p
f,n,k,y,n,c,d,o,,t,s,k,w,p
t,p,x,s,b,c,p,t,b,e,s,s,w,e
f,e,f,s,n,c,d,o,,t,s,k,w,p
f,n,x,y,b,c,d,n,c,e,k,y,w,p
f,n,k,s,n,c,l,o,,t,s,s,w,p
f,g,k,s,b,w,g,t,,e,k,k,w,e
f,n,k,s,n,c,d,o,,t,k,s,w,p
f,n,f,y,n,c,p,o,,t,k,k,w,p
f,n,k,s,n,c,p,o,,t,s,k,w,p
f,e,k,y,n,c,d,o,,t,s,k,w,p
f,e,f,y,n,c,d,o,,t,k,s,w,p
t,c,f,s,b,c,p,t,b,e,s,s,w,e
f,n,f,y,n,c,l,o,,t,s,k,w,p
f,e,k,s,n,c,d,o,,t,s,k,w,p
f,e,x,s,n,c,l,o,,t,k,s,w,p
f,e,f,y,n,c,l,o,,t,k,k,w,p
f,n,x,s,n,c,p,o,,t,s,s,w,p
f,n,f,s,b,c,l,o,,e,s,s,n,e
f,e,f,s,n,c,d,o,,t,s,k,w,p
f,e,x,y,n,c,p,o,,t,s,k,w,p
f,e,x,y,n,c,d,o,,t,s,k,w,p
f,e,x,s,n,c,p,o,,t,k,k,w,p
f,e,k,s,n,c,l,o,,t,k,k,w,p
f,e,x,s,n,c,l,o,,t,s,s,w,p
f,g,b,f,b,w,g,t,,e,k,s,w,e
f,e,k,y,n,c,p,o,,t,k,s,w,p
f,e,k,s,n,c,l,o,,t,s,k,w,p
f,g,k,f,b,w,g,t,,e,s,s,w,e
f,n,f,s,b,c,l,o,,e,s,s,n,e
f,n,f,y,b,c,d,n,c,e,k,y,w,p
f,e,k,s,n,c,d,o,,t,s,k,w,p
f,n,f,s,n,c,l,o,,t,k,k,w,p
f,n,k,y,n,c,p,o,,t,k,k,w,p
f,e,k,s,n,c,l,o,,t,s,s,w,p
f,n,k,y,n,c,p,o,,t,s,s,w,p
f,n,k,y,n,c,l,o,,t,s,k,w,p
f,g,x,f,b,w,g,t,,e,k,k,w,e
f,e,k,y,n,c,p,o,,t,k,k,w,p
f,c,x,y,b,c,d,n,c,e,k,y,w,p
f,e,k,y,n,c,p,o,,t,k,k,w,p
f,e,k,y,n,c,l,o,,t,k,k,w,p
f,w,b,s,b,w,g,t,,e,s,k,w,e
f,n,k,s,n,c,d,o,,t,k,k,w,p
f,e,x,s,n,c,p,o,,t,s,k,w,p
f,n,f,y,n,c,l,o,,t,k,s,w,p
f,e,f,s,n,c,p,o,,t,k,k,w,p
f,e,k,y,n,c,d,o,,t,s,k,w,p
f,e,k,y,n,c,d,o,,t,k,s,w,p
f,w,b,f,b,w,g,t,,e,s,s,w,e
f,n,k,y,b,c,d,n,c,e,k,y,w,p
f,e,f,y,n,c,d,o,,t,k,s,w,p
f,n,k,s,n,c,p,o,,t,s,k,w,p
f,n,k,y,n,c,p,o,,t,k,s,w,p
f,e,x,s,n,c,l,o,,t,k,k,w,p
t,g,x,y,b,c,p,t,b,e,s,s,w,e
f,n,f,s,n,c,d,o,,t,k,s,w,p
f,e,k,y,n,c,p,o,,t,k,s,w,p
f,w,k,f,b,w,g,t,,e,k,k,w,e
f,n,x,s,n,c,d,o,,t,k,s,w,p
f,n,k,y,n,c,d,o,,t,s,s,w,p
f,e,x,s,n,c,d,o,,t,s,s,w,p
f,w,k,s,b,w,g,t,,e,s,k,w,e
f,n,f,y,n,c,p,o,,t,s,s,w,p
f,e,k,s,n,c,p,o,,t,k,k,w,p
f,e,k,s,n,c,p,o,,t,k,k,w,p
f,e,f,y,n,c,l,o,,t,s,k,w,p
f,n,f,s,b,c,l,o,,e,s,s,n,e
f,n,f,y,n,c,d,o,,t,k,k,w,p
f,e,k,y,n,c,d,o,,t,s,s,w,p
f,e,k,s,n,c,d,o,,t,s,k,w,p
f,e,k,s,n,c,l,o,,t,s,k,w,p
f,n,b,s,b,c,l,o,,e,s,s,o,e
f,g,k,s,b,w,g,t,,e,k,k,w,e
f,n,x,s,b,c,l,o,,e,s,s,o,e
f,g,x,f,b,w,g,t,,e,k,k,w,e
f,e,k,s,n,c,d,o,,t,s,s,w,p
f,e,f,y,n,c,d,o,,t,s,k,w,p
f,n,k,s,n,c,d,o,,t,k,k,w,p
f,n,k,s,n,c,p,o,,t,k,s,w,p
f,w,b,s,b,w,g,t,,e,k,s,w,e
f,n,f,s,n,c,d,o,,t,s,s,w,p
f,g,b,f,b,w,g,t,,e,s,k,w,e
f,n,x,s,n,c,d,o,,t,k,s,w,p
f,e,x,y,n,c,l,o,,t,s,k,w,p
f,c,f,y,b,c,d,n,c,e,k,y,w,p
f,n,f,s,n,c,d,o,,t,s,s,w,p
f,e,x,y,n,c,l,o,,t,s,s,w,p
f,n,f,s,n,c,l,o,,t,k,k,w,p
f,e,f,y,n,c,p,o,,t,k,s,w,p
f,e,f,s,n,c,l,o,,t,k,k,w,p
f,e,x,s,n,c,d,o,,t,k,k,w,p
f,g,k,s,b,w,g,t,,e,k,s,w,e
f,e,x,s,n,c,p,o,,t,s,s,w,p
f,n,k,s,n,c,l,o,,t,k,s,w,p
f,e,k,y,n,c,l,o,,t,k,s,w,p
f,n,x,s,n,c,p,o,,t,k,k,w,p
f,g,b,s,b,w,g,t,,e,s,k,w,e
f,n,x,s,n,c,l,o,,t,s,s,w,p
f,e,f,s,n,c,d,o,,t,s,s,w,p
f,n,k,s,n,c,d,o,,t,s,s,w,p
f,g,b,s,b,w,g,t,,e,s,s,w,e
f,n,x,s,n,c,p,o,,t,k,k,w,p
f,e,f,y,n,c,p,o,,t,s,k,w,p
f,e,f,s,n,c,d,o,,t,s,k,w,p
f,n,f,y,b,c,d,n,c,e,k,y,w,p
f,g,b,f,b,w,g,t,,e,k,s,w,e
f,e,f,s,n,c,p,o,,t,k,k,w,p
f,n,k,s,n,c,l,o,,t,s,k,w,p
f,g,k,s,b,w,g,t,,e,s,k,w,e
f,n,k,y,n,c,l,o,,t,k,k,w,p
f,e,x,s,n,c,l,o,,t,k,k,w,p
f,n,b,s,b,c,l,o,,e,s,s,o,e
f,n,k,y,n,c,l,o,,t,s,k,w,p
f,n,f,y,n,c,l,o,,t,k,k,w,p
f,n,x,s,b,c,l,o,,e,s,s,n,e
f,n,k,s,n,c,l,o,,t,k,k,w,p
f,n,k,s,n,c,d,o,,t,k,k,w,p
f,n,k,s,n,c,p,o,,t,k,s,w,p
f,n,k,s,n,c,p,o,,t,s,s,w,p
t,c,f,y,b,c,p,t,b,e,s,s,w,e
f,n,f,s,b,c,l,o,,e,s,s,n,e
f,w,b,s,b,w,g,t,,e,k,k,w,e
f,e,k,s,n,c,p,o,,t,s,s,w,p
f,g,b,s,b,w,g,t,,e,s,s,w,e
f,e,k,y,n,c,p,o,,t,k,k,w,p
f,n,k,y,n,c,d,o,,t,s,s,w,p
f,n,x,s,b,c,l,o,,e,s,s,o,e
f,e,x,s,n,c,p,o,,t,k,s,w,p
f,n,x,s,n,c,d,o,,t,k,s,w,p
f,e,f,s,n,c,l,o,,t,k,s,w,p
f,e,f,y,n,c,p,o,,t,s,s,w,p
f,e,x,y,n,c,p,o,,t,k,s,w,p
f,e,k,s,n,c,d,o,,t,k,k,w,p
f,n,k,y,b,c,d,t,b,e,y,y,w,e
f,e,f,s,n,c,d,o,,t,s,s,w,p
f,n,k,s,n,c,p,o,,t,k,k,w,p
f,n,f,y,n,c,p,o,,t,s,s,w,p
f,e,f,s,n,c,d,o,,t,k,s,w,p
f,g,k,f,b,w,g,t,,e,s,s,w,e
f,n,k,s,n,c,d,o,,t,s,k,w,p
f,w,b,f,b,w,g,t,,e,k,s,w,e
f,e,k,s,n,c,l,o,,t,k,k,w,p
f,g,x,s,b,w,g,t,,e,k,k,w,e
f,n,k,s,b,c,l,o,,e,s,s,o,e
f,e,k,s,n,c,p,o,,t,k,s,w,p
f,n,k,y,n,c,l,o,,t,s,s,w,p
f,g,k,f,b,w,g,t,,e,k,k,w,e
f,n,x,s,n,c,l,o,,t,s,s,w,p
f,n,k,y,n,c,l,o,,t,s,s,w,p
f,w,x,f,b,w,g,t,,e,k,s,w,e
f,e,k,y,n,c,p,o,,t,k,s,w,p
f,e,k,s,n,c,l,o,,t,k,s,w,p
f,e,k,s,n,c,l,o,,t,k,k,w,p
f,e,k,y,n,c,p,o,,t,k,s,w,p
f,n,k,y,n,c,p,o,,t,s,s,w,p
f,g,k,s,b,w,g,t,,e,k,k,w,e
f,n,k,y,n,c,p,o,,t,k,k,w,p
f,e,k,s,n,c,l,o,,t,s,s,w,p
f,g,x,s,b,w,g,t,,e,s,k,w,e
f,n,f,s,b,c,l,o,,e,s,s,o,e
f,g,k,s,b,w,g,t,,e,k,s,w,e
f,e,x,s,n,c,p,o,,t,k,s,w,p
f,n,k,s,n,c,d,o,,t,s,s,w,p
f,n,k,s,n,c,p,o,,t,s,k,w,p
f,g,x,s,b,w,g,t,,e,k,s,w,e
f,e,k,y,n,c,p,o,,t,k,k,w,p
f,n,f,s,b,c,l,o,,e,s,s,o,e
f,w,k,s,b,w,g,t,,e,k,k,w,e
f,e,f,y,b,c,d,n,c,e,k,y,w,p
f,g,b,s,b,w,g,t,,e,k,k,w,e
f,n,f,y,n,c,p,o,,t,s,k,w,p
f,n,b,s,b,c,l,o,,e,s,s,n,e
f,g,b,s,b,w,g,t,,e,k,s,w,e
f,n,k,s,b,c,l,o,,e,s,s,o,e
f,g,b,s,b,w,g,t,,e,k,k,w,e
f,n,k,s,n,c,l,o,,t,k,s,w,p
f,n,k,y,n,c,p,o,,t,s,k,w,p
f,n,f,s,b,c,l,o,,e,s,s,n,e
f,e,k,s,n,c,p,o,,t,k,k,w,p
f,e,f,s,n,c,p,o,,t,s,k,w,p
f,n,k,s,n,c,l,o,,t,s,k,w,p
f,n,k,s,n,c,l,o,,t,s,k,w,p
f,n,b,s,b,c,l,o,,e,s,s,o,e
f,g,k,f,b,w,g,t,,e,k,k,w,e
f,n,b,s,b,c,l,o,,e,s,s,o,e
f,n,k,s,n,c,l,o,,t,k,s,w,p
f,e,k,y,n,c,l,o,,t,s,k,w,p
f,e,k,y,n,c,p,o,,t,k,s,w,p
f,n,k,s,n,c,l,o,,t,s,s,w,p
f,n,f,s,b,c,l,o,,e,s,s,o,e
f,e,k,s,n,c,d,o,,t,s,s,w,p
f,n,x,s,b,c,l,o,,e,s,s,o,e
f,n,k,s,n,c,d,o,,t,k,k,w,p
f,w,k,s,b,w,g,t,,e,s,s,w,e
f,e,k,y,n,c,d,o,,t,s,s,w,p
f,n,k,y,n,c,d,o,,t,k,k,w,p
f,g,k,f,b,w,g,t,,e,s,s,w,e
f,n,f,s,n,c,p,o,,t,k,s,w,p
f,g,x,s,b,w,g,t,,e,s,s,w,e
f,n,k,y,n,c,p,o,,t,s,k,w,p
f,e,f,s,n,c,d,o,,t,s,k,w,p
f,w,x,f,b,w,g,t,,e,k,k,w,e
f,n,k,y,n,c,l,o,,t,k,s,w,p
f,n,f,y,b,c,d,n,c,e,k,y,w,p
f,g,b,f,b,w,g,t,,e,s,s,w,e
f,e,k,y,n,c,p,o,,t,k,k,w,p
f,e,x,y,n,c,d,o,,t,k,s,w,p
f,e,k,s,n,c,l,o,,t,k,k,w,p
f,g,k,f,b,w,g,t,,e,s,k,w,e
f,w,k,f,b,w,g,t,,e,s,s,w,e
f,e,k,y,n,c,d,o,,t,s,k,w,p
f,g,k,s,b,w,g,t,,e,s,s,w,e
f,n,k,s,n,c,d,o,,t,s,k,w,p
f,n,k,y,n,c,l,o,,t,s,s,w,p
f,w,k,s,b,w,g,t,,e,k,s,w,e
f,e,k,y,n,c,l,o,,t,k,k,w,p
f,w,b,s,b,w,g,t,,e,k,s,w,e
f,n,k,s,n,c,d,o,,t,s,k,w,p
f,w,x,s,b,w,g,t,,e,s,k,w,e
f,n,b,s,b,c,l,o,,e,s,s,o,e
f,n,k,s,n,c,d,o,,t,k,s,w,p
f,e,k,y,n,c,p,o,,t,s,k,w,p
f,w,x,f,b,w,g,t,,e,s,s,w,e
f,e,x,y,b,c,d,n,c,e,k,y,w,p
f,e,k,s,n,c,p,o,,t,k,k,w,p
f,n,k,s,n,c,l,o,,t,k,k,w,p
f,n,k,y,n,c,p,o,,t,s,s,w,p
f,e,k,s,n,c,d,o,,t,s,k,w,p
f,n,k,s,b,c,l,o,,e,s,s,n,e
f,n,k,y,n,c,l,o,,t,k,s,w,p
f,n,f,y,b,c,d,t,b,e,y,y,w,e
f,g,k,s,b,w,g,t,,e,s,s,w,e
f,e,f,y,n,c,l,o,,t,k,k,w,p
f,y,k,y,n,w,l,o,c,e,y,y,y,p
f,e,k,y,n,c,p,o,,t,s,s,w,p
f,e,k,s,n,c,l,o,,t,k,k,w,p
f,e,k,y,n,c,l,o,,t,s,k,w,p
f,n,b,s,b,c,l,o,,e,s,s,n,e
t,g,x,s,b,c,p,t,b,e,s,s,w,e
f,g,k,s,b,w,g,t,,e,k,s,w,e
f,e,f,y,n,c,p,o,,t,s,k,w,p
f,e,k,s,n,c,p,o,,t,k,k,w,p
f,e,k,y,n,c,l,o,,t,s,s,w,p
f,w,b,f,b,w,g,t,,e,k,k,w,e
f,n,f,s,b,c,l,o,,e,s,s,o,e
f,n,k,s,n,c,p,o,,t,k,k,w,p
f,e,k,s,n,c,d,o,,t,s,s,w,p
f,w,x,f,b,w,g,t,,e,k,s,w,e
f,e,k,y,n,c,l,o,,t,s,k,w,p
f,w,x,f,b,w,g,t,,e,s,s,w,e
f,e,k,y,n,c,l,o,,t,s,s,w,p
f,n,k,y,n,c,p,o,,t,s,k,w,p
f,g,x,s,b,w,g,t,,e,k,s,w,e
f,w,x,s,b,w,g,t,,e,s,k,w,e
f,n,k,y,n,c,d,o,,t,k,k,w,p
f,n,k,s,n,c,l,o,,t,k,s,w,p
f,e,k,s,n,c,d,o,,t,k,s,w,p
f,w,b,f,b,w,g,t,,e,k,k,w,e
f,n,f,s,n,c,p,o,,t,s,k,w,p
f,e,k,s,n,c,d,o,,t,k,k,w,p
f,n,k,s,n,c,l,o,,t,s,s,w,p
f,n,x,y,b,c,d,n,c,e,k,y,w,p
f,n,k,y,n,c,l,o,,t,k,s,w,p
f,n,f,s,b,c,l,o,,e,s,s,n,e
f,e,x,y,n,c,d,o,,t,s,s,w,p
f,n,f,s,b,c,l,o,,e,s,s,n,e
f,w,b,s,b,w,g,t,,e,s,s,w,e
f,g,b,s,b,w,g,t,,e,s,s,w,e
f,e,k,y,n,c,l,o,,t,k,k,w,p
f,n,k,s,n,c,d,o,,t,k,k,w,p
f,e,k,s,n,c,p,o,,t,s,s,w,p
f,e,k,s,n,c,d,o,,t,k,k,w,p
f,w,b,f,b,w,g,t,,e,s,s,w,e
f,g,k,s,b,w,g,t,,e,s,s,w,e
f,e,f,y,b,c,d,n,c,e,k,y,w,p
f,n,k,y,n,c,d,o,,t,s,s,w,p
f,n,k,y,n,c,p,o,,t,s,k,w,p
f,e,f,s,n,c,d,o,,t,s,s,w,p
f,n,x,s,n,c,d,o,,t,s,k,w,p
f,n,k,y,n,c,p,o,,t,k,k,w,p
f,c,k,y,b,c,d,n,c,e,k,y,w,p
f,n,k,y,n,c,d,o,,t,s,k,w,p
f,w,k,s,b,w,g,t,,e,s,s,w,e
f,n,f,y,n,c,l,o,,t,k,k,w,p
f,g,b,f,b,w,g,t,,e,s,s,w,e
f,e,f,s,n,c,d,o,,t,s,k,w,p
f,e,k,s,n,c,l,o,,t,k,k,w,p
f,g,k,s,b,w,g,t,,e,k,s,w,e
f,g,x,s,b,w,g,t,,e,s,s,w,e
f,e,k,s,n,c,l,o,,t,k,s,w,p
f,n,k,s,b,c,l,o,,e,s,s,n,e
t,p,f,y,b,c,p,t,b,e,s,s,w,e
f,w,b,s,b,w,g,t,,e,s,k,w,e
f,n,f,y,n,c,l,o,,t,s,k,w,p
f,e,f,s,n,c,p,o,,t,k,k,w,p
f,e,k,s,n,c,l,o,,t,s,s,w,p
f,g,k,f,b,w,g,t,,e,s,s,w,e
f,w,x,f,b,w,g,t,,e,k,k,w,e
t,c,x,s,b,c,p,t,b,e,s,s,w,e
f,g,k,f,b,w,g,t,,e,s,s,w,e
f,e,k,s,n,c,l,o,,t,s,s,w,p
f,e,k,y,n,c,p,o,,t,s,s,w,p
f,n,k,s,n,c,p,o,,t,s,s,w,p
f,e,x,y,n,c,p,o,,t,s,k,w,p
f,n,k,s,b,c,l,o,,e,s,s,o,e
f,y,f,y,n,w,l,o,c,e,y,y,y,p
f,c,x,y,b,c,d,n,c,e,k,y,w,p
f,n,x,s,n,c,d,o,,t,s,s,w,p
t,p,x,y,b,c,p,t,b,e,s,s,w,e
f,n,k,y,n,c,p,o,,t,s,k,w,p
f,g,k,s,b,w,g,t,,e,s,k,w,e
f,g,b,s,b,w,g,t,,e,s,k,w,e
f,e,k,s,n,c,p,o,,t,k,s,w,p
f,n,x,s,b,c,l,o,,e,s,s,n,e
f,n,b,s,b,c,l,o,,e,s,s,n,e
t,n,f,s,b,c,p,t,b,e,s,s,w,e
f,g,k,s,b,w,g,t,,e,s,s,w,e
f,n,f,s,n,c,d,o,,t,k,s,w,p
f,n,k,s,n,c,d,o,,t,s,s,w,p
f,n,f,y,n,c,l,o,,t,k,s,w,p
f,e,k,y,n,c,d,o,,t,k,s,w,p
f,n,k,s,n,c,l,o,,t,k,s,w,p
f,e,k,s,n,c,p,o,,t,k,s,w,p
f,w,b,s,b,w,g,t,,e,k,s,w,e
f,n,k,y,b,c,d,n,c,e,k,y,w,p
f,e,k,y,n,c,d,o,,t,s,s,w,p
f,n,k,s,b,c,l,o,,e,s,s,o,e
f,e,k,s,n,c,p,o,,t,s,k,w,p
f,w,b,s,b,w,g,t,,e,k,k,w,e
f,g,x,s,b,w,g,t,,e,k,k,w,e
f,n,k,s,n,c,l,o,,t,s,k,w,p
f,n,k,y,n,c,p,o,,t,s,s,w,p
f,n,k,s,n,c,d,o,,t,s,k,w,p
f,e,k,y,n,c,p,o,,t,s,s,w,p
f,e,k,s,n,c,l,o,,t,k,k,w,p
f,n,k,y,n,c,p,o,,t,s,k,w,p
f,g,b,s,b,w,g,t,,e,k,k,w,e
f,e,k,y,n,c,p,o,,t,s,k,w,p
f,w,b,f,b,w,g,t,,e,s,k,w,e
f,y,c,y,n,w,l,o,c,e,y,y,y,p
f,n,x,s,n,c,p,o,,t,s,k,w,p
f,e,k,y,n,c,l,o,,t,k,k,w,p
f,g,x,s,b,w,g,t,,e,s,s,w,e
f,n,b,s,b,c,l,o,,e,s,s,n,e
f,e,k,y,n,c,l,o,,t,s,k,w,p
f,n,b,s,b,c,l,o,,e,s,s,o,e
f,e,k,y,n,c,l,o,,t,s,s,w,p
f,e,k,y,n,c,l,o,,t,k,k,w,p
f,e,k,s,n,c,p,o,,t,s,s,w,p
f,g,b,s,b,w,g,t,,e,s,s,w,e
f,n,k,s,b,c,l,o,,e,s,s,o,e
f,n,b,s,b,c,l,o,,e,s,s,n,e
f,n,x,s,n,c,d,o,,t,s,k,w,p
t,g,x,s,b,c,p,t,b,e,s,s,w,e
f,g,x,f,b,w,g,t,,e,k,s,w,e
f,n,k,s,n,c,l,o,,t,k,s,w,p
f,g,k,f,b,w,g,t,,e,k,s,w,e
f,n,k,s,n,c,p,o,,t,k,s,w,p
f,e,k,y,n,c,d,o,,t,s,s,w,p
f,n,k,y,n,c,d,o,,t,s,s,w,p
t,p,f,s,b,c,p,t,b,e,s,s,w,e
f,n,k,y,n,c,d,o,,t,k,s,w,p
f,e,k,y,n,c,p,o,,t,s,s,w,p
f,n,f,s,b,c,l,o,,e,s,s,n,e
f,e,k,y,n,c,l,o,,t,k,k,w,p
f,n,k,y,n,c,d,o,,t,k,k,w,p
f,n,k,y,n,c,d,o,,t,k,k,w,p
f,n,f,y,n,c,p,o,,t,s,k,w,p
f,e,k,s,n,c,p,o,,t,k,k,w,p
f,e,k,y,n,c,l,o,,t,k,k,w,p
f,n,x,s,b,c,l,o,,e,s,s,o,e
f,e,f,s,n,c,p,o,,t,k,s,w,p
f,g,k,s,b,w,g,t,,e,s,s,w,e
f,e,k,s,n,c,l,o,,t,s,s,w,p
f,e,k,s,n,c,l,o,,t,s,k,w,p
f,n,f,s,b,c,l,o,,e,s,s,o,e
f,n,k,s,n,c,l,o,,t,s,k,w,p
f,g,x,f,b,w,g,t,,e,s,k,w,e
f,n,k,s,b,c,l,o,,e,s,s,o,e
f,e,f,s,n,c,p,o,,t,s,s,w,p
f,n,k,s,n,c,d,o,,t,s,s,w,p
t,n,f,y,b,c,p,t,b,e,s,s,w,e
f,g,x,f,b,w,g,t,,e,s,k,w,e
f,w,k,s,b,w,g,t,,e,k,s,w,e
f,n,b,s,b,c,l,o,,e,s,s,n,e
f,e,k,y,n,c,p,o,,t,k,k,w,p
f,e,k,y,n,c,l,o,,t,s,s,w,p
f,n,k,y,b,c,p,t,b,e,y,y,w,e
f,g,x,f,b,w,g,t,,e,k,k,w,e
f,n,k,s,n,c,p,o,,t,k,k,w,p
f,e,k,y,n,c,l,o,,t,s,k,w,p
f,n,k,y,n,c,d,o,,t,s,k,w,p
f,n,f,y,n,c,l,o,,t,s,k,w,p
f,n,f,s,b,c,l,o,,e,s,s,n,e
f,e,f,y,n,c,d,o,,t,s,s,w,p
f,n,k,s,n,c,p,o,,t,s,k,w,p
f,n,k,s,n,c,l,o,,t,s,k,w,p
f,n,b,s,b,c,l,o,,e,s,s,o,e
f,g,x,f,b,w,g,t,,e,k,s,w,e
f,n,k,s,n,c,p,o,,t,s,k,w,p
f,n,k,y,n,c,p,o,,t,s,s,w,p
f,g,x,s,b,w,g,t,,e,s,s,w,e
f,n,k,y,n,c,d,o,,t,k,k,w,p
f,e,k,s,n,c,d,o,,t,k,s,w,p
f,e,k,y,n,c,l,o,,t,s,k,w,p
f,n,b,s,b,c,l,o,,e,s,s,n,e
f,g,b,s,b,w,g,t,,e,s,k,w,e
f,e,x,y,b,c,d,n,c,e,k,y,w,p
f,n,k,s,n,c,p,o,,t,k,s,w,p
f,e,k,y,n,c,d,o,,t,k,s,w,p
f,e,k,y,n,c,d,o,,t,s,k,w,p
f,n,k,s,n,c,d,o,,t,k,k,w,p
f,e,k,y,n,c,l,o,,t,k,s,w,p
f,e,k,s,n,c,d,o,,t,s,s,w,p
f,e,x,s,n,c,p,o,,t,k,s,w,p
f,e,k,s,n,c,d,o,,t,s,s,w,p
f,n,k,s,n,c,d,o,,t,s,s,w,p
f,g,b,f,b,w,g,t,,e,k,k,w,e
f,n,k,y,b,c,d,n,c,e,k,y,w,p
t,n,f,s,b,c,p,t,b,e,s,s,w,e
f,n,k,s,n,c,p,o,,t,k,k,w,p
f,y,f,y,n,w,l,o,c,e,y,y,y,p
f,n,k,s,n,c,l,o,,t,k,s,w,p
f,e,f,y,b,c,d,n,c,e,k,y,w,p
f,g,x,f,b,w,g,t,,e,s,s,w,e
f,n,k,y,n,c,d,o,,t,s,k,w,p
f,n,k,s,n,c,l,o,,t,k,s,w,p
f,n,f,y,n,c,d,o,,t,s,s,w,p
f,n,f,s,b,c,l,o,,e,s,s,o,e
f,n,k,y,n,c,d,o,,t,s,s,w,p
f,n,f,y,n,c,d,o,,t,k,k,w,p
f,n,k,s,n,c,p,o,,t,k,k,w,p
f,e,f,y,n,c,l,o,,t,s,k,w,p
f,n,k,s,n,c,p,o,,t,k,k,w,p
f,e,x,y,n,c,d,o,,t,s,s,w,p
f,n,k,y,n,c,p,o,,t,s,k,w,p
f,w,x,s,b,w,g,t,,e,k,s,w,e
f,g,x,s,b,w,g,t,,e,s,k,w,e
f,w,x,f,b,w,g,t,,e,k,k,w,e
f,n,k,s,n,c,d,o,,t,k,s,w,p
f,e,k,s,n,c,d,o,,t,k,k,w,p
f,e,k,y,n,c,p,o,,t,s,k,w,p
f,e,k,s,n,c,d,o,,t,s,s,w,p
f,n,k,s,n,c,p,o,,t,k,s,w,p
f,n,k,y,n,c,l,o,,t,k,k,w,p
f,e,k,y,n,c,p,o,,t,s,s,w,p
f,n,k,s,n,c,d,o,,t,s,k,w,p
f,e,k,s,n,c,d,o,,t,s,k,w,p
f,n,f,s,b,c,l,o,,e,s,s,n,e
f,n,f,s,n,c,d,o,,t,s,s,w,p
f,n,k,s,n,c,l,o,,t,k,k,w,p
f,g,x,s,b,w,g,t,,e,k,s,w,e
f,w,x,f,b,w,g,t,,e,s,s,w,e
f,n,k,y,n,c,d,o,,t,s,s,w,p
f,n,x,s,b,c,l,o,,e,s,s,n,e
f,n,k,y,n,c,l,o,,t,k,k,w,p
f,n,k,y,n,c,l,o,,t,s,s,w,p
f,n,k,y,n,c,p,o,,t,s,s,w,p
f,e,k,y,n,c,l,o,,t,k,s,w,p
f,n,k,s,n,c,l,o,,t,k,k,w,p
f,n,b,s,b,c,l,o,,e,s,s,n,e
f,n,f,s,b,c,l,o,,e,s,s,o,e
f,w,b,s,b,w,g,t,,e,k,k,w,e
f,n,k,s,n,c,l,o,,t,k,k,w,p
f,n,x,s,b,c,l,o,,e,s,s,n,e
f,n,k,y,n,c,d,o,,t,k,s,w,p
f,g,b,f,b,w,g,t,,e,k,k,w,e
f,g,b,s,b,w,g,t,,e,k,s,w,e
f,n,x,s,n,c,d,o,,t,k,k,w,p
f,n,x,s,b,c,l,o,,e,s,s,o,e
f,w,x,s,b,w,g,t,,e,s,k,w,e
f,n,x,s,b,c,p,t,b,e,y,y,w,e
f,g,k,s,b,w,g,t,,e,s,k,w,e
f,w,x,s,b,w,g,t,,e,k,k,w,e
f,c,f,y,b,c,d,n,c,e,k,y,w,p
f,n,x,s,b,c,l,o,,e,s,s,o,e
f,e,k,s,n,c,l,o,,t,s,k,w,p
f,e,k,y,n,c,l,o,,t,s,k,w,p
f,w,x,s,b,w,g,t,,e,k,s,w,e
f,w,k,f,b,w,g,t,,e,k,k,w,e
f,g,b,f,b,w,g,t,,e,k,s,w,e
f,n,k,s,b,c,l,o,,e,s,s,o,e
f,n,k,y,n,c,p,o,,t,s,s,w,p
f,e,f,y,n,c,p,o,,t,k,k,w,p
f,e,k,s,n,c,l,o,,t,s,k,w,p
f,n,k,s,b,c,l,o,,e,s,s,n,e
t,p,f,s,b,c,p,t,b,e,s,s,w,e
f,n,k,y,n,c,p,o,,t,k,k,w,p
f,w,b,s,b,w,g,t,,e,k,s,w,e
f,e,k,s,n,c,p,o,,t,s,s,w,p
f,w,k,s,b,w,g,t,,e,k,k,w,e
f,n,k,y,n,c,l,o,,t,s,k,w,p
f,n,k,s,n,c,l,o,,t,s,s,w,p
f,n,f,s,b,c,l,o,,e,s,s,o,e
f,n,k,s,n,c,l,o,,t,k,k,w,p
f,e,k,y,n,c,d,o,,t,k,k,w,p
f,n,x,s,b,c,l,o,,e,s,s,n,e
f,w,x,f,b,w,g,t,,e,k,k,w,e
f,g,x,f,b,w,g,t,,e,k,s,w,e
f,n,x,s,b,c,l,o,,e,s,s,n,e
f,n,k,s,n,c,p,o,,t,s,s,w,p
f,e,k,y,n,c,p,o,,t,k,k,w,p
f,w,x,s,b,w,g,t,,e,s,s,w,e
f,e,k,y,n,c,d,o,,t,k,s,w,p
f,g,x,f,b,w,g,t,,e,s,s,w,e
f,n,k,s,n,c,l,o,,t,k,k,w,p
f,n,f,y,n,c,d,o,,t,s,k,w,p
f,e,k,s,n,c,d,o,,t,k,s,w,p
f,n,k,s,b,c,p,t,b,e,y,y,w,e
f,e,k,s,n,c,l,o,,t,k,s,w,p
f,n,k,s,n,c,p,o,,t,k,s,w,p
f,g,b,s,b,w,g,t,,e,s,s,w,e
f,n,k,y,n,c,l,o,,t,k,k,w,p
f,n,k,s,n,c,p,o,,t,k,s,w,p
f,g,k,f,b,w,g,t,,e,k,s,w,e
f,n,k,y,n,c,l,o,,t,s,k,w,p
f,e,k,s,n,c,l,o,,t,s,k,w,p
f,n,k,y,n,c,p,o,,t,k,s,w,p
f,e,k,s,n,c,d,o,,t,s,s,w,p
f,w,k,f,b,w,g,t,,e,s,k,w,e
f,e,k,y,n,c,d,o,,t,k,s,w,p
f,e,k,y,n,c,d,o,,t,k,k,w,p
f,w,b,f,b,w,g,t,,e,k,s,w,e
f,g,x,s,b,w,g,t,,e,s,s,w,e
f,g,b,s,b,w,g,t,,e,k,s,w,e
f,e,k,y,n,c,p,o,,t,s,k,w,p
f,n,k,s,n,c,p,o,,t,s,k,w,p
f,e,k,y,n,c,d,o,,t,k,k,w,p
f,w,b,s,b,w,g,t,,e,s,k,w,e
f,e,f,s,n,c,d,o,,t,s,s,w,p
f,n,k,s,n,c,d,o,,t,k,k,w,p
f,w,k,s,b,w,g,t,,e,s,k,w,e
f,e,k,y,n,c,d,o,,t,s,k,w,p
f,e,k,s,n,c,l,o,,t,k,s,w,p
f,n,k,s,n,c,d,o,,t,s,k,w,p
t,n,x,s,b,c,p,t,b,e,s,s,w,e
f,n,k,s,n,c,p,o,,t,k,k,w,p
f,e,k,y,n,c,p,o,,t,k,k,w,p
f,y,b,y,n,w,l,o,c,e,y,y,y,p
f,e,k,y,n,c,l,o,,t,k,k,w,p
t,n,x,s,b,c,p,t,b,e,s,s,w,e
f,e,k,s,n,c,p,o,,t,s,s,w,p
f,g,k,f,b,w,g,t,,e,k,k,w,e
f,e,k,s,n,c,d,o,,t,s,s,w,p
f,e,k,s,n,c,d,o,,t,k,k,w,p
f,n,k,s,n,c,l,o,,t,s,s,w,p
f,n,k,y,n,c,l,o,,t,s,s,w,p
f,g,x,f,b,w,g,t,,e,k,s,w,e
f,w,b,s,b,w,g,t,,e,k,s,w,e
f,e,k,y,n,c,d,o,,t,k,s,w,p
f,n,b,s,b,c,l,o,,e,s,s,o,e
f,e,k,y,n,c,p,o,,t,k,k,w,p
f,e,k,s,n,c,p,o,,t,s,k,w,p
f,g,b,s,b,w,g,t,,e,k,s,w,e
f,e,k,s,n,c,p,o,,t,s,s,w,p
f,n,b,s,b,c,l,o,,e,s,s,n,e
f,n,f,s,n,c,p,o,,t,s,s,w,p
f,e,k,s,n,c,d,o,,t,k,s,w,p
f,n,k,s,n,c,l,o,,t,k,s,w,p
f,n,k,y,n,c,l,o,,t,s,s,w,p
f,g,b,f,b,w,g,t,,e,s,s,w,e
f,w,k,s,b,w,g,t,,e,s,s,w,e
f,n,k,s,n,c,l,o,,t,s,k,w,p
f,n,f,y,n,c,d,o,,t,k,k,w,p
f,w,x,s,b,w,g,t,,e,k,k,w,e
f,n,x,s,b,c,l,o,,e,s,s,o,e
f,n,k,s,n,c,p,o,,t,k,s,w,p
f,n,k,y,n,c,l,o,,t,s,s,w,p
f,n,k,s,b,c,l,o,,e,s,s,o,e
f,w,b,f,b,w,g,t,,e,k,k,w,e
f,w,x,s,b,w,g,t,,e,k,k,w,e
f,e,f,y,n,c,p,o,,t,s,s,w,p
f,e,k,y,n,c,l,o,,t,s,s,w,p
f,e,x,y,b,c,d,n,c,e,k,y,w,p
f,n,f,s,b,c,l,o,,e,s,s,n,e
f,n,k,s,n,c,d,o,,t,s,k,w,p
f,n,x,s,n,c,d,o,,t,k,k,w,p
f,e,k,y,n,c,d,o,,t,s,k,w,p
f,w,b,s,b,w,g,t,,e,s,s,w,e
f,g,b,s,b,w,g,t,,e,k,s,w,e
f,g,k,f,b,w,g,t,,e,k,s,w,e
f,g,k,f,b,w,g,t,,e,k,k,w,e
f,w,x,f,b,w,g,t,,e,k,s,w,e
f,e,k,y,n,c,p,o,,t,k,s,w,p
f,e,f,y,n,c,l,o,,t,k,s,w,p
f,e,k,y,n,c,l,o,,t,s,s,w,p
f,n,f,s,n,c,l,o,,t,k,k,w,p
f,w,b,s,b,w,g,t,,e,k,s,w,e
f,w,k,s,b,w,g,t,,e,k,k,w,e
f,w,b,f,b,w,g,t,,e,s,s,w,e
f,n,f,s,b,c,l,o,,e,s,s,n,e
f,e,k,y,n,c,d,o,,t,s,s,w,p
f,n,k,s,n,c,p,o,,t,s,s,w,p
f,n,k,s,n,c,p,o,,t,s,k,w,p
f,n,f,y,n,c,d,o,,t,s,k,w,p
f,e,x,s,n,c,l,o,,t,k,k,w,p
f,n,f,s,b,c,l,o,,e,s,s,o,e
f,w,k,f,b,w,g,t,,e,s,k,w,e
f,n,k,s,n,c,d,o,,t,k,s,w,p
f,n,x,s,n,c,d,o,,t,k,s,w,p
f,g,b,f,b,w,g,t,,e,s,k,w,e
f,n,k,y,n,c,d,o,,t,k,k,w,p
f,n,b,s,b,c,l,o,,e,s,s,o,e
f,n,f,s,b,c,l,o,,e,s,s,o,e
f,e,k,y,n,c,p,o,,t,k,k,w,p
f,e,k,s,n,c,d,o,,t,k,k,w,p
f,n,k,y,n,c,p,o,,t,k,s,w,p
f,e,k,y,n,c,p,o,,t,s,k,w,p
f,n,k,y,n,c,d,o,,t,k,k,w,p
f,g,x,s,b,w,g,t,,e,k,k,w,e
f,n,k,y,n,c,d,o,,t,s,s,w,p
t,c,f,y,b,c,p,t,b,e,s,s,w,e
f,n,b,s,b,c,l,o,,e,s,s,n,e
f,e,k,s,n,c,l,o,,t,s,k,w,p
f,n,k,s,n,c,d,o,,t,s,s,w,p
f,n,k,y,n,c,p,o,,t,s,s,w,p
f,g,b,f,b,w,g,t,,e,s,k,w,e
f,n,k,y,n,c,p,o,,t,k,k,w,p
f,w,b,f,b,w,g,t,,e,k,k,w,e
f,e,k,s,n,c,l,o,,t,s,k,w,p
f,w,x,s,b,w,g,t,,e,s,k,w,e
f,e,k,y,n,c,l,o,,t,s,k,w,p
f,e,k,y,n,c,d,o,,t,s,k,w,p
f,w,x,s,b,w,g,t,,e,k,s,w,e
f,e,k,y,n,c,d,o,,t,s,s,w,p
f,n,k,y,n,c,p,o,,t,s,k,w,p
f,n,k,s,b,c,l,o,,e,s,s,n,e
f,n,k,s,b,c,l,o,,e,s,s,n,e
f,e,k,s,n,c,l,o,,t,k,s,w,p
f,e,k,s,n,c,p,o,,t,k,s,w,p
f,n,k,s,b,c,l,o,,e,s,s,n,e
f,n,k,s,n,c,d,o,,t,s,k,w,p
f,e,k,s,n,c,d,o,,t,s,s,w,p
f,e,k,y,n,c,d,o,,t,k,k,w,p
f,e,k,y,n,c,d,o,,t,s,s,w,p
f,e,k,y,n,c,l,o,,t,s,k,w,p
f,w,k,f,b,w,g,t,,e,s,k,w,e
f,n,b,s,b,c,l,o,,e,s,s,o,e
f,e,k,s,n,c,d,o,,t,k,k,w,p
f,n,f,s,b,c,l,o,,e,s,s,o,e
f,n,f,y,b,c,p,t,b,e,y,y,w,e
f,e,k,y,n,c,l,o,,t,k,s,w,p
t,g,f,s,b,c,p,t,b,e,s,s,w,e
t,p,x,s,b,c,p,t,b,e,s,s,w,e
f,y,c,y,n,w,l,o,c,e,y,y,y,p
f,e,k,s,n,c,p,o,,t,k,s,w,p
f,e,k,y,n,c,d,o,,t,s,k,w,p
f,e,k,y,b,c,d,n,c,e,k,y,w,p
f,n,b,s,b,c,l,o,,e,s,s,n,e
f,n,k,s,n,c,l,o,,t,s,k,w,p
f,w,x,s,b,w,g,t,,e,s,k,w,e
f,e,x,s,n,c,l,o,,t,s,s,w,p
f,c,x,y,b,c,d,n,c,e,k,y,w,p
f,n,f,s,n,c,l,o,,t,s,s,w,p
f,n,k,s,b,c,l,o,,e,s,s,o,e
f,n,b,y,b,c,d,t,b,e,y,y,w,e
f,n,f,s,n,c,d,o,,t,k,s,w,p
f,n,k,s,n,c,p,o,,t,s,s,w,p
f,g,b,s,b,w,g,t,,e,k,k,w,e
t,n,x,y,b,c,p,t,b,e,s,s,w,e
f,n,f,s,n,c,p,o,,t,k,s,w,p
f,n,k,s,b,c,l,o,,e,s,s,n,e
f,w,b,f,b,w,g,t,,e,k,s,w,e
f,w,x,f,b,w,g,t,,e,s,s,w,e
f,n,k,s,n,c,d,o,,t,k,s,w,p
f,n,x,y,b,c,d,n,c,e,k,y,w,p
f,e,k,y,n,c,p,o,,t,s,s,w,p
f,n,x,s,b,c,l,o,,e,s,s,n,e
f,e,k,s,n,c,p,o,,t,s,s,w,p
f,e,x,s,n,c,l,o,,t,k,s,w,p
f,n,k,s,n,c,l,o,,t,k,s,w,p
f,e,k,y,n,c,d,o,,t,k,k,w,p
f,n,k,y,n,c,l,o,,t,k,k,w,p
f,e,k,s,n,c,d,o,,t,s,k,w,p
f,g,b,f,b,w,g,t,,e,s,s,w,e
f,n,k,s,b,c,l,o,,e,s,s,n,e
f,n,k,y,n,c,p,o,,t,k,k,w,p
f,y,k,y,n,w,l,o,c,e,y,y,y,p
f,w,k,s,b,w,g,t,,e,k,s,w,e
f,n,x,s,b,c,l,o,,e,s,s,o,e
f,n,k,s,n,c,p,o,,t,k,s,w,p
f,g,k,f,b,w,g,t,,e,s,k,w,e
f,w,k,f,b,w,g,t,,e,s,s,w,e
f,n,f,s,b,c,l,o,,e,s,s,n,e
f,w,x,s,b,w,g,t,,e,k,k,w,e
f,g,b,s,b,w,g,t,,e,k,k,w,e
f,w,x,f,b,w,g,t,,e,s,k,w,e
f,w,k,f,b,w,g,t,,e,k,s,w,e
f,n,k,s,n,c,d,o,,t,s,s,w,p
f,e,k,y,n,c,d,o,,t,s,s,w,p
f,g,k,f,b,w,g,t,,e,s,s,w,e
f,w,x,s,b,w,g,t,,e,s,s,w,e
f,n,k,s,n,c,p,o,,t,s,s,w,p
f,n,k,y,n,c,d,o,,t,k,s,w,p
f,n,k,y,n,c,p,o,,t,k,k,w,p
f,e,k,s,n,c,p,o,,t,k,k,w,p
f,e,k,s,n,c,l,o,,t,k,s,w,p
f,n,b,s,b,c,l,o,,e,s,s,o,e
f,e,k,s,n,c,p,o,,t,s,k,w,p
f,g,x,s,b,w,g,t,,e,s,s,w,e
f,n,x,s,b,c,l,o,,e,s,s,o,e
f,w,b,s,b,w,g,t,,e,k,k,w,e
f,e,k,s,n,c,p,o,,t,k,s,w,p
f,n,x,s,b,c,l,o,,e,s,s,o,e
f,n,k,s,n,c,d,o,,t,k,k,w,p
f,e,k,s,n,c,d,o,,t,k,s,w,p
f,e,k,y,n,c,p,o,,t,s,k,w,p
f,w,b,f,b,w,g,t,,e,s,s,w,e
f,n,k,y,n,c,d,o,,t,k,s,w,p
f,e,k,s,n,c,d,o,,t,k,k,w,p
f,g,b,s,b,w,g,t,,e,s,k,w,e
f,n,k,s,n,c,d,o,,t,k,k,w,p
f,n,x,s,n,c,p,o,,t,s,k,w,p
f,e,k,y,n,c,l,o,,t,k,s,w,p
f,w,x,s,b,w,g,t,,e,s,s,w,e
f,w,x,s,b,w,g,t,,e,k,k,w,e
f,n,k,y,n,c,p,o,,t,k,s,w,p
f,n,k,s,b,c,d,t,b,e,y,y,w,e
f,e,k,s,n,c,d,o,,t,s,k,w,p
f,e,k,y,n,c,l,o,,t,s,s,w,p
f,n,b,s,b,c,l,o,,e,s,s,o,e
f,g,b,f,b,w,g,t,,e,s,k,w,e
f,e,k,s,n,c,l,o,,t,s,s,w,p
f,n,k,s,n,c,l,o,,t,s,s,w,p
f,n,f,y,n,c,p,o,,t,k,k,w,p
f,n,f,y,n,c,d,o,,t,s,k,w,p
f,n,f,s,b,c,l,o,,e,s,s,o,e
f,n,k,y,n,c,d,o,,t,s,s,w,p
f,w,k,s,b,w,g,t,,e,s,s,w,e
f,n,b,s,b,c,l,o,,e,s,s,o,e
f,n,k,y,n,c,p,o,,t,k,k,w,p
f,n,k,s,n,c,p,o,,t,k,s,w,p
f,e,k,s,n,c,d,o,,t,s,k,w,p
f,w,k,s,b,w,g,t,,e,s,k,w,e
f,e,k,y,n,c,l,o,,t,k,s,w,p
f,w,x,s,b,w,g,t,,e,s,s,w,e
f,e,k,y,n,c,d,o,,t,k,s,w,p
f,e,k,y,n,c,d,o,,t,k,k,w,p
f,n,k,y,n,c,d,o,,t,k,s,w,p
f,c,f,y,b,c,d,n,c,e,k,y,w,p
f,n,x,s,n,c,d,o,,t,s,k,w,p
f,g,k,f,b,w,g,t,,e,k,s,w,e
f,e,k,s,n,c,l,o,,t,s,s,w,p
f,n,x,y,b,c,d,n,c,e,k,y,w,p
f,e,f,y,n,c,l,o,,t,s,s,w,p
f,n,k,s,b,c,l,o,,e,s,s,n,e
f,n,k,s,n,c,p,o,,t,s,s,w,p
f,g,b,f,b,w,g,t,,e,s,k,w,e
f,w,b,f,b,w,g,t,,e,s,k,w,e
f,n,x,s,b,c,l,o,,e,s,s,o,e
f,n,k,y,n,c,l,o,,t,s,k,w,p
f,n,f,s,b,c,l,o,,e,s,s,n,e
f,w,x,s,b,w,g,t,,e,s,s,w,e
f,e,k,s,n,c,l,o,,t,s,s,w,p
f,e,k,s,n,c,p,o,,t,k,k,w,p
f,g,x,s,b,w,g,t,,e,k,k,w,e
f,g,b,s,b,w,g,t,,e,s,s,w,e
f,n,k,y,n,c,d,o,,t,s,k,w,p
f,e,k,y,b,c,d,n,c,e,k,y,w,p
f,e,k,y,n,c,p,o,,t,s,s,w,p
f,n,k,y,n,c,p,o,,t,s,k,w,p
f,w,x,f,b,w,g,t,,e,k,s,w,e
f,e,k,y,n,c,l,o,,t,k,s,w,p
f,n,b,s,b,c,l,o,,e,s,s,n,e
f,n,k,y,n,c,d,o,,t,k,k,w,p
f,n,k,s,n,c,p,o,,t,s,s,w,p
f,n,b,s,b,c,l,o,,e,s,s,n,e
f,n,f,s,b,c,l,o,,e,s,s,n,e
f,g,k,s,b,w,g,t,,e,k,k,w,e
f,n,f,s,b,c,l,o,,e,s,s,o,e
f,e,k,y,n,c,l,o,,t,s,k,w,p
f,n,b,s,b,c,l,o,,e,s,s,n,e
f,n,k,s,b,c,l,o,,e,s,s,o,e
f,e,k,y,n,c,d,o,,t,s,k,w,p
f,n,f,s,b,c,l,o,,e,s,s,o,e
f,e,k,s,n,c,d,o,,t,k,s,w,p
f,g,b,f,b,w,g,t,,e,k,k,w,e
f,n,k,y,n,c,d,o,,t,s,s,w,p
f,n,f,s,b,c,l,o,,e,s,s,o,e
f,n,k,s,n,c,l,o,,t,k,k,w,p
f,g,x,s,b,w,g,t,,e,k,s,w,e
f,g,x,s,b,w,g,t,,e,k,k,w,e
f,n,k,s,b,c,l,o,,e,s,s,n,e
f,n,x,s,b,c,l,o,,e,s,s,n,e
f,e,k,y,n,c,d,o,,t,s,s,w,p
f,g,x,f,b,w,g,t,,e,k,k,w,e
f,n,k,s,n,c,d,o,,t,k,s,w,p
f,e,k,y,n,c,d,o,,t,k,s,w,p
f,n,k,y,n,c,p,o,,t,s,s,w,p
f,e,k,s,n,c,d,o,,t,k,s,w,p
f,n,k,y,n,c,l,o,,t,s,k,w,p
f,e,k,y,n,c,l,o,,t,s,s,w,p
f,w,x,s,b,w,g,t,,e,k,s,w,e
f,n,k,s,n,c,l,o,,t,s,s,w,p
f,e,k,s,n,c,p,o,,t,k,s,w,p
f,e,k,s,n,c,p,o,,t,s,s,w,p
f,g,x,f,b,w,g,t,,e,s,s,w,e
f,n,x,s,b,c,l,o,,e,s,s,o,e
f,w,b,s,b,w,g,t,,e,k,k,w,e
f,n,k,s,n,c,l,o,,t,s,k,w,p
f,n,k,y,n,c,l,o,,t,s,s,w,p
f,n,k,s,n,c,d,o,,t,s,s,w,p
f,e,x,y,n,c,p,o,,t,k,s,w,p
f,e,k,y,n,c,d,o,,t,k,s,w,p
f,n,x,s,b,c,l,o,,e,s,s,o,e
f,g,x,s,b,w,g,t,,e,k,s,w,e
f,e,k,s,n,c,l,o,,t,k,s,w,p
f,e,k,y,n,c,l,o,,t,k,s,w,p
f,w,k,s,b,w,g,t,,e,k,s,w,e
f,n,b,s,b,c,l,o,,e,s,s,o,e
f,w,k,s,b,w,g,t,,e,k,k,w,e
f,e,k,s,n,c,d,o,,t,s,k,w,p
f,n,k,y,n,c,p,o,,t,s,k,w,p
f,e,k,s,n,c,l,o,,t,s,s,w,p
f,n,k,s,n,c,d,o,,t,k,s,w,p
f,n,x,s,n,c,l,o,,t,k,k,w,p
f,n,k,s,b,c,l,o,,e,s,s,o,e
f,n,k,s,n,c,d,o,,t,k,s,w,p
f,n,k,s,n,c,d,o,,t,k,k,w,p
f,e,k,y,n,c,l,o,,t,s,k,w,p
f,w,x,f,b,w,g,t,,e,s,k,w,e
f,e,f,s,n,c,d,o,,t,k,s,w,p
f,n,k,s,n,c,l,o,,t,k,s,w,p
f,e,k,s,n,c,d,o,,t,s,s,w,p
f,n,f,s,b,c,l,o,,e,s,s,o,e
f,n,x,y,b,c,d,t,b,e,y,y,w,e
f,n,k,y,n,c,d,o,,t,k,s,w,p
f,e,k,s,n,c,l,o,,t,k,k,w,p
f,w,b,s,b,w,g,t,,e,s,k,w,e
f,n,k,y,n,c,p,o,,t,s,s,w,p
f,n,k,s,n,c,p,o,,t,s,s,w,p
f,n,x,s,b,c,l,o,,e,s,s,o,e
f,g,x,s,b,w,g,t,,e,s,k,w,e
f,g,x,s,b,w,g,t,,e,k,k,w,e
f,n,f,y,n,c,p,o,,t,k,k,w,p
f,n,f,y,n,c,d,o,,t,s,s,w,p
t,g,f,y,b,c,p,t,b,e,s,s,w,e
f,e,k,s,n,c,d,o,,t,s,s,w,p
f,w,x,f,b,w,g,t,,e,k,s,w,e
f,n,k,y,n,c,p,o,,t,s,k,w,p
f,n,k,s,n,c,p,o,,t,s,k,w,p
f,e,x,s,n,c,p,o,,t,s,k,w,p
f,g,x,f,b,w,g,t,,e,k,s,w,e
f,n,f,s,b,c,l,o,,e,s,s,o,e
f,e,x,y,n,c,p,o,,t,k,s,w,p
f,w,b,f,b,w,g,t,,e,s,s,w,e
f,e,k,s,n,c,l,o,,t,s,s,w,p
f,g,x,f,b,w,g,t,,e,s,s,w,e
f,n,f,y,b,c,d,n,c,e,k,y,w,p
f,n,x,s,b,c,l,o,,e,s,s,n,e
f,g,b,s,b,w,g,t,,e,s,k,w,e
f,n,b,s,b,c,l,o,,e,s,s,o,e
f,e,k,s,n,c,d,o,,t,k,k,w,p
f,n,f,s,b,c,l,o,,e,s,s,o,e
f,g,x,f,b,w,g,t,,e,s,k,w,e
f,n,k,s,n,c,p,o,,t,s,k,w,p
f,w,x,f,b,w,g,t,,e,s,k,w,e
t,p,f,y,b,c,p,t,b,e,s,s,w,e
f,e,k,y,n,c,l,o,,t,s,s,w,p
f,g,k,f,b,w,g,t,,e,s,k,w,e
f,n,k,s,b,c,l,o,,e,s,s,o,e
f,n,k,s,n,c,d,o,,t,k,k,w,p
f,n,k,s,n,c,l,o,,t,s,k,w,p
f,e,k,s,n,c,p,o,,t,s,k,w,p
f,n,k,y,n,c,d,o,,t,s,k,w,p
f,n,k,s,b,c,l,o,,e,s,s,n,e
f,n,k,y,n,c,p,o,,t,k,s,w,p
f,w,k,f,b,w,g,t,,e,s,k,w,e
f,e,k,y,n,c,p,o,,t,k,k,w,p
f,n,f,s,b,c,p,t,b,e,y,y,w,e
f,e,k,s,n,c,p,o,,t,s,k,w,p
f,g,x,f,b,w,g,t,,e,k,k,w,e
f,e,k,y,n,c,d,o,,t,s,s,w,p
f,e,k,y,n,c,d,o,,t,k,s,w,p
f,n,k,s,n,c,l,o,,t,s,s,w,p
f,n,b,s,b,c,l,o,,e,s,s,n,e
f,w,k,s,b,w,g,t,,e,s,s,w,e
f,n,b,s,b,c,l,o,,e,s,s,o,e
t,g,f,y,b,c,p,t,b,e,s,s,w,e
f,e,k,y,b,c,d,n,c,e,k,y,w,p
f,e,x,y,n,c,d,o,,t,s,s,w,p
f,n,k,y,n,c,p,o,,t,k,s,w,p
f,n,k,s,b,c,l,o,,e,s,s,o,e
f,n,k,s,b,c,l,o,,e,s,s,o,e
t,c,x,y,b,c,p,t,b,e,s,s,w,e
f,e,k,s,n,c,l,o,,t,k,s,w,p
f,n,k,y,n,c,l,o,,t,s,k,w,p
f,e,k,s,n,c,l,o,,t,s,s,w,p
f,n,k,y,n,c,d,o,,t,s,k,w,p
f,e,k,y,n,c,p,o,,t,k,s,w,p
t,c,f,s,b,c,p,t,b,e,s,s,w,e
f,n,x,s,b,c,l,o,,e,s,s,n,e
f,w,b,f,b,w,g,t,,e,s,k,w,e
f,g,k,f,b,w,g,t,,e,s,k,w,e
f,n,f,s,b,c,l,o,,e,s,s,o,e
f,n,k,s,b,c,l,o,,e,s,s,n,e
f,w,k,f,b,w,g,t,,e,s,s,w,e
f,e,k,y,n,c,l,o,,t,k,s,w,p
f,w,b,f,b,w,g,t,,e,k,k,w,e
f,n,k,y,n,c,p,o,,t,s,s,w,p
f,e,k,y,n,c,d,o,,t,k,k,w,p
f,n,k,y,n,c,d,o,,t,s,k,w,p
f,n,x,s,b,c,l,o,,e,s,s,n,e
t,n,x,y,b,c,p,t,b,e,s,s,w,e
f,w,b,s,b,w,g,t,,e,s,k,w,e
f,n,f,y,n,c,d,o,,t,k,s,w,p
f,n,k,s,n,c,l,o,,t,s,k,w,p
f,e,k,s,n,c,p,o,,t,s,k,w,p
f,n,x,s,b,c,l,o,,e,s,s,n,e
f,n,x,s,b,c,l,o,,e,s,s,n,e
f,w,b,s,b,w,g,t,,e,s,s,w,e
f,e,x,y,n,c,p,o,,t,s,s,w,p
f,w,b,f,b,w,g,t,,e,k,s,w,e
f,w,b,f,b,w,g,t,,e,s,k,w,e
f,w,b,f,b,w,g,t,,e,k,s,w,e
f,n,k,s,b,c,l,o,,e,s,s,o,e
f,e,k,y,n,c,p,o,,t,s,k,w,p
f,n,k,s,b,c,l,o,,e,s,s,n,e
f,e,k,s,n,c,d,o,,t,k,s,w,p
f,c,k,y,b,c,d,n,c,e,k,y,w,p
f,n,k,s,n,c,d,o,,t,s,s,w,p
f,g,x,s,b,w,g,t,,e,s,k,w,e
f,n,f,s,b,c,d,t,b,e,y,y,w,e
f,n,k,s,b,c,l,o,,e,s,s,n,e
f,n,b,y,b,c,p,t,b,e,y,y,w,e
f,n,x,s,n,c,l,o,,t,k,k,w,p
f,n,b,s,b,c,l,o,,e,s,s,o,e
f,n,f,s,n,c,p,o,,t,k,k,w,p
f,n,k,y,n,c,p,o,,t,k,s,w,p
f,g,k,s,b,w,g,t,,e,k,s,w,e
f,n,k,y,n,c,l,o,,t,s,k,w,p
f,g,k,f,b,w,g,t,,e,k,s,w,e
f,n,x,s,b,c,l,o,,e,s,s,n,e
f,e,k,s,n,c,p,o,,t,s,k,w,p
f,n,f,s,b,c,l,o,,e,s,s,n,e
f,n,k,s,n,c,l,o,,t,k,k,w,p
f,n,k,y,n,c,p,o,,t,s,s,w,p
f,n,k,s,b,c,l,o,,e,s,s,n,e
f,n,b,s,b,c,l,o,,e,s,s,o,e
f,n,x,y,b,c,p,t,b,e,y,y,w,e
f,w,x,s,b,w,g,t,,e,k,s,w,e
f,n,f,s,b,c,l,o,,e,s,s,n,e
f,n,f,s,n,c,p,o,,t,s,k,w,p
f,e,x,y,n,c,d,o,,t,s,s,w,p
f,e,k,y,n,c,p,o,,t,s,k,w,p
f,e,k,s,n,c,d,o,,t,s,k,w,p
f,e,k,s,n,c,p,o,,t,k,k,w,p
f,n,b,s,b,c,l,o,,e,s,s,n,e
f,n,x,s,b,c,l,o,,e,s,s,n,e
f,n,f,s,b,c,l,o,,e,s,s,o,e
f,n,k,s,n,c,l,o,,t,s,s,w,p
f,n,b,s,b,c,l,o,,e,s,s,o,e
f,g,k,s,b,w,g,t,,e,s,s,w,e
f,w,k,f,b,w,g,t,,e,k,k,w,e
f,e,k,s,n,c,p,o,,t,k,s,w,p
f,w,b,f,b,w,g,t,,e,k,k,w,e
f,w,x,s,b,w,g,t,,e,s,k,w,e
f,w,b,f,b,w,g,t,,e,s,k,w,e
f,n,k,y,n,c,d,o,,t,s,s,w,p
f,n,f,s,n,c,l,o,,t,k,s,w,p
f,e,f,y,n,c,p,o,,t,k,k,w,p
f,e,k,s,n,c,p,o,,t,s,k,w,p
f,n,k,y,n,c,d,o,,t,k,s,w,p
f,n,x,s,b,c,l,o,,e,s,s,n,e
f,n,f,s,b,c,l,o,,e,s,s,n,e
f,n,k,y,n,c,l,o,,t,k,s,w,p
f,n,k,s,n,c,l,o,,t,s,s,w,p
f,g,x,f,b,w,g,t,,e,s,s,w,e
f,w,k,s,b,w,g,t,,e,s,k,w,e
f,e,k,y,n,c,p,o,,t,s,k,w,p
f,n,x,s,n,c,d,o,,t,s,s,w,p
f,n,k,y,n,c,l,o,,t,s,s,w,p
f,n,k,s,b,c,l,o,,e,s,s,o,e
f,w,b,f,b,w,g,t,,e,k,s,w,e
f,n,k,s,b,c,l,o,,e,s,s,n,e
f,e,k,y,n,c,d,o,,t,k,k,w,p
t,g,x,y,b,c,p,t,b,e,s,s,w,e
f,e,k,s,n,c,l,o,,t,s,k,w,p
f,n,b,s,b,c,l,o,,e,s,s,o,e
f,e,k,y,n,c,p,o,,t,k,s,w,p
f,n,x,s,b,c,l,o,,e,s,s,o,e
f,n,f,s,b,c,l,o,,e,s,s,n,e
f,n,f,s,b,c,l,o,,e,s,s,n,e
f,e,k,y,n,c,p,o,,t,k,s,w,p
f,g,b,f,b,w,g,t,,e,k,s,w,e
f,e,k,s,n,c,d,o,,t,s,k,w,p
f,n,k,s,n,c,d,o,,t,s,k,w,p
f,n,k,y,n,c,l,o,,t,k,s,w,p
f,n,k,s,n,c,d,o,,t,s,k,w,p
f,w,x,f,b,w,g,t,,e,s,k,w,e
f,n,f,s,b,c,l,o,,e,s,s,n,e
f,n,k,y,n,c,d,o,,t,k,k,w,p
f,n,x,s,b,c,l,o,,e,s,s,n,e
f,g,b,f,b,w,g,t,,e,k,s,w,e
f,n,b,s,b,c,l,o,,e,s,s,o,e
f,n,x,s,b,c,l,o,,e,s,s,n,e
f,e,k,s,n,c,l,o,,t,s,k,w,p
f,n,k,s,n,c,p,o,,t,s,s,w,p
f,n,k,s,n,c,d,o,,t,k,s,w,p
f,n,k,s,n,c,p,o,,t,k,k,w,p
f,n,k,y,n,c,l,o,,t,s,k,w,p
f,w,k,f,b,w,g,t,,e,k,s,w,e
f,e,k,y,n,c,l,o,,t,s,s,w,p
f,n,k,s,b,c,l,o,,e,s,s,o,e
f,e,k,s,n,c,p,o,,t,k,k,w,p
f,n,b,s,b,c,l,o,,e,s,s,o,e
f,n,f,s,b,c,l,o,,e,s,s,o,e
f,n,k,s,b,c,l,o,,e,s,s,n,e
f,e,k,y,n,c,l,o,,t,k,k,w,p
f,n,k,s,b,c,l,o,,e,s,s,o,e
f,e,k,y,n,c,p,o,,t,k,k,w,p
f,n,k,s,b,c,l,o,,e,s,s,n,e
f,g,b,f,b,w,g,t,,e,k,k,w,e
f,n,f,s,b,c,l,o,,e,s,s,o,e
f,n,b,s,b,c,l,o,,e,s,s,n,e
f,n,f,s,b,c,l,o,,e,s,s,n,e
f,g,b,f,b,w,g,t,,e,s,s,w,e
f,e,k,y,n,c,l,o,,t,s,s,w,p
f,n,k,s,n,c,d,o,,t,s,k,w,p
f,n,k,y,n,c,p,o,,t,k,s,w,p
f,e,k,s,n,c,p,o,,t,k,k,w,p
f,n,k,y,n,c,l,o,,t,s,s,w,p
f,g,b,f,b,w,g,t,,e,k,k,w,e
f,w,k,f,b,w,g,t,,e,s,k,w,e
f,n,k,s,b,c,l,o,,e,s,s,n,e
f,e,x,s,n,c,p,o,,t,k,s,w,p
f,n,k,s,b,c,l,o,,e,s,s,o,e
f,e,k,y,n,c,d,o,,t,k,k,w,p
f,n,k,s,n,c,d,o,,t,k,s,w,p
f,e,k,y,n,c,p,o,,t,s,k,w,p
f,e,k,y,n,c,p,o,,t,s,s,w,p
f,n,x,s,n,c,d,o,,t,k,k,w,p
f,g,b,s,b,w,g,t,,e,k,s,w,e
f,c,x,y,b,c,d,n,c,e,k,y,w,p
f,w,k,f,b,w,g,t,,e,k,s,w,e
f,n,k,y,n,c,l,o,,t,k,k,w,p
f,e,k,s,n,c,d,o,,t,k,k,w,p
f,w,k,f,b,w,g,t,,e,k,k,w,e
f,n,f,s,b,c,l,o,,e,s,s,n,e
f,e,k,s,n,c,p,o,,t,s,s,w,p
f,n,x,s,b,c,l,o,,e,s,s,n,e
f,n,k,s,b,c,l,o,,e,s,s,n,e
f,n,k,s,b,c,l,o,,e,s,s,o,e
f,n,k,s,b,c,l,o,,e,s,s,n,e
f,n,k,s,b,c,l,o,,e,s,s,o,e
f,n,x,s,b,c,l,o,,e,s,s,o,e
f,e,k,y,n,c,l,o,,t,k,s,w,p
f,w,b,s,b,w,g,t,,e,s,s,w,e
f,n,x,s,b,c,l,o,,e,s,s,o,e
f,w,k,s,b,w,g,t,,e,s,s,w,e
f,n,k,s,b,c,l,o,,e,s,s,n,e
f,e,k,y,n,c,d,o,,t,k,k,w,p
f,c,f,y,b,c,d,n,c,e,k,y,w,p
f,n,x,s,b,c,l,o,,e,s,s,o,e
f,n,k,y,n,c,l,o,,t,s,k,w,p
f,e,k,s,n,c,d,o,,t,k,s,w,p
f,n,k,y,n,c,d,o,,t,k,s,w,p
f,n,k,s,b,c,l,o,,e,s,s,o,e
f,n,x,s,b,c,l,o,,e,s,s,n,e
f,n,f,s,b,c,l,o,,e,s,s,o,e
f,n,k,y,n,c,l,o,,t,s,k,w,p
f,n,x,s,b,c,l,o,,e,s,s,o,e
