cap-shape,cap-surface,cap-color,bruises,gill-spacing,gill-size,stalk-shape,stalk-root,stalk-surface-above-ring,stalk-surface-below-ring,veil-color,ring-number,habitat,poisonous
x,s,n,t,c,n,e,e,s,s,w,o,u,p
x,s,y,t,c,b,e,c,s,s,w,o,g,e
b,s,w,t,c,b,e,c,s,s,w,o,m,e
x,y,w,t,c,n,e,e,s,s,w,o,u,p
x,s,g,f,w,b,t,e,s,s,w,o,g,e
x,y,y,t,c,b,e,c,s,s,w,o,g,e
b,s,w,t,c,b,e,c,s,s,w,o,m,e
b,y,w,t,c,b,e,c,s,s,w,o,m,e
x,y,w,t,c,n,e,e,s,s,w,o,g,p
b,s,y,t,c,b,e,c,s,s,w,o,m,e
x,y,y,t,c,b,e,c,s,s,w,o,g,e
x,y,y,t,c,b,e,c,s,s,w,o,m,e
b,s,y,t,c,b,e,c,s,s,w,o,g,e
x,y,w,t,c,n,e,e,s,s,w,o,u,p
x,f,n,f,w,b,t,e,s,f,w,o,g,e
s,f,g,f,c,n,e,e,s,s,w,o,u,e
f,f,w,f,w,b,t,e,s,s,w,o,g,e
x,s,n,t,c,n,e,e,s,s,w,o,g,p
x,y,w,t,c,n,e,e,s,s,w,o,u,p
x,s,n,t,c,n,e,e,s,s,w,o,u,p
b,s,y,t,c,b,e,c,s,s,w,o,m,e
x,y,n,t,c,n,e,e,s,s,w,o,g,p
b,y,y,t,c,b,e,c,s,s,w,o,m,e
b,y,w,t,c,b,e,c,s,s,w,o,m,e
b,s,w,t,c,b,e,c,s,s,w,o,m,e
f,s,w,t,c,n,e,e,s,s,w,o,g,p
x,y,y,t,c,b,e,c,s,s,w,o,m,e
x,y,w,t,c,b,e,c,s,s,w,o,m,e
f,f,n,f,c,n,e,e,s,s,w,o,u,e
x,s,y,t,w,n,t,b,s,s,w,o,d,e
b,s,y,t,c,b,e,c,s,s,w,o,m,e
x,y,w,t,c,n,e,e,s,s,w,o,u,p
x,y,y,t,c,b,e,c,s,s,w,o,m,e
x,y,n,t,c,b,e,r,s,y,w,o,p,e
b,y,y,t,c,b,e,c,s,s,w,o,m,e
x,f,y,t,w,n,t,b,s,s,w,o,d,e
s,f,g,f,c,n,e,e,s,s,w,o,u,e
x,y,n,t,c,n,e,e,s,s,w,o,u,p
x,f,y,t,w,n,t,b,s,s,w,o,d,e
b,s,y,t,c,b,e,c,s,s,w,o,m,e
b,y,y,t,c,b,e,c,s,s,w,o,g,e
x,y,y,t,c,b,e,r,s,y,w,o,p,e
x,f,n,f,c,n,e,e,s,s,w,o,u,e
x,y,w,t,c,n,e,e,s,s,w,o,g,p
x,s,y,t,c,b,e,c,s,s,w,o,m,e
x,y,w,t,c,b,e,c,s,s,w,o,g,e
x,y,y,t,c,b,e,c,s,s,w,o,m,e
x,s,w,t,c,b,e,c,s,s,w,o,m,e
x,y,y,t,c,b,e,r,s,y,w,o,p,e
f,y,y,t,c,b,e,r,s,y,w,o,p,e
x,y,n,t,c,b,e,r,s,y,w,o,g,e
x,s,w,t,c,b,e,c,s,s,w,o,g,e
b,s,w,t,c,b,e,c,s,s,w,o,m,e
x,y,n,t,c,n,e,e,s,s,w,o,u,p
x,s,w,t,c,n,e,e,s,s,w,o,u,p
b,y,y,t,c,b,e,c,s,s,w,o,m,e
f,f,g,f,w,b,t,e,s,s,w,o,g,e
b,s,w,t,c,b,e,c,s,s,w,o,g,e
x,s,y,t,c,b,e,c,s,s,w,o,g,e
x,y,n,t,c,b,e,r,s,y,w,o,p,e
s,f,g,f,c,n,e,e,s,s,w,o,u,e
b,y,y,t,c,b,e,c,s,s,w,o,m,e
b,s,y,t,c,b,e,c,s,s,w,o,m,e
b,y,y,t,c,b,e,c,s,s,w,o,m,e
b,y,w,t,c,b,e,c,s,s,w,o,g,e
f,s,n,f,w,b,t,e,s,s,w,o,g,e
x,s,w,t,c,b,e,c,s,s,w,o,g,e
f,y,y,t,c,b,e,r,s,y,w,o,g,e
x,y,y,t,c,b,e,c,s,s,w,o,g,e
x,f,g,f,c,n,e,e,s,s,w,o,u,e
f,f,y,t,w,n,t,b,s,s,w,o,d,e
b,y,w,t,c,b,e,c,s,s,w,o,m,e
f,f,y,t,w,n,t,b,s,s,w,o,d,e
x,y,n,t,c,b,e,r,s,y,w,o,p,e
b,s,y,t,c,b,e,c,s,s,w,o,g,e
f,s,y,t,w,n,t,b,s,s,w,o,d,e
x,s,w,t,w,n,t,b,s,s,w,o,d,e
f,y,n,t,c,b,e,r,s,y,w,o,p,e
x,y,n,t,c,n,e,e,s,s,w,o,u,p
f,y,n,t,c,b,e,r,s,y,w,o,g,e
x,s,n,f,w,b,t,e,f,s,w,o,g,e
x,y,w,t,c,n,e,e,s,s,w,o,g,p
f,f,g,f,c,n,e,e,s,s,w,o,u,e
x,f,g,f,w,b,t,e,s,s,w,o,g,e
x,y,y,t,c,b,e,r,s,y,w,o,g,e
x,s,n,f,w,b,t,e,s,s,w,o,g,e
b,s,w,t,c,b,e,c,s,s,w,o,g,e
x,s,w,t,c,b,e,c,s,s,w,o,g,e
f,y,n,t,c,b,e,r,s,y,w,o,g,e
s,f,n,f,c,n,e,e,s,s,w,o,u,e
x,f,n,f,c,n,e,e,s,s,w,o,u,e
b,s,w,t,c,b,e,c,s,s,w,o,g,e
x,y,y,t,c,b,e,c,s,s,w,o,g,e
x,y,y,t,c,b,e,c,s,s,w,o,m,e
x,s,n,f,w,b,t,e,s,s,w,o,g,e
x,s,w,t,c,b,e,c,s,s,w,o,g,e
f,y,n,t,c,b,e,r,s,y,w,o,g,e
x,s,y,t,c,b,e,c,s,s,w,o,g,e
b,s,w,t,c,b,e,c,s,s,w,o,g,e
x,y,w,t,c,b,e,c,s,s,w,o,g,e
x,f,n,f,w,b,t,e,f,s,w,o,g,e
b,s,y,t,c,b,e,c,s,s,w,o,g,e
f,y,y,t,c,b,e,r,s,y,w,o,g,e
x,y,y,t,c,b,e,r,s,y,w,o,p,e
b,y,w,t,c,b,e,c,s,s,w,o,g,e
x,y,y,t,c,b,e,c,s,s,w,o,m,e
x,y,y,t,c,b,e,r,s,y,w,o,g,e
b,y,w,t,c,b,e,c,s,s,w,o,m,e
b,y,w,t,c,b,e,c,s,s,w,o,m,e
x,s,y,t,c,b,e,c,s,s,w,o,m,e
x,s,y,t,c,b,e,c,s,s,w,o,g,e
s,f,g,f,c,n,e,e,s,s,w,o,u,e
x,f,w,t,w,n,t,b,s,s,w,o,d,e
x,s,y,t,c,b,e,c,s,s,w,o,m,e
x,y,w,t,c,n,e,e,s,s,w,o,u,p
x,y,y,t,c,b,e,r,s,y,w,o,g,e
s,f,g,f,c,n,e,e,s,s,w,o,u,e
x,y,y,t,c,b,e,r,s,y,w,o,g,e
x,s,y,t,w,n,t,b,s,s,w,o,d,e
s,f,n,f,c,n,e,e,s,s,w,o,u,e
x,s,w,t,c,n,e,e,s,s,w,o,g,p
x,y,w,t,c,b,e,c,s,s,w,o,m,e
f,y,n,t,c,n,e,e,s,s,w,o,g,p
f,s,g,f,w,b,t,e,s,s,w,o,g,e
x,s,y,t,c,b,e,c,s,s,w,o,m,e
x,s,w,f,w,b,t,e,s,f,w,o,g,e
b,s,y,t,c,b,e,c,s,s,w,o,g,e
f,f,g,f,w,b,t,e,s,s,w,o,g,e
x,s,w,t,c,b,e,c,s,s,w,o,g,e
b,s,w,t,c,b,e,c,s,s,w,o,m,e
b,s,w,t,c,b,e,c,s,s,w,o,g,e
b,y,w,t,c,b,e,c,s,s,w,o,m,e
f,s,w,t,w,n,t,b,s,s,w,o,d,e
x,y,y,t,c,b,e,c,s,s,w,o,m,e
f,s,w,t,w,n,t,b,s,s,w,o,d,e
x,y,w,t,c,n,e,e,s,s,w,o,u,p
f,f,w,t,w,n,t,b,s,s,w,o,d,e
x,y,y,t,c,b,e,c,s,s,w,o,g,e
x,s,n,t,c,n,e,e,s,s,w,o,g,p
b,s,y,t,c,b,e,c,s,s,w,o,g,e
x,y,n,t,c,b,e,r,s,y,w,o,p,e
b,y,y,t,c,b,e,c,s,s,w,o,m,e
s,f,n,f,c,n,e,e,s,s,w,o,u,e
f,y,n,t,c,b,e,r,s,y,w,o,p,e
x,y,y,t,c,b,e,c,s,s,w,o,g,e
x,f,g,f,w,b,t,e,f,f,w,o,g,e
f,f,w,f,w,b,t,e,s,f,w,o,g,e
x,y,y,t,c,b,e,c,s,s,w,o,m,e
b,s,y,t,c,b,e,c,s,s,w,o,g,e
b,y,w,t,c,b,e,c,s,s,w,o,m,e
x,y,w,t,c,b,e,c,s,s,w,o,g,e
x,s,n,f,w,b,t,e,f,s,w,o,g,e
x,y,w,t,c,b,e,c,s,s,w,o,g,e
s,f,n,f,c,n,e,e,s,s,w,o,u,e
x,s,w,t,w,n,t,b,s,s,w,o,d,e
x,y,n,t,c,b,e,r,s,y,w,o,g,e
b,y,y,t,c,b,e,c,s,s,w,o,g,e
x,y,w,t,c,b,e,c,s,s,w,o,g,e
b,y,w,t,c,b,e,c,s,s,w,o,m,e
b,s,y,t,c,b,e,c,s,s,w,o,g,e
b,s,y,t,c,b,e,c,s,s,w,o,m,e
b,y,y,t,c,b,e,c,s,s,w,o,g,e
x,f,n,f,c,n,e,e,s,s,w,o,u,e
f,y,n,t,c,b,e,r,s,y,w,o,g,e
x,y,w,t,c,b,e,c,s,s,w,o,g,e
f,y,y,t,c,b,e,r,s,y,w,o,p,e
b,s,w,t,c,b,e,c,s,s,w,o,g,e
b,s,w,t,c,b,e,c,s,s,w,o,m,e
x,y,n,t,c,b,e,r,s,y,w,o,g,e
b,s,w,t,c,b,e,c,s,s,w,o,g,e
x,f,g,f,c,n,e,e,s,s,w,o,u,e
b,s,y,t,c,b,e,c,s,s,w,o,g,e
x,f,y,t,w,n,t,b,s,s,w,o,d,e
b,y,y,t,c,b,e,c,s,s,w,o,g,e
f,y,y,t,c,b,e,r,s,y,w,o,g,e
b,y,w,t,c,b,e,c,s,s,w,o,m,e
b,y,w,t,c,b,e,c,s,s,w,o,m,e
b,y,y,t,c,b,e,c,s,s,w,o,g,e
x,y,y,t,c,b,e,c,s,s,w,o,m,e
b,s,y,t,c,b,e,c,s,s,w,o,g,e
x,y,w,t,c,n,e,e,s,s,w,o,u,p
s,f,n,f,c,n,e,e,s,s,w,o,u,e
f,f,n,f,c,n,e,e,s,s,w,o,u,e
x,s,y,t,c,b,e,c,s,s,w,o,m,e
f,y,n,t,c,b,e,r,s,y,w,o,p,e
x,y,w,t,c,n,e,e,s,s,w,o,g,p
b,s,w,t,c,b,e,c,s,s,w,o,m,e
f,f,g,f,c,n,e,e,s,s,w,o,u,e
b,y,y,t,c,b,e,c,s,s,w,o,g,e
x,y,n,t,c,b,e,r,s,y,w,o,p,e
x,f,w,f,w,b,t,e,s,f,w,o,g,e
x,s,w,t,w,n,t,b,s,s,w,o,d,e
b,s,w,t,c,b,e,c,s,s,w,o,m,e
f,s,y,t,w,n,t,b,s,s,w,o,d,e
x,s,y,t,c,b,e,c,s,s,w,o,m,e
f,f,g,f,c,n,e,e,s,s,w,o,u,e
b,s,y,t,c,b,e,c,s,s,w,o,g,e
x,s,w,t,c,b,e,c,s,s,w,o,m,e
x,y,w,t,c,b,e,c,s,s,w,o,m,e
f,s,w,t,w,n,t,b,s,s,w,o,d,e
x,y,y,t,c,b,e,c,s,s,w,o,g,e
b,s,w,t,c,b,e,c,s,s,w,o,g,e
x,s,w,t,c,b,e,c,s,s,w,o,g,e
x,f,w,f,w,b,t,e,f,s,w,o,g,e
f,y,n,t,c,b,e,r,s,y,w,o,p,e
x,s,w,t,c,n,e,e,s,s,w,o,u,p
b,s,w,t,c,b,e,c,s,s,w,o,g,e
b,s,w,t,c,b,e,c,s,s,w,o,m,e
b,y,w,t,c,b,e,c,s,s,w,o,g,e
b,y,w,t,c,b,e,c,s,s,w,o,g,e
x,s,y,t,c,b,e,c,s,s,w,o,g,e
b,s,w,t,c,b,e,c,s,s,w,o,m,e
x,f,y,t,w,n,t,b,s,s,w,o,d,e
x,f,g,f,c,n,e,e,s,s,w,o,u,e
f,y,y,t,c,b,e,r,s,y,w,o,g,e
b,s,w,t,c,b,e,c,s,s,w,o,m,e
x,s,y,t,c,b,e,c,s,s,w,o,g,e
x,y,y,t,c,b,e,c,s,s,w,o,g,e
x,y,w,t,c,b,e,c,s,s,w,o,g,e
s,f,g,f,c,n,e,e,s,s,w,o,u,e
x,s,w,t,c,b,e,c,s,s,w,o,m,e
x,s,w,t,c,n,e,e,s,s,w,o,g,p
x,y,y,t,c,b,e,r,s,y,w,o,g,e
f,f,w,t,w,n,t,b,s,s,w,o,d,e
x,y,w,t,c,b,e,c,s,s,w,o,m,e
b,y,w,t,c,b,e,c,s,s,w,o,g,e
x,s,w,t,c,b,e,c,s,s,w,o,g,e
x,s,y,t,c,b,e,c,s,s,w,o,g,e
x,y,n,t,c,n,e,e,s,s,w,o,u,p
b,s,y,t,c,b,e,c,s,s,w,o,g,e
x,f,g,f,c,n,e,e,s,s,w,o,u,e
x,y,w,t,c,n,e,e,s,s,w,o,u,p
x,y,y,t,c,b,e,r,s,y,w,o,p,e
f,f,n,f,c,n,e,e,s,s,w,o,u,e
b,s,w,t,c,b,e,c,s,s,w,o,g,e
x,f,w,t,w,n,t,b,s,s,w,o,d,e
x,y,w,t,c,b,e,c,s,s,w,o,g,e
b,y,y,t,c,b,e,c,s,s,w,o,g,e
x,y,y,t,c,b,e,r,s,y,w,o,g,e
f,y,y,t,c,b,e,r,s,y,w,o,p,e
f,y,y,t,c,b,e,r,s,y,w,o,p,e
x,s,w,t,c,b,e,c,s,s,w,o,g,e
x,s,w,t,c,b,e,c,s,s,w,o,m,e
x,s,w,t,c,n,e,e,s,s,w,o,u,p
f,f,w,t,w,n,t,b,s,s,w,o,d,e
x,s,w,t,c,b,e,c,s,s,w,o,g,e
x,s,w,t,w,n,t,b,s,s,w,o,d,e
x,y,w,t,c,b,e,c,s,s,w,o,m,e
f,y,y,t,c,b,e,r,s,y,w,o,p,e
x,s,n,f,w,b,t,e,f,s,w,o,g,e
f,y,y,t,c,b,e,r,s,y,w,o,g,e
x,s,n,t,c,n,e,e,s,s,w,o,g,p
s,f,n,f,c,n,e,e,s,s,w,o,u,e
b,y,y,t,c,b,e,c,s,s,w,o,m,e
b,s,w,t,c,b,e,c,s,s,w,o,g,e
b,y,w,t,c,b,e,c,s,s,w,o,m,e
f,f,n,f,c,n,e,e,s,s,w,o,u,e
x,s,w,t,c,b,e,c,s,s,w,o,m,e
b,y,w,t,c,b,e,c,s,s,w,o,g,e
b,y,w,t,c,b,e,c,s,s,w,o,m,e
f,y,n,t,c,b,e,r,s,y,w,o,g,e
x,y,w,t,c,n,e,e,s,s,w,o,g,p
x,s,w,t,c,b,e,c,s,s,w,o,g,e
x,y,w,t,c,b,e,c,s,s,w,o,m,e
f,f,w,t,w,n,t,b,s,s,w,o,d,e
f,f,g,f,c,n,e,e,s,s,w,o,u,e
f,s,g,f,w,b,t,e,s,s,w,o,g,e
x,y,y,t,c,b,e,c,s,s,w,o,m,e
b,s,w,t,c,b,e,c,s,s,w,o,m,e
f,y,n,t,c,n,e,e,s,s,w,o,u,p
x,s,w,t,c,b,e,c,s,s,w,o,m,e
f,s,n,t,c,n,e,e,s,s,w,o,u,p
x,y,w,t,c,b,e,c,s,s,w,o,g,e
x,y,y,t,c,b,e,c,s,s,w,o,m,e
f,y,y,t,c,b,e,r,s,y,w,o,p,e
x,y,n,t,c,b,e,r,s,y,w,o,p,e
f,y,n,t,c,b,e,r,s,y,w,o,g,e
x,y,w,t,c,b,e,c,s,s,w,o,m,e
f,f,n,f,w,b,t,e,s,s,w,o,g,e
x,s,y,t,c,b,e,c,s,s,w,o,m,e
x,y,w,t,c,n,e,e,s,s,w,o,g,p
b,y,y,t,c,b,e,c,s,s,w,o,m,e
s,f,n,f,c,n,e,e,s,s,w,o,u,e
x,s,y,t,c,b,e,c,s,s,w,o,m,e
b,y,w,t,c,b,e,c,s,s,w,o,m,e
f,y,n,t,c,b,e,r,s,y,w,o,g,e
b,y,y,t,c,b,e,c,s,s,w,o,m,e
b,y,w,t,c,b,e,c,s,s,w,o,g,e
x,y,n,t,c,b,e,r,s,y,w,o,p,e
f,f,g,f,c,n,e,e,s,s,w,o,u,e
x,f,g,f,c,n,e,e,s,s,w,o,u,e
b,y,y,t,c,b,e,c,s,s,w,o,g,e
x,s,y,t,c,b,e,c,s,s,w,o,m,e
b,y,w,t,c,b,e,c,s,s,w,o,g,e
x,s,w,t,c,b,e,c,s,s,w,o,m,e
b,s,y,t,c,b,e,c,s,s,w,o,m,e
x,s,y,t,c,b,e,c,s,s,w,o,m,e
x,f,g,f,w,b,t,e,f,f,w,o,g,e
f,s,y,t,w,n,t,b,s,s,w,o,d,e
x,y,w,t,c,n,e,e,s,s,w,o,g,p
x,f,w,f,w,b,t,e,f,s,w,o,g,e
b,y,w,t,c,b,e,c,s,s,w,o,g,e
x,s,y,t,w,n,t,b,s,s,w,o,d,e
b,y,w,t,c,b,e,c,s,s,w,o,g,e
x,y,w,t,c,b,e,c,s,s,w,o,g,e
x,f,n,t,c,b,t,b,s,s,w,o,d,e
b,y,w,t,c,b,e,c,s,s,w,o,m,e
x,s,y,t,c,b,e,c,s,s,w,o,m,e
f,y,n,t,c,b,e,r,s,y,w,o,g,e
x,f,w,f,w,b,t,e,s,s,w,o,g,e
x,s,y,t,c,b,e,c,s,s,w,o,g,e
x,y,w,t,c,n,e,e,s,s,w,o,g,p
x,y,y,t,c,b,e,c,s,s,w,o,g,e
x,f,w,t,w,n,t,b,s,s,w,o,d,e
b,s,y,t,c,b,e,c,s,s,w,o,g,e
x,y,w,t,c,n,e,e,s,s,w,o,u,p
x,s,y,t,w,n,t,b,s,s,w,o,d,e
x,y,w,t,c,b,e,c,s,s,w,o,m,e
x,f,w,t,w,n,t,b,s,s,w,o,d,e
f,s,w,t,w,n,t,b,s,s,w,o,d,e
x,y,y,t,c,b,e,c,s,s,w,o,m,e
f,f,y,t,w,n,t,b,s,s,w,o,d,e
x,s,w,t,c,b,e,c,s,s,w,o,g,e
b,y,y,t,c,b,e,c,s,s,w,o,m,e
x,y,n,t,c,b,e,r,s,y,w,o,p,e
b,y,w,t,c,b,e,c,s,s,w,o,g,e
x,s,y,t,c,b,e,c,s,s,w,o,m,e
x,y,n,t,c,n,e,e,s,s,w,o,u,p
b,s,y,t,c,b,e,c,s,s,w,o,g,e
b,y,w,t,c,b,e,c,s,s,w,o,g,e
x,y,n,t,c,n,e,e,s,s,w,o,u,p
b,s,w,t,c,b,e,c,s,s,w,o,m,e
b,y,y,t,c,b,e,c,s,s,w,o,m,e
b,y,y,t,c,b,e,c,s,s,w,o,g,e
x,y,w,t,c,b,e,c,s,s,w,o,g,e
x,f,n,t,c,b,t,b,s,s,w,o,d,e
x,y,n,t,c,b,e,r,s,y,w,o,g,e
b,s,y,t,c,b,e,c,s,s,w,o,g,e
x,f,g,f,c,n,e,e,s,s,w,o,u,e
x,y,n,t,c,b,e,r,s,y,w,o,g,e
x,s,w,t,c,b,e,c,s,s,w,o,g,e
b,y,w,t,c,b,e,c,s,s,w,o,g,e
x,s,y,t,c,b,e,c,s,s,w,o,m,e
f,f,y,t,w,n,t,b,s,s,w,o,d,e
b,y,y,t,c,b,e,c,s,s,w,o,g,e
x,f,n,f,w,b,t,e,s,f,w,o,g,e
x,f,y,t,w,n,t,b,s,s,w,o,d,e
x,s,y,t,c,b,e,c,s,s,w,o,m,e
f,s,g,f,w,b,t,e,s,f,w,o,g,e
x,f,n,f,c,n,e,e,s,s,w,o,u,e
f,s,g,f,w,b,t,e,f,f,w,o,g,e
f,y,n,t,c,b,e,r,s,y,w,o,p,e
b,y,w,t,c,b,e,c,s,s,w,o,g,e
b,s,y,t,c,b,e,c,s,s,w,o,m,e
x,y,y,t,c,b,e,r,s,y,w,o,p,e
s,f,g,f,c,n,e,e,s,s,w,o,u,e
f,y,n,t,c,b,e,r,s,y,w,o,p,e
x,y,n,t,c,n,e,e,s,s,w,o,u,p
x,y,y,t,c,b,e,r,s,y,w,o,p,e
x,y,y,t,c,b,e,c,s,s,w,o,g,e
x,f,n,f,w,b,t,e,s,f,w,o,g,e
x,f,n,f,w,b,t,e,f,f,w,o,g,e
f,s,n,f,w,b,t,e,f,s,w,o,g,e
f,y,n,t,c,b,e,r,s,y,w,o,p,e
x,s,y,t,c,b,e,c,s,s,w,o,g,e
f,f,n,f,c,n,e,e,s,s,w,o,u,e
x,y,y,t,c,b,e,r,s,y,w,o,p,e
x,f,y,t,w,n,t,b,s,s,w,o,d,e
b,y,y,t,c,b,e,c,s,s,w,o,g,e
x,f,g,f,w,b,t,e,s,s,w,o,g,e
x,y,y,t,c,b,e,r,s,y,w,o,g,e
f,y,n,t,c,b,e,r,s,y,w,o,g,e
x,s,y,t,c,b,e,c,s,s,w,o,m,e
s,f,n,f,c,n,e,e,s,s,w,o,u,e
x,s,w,t,c,b,e,c,s,s,w,o,m,e
b,s,w,t,c,b,e,c,s,s,w,o,g,e
s,f,n,f,c,n,e,e,s,s,w,o,u,e
b,y,y,t,c,b,e,c,s,s,w,o,m,e
x,y,y,t,c,b,e,c,s,s,w,o,g,e
b,y,y,t,c,b,e,c,s,s,w,o,g,e
x,y,n,t,c,n,e,e,s,s,w,o,u,p
x,s,w,f,w,b,t,e,f,s,w,o,g,e
x,y,w,t,c,b,e,c,s,s,w,o,m,e
b,s,w,t,c,b,e,c,s,s,w,o,g,e
x,f,n,t,c,b,t,b,s,s,w,o,d,e
x,s,n,t,c,n,e,e,s,s,w,o,u,p
x,y,n,t,c,b,e,r,s,y,w,o,p,e
x,s,n,f,w,b,t,e,s,s,w,o,g,e
b,y,y,t,c,b,e,c,s,s,w,o,m,e
x,s,y,t,c,b,e,c,s,s,w,o,m,e
b,s,y,t,c,b,e,c,s,s,w,o,m,e
x,s,y,t,c,b,e,c,s,s,w,o,m,e
b,y,w,t,c,b,e,c,s,s,w,o,g,e
x,f,g,f,c,n,e,e,s,s,w,o,u,e
f,y,n,t,c,b,e,r,s,y,w,o,g,e
x,f,g,f,w,b,t,e,f,f,w,o,g,e
x,s,w,t,c,b,e,c,s,s,w,o,m,e
x,y,y,t,c,b,e,c,s,s,w,o,m,e
x,f,g,f,c,n,e,e,s,s,w,o,u,e
x,s,n,t,c,n,e,e,s,s,w,o,u,p
b,y,w,t,c,b,e,c,s,s,w,o,g,e
b,y,w,t,c,b,e,c,s,s,w,o,m,e
x,y,n,t,c,n,e,e,s,s,w,o,u,p
b,s,y,t,c,b,e,c,s,s,w,o,m,e
x,s,w,t,c,b,e,c,s,s,w,o,m,e
x,y,y,t,c,b,e,c,s,s,w,o,m,e
b,y,y,t,c,b,e,c,s,s,w,o,g,e
x,s,w,t,c,b,e,c,s,s,w,o,m,e
x,s,w,t,c,b,e,c,s,s,w,o,g,e
x,y,n,t,c,b,e,r,s,y,w,o,p,e
x,s,w,t,c,b,e,c,s,s,w,o,m,e
x,s,n,f,w,b,t,e,f,f,w,o,g,e
x,y,n,t,c,b,e,r,s,y,w,o,p,e
x,y,y,t,c,b,e,r,s,y,w,o,g,e
x,y,n,t,c,n,e,e,s,s,w,o,g,p
b,y,y,t,c,b,e,c,s,s,w,o,g,e
x,f,w,t,w,n,t,b,s,s,w,o,d,e
x,s,n,t,c,n,e,e,s,s,w,o,u,p
x,y,y,t,c,b,e,c,s,s,w,o,g,e
f,f,g,f,w,b,t,e,f,f,w,o,g,e
x,y,w,t,c,b,e,c,s,s,w,o,g,e
b,y,w,t,c,b,e,c,s,s,w,o,m,e
x,y,n,t,c,n,e,e,s,s,w,o,u,p
f,y,n,t,c,b,e,r,s,y,w,o,g,e
x,s,w,t,c,b,e,c,s,s,w,o,m,e
x,s,w,t,w,n,t,b,s,s,w,o,d,e
f,y,n,t,c,b,e,r,s,y,w,o,p,e
b,s,w,t,c,b,e,c,s,s,w,o,m,e
x,s,w,f,w,b,t,e,f,f,w,o,g,e
f,f,g,f,c,n,e,e,s,s,w,o,u,e
x,y,w,t,c,b,e,c,s,s,w,o,g,e
x,y,y,t,c,b,e,r,s,y,w,o,g,e
b,s,y,t,c,b,e,c,s,s,w,o,g,e
b,s,y,t,c,b,e,c,s,s,w,o,g,e
f,s,w,t,w,n,t,b,s,s,w,o,d,e
b,s,w,t,c,b,e,c,s,s,w,o,m,e
x,f,y,t,w,n,t,b,s,s,w,o,d,e
x,y,w,t,c,b,e,c,s,s,w,o,m,e
b,y,y,t,c,b,e,c,s,s,w,o,m,e
x,y,n,t,c,b,e,r,s,y,w,o,p,e
x,y,w,t,c,b,e,c,s,s,w,o,m,e
x,y,w,t,c,b,e,c,s,s,w,o,m,e
x,y,y,t,c,b,e,r,s,y,w,o,p,e
x,y,w,t,c,b,e,c,s,s,w,o,m,e
x,s,y,t,c,b,e,c,s,s,w,o,m,e
x,y,n,t,c,b,e,r,s,y,w,o,g,e
x,s,w,t,c,b,e,c,s,s,w,o,g,e
f,y,n,t,c,b,e,r,s,y,w,o,g,e
b,s,w,t,c,b,e,c,s,s,w,o,m,e
x,f,n,t,c,b,t,b,s,s,w,o,d,e
x,y,w,t,c,b,e,c,s,s,w,o,m,e
b,s,w,t,c,b,e,c,s,s,w,o,g,e
b,s,y,t,c,b,e,c,s,s,w,o,m,e
x,f,y,t,w,n,t,b,s,s,w,o,d,e
b,s,w,t,c,b,e,c,s,s,w,o,m,e
x,s,g,f,w,b,t,e,s,f,w,o,g,e
b,s,w,t,c,b,e,c,s,s,w,o,g,e
b,s,y,t,c,b,e,c,s,s,w,o,m,e
f,y,y,t,c,b,e,r,s,y,w,o,p,e
f,y,n,t,c,b,e,r,s,y,w,o,p,e
x,s,w,t,c,b,e,c,s,s,w,o,m,e
f,y,y,t,c,b,e,r,s,y,w,o,g,e
b,s,w,t,c,b,e,c,s,s,w,o,g,e
x,y,y,t,c,b,e,c,s,s,w,o,m,e
x,f,n,f,c,n,e,e,s,s,w,o,u,e
f,y,n,t,c,b,e,r,s,y,w,o,g,e
x,s,w,t,c,b,e,c,s,s,w,o,m,e
x,s,y,t,c,b,e,c,s,s,w,o,g,e
b,y,y,t,c,b,e,c,s,s,w,o,g,e
f,y,y,t,c,b,e,r,s,y,w,o,p,e
x,y,y,t,c,b,e,c,s,s,w,o,g,e
x,y,w,t,c,b,e,c,s,s,w,o,m,e
f,f,w,t,w,n,t,b,s,s,w,o,d,e
s,f,g,f,c,n,e,e,s,s,w,o,u,e
f,s,y,t,w,n,t,b,s,s,w,o,d,e
f,f,g,f,c,n,e,e,s,s,w,o,u,e
x,f,n,f,c,n,e,e,s,s,w,o,u,e
b,y,w,t,c,b,e,c,s,s,w,o,g,e
x,s,w,t,w,n,t,b,s,s,w,o,d,e
b,y,y,t,c,b,e,c,s,s,w,o,m,e
b,y,y,t,c,b,e,c,s,s,w,o,m,e
b,y,y,t,c,b,e,c,s,s,w,o,g,e
f,s,w,t,w,n,t,b,s,s,w,o,d,e
f,f,g,f,c,n,e,e,s,s,w,o,u,e
f,s,w,t,w,n,t,b,s,s,w,o,d,e
f,y,y,t,c,b,e,r,s,y,w,o,g,e
x,y,w,t,c,b,e,c,s,s,w,o,m,e
s,f,n,f,c,n,e,e,s,s,w,o,u,e
x,y,n,t,c,b,e,r,s,y,w,o,p,e
x,y,n,t,c,b,e,r,s,y,w,o,p,e
f,f,y,t,w,n,t,b,s,s,w,o,d,e
f,s,n,t,c,n,e,e,s,s,w,o,g,p
x,s,n,t,c,n,e,e,s,s,w,o,u,p
f,y,n,t,c,b,e,r,s,y,w,o,p,e
x,y,y,t,c,b,e,r,s,y,w,o,g,e
b,s,y,t,c,b,e,c,s,s,w,o,m,e
f,f,w,f,w,b,t,e,f,s,w,o,g,e
f,y,n,t,c,b,e,r,s,y,w,o,g,e
x,y,w,t,c,b,e,c,s,s,w,o,g,e
b,s,y,t,c,b,e,c,s,s,w,o,m,e
x,s,y,t,c,b,e,c,s,s,w,o,g,e
b,y,y,t,c,b,e,c,s,s,w,o,g,e
x,s,w,t,c,b,e,c,s,s,w,o,m,e
b,s,y,t,c,b,e,c,s,s,w,o,m,e
b,y,y,t,c,b,e,c,s,s,w,o,g,e
x,s,n,t,c,n,e,e,s,s,w,o,g,p
x,s,g,f,w,b,t,e,s,s,w,o,g,e
f,s,n,f,w,b,t,e,f,s,w,o,g,e
x,f,w,t,w,n,t,b,s,s,w,o,d,e
f,f,g,f,c,n,e,e,s,s,w,o,u,e
f,f,n,f,c,n,e,e,s,s,w,o,u,e
b,y,y,t,c,b,e,c,s,s,w,o,g,e
x,f,w,t,w,n,t,b,s,s,w,o,d,e
s,f,g,f,c,n,e,e,s,s,w,o,u,e
x,f,n,f,c,n,e,e,s,s,w,o,u,e
x,f,w,f,w,b,t,e,f,s,w,o,g,e
x,y,n,t,c,b,e,r,s,y,w,o,p,e
b,s,y,t,c,b,e,c,s,s,w,o,g,e
x,y,w,t,c,b,e,c,s,s,w,o,g,e
x,y,y,t,c,b,e,c,s,s,w,o,g,e
x,s,w,t,c,b,e,c,s,s,w,o,m,e
b,s,w,t,c,b,e,c,s,s,w,o,g,e
f,y,y,t,c,b,e,r,s,y,w,o,p,e
x,s,n,t,c,n,e,e,s,s,w,o,u,p
f,f,g,f,c,n,e,e,s,s,w,o,u,e
b,s,y,t,c,b,e,c,s,s,w,o,g,e
f,y,n,t,c,b,e,r,s,y,w,o,p,e
x,s,y,t,c,b,e,c,s,s,w,o,m,e
x,f,n,f,c,n,e,e,s,s,w,o,u,e
f,y,y,t,c,b,e,r,s,y,w,o,p,e
x,y,n,t,c,b,e,r,s,y,w,o,p,e
x,s,w,t,c,b,e,c,s,s,w,o,g,e
x,y,w,t,c,n,e,e,s,s,w,o,g,p
f,y,n,t,c,b,e,r,s,y,w,o,p,e
f,s,n,t,c,n,e,e,s,s,w,o,g,p
x,f,w,f,w,b,t,e,f,s,w,o,g,e
b,y,w,t,c,b,e,c,s,s,w,o,m,e
s,f,n,f,c,n,e,e,s,s,w,o,u,e
x,y,y,t,c,b,e,c,s,s,w,o,m,e
f,s,w,t,w,n,t,b,s,s,w,o,d,e
x,s,y,t,c,b,e,c,s,s,w,o,m,e
f,f,g,f,w,b,t,e,s,f,w,o,g,e
x,y,w,t,c,n,e,e,s,s,w,o,g,p
x,y,y,t,c,b,e,r,s,y,w,o,g,e
f,f,n,f,w,b,t,e,s,s,w,o,g,e
x,s,w,t,c,b,e,c,s,s,w,o,m,e
b,y,y,t,c,b,e,c,s,s,w,o,m,e
f,f,g,f,c,n,e,e,s,s,w,o,u,e
x,f,y,t,w,n,t,b,s,s,w,o,d,e
x,s,y,t,c,b,e,c,s,s,w,o,m,e
f,f,n,f,c,n,e,e,s,s,w,o,u,e
x,f,g,f,w,b,t,e,f,s,w,o,g,e
x,y,y,t,c,b,e,r,s,y,w,o,p,e
f,s,w,t,w,n,t,b,s,s,w,o,d,e
x,s,y,t,c,b,e,c,s,s,w,o,g,e
f,y,y,t,c,b,e,r,s,y,w,o,p,e
x,y,n,t,c,n,e,e,s,s,w,o,u,p
x,f,w,t,w,n,t,b,s,s,w,o,d,e
x,s,w,t,c,b,e,c,s,s,w,o,g,e
x,y,y,t,c,b,e,c,s,s,w,o,m,e
b,s,y,t,c,b,e,c,s,s,w,o,g,e
x,s,y,t,w,n,t,b,s,s,w,o,d,e
x,s,y,t,w,n,t,b,s,s,w,o,d,e
x,f,w,f,w,b,t,e,f,s,w,o,g,e
b,s,w,t,c,b,e,c,s,s,w,o,m,e
x,y,w,t,c,n,e,e,s,s,w,o,g,p
x,y,y,t,c,b,e,c,s,s,w,o,g,e
f,s,g,f,w,b,t,e,s,f,w,o,g,e
x,s,n,t,c,n,e,e,s,s,w,o,g,p
b,y,w,t,c,b,e,c,s,s,w,o,m,e
x,s,w,t,c,b,e,c,s,s,w,o,m,e
f,f,y,t,w,n,t,b,s,s,w,o,d,e
x,s,y,t,c,b,e,c,s,s,w,o,g,e
b,y,w,t,c,b,e,c,s,s,w,o,g,e
x,y,n,t,c,b,e,r,s,y,w,o,g,e
x,s,y,t,c,b,e,c,s,s,w,o,g,e
x,f,n,f,c,n,e,e,s,s,w,o,u,e
x,s,y,t,c,b,e,c,s,s,w,o,g,e
x,y,y,t,c,b,e,r,s,y,w,o,g,e
x,s,n,t,c,n,e,e,s,s,w,o,g,p
x,s,w,t,c,b,e,c,s,s,w,o,m,e
x,s,y,t,c,b,e,c,s,s,w,o,m,e
x,y,w,t,c,b,e,c,s,s,w,o,g,e
x,y,y,t,c,b,e,r,s,y,w,o,g,e
f,y,y,t,c,b,e,r,s,y,w,o,g,e
x,y,w,t,c,b,e,c,s,s,w,o,m,e
s,f,g,f,c,n,e,e,s,s,w,o,u,e
f,f,n,f,c,n,e,e,s,s,w,o,u,e
s,f,g,f,c,n,e,e,s,s,w,o,u,e
x,y,w,t,c,b,e,c,s,s,w,o,m,e
x,s,w,t,c,n,e,e,s,s,w,o,u,p
x,s,g,f,w,b,t,e,s,f,w,o,g,e
x,y,y,t,c,b,e,c,s,s,w,o,g,e
x,y,w,t,c,n,e,e,s,s,w,o,g,p
x,s,y,t,c,b,e,c,s,s,w,o,m,e
x,s,n,t,c,n,e,e,s,s,w,o,u,p
b,s,y,t,c,b,e,c,s,s,w,o,m,e
b,y,w,t,c,b,e,c,s,s,w,o,m,e
x,y,w,t,c,n,e,e,s,s,w,o,g,p
x,s,n,t,c,n,e,e,s,s,w,o,u,p
x,s,g,f,w,b,t,e,s,f,w,o,g,e
x,y,n,t,c,b,e,r,s,y,w,o,g,e
f,f,w,f,w,b,t,e,f,f,w,o,g,e
f,y,n,t,c,b,e,r,s,y,w,o,p,e
b,y,w,t,c,b,e,c,s,s,w,o,m,e
b,s,w,t,c,b,e,c,s,s,w,o,g,e
x,s,g,f,w,b,t,e,s,f,w,o,g,e
f,y,n,t,c,b,e,r,s,y,w,o,g,e
x,s,w,t,c,b,e,c,s,s,w,o,m,e
f,f,g,f,c,n,e,e,s,s,w,o,u,e
f,s,n,f,w,b,t,e,f,s,w,o,g,e
x,f,g,f,w,b,t,e,s,f,w,o,g,e
f,s,w,f,w,b,t,e,s,f,w,o,g,e
x,s,w,t,c,n,e,e,s,s,w,o,u,p
x,y,y,t,c,b,e,r,s,y,w,o,g,e
b,s,w,t,c,b,e,c,s,s,w,o,g,e
f,f,g,f,w,b,t,e,s,s,w,o,g,e
b,y,w,t,c,b,e,c,s,s,w,o,g,e
b,s,y,t,c,b,e,c,s,s,w,o,m,e
s,f,g,f,c,n,e,e,s,s,w,o,u,e
f,y,y,t,c,b,e,r,s,y,w,o,g,e
b,s,w,t,c,b,e,c,s,s,w,o,g,e
x,f,w,t,w,n,t,b,s,s,w,o,d,e
f,y,y,t,c,b,e,r,s,y,w,o,p,e
f,f,g,f,c,n,e,e,s,s,w,o,u,e
x,s,w,t,c,b,e,c,s,s,w,o,m,e
f,f,y,t,w,n,t,b,s,s,w,o,d,e
s,f,g,f,c,n,e,e,s,s,w,o,u,e
b,y,w,t,c,b,e,c,s,s,w,o,g,e
b,s,w,t,c,b,e,c,s,s,w,o,g,e
f,f,n,f,w,b,t,e,s,s,w,o,g,e
b,y,y,t,c,b,e,c,s,s,w,o,m,e
x,f,n,t,c,b,t,b,s,s,w,o,d,e
x,y,n,t,c,b,e,r,s,y,w,o,g,e
x,y,n,t,c,b,e,r,s,y,w,o,g,e
b,y,y,t,c,b,e,c,s,s,w,o,m,e
f,y,y,t,c,b,e,r,s,y,w,o,g,e
x,y,y,t,c,b,e,c,s,s,w,o,m,e
x,s,n,f,w,b,t,e,s,s,w,o,g,e
x,y,w,t,c,b,e,c,s,s,w,o,m,e
b,y,y,t,c,b,e,c,s,s,w,o,m,e
x,y,n,t,c,b,e,r,s,y,w,o,g,e
f,y,n,t,c,b,e,r,s,y,w,o,p,e
f,y,n,t,c,b,e,r,s,y,w,o,g,e
f,y,y,t,c,b,e,r,s,y,w,o,p,e
x,s,y,t,w,n,t,b,s,s,w,o,d,e
b,y,w,t,c,b,e,c,s,s,w,o,m,e
b,s,w,t,c,b,e,c,s,s,w,o,m,e
x,y,y,t,c,b,e,c,s,s,w,o,g,e
f,f,w,t,w,n,t,b,s,s,w,o,d,e
x,s,y,t,c,b,e,c,s,s,w,o,g,e
b,s,y,t,c,b,e,c,s,s,w,o,m,e
f,y,y,t,c,b,e,r,s,y,w,o,g,e
x,y,n,t,c,n,e,e,s,s,w,o,g,p
x,y,w,t,c,n,e,e,s,s,w,o,u,p
x,s,y,t,c,b,e,c,s,s,w,o,g,e
f,f,w,f,w,b,t,e,s,s,w,o,g,e
b,s,y,t,c,b,e,c,s,s,w,o,g,e
x,y,y,t,c,b,e,r,s,y,w,o,p,e
f,f,g,f,c,n,e,e,s,s,w,o,u,e
b,s,w,t,c,b,e,c,s,s,w,o,g,e
x,s,w,t,c,b,e,c,s,s,w,o,m,e
x,y,n,t,c,n,e,e,s,s,w,o,g,p
x,s,n,t,c,n,e,e,s,s,w,o,g,p
b,s,w,t,c,b,e,c,s,s,w,o,g,e
b,s,y,t,c,b,e,c,s,s,w,o,m,e
f,y,n,t,c,b,e,r,s,y,w,o,g,e
x,y,y,t,c,b,e,r,s,y,w,o,g,e
f,y,y,t,c,b,e,r,s,y,w,o,p,e
x,y,w,t,c,b,e,c,s,s,w,o,g,e
x,s,y,t,c,b,e,c,s,s,w,o,g,e
f,f,n,f,c,n,e,e,s,s,w,o,u,e
f,f,n,f,w,b,t,e,s,s,w,o,g,e
x,f,y,t,w,n,t,b,s,s,w,o,d,e
f,y,y,t,c,b,e,r,s,y,w,o,p,e
f,f,n,f,c,n,e,e,s,s,w,o,u,e
f,f,g,f,c,n,e,e,s,s,w,o,u,e
x,y,n,t,c,b,e,r,s,y,w,o,g,e
x,y,y,t,c,b,e,r,s,y,w,o,p,e
b,s,w,t,c,b,e,c,s,s,w,o,m,e
x,s,w,t,w,n,t,b,s,s,w,o,d,e
x,y,w,t,c,b,e,c,s,s,w,o,m,e
x,f,y,t,w,n,t,b,s,s,w,o,d,e
b,s,y,t,c,b,e,c,s,s,w,o,g,e
x,f,n,t,c,b,t,b,s,s,w,o,d,e
x,y,w,t,c,b,e,c,s,s,w,o,m,e
f,f,g,f,c,n,e,e,s,s,w,o,u,e
b,y,w,t,c,b,e,c,s,s,w,o,m,e
x,y,y,t,c,b,e,c,s,s,w,o,m,e
x,s,w,t,c,b,e,c,s,s,w,o,g,e
b,s,y,t,c,b,e,c,s,s,w,o,g,e
b,y,w,t,c,b,e,c,s,s,w,o,g,e
x,y,n,t,c,b,e,r,s,y,w,o,p,e
f,s,g,f,w,b,t,e,f,s,w,o,g,e
x,y,n,t,c,n,e,e,s,s,w,o,g,p
b,y,w,t,c,b,e,c,s,s,w,o,g,e
b,s,y,t,c,b,e,c,s,s,w,o,m,e
x,y,n,t,c,n,e,e,s,s,w,o,g,p
x,s,n,t,c,n,e,e,s,s,w,o,u,p
f,s,n,f,w,b,t,e,f,s,w,o,g,e
x,s,n,t,c,n,e,e,s,s,w,o,g,p
f,f,g,f,w,b,t,e,s,f,w,o,g,e
x,y,y,t,c,b,e,r,s,y,w,o,p,e
b,y,w,t,c,b,e,c,s,s,w,o,m,e
f,y,y,t,c,b,e,r,s,y,w,o,p,e
f,y,y,t,c,b,e,r,s,y,w,o,p,e
b,y,y,t,c,b,e,c,s,s,w,o,m,e
s,f,n,f,c,n,e,e,s,s,w,o,u,e
x,s,w,t,c,b,e,c,s,s,w,o,m,e
b,y,y,t,c,b,e,c,s,s,w,o,m,e
f,y,y,t,c,b,e,r,s,y,w,o,p,e
f,s,n,f,w,b,t,e,f,f,w,o,g,e
x,s,w,t,c,b,e,c,s,s,w,o,m,e
b,y,y,t,c,b,e,c,s,s,w,o,g,e
b,y,y,t,c,b,e,c,s,s,w,o,g,e
b,y,y,t,c,b,e,c,s,s,w,o,m,e
b,s,w,t,c,b,e,c,s,s,w,o,m,e
x,y,y,t,c,b,e,r,s,y,w,o,p,e
x,y,n,t,c,b,e,r,s,y,w,o,g,e
s,f,n,f,c,n,e,e,s,s,w,o,u,e
f,y,n,t,c,b,e,r,s,y,w,o,g,e
x,s,w,t,c,b,e,c,s,s,w,o,g,e
f,s,y,t,w,n,t,b,s,s,w,o,d,e
x,s,n,f,w,b,t,e,s,s,w,o,g,e
f,y,y,t,c,b,e,r,s,y,w,o,g,e
x,y,n,t,c,n,e,e,s,s,w,o,g,p
x,s,w,t,c,b,e,c,s,s,w,o,g,e
x,f,w,f,w,b,t,e,f,s,w,o,g,e
b,s,w,t,c,b,e,c,s,s,w,o,m,e
x,y,w,t,c,b,e,c,s,s,w,o,m,e
f,y,y,t,c,b,e,r,s,y,w,o,g,e
x,f,n,f,w,b,t,e,f,s,w,o,g,e
x,s,w,t,c,n,e,e,s,s,w,o,g,p
x,y,w,t,c,n,e,e,s,s,w,o,u,p
x,y,w,t,c,b,e,c,s,s,w,o,g,e
b,y,w,t,c,b,e,c,s,s,w,o,g,e
x,f,w,t,w,n,t,b,s,s,w,o,d,e
x,y,w,t,c,n,e,e,s,s,w,o,u,p
x,s,w,t,c,b,e,c,s,s,w,o,g,e
x,f,g,f,c,n,e,e,s,s,w,o,u,e
x,f,n,f,c,n,e,e,s,s,w,o,u,e
b,s,w,t,c,b,e,c,s,s,w,o,m,e
x,y,n,t,c,b,e,r,s,y,w,o,g,e
b,y,w,t,c,b,e,c,s,s,w,o,m,e
f,y,y,t,c,b,e,r,s,y,w,o,p,e
x,y,w,t,c,b,e,c,s,s,w,o,g,e
b,y,w,t,c,b,e,c,s,s,w,o,g,e
b,y,w,t,c,b,e,c,s,s,w,o,m,e
x,s,n,t,c,n,e,e,s,s,w,o,u,p
f,s,y,t,w,n,t,b,s,s,w,o,d,e
x,y,n,t,c,b,e,r,s,y,w,o,p,e
b,s,y,t,c,b,e,c,s,s,w,o,g,e
f,s,w,t,w,n,t,b,s,s,w,o,d,e
b,y,y,t,c,b,e,c,s,s,w,o,g,e
b,y,y,t,c,b,e,c,s,s,w,o,m,e
b,s,y,t,c,b,e,c,s,s,w,o,g,e
f,y,y,t,c,b,e,r,s,y,w,o,g,e
x,s,w,f,w,b,t,e,f,f,w,o,g,e
b,y,y,t,c,b,e,c,s,s,w,o,m,e
x,y,n,t,c,b,e,r,s,y,w,o,p,e
b,s,w,t,c,b,e,c,s,s,w,o,g,e
f,y,n,t,c,b,e,r,s,y,w,o,g,e
x,s,w,t,c,b,e,c,s,s,w,o,g,e
x,f,n,f,c,n,e,e,s,s,w,o,u,e
x,y,n,t,c,b,e,r,s,y,w,o,p,e
f,f,g,f,w,b,t,e,s,f,w,o,g,e
x,s,w,t,w,n,t,b,s,s,w,o,d,e
f,f,n,f,c,n,e,e,s,s,w,o,u,e
b,y,y,t,c,b,e,c,s,s,w,o,m,e
b,s,w,t,c,b,e,c,s,s,w,o,m,e
x,s,w,t,c,b,e,c,s,s,w,o,g,e
b,s,y,t,c,b,e,c,s,s,w,o,m,e
x,y,y,t,c,b,e,c,s,s,w,o,m,e
x,s,y,t,w,n,t,b,s,s,w,o,d,e
f,f,g,f,w,b,t,e,f,s,w,o,g,e
x,y,y,t,c,b,e,r,s,y,w,o,g,e
x,y,n,t,c,n,e,e,s,s,w,o,u,p
x,y,n,t,c,b,e,r,s,y,w,o,g,e
x,s,y,t,c,b,e,c,s,s,w,o,g,e
b,y,w,t,c,b,e,c,s,s,w,o,m,e
x,y,y,t,c,b,e,c,s,s,w,o,m,e
s,f,n,f,c,n,e,e,s,s,w,o,u,e
b,y,y,t,c,b,e,c,s,s,w,o,m,e
x,s,w,t,c,b,e,c,s,s,w,o,m,e
x,s,w,t,c,b,e,c,s,s,w,o,g,e
x,s,n,t,c,n,e,e,s,s,w,o,g,p
x,f,n,f,c,n,e,e,s,s,w,o,u,e
x,y,y,t,c,b,e,c,s,s,w,o,g,e
x,y,n,t,c,n,e,e,s,s,w,o,g,p
x,y,y,t,c,b,e,r,s,y,w,o,p,e
b,y,y,t,c,b,e,c,s,s,w,o,g,e
f,y,n,t,c,b,e,r,s,y,w,o,p,e
x,y,w,t,c,b,e,c,s,s,w,o,g,e
x,s,y,t,c,b,e,c,s,s,w,o,g,e
x,y,n,t,c,n,e,e,s,s,w,o,g,p
x,y,n,t,c,n,e,e,s,s,w,o,u,p
b,y,y,t,c,b,e,c,s,s,w,o,g,e
x,s,w,f,w,b,t,e,f,s,w,o,g,e
x,s,w,t,c,n,e,e,s,s,w,o,g,p
x,y,n,t,c,b,e,r,s,y,w,o,p,e
b,s,w,t,c,b,e,c,s,s,w,o,m,e
x,y,y,t,c,b,e,c,s,s,w,o,g,e
x,s,n,t,c,n,e,e,s,s,w,o,u,p
b,y,y,t,c,b,e,c,s,s,w,o,g,e
b,y,w,t,c,b,e,c,s,s,w,o,g,e
f,y,y,t,c,b,e,r,s,y,w,o,g,e
b,y,w,t,c,b,e,c,s,s,w,o,g,e
x,y,y,t,c,b,e,r,s,y,w,o,g,e
b,s,y,t,c,b,e,c,s,s,w,o,m,e
x,s,y,t,w,n,t,b,s,s,w,o,d,e
b,s,y,t,c,b,e,c,s,s,w,o,m,e
b,s,y,t,c,b,e,c,s,s,w,o,m,e
x,y,w,t,c,n,e,e,s,s,w,o,u,p
x,y,w,t,c,n,e,e,s,s,w,o,g,p
x,s,n,t,c,n,e,e,s,s,w,o,u,p
x,s,w,t,c,b,e,c,s,s,w,o,m,e
x,y,n,t,c,b,e,r,s,y,w,o,g,e
x,y,y,t,c,b,e,r,s,y,w,o,g,e
x,s,w,t,w,n,t,b,s,s,w,o,d,e
b,y,w,t,c,b,e,c,s,s,w,o,g,e
b,s,y,t,c,b,e,c,s,s,w,o,m,e
x,f,g,f,c,n,e,e,s,s,w,o,u,e
b,s,y,t,c,b,e,c,s,s,w,o,m,e
x,s,w,t,c,b,e,c,s,s,w,o,g,e
x,y,n,t,c,b,e,r,s,y,w,o,p,e
x,y,y,t,c,b,e,c,s,s,w,o,m,e
f,f,w,t,w,n,t,b,s,s,w,o,d,e
f,f,w,t,w,n,t,b,s,s,w,o,d,e
x,s,w,t,c,b,e,c,s,s,w,o,m,e
f,s,y,t,w,n,t,b,s,s,w,o,d,e
s,f,g,f,c,n,e,e,s,s,w,o,u,e
f,f,y,t,w,n,t,b,s,s,w,o,d,e
x,y,n,t,c,b,e,r,s,y,w,o,g,e
x,y,y,t,c,b,e,r,s,y,w,o,g,e
x,y,y,t,c,b,e,r,s,y,w,o,p,e
x,s,n,t,c,n,e,e,s,s,w,o,g,p
x,s,y,t,c,b,e,c,s,s,w,o,m,e
x,y,w,t,c,n,e,e,s,s,w,o,u,p
x,y,y,t,c,b,e,c,s,s,w,o,g,e
x,y,w,t,c,b,e,c,s,s,w,o,g,e
f,s,y,t,w,n,t,b,s,s,w,o,d,e
x,y,n,t,c,n,e,e,s,s,w,o,g,p
b,s,w,t,c,b,e,c,s,s,w,o,g,e
s,f,g,f,c,n,e,e,s,s,w,o,u,e
x,s,y,t,c,b,e,c,s,s,w,o,g,e
x,f,g,f,w,b,t,e,s,f,w,o,g,e
x,y,y,t,c,b,e,c,s,s,w,o,m,e
b,y,w,t,c,b,e,c,s,s,w,o,g,e
b,s,y,t,c,b,e,c,s,s,w,o,m,e
x,s,w,t,w,n,t,b,s,s,w,o,d,e
b,s,w,t,c,b,e,c,s,s,w,o,g,e
f,y,n,t,c,b,e,r,s,y,w,o,g,e
s,f,g,f,c,n,e,e,s,s,w,o,u,e
x,f,w,f,w,b,t,e,f,s,w,o,g,e
s,f,n,f,c,n,e,e,s,s,w,o,u,e
f,y,n,t,c,b,e,r,s,y,w,o,p,e
f,s,y,t,w,n,t,b,s,s,w,o,d,e
b,s,y,t,c,b,e,c,s,s,w,o,g,e
b,s,y,t,c,b,e,c,s,s,w,o,m,e
x,s,n,t,c,n,e,e,s,s,w,o,g,p
f,y,n,t,c,b,e,r,s,y,w,o,p,e
x,s,y,t,c,b,e,c,s,s,w,o,g,e
f,y,y,t,c,b,e,r,s,y,w,o,g,e
x,y,w,t,c,b,e,c,s,s,w,o,g,e
x,y,y,t,c,b,e,c,s,s,w,o,m,e
x,y,y,t,c,b,e,c,s,s,w,o,g,e
f,f,n,f,c,n,e,e,s,s,w,o,u,e
f,y,y,t,c,b,e,r,s,y,w,o,p,e
x,f,g,f,c,n,e,e,s,s,w,o,u,e
x,s,y,t,c,b,e,c,s,s,w,o,g,e
f,y,n,t,c,b,e,r,s,y,w,o,p,e
x,s,y,t,c,b,e,c,s,s,w,o,g,e
x,y,y,t,c,b,e,c,s,s,w,o,m,e
x,f,n,t,c,b,t,b,s,s,w,o,d,e
x,s,w,t,c,b,e,c,s,s,w,o,m,e
x,y,y,t,c,b,e,r,s,y,w,o,p,e
x,y,w,t,c,b,e,c,s,s,w,o,m,e
x,s,w,t,c,b,e,c,s,s,w,o,g,e
f,y,y,t,c,b,e,r,s,y,w,o,g,e
b,s,y,t,c,b,e,c,s,s,w,o,g,e
f,f,w,t,w,n,t,b,s,s,w,o,d,e
f,s,g,f,w,b,t,e,s,f,w,o,g,e
x,y,w,t,c,b,e,c,s,s,w,o,g,e
x,y,w,t,c,b,e,c,s,s,w,o,g,e
f,y,y,t,c,b,e,r,s,y,w,o,g,e
x,s,w,t,w,n,t,b,s,s,w,o,d,e
x,s,y,t,c,b,e,c,s,s,w,o,g,e
f,y,y,t,c,b,e,r,s,y,w,o,g,e
x,y,y,t,c,b,e,r,s,y,w,o,p,e
x,s,y,t,c,b,e,c,s,s,w,o,g,e
x,f,n,t,c,b,t,b,s,s,w,o,d,e
f,y,y,t,c,b,e,r,s,y,w,o,g,e
x,s,w,t,c,b,e,c,s,s,w,o,g,e
b,s,y,t,c,b,e,c,s,s,w,o,m,e
x,s,y,t,c,b,e,c,s,s,w,o,m,e
x,y,n,t,c,b,e,r,s,y,w,o,g,e
b,y,y,t,c,b,e,c,s,s,w,o,g,e
x,s,w,t,c,b,e,c,s,s,w,o,m,e
x,y,w,t,c,b,e,c,s,s,w,o,m,e
x,s,y,t,c,b,e,c,s,s,w,o,g,e
f,y,y,t,c,b,e,r,s,y,w,o,p,e
x,f,w,f,w,b,t,e,f,f,w,o,g,e
x,s,n,f,w,b,t,e,f,f,w,o,g,e
x,s,w,f,w,b,t,e,f,s,w,o,g,e
x,s,y,t,c,b,e,c,s,s,w,o,m,e
f,f,w,f,w,b,t,e,f,s,w,o,g,e
f,s,n,t,c,n,e,e,s,s,w,o,g,p
x,f,g,f,w,b,t,e,f,f,w,o,g,e
f,y,n,t,c,n,e,e,s,s,w,o,u,p
x,s,n,t,c,n,e,e,s,s,w,o,g,p
b,s,w,t,c,b,e,c,s,s,w,o,g,e
x,f,g,f,w,b,t,e,f,f,w,o,g,e
x,s,w,t,c,b,e,c,s,s,w,o,g,e
f,f,g,f,w,b,t,e,s,s,w,o,g,e
x,s,g,f,w,b,t,e,s,s,w,o,g,e
x,s,w,t,c,b,e,c,s,s,w,o,g,e
x,s,w,t,c,b,e,c,s,s,w,o,m,e
x,y,g,t,c,b,t,b,s,s,w,o,d,e
f,f,n,f,w,b,t,e,f,f,w,o,g,e
x,s,w,f,w,b,t,e,s,f,w,o,g,e
f,f,n,f,w,b,t,e,f,s,w,o,g,e
x,s,n,f,w,b,t,e,f,f,w,o,g,e
x,y,y,t,c,b,e,c,s,s,w,o,g,e
x,s,y,t,w,n,t,b,s,s,w,o,d,e
f,f,w,f,w,b,t,e,f,s,w,o,g,e
x,s,n,f,w,b,t,e,f,s,w,o,g,e
x,s,g,f,w,b,t,e,f,s,w,o,g,e
x,y,n,t,c,n,e,e,s,s,w,o,u,p
x,f,g,f,c,n,e,e,s,s,w,o,u,e
b,s,w,t,c,b,e,c,s,s,w,o,m,e
x,s,g,f,w,b,t,e,s,s,w,o,g,e
f,f,g,f,w,b,t,e,s,f,w,o,g,e
f,s,n,t,c,n,e,e,s,s,w,o,g,p
x,s,y,t,c,b,e,c,s,s,w,o,g,e
x,f,n,f,c,n,e,e,s,s,w,o,u,e
f,s,w,f,w,b,t,e,s,f,w,o,g,e
x,y,y,t,c,b,e,c,s,s,w,o,m,e
x,f,n,f,w,b,t,e,s,s,w,o,g,e
f,s,g,f,w,b,t,e,f,s,w,o,g,e
x,y,e,t,c,b,t,b,s,s,w,o,d,e
b,y,y,t,c,b,e,c,s,s,w,o,g,e
x,f,w,f,w,b,t,e,f,f,w,o,g,e
x,s,w,t,c,n,e,e,s,s,w,o,g,p
x,f,g,f,w,b,t,e,s,s,w,o,g,e
f,f,g,t,c,b,t,b,s,s,w,o,d,e
f,f,n,f,w,b,t,e,f,f,w,o,g,e
f,f,w,f,w,b,t,e,f,f,w,o,g,e
b,y,w,t,c,b,e,c,s,s,w,o,g,e
f,f,n,f,w,b,t,e,f,s,w,o,g,e
f,y,n,t,c,n,e,e,s,s,w,o,u,p
x,y,w,t,c,n,e,e,s,s,w,o,u,p
b,s,y,t,c,b,e,c,s,s,w,o,g,e
f,s,g,f,w,b,t,e,s,f,w,o,g,e
x,f,g,f,w,b,t,e,s,f,w,o,g,e
f,f,n,f,w,b,t,e,f,s,w,o,g,e
b,s,w,t,c,b,e,c,s,s,w,o,m,e
x,s,w,t,c,n,e,e,s,s,w,o,u,p
x,y,n,t,c,b,t,b,s,s,w,o,d,e
f,f,w,t,w,n,t,b,s,s,w,o,d,e
x,y,y,t,c,b,e,c,s,s,w,o,m,e
x,f,n,f,w,b,t,e,f,f,w,o,g,e
f,f,w,f,w,b,t,e,f,s,w,o,g,e
x,f,n,t,c,b,t,b,s,s,w,o,d,e
x,f,n,t,c,b,t,b,s,s,w,o,d,e
f,s,g,f,w,b,t,e,f,f,w,o,g,e
f,s,g,f,w,b,t,e,s,s,w,o,g,e
f,s,n,t,c,n,e,e,s,s,w,o,g,p
x,f,n,t,c,b,t,b,s,s,w,o,d,e
x,s,n,f,w,b,t,e,f,f,w,o,g,e
x,f,w,f,w,b,t,e,s,f,w,o,g,e
f,f,n,f,w,b,t,e,f,s,w,o,g,e
x,f,n,t,c,b,t,b,s,s,w,o,d,e
f,f,n,t,c,b,t,b,s,s,w,o,d,e
x,f,g,f,w,b,t,e,s,f,w,o,g,e
f,f,n,t,c,b,t,b,s,s,w,o,d,e
x,s,g,f,w,b,t,e,f,f,w,o,g,e
b,y,w,t,c,b,e,c,s,s,w,o,g,e
x,f,n,t,c,b,t,b,s,s,w,o,d,e
x,y,y,t,c,b,e,c,s,s,w,o,g,e
f,f,g,f,w,b,t,e,f,f,w,o,g,e
f,f,n,t,c,b,t,b,s,s,w,o,d,e
x,s,y,t,c,b,e,c,s,s,w,o,m,e
f,f,g,f,w,b,t,e,s,s,w,o,g,e
x,f,n,f,w,b,t,e,s,s,w,o,g,e
x,s,w,t,c,n,e,e,s,s,w,o,u,p
x,f,w,f,w,b,t,e,f,f,w,o,g,e
f,f,w,f,w,b,t,e,f,s,w,o,g,e
x,s,w,f,w,b,t,e,s,f,w,o,g,e
x,s,g,f,w,b,t,e,s,f,w,o,g,e
x,y,y,t,c,b,e,c,s,s,w,o,g,e
x,s,y,t,c,b,e,c,s,s,w,o,m,e
x,s,g,f,w,b,t,e,s,f,w,o,g,e
x,s,n,f,w,b,t,e,f,s,w,o,g,e
f,f,n,f,c,n,e,e,s,s,w,o,u,e
f,s,w,f,w,b,t,e,s,f,w,o,g,e
f,s,w,f,w,b,t,e,f,f,w,o,g,e
x,y,y,t,c,b,e,c,s,s,w,o,m,e
f,s,w,t,w,n,t,b,s,s,w,o,d,e
b,s,w,t,c,b,e,c,s,s,w,o,m,e
f,y,w,t,c,n,e,e,s,s,w,o,u,p
x,f,g,t,c,b,t,b,s,s,w,o,d,e
f,y,n,t,c,b,e,r,s,y,w,o,g,e
f,s,n,f,w,b,t,e,s,s,w,o,g,e
x,s,w,t,c,n,e,e,s,s,w,o,g,p
x,y,n,t,c,b,e,r,s,y,w,o,g,e
x,s,g,f,w,b,t,e,s,f,w,o,g,e
x,s,w,f,w,b,t,e,f,s,w,o,g,e
f,f,w,f,w,b,t,e,f,s,w,o,g,e
x,f,n,f,w,b,t,e,s,s,w,o,g,e
x,s,w,t,c,b,e,c,s,s,w,o,g,e
x,y,w,t,c,b,e,c,s,s,w,o,m,e
x,s,w,f,w,b,t,e,s,s,w,o,g,e
f,y,y,t,c,b,e,r,s,y,w,o,p,e
f,s,n,f,w,b,t,e,s,f,w,o,g,e
f,f,g,f,w,b,t,e,f,f,w,o,g,e
f,f,y,t,w,n,t,b,s,s,w,o,d,e
f,y,n,t,c,b,e,r,s,y,w,o,g,e
x,f,n,t,c,b,t,b,s,s,w,o,d,e
f,s,n,t,c,n,e,e,s,s,w,o,g,p
x,f,n,t,c,b,t,b,s,s,w,o,d,e
f,f,n,f,w,b,t,e,f,f,w,o,g,e
b,s,y,t,c,b,e,c,s,s,w,o,m,e
b,y,w,t,c,b,e,c,s,s,w,o,g,e
x,y,w,t,c,b,e,c,s,s,w,o,m,e
f,y,w,t,c,n,e,e,s,s,w,o,u,p
f,y,w,t,c,n,e,e,s,s,w,o,g,p
x,f,n,f,c,n,e,e,s,s,w,o,u,e
f,s,y,t,w,n,t,b,s,s,w,o,d,e
x,y,y,t,c,b,e,c,s,s,w,o,m,e
x,s,w,f,w,b,t,e,s,s,w,o,g,e
x,f,g,t,c,b,t,b,s,s,w,o,d,e
x,y,n,t,c,n,e,e,s,s,w,o,g,p
x,f,g,f,w,b,t,e,s,f,w,o,g,e
f,f,n,f,w,b,t,e,s,f,w,o,g,e
x,s,w,f,w,b,t,e,s,s,w,o,g,e
f,f,w,f,w,b,t,e,f,f,w,o,g,e
x,y,y,t,c,b,e,c,s,s,w,o,m,e
f,f,y,t,w,n,t,b,s,s,w,o,d,e
x,f,g,f,c,n,e,e,s,s,w,o,u,e
x,s,n,t,c,n,e,e,s,s,w,o,u,p
x,y,y,t,c,b,e,r,s,y,w,o,p,e
f,y,n,t,c,b,e,r,s,y,w,o,p,e
x,f,w,f,w,b,t,e,s,s,w,o,g,e
x,y,n,t,c,b,t,b,s,s,w,o,d,e
x,s,g,f,w,b,t,e,f,f,w,o,g,e
x,s,w,t,c,b,e,c,s,s,w,o,g,e
x,f,g,f,w,b,t,e,s,f,w,o,g,e
f,y,n,t,c,n,e,e,s,s,w,o,u,p
x,f,n,t,c,b,t,b,s,s,w,o,d,e
x,f,g,f,w,b,t,e,f,f,w,o,g,e
x,f,e,t,c,b,t,b,s,s,w,o,d,e
x,f,n,t,c,b,t,b,s,s,w,o,d,e
x,f,g,f,w,b,t,e,s,f,w,o,g,e
x,y,y,t,c,b,e,r,s,y,w,o,p,e
x,f,n,f,w,b,t,e,f,s,w,o,g,e
b,s,y,t,c,b,e,c,s,s,w,o,g,e
x,f,w,t,w,n,t,b,s,s,w,o,d,e
f,s,g,f,w,b,t,e,s,f,w,o,g,e
x,y,y,t,c,b,e,c,s,s,w,o,g,e
x,f,n,f,w,b,t,e,s,s,w,o,g,e
f,s,w,f,w,b,t,e,s,f,w,o,g,e
x,s,y,t,w,n,t,b,s,s,w,o,d,e
x,s,g,f,w,b,t,e,f,s,w,o,g,e
x,f,g,f,w,b,t,e,f,f,w,o,g,e
f,y,w,t,c,n,e,e,s,s,w,o,u,p
f,f,y,t,w,n,t,b,s,s,w,o,d,e
x,y,w,t,c,b,e,c,s,s,w,o,g,e
f,f,w,f,w,b,t,e,f,s,w,o,g,e
x,f,n,t,c,b,t,b,s,s,w,o,d,e
x,y,n,t,c,b,e,r,s,y,w,o,g,e
x,s,w,f,w,b,t,e,s,f,w,o,g,e
f,y,w,t,c,n,e,e,s,s,w,o,g,p
x,s,y,t,c,b,e,c,s,s,w,o,g,e
x,f,g,t,c,b,t,b,s,s,w,o,d,e
f,y,y,t,c,b,e,r,s,y,w,o,p,e
f,s,g,f,w,b,t,e,f,s,w,o,g,e
f,f,n,f,c,n,e,e,s,s,w,o,u,e
f,y,w,t,c,n,e,e,s,s,w,o,g,p
f,f,g,f,w,b,t,e,f,s,w,o,g,e
x,y,n,t,c,b,e,r,s,y,w,o,p,e
f,f,w,f,w,b,t,e,s,s,w,o,g,e
f,y,n,t,c,n,e,e,s,s,w,o,u,p
b,s,y,t,c,b,e,c,s,s,w,o,m,e
f,f,g,f,w,b,t,e,f,f,w,o,g,e
b,s,w,t,c,b,e,c,s,s,w,o,g,e
f,f,g,f,w,b,t,e,s,f,w,o,g,e
b,y,w,t,c,b,e,c,s,s,w,o,m,e
x,y,w,t,c,b,e,c,s,s,w,o,m,e
f,y,n,t,c,n,e,e,s,s,w,o,g,p
x,y,y,t,c,b,e,c,s,s,w,o,g,e
s,f,n,f,c,n,e,e,s,s,w,o,u,e
x,y,n,t,c,b,e,r,s,y,w,o,g,e
f,f,g,f,w,b,t,e,s,f,w,o,g,e
f,f,y,t,w,n,t,b,s,s,w,o,d,e
x,s,g,f,w,b,t,e,f,f,w,o,g,e
f,y,n,t,c,n,e,e,s,s,w,o,u,p
x,f,g,f,w,b,t,e,s,s,w,o,g,e
x,s,g,f,w,b,t,e,f,s,w,o,g,e
x,f,g,f,w,b,t,e,f,s,w,o,g,e
x,y,n,t,c,n,e,e,s,s,w,o,g,p
x,f,n,f,w,b,t,e,f,f,w,o,g,e
f,s,w,f,w,b,t,e,f,s,w,o,g,e
x,f,g,f,w,b,t,e,s,s,w,o,g,e
x,y,n,t,c,n,e,e,s,s,w,o,g,p
f,f,n,f,w,b,t,e,s,f,w,o,g,e
f,s,w,f,w,b,t,e,f,s,w,o,g,e
x,y,w,t,c,n,e,e,s,s,w,o,u,p
f,f,g,f,w,b,t,e,s,f,w,o,g,e
b,y,y,t,c,b,e,c,s,s,w,o,g,e
x,s,n,f,w,b,t,e,f,f,w,o,g,e
f,f,n,f,w,b,t,e,f,s,w,o,g,e
f,s,w,t,c,n,e,e,s,s,w,o,g,p
x,y,n,t,c,b,e,r,s,y,w,o,g,e
f,f,w,f,w,b,t,e,f,s,w,o,g,e
f,y,n,t,c,b,e,r,s,y,w,o,g,e
f,f,g,f,w,b,t,e,s,s,w,o,g,e
f,f,g,f,w,b,t,e,f,f,w,o,g,e
f,s,g,f,w,b,t,e,f,f,w,o,g,e
f,f,n,f,w,b,t,e,f,s,w,o,g,e
x,s,g,f,w,b,t,e,s,s,w,o,g,e
x,f,w,f,w,b,t,e,f,s,w,o,g,e
f,f,w,f,w,b,t,e,s,f,w,o,g,e
x,s,n,f,w,b,t,e,f,f,w,o,g,e
x,f,n,t,c,b,t,b,s,s,w,o,d,e
f,s,y,t,w,n,t,b,s,s,w,o,d,e
x,f,w,f,w,b,t,e,s,s,w,o,g,e
f,s,w,f,w,b,t,e,s,s,w,o,g,e
b,s,y,t,c,b,e,c,s,s,w,o,g,e
x,f,w,f,w,b,t,e,s,f,w,o,g,e
x,f,g,f,w,b,t,e,s,f,w,o,g,e
f,s,n,t,c,n,e,e,s,s,w,o,u,p
x,f,g,f,w,b,t,e,f,s,w,o,g,e
x,s,n,t,c,n,e,e,s,s,w,o,g,p
f,s,w,f,w,b,t,e,f,f,w,o,g,e
x,y,w,t,c,b,e,c,s,s,w,o,g,e
x,f,n,f,w,b,t,e,s,s,w,o,g,e
x,f,n,t,c,b,t,b,s,s,w,o,d,e
b,y,y,t,c,b,e,c,s,s,w,o,g,e
f,f,w,f,w,b,t,e,s,s,w,o,g,e
x,s,n,f,w,b,t,e,f,s,w,o,g,e
f,f,w,f,w,b,t,e,s,s,w,o,g,e
x,f,n,t,c,b,t,b,s,s,w,o,d,e
f,f,w,f,w,b,t,e,s,f,w,o,g,e
x,s,w,f,w,b,t,e,s,f,w,o,g,e
x,s,n,f,w,b,t,e,f,f,w,o,g,e
x,f,w,f,w,b,t,e,f,s,w,o,g,e
f,s,g,f,w,b,t,e,f,s,w,o,g,e
x,f,g,f,w,b,t,e,s,s,w,o,g,e
x,f,g,f,w,b,t,e,f,f,w,o,g,e
f,s,n,f,w,b,t,e,f,s,w,o,g,e
f,s,w,f,w,b,t,e,f,f,w,o,g,e
f,y,n,t,c,b,e,r,s,y,w,o,p,e
x,y,w,t,c,n,e,e,s,s,w,o,g,p
f,s,g,f,w,b,t,e,f,s,w,o,g,e
x,y,w,t,c,n,e,e,s,s,w,o,g,p
b,y,w,t,c,b,e,c,s,s,w,o,m,e
x,s,g,f,w,b,t,e,s,s,w,o,g,e
f,f,g,f,w,b,t,e,s,f,w,o,g,e
f,f,w,f,w,b,t,e,s,f,w,o,g,e
f,s,g,f,w,b,t,e,f,f,w,o,g,e
b,y,w,t,c,b,e,c,s,s,w,o,g,e
x,f,g,f,w,b,t,e,f,s,w,o,g,e
x,f,e,t,c,b,t,b,s,s,w,o,d,e
x,y,y,t,c,b,e,r,s,y,w,o,p,e
x,s,w,f,w,b,t,e,f,f,w,o,g,e
b,s,w,t,c,b,e,c,s,s,w,o,m,e
x,s,n,t,c,n,e,e,s,s,w,o,g,p
x,f,n,t,c,b,t,b,s,s,w,o,d,e
f,s,n,f,w,b,t,e,s,s,w,o,g,e
b,s,w,t,c,b,e,c,s,s,w,o,m,e
x,s,g,f,w,b,t,e,f,s,w,o,g,e
x,f,n,t,c,b,t,b,s,s,w,o,d,e
f,f,w,f,w,b,t,e,f,f,w,o,g,e
x,f,n,f,c,n,e,e,s,s,w,o,u,e
x,f,g,f,c,n,e,e,s,s,w,o,u,e
x,f,g,f,c,n,e,e,s,s,w,o,u,e
b,y,y,t,c,b,e,c,s,s,w,o,m,e
f,f,n,f,c,n,e,e,s,s,w,o,u,e
x,f,w,f,w,b,t,e,s,f,w,o,g,e
f,y,n,t,c,b,e,r,s,y,w,o,p,e
x,y,n,t,c,b,e,r,s,y,w,o,p,e
x,y,y,t,c,b,e,r,s,y,w,o,g,e
f,f,g,f,w,b,t,e,f,s,w,o,g,e
x,y,w,t,c,b,e,c,s,s,w,o,g,e
x,y,w,t,c,b,e,c,s,s,w,o,g,e
f,s,w,f,w,b,t,e,f,f,w,o,g,e
f,s,g,f,w,b,t,e,s,s,w,o,g,e
f,s,n,t,c,n,e,e,s,s,w,o,u,p
x,y,y,t,c,b,e,c,s,s,w,o,g,e
x,f,n,f,w,b,t,e,s,s,w,o,g,e
x,f,w,f,w,b,t,e,f,f,w,o,g,e
x,s,y,t,c,b,e,c,s,s,w,o,m,e
x,f,e,t,c,b,t,b,s,s,w,o,d,e
f,y,n,t,c,b,e,r,s,y,w,o,p,e
b,s,w,t,c,b,e,c,s,s,w,o,g,e
x,s,n,t,c,n,e,e,s,s,w,o,g,p
x,f,g,f,w,b,t,e,f,s,w,o,g,e
b,y,w,t,c,b,e,c,s,s,w,o,m,e
x,s,w,t,c,b,e,c,s,s,w,o,g,e
b,y,y,t,c,b,e,c,s,s,w,o,m,e
x,y,w,t,c,b,e,c,s,s,w,o,g,e
x,s,y,t,c,b,e,c,s,s,w,o,g,e
b,s,w,t,c,b,e,c,s,s,w,o,g,e
f,s,n,f,w,b,t,e,s,s,w,o,g,e
f,s,w,t,c,n,e,e,s,s,w,o,g,p
f,s,n,f,w,b,t,e,s,s,w,o,g,e
f,f,n,f,w,b,t,e,s,s,w,o,g,e
f,y,w,t,c,n,e,e,s,s,w,o,u,p
f,s,w,f,w,b,t,e,f,s,w,o,g,e
x,f,w,f,w,b,t,e,s,s,w,o,g,e
x,s,n,f,w,b,t,e,s,f,w,o,g,e
f,s,n,f,w,b,t,e,s,s,w,o,g,e
f,y,y,t,c,b,e,r,s,y,w,o,g,e
x,f,g,f,w,b,t,e,f,f,w,o,g,e
x,f,n,f,w,b,t,e,s,s,w,o,g,e
f,s,n,t,c,n,e,e,s,s,w,o,g,p
x,s,w,f,w,b,t,e,f,f,w,o,g,e
f,f,n,f,w,b,t,e,f,s,w,o,g,e
f,f,w,f,w,b,t,e,f,f,w,o,g,e
f,f,w,f,w,b,t,e,f,f,w,o,g,e
x,y,y,t,c,b,e,r,s,y,w,o,g,e
x,s,g,f,w,b,t,e,f,f,w,o,g,e
x,f,g,f,w,b,t,e,f,f,w,o,g,e
f,f,n,f,w,b,t,e,f,f,w,o,g,e
f,s,n,f,w,b,t,e,f,s,w,o,g,e
x,f,w,f,w,b,t,e,s,s,w,o,g,e
x,y,e,t,c,b,t,b,s,s,w,o,d,e
x,f,n,f,w,b,t,e,s,s,w,o,g,e
x,s,w,t,c,n,e,e,s,s,w,o,g,p
x,y,n,t,c,b,t,b,s,s,w,o,d,e
x,f,n,f,w,b,t,e,s,f,w,o,g,e
f,y,w,t,c,n,e,e,s,s,w,o,g,p
f,f,g,f,w,b,t,e,f,s,w,o,g,e
x,f,w,f,w,b,t,e,f,f,w,o,g,e
f,s,n,f,w,b,t,e,s,f,w,o,g,e
f,f,g,f,w,b,t,e,s,f,w,o,g,e
f,s,g,f,w,b,t,e,f,s,w,o,g,e
f,f,g,f,w,b,t,e,s,f,w,o,g,e
x,s,g,f,w,b,t,e,s,f,w,o,g,e
x,s,n,f,w,b,t,e,s,f,w,o,g,e
f,s,w,t,c,n,e,e,s,s,w,o,u,p
x,s,g,f,w,b,t,e,f,f,w,o,g,e
x,s,w,t,c,n,e,e,s,s,w,o,g,p
f,s,w,t,c,n,e,e,s,s,w,o,u,p
f,s,n,f,w,b,t,e,s,f,w,o,g,e
x,f,g,f,w,b,t,e,s,s,w,o,g,e
f,s,g,f,w,b,t,e,s,s,w,o,g,e
x,s,g,f,w,b,t,e,s,s,w,o,g,e
f,f,g,f,w,b,t,e,f,s,w,o,g,e
f,f,g,f,w,b,t,e,f,s,w,o,g,e
x,y,g,t,c,b,t,b,s,s,w,o,d,e
x,f,n,t,c,b,t,b,s,s,w,o,d,e
f,s,w,f,w,b,t,e,s,f,w,o,g,e
f,y,w,t,c,n,e,e,s,s,w,o,g,p
f,y,n,t,c,n,e,e,s,s,w,o,g,p
x,s,w,f,w,b,t,e,f,s,w,o,g,e
f,s,n,t,c,n,e,e,s,s,w,o,g,p
f,f,n,f,w,b,t,e,s,f,w,o,g,e
f,s,w,f,w,b,t,e,f,s,w,o,g,e
f,s,n,t,c,n,e,e,s,s,w,o,g,p
f,y,w,t,c,n,e,e,s,s,w,o,g,p
f,y,n,t,c,n,e,e,s,s,w,o,g,p
f,s,w,t,c,n,e,e,s,s,w,o,g,p
x,s,w,f,w,b,t,e,f,f,w,o,g,e
x,f,n,t,c,b,t,b,s,s,w,o,d,e
f,s,w,f,w,b,t,e,f,f,w,o,g,e
f,f,g,f,w,b,t,e,f,s,w,o,g,e
f,y,n,t,c,n,e,e,s,s,w,o,u,p
x,s,w,f,w,b,t,e,f,f,w,o,g,e
x,y,e,t,c,b,t,b,s,s,w,o,d,e
f,s,g,f,w,b,t,e,f,s,w,o,g,e
x,s,w,f,w,b,t,e,f,f,w,o,g,e
f,s,w,t,c,n,e,e,s,s,w,o,g,p
f,f,n,f,w,b,t,e,f,s,w,o,g,e
x,f,w,f,w,b,t,e,s,s,w,o,g,e
f,s,w,t,c,n,e,e,s,s,w,o,u,p
x,f,n,f,w,b,t,e,s,f,w,o,g,e
f,f,w,f,w,b,t,e,s,s,w,o,g,e
x,s,w,f,w,b,t,e,s,s,w,o,g,e
f,s,w,f,w,b,t,e,f,s,w,o,g,e
b,y,y,t,c,b,e,c,s,s,w,o,m,e
x,s,g,f,w,b,t,e,s,s,w,o,g,e
x,f,w,f,w,b,t,e,s,f,w,o,g,e
x,s,n,f,w,b,t,e,f,s,w,o,g,e
x,f,n,f,w,b,t,e,f,s,w,o,g,e
f,f,g,f,w,b,t,e,f,f,w,o,g,e
x,y,n,t,c,n,e,e,s,s,w,o,u,p
f,s,g,f,w,b,t,e,f,s,w,o,g,e
x,f,n,t,c,b,t,b,s,s,w,o,d,e
f,s,w,f,w,b,t,e,s,f,w,o,g,e
x,f,n,t,c,b,t,b,s,s,w,o,d,e
x,f,g,f,w,b,t,e,f,s,w,o,g,e
x,f,w,f,w,b,t,e,s,f,w,o,g,e
f,s,w,t,c,n,e,e,s,s,w,o,g,p
f,s,w,t,c,n,e,e,s,s,w,o,g,p
x,s,g,f,w,b,t,e,f,s,w,o,g,e
x,f,n,t,c,b,t,b,s,s,w,o,d,e
x,s,g,f,w,b,t,e,s,f,w,o,g,e
x,y,y,t,c,b,e,r,s,y,w,o,p,e
f,s,w,f,w,b,t,e,s,s,w,o,g,e
x,s,w,f,w,b,t,e,s,s,w,o,g,e
x,f,g,f,w,b,t,e,f,s,w,o,g,e
f,s,w,f,w,b,t,e,s,f,w,o,g,e
x,f,n,t,c,b,t,b,s,s,w,o,d,e
f,s,g,f,w,b,t,e,s,f,w,o,g,e
f,s,g,f,w,b,t,e,s,s,w,o,g,e
f,f,n,f,w,b,t,e,f,s,w,o,g,e
f,s,w,f,w,b,t,e,s,f,w,o,g,e
f,s,w,f,w,b,t,e,s,s,w,o,g,e
f,s,g,f,w,b,t,e,s,s,w,o,g,e
f,f,w,f,w,b,t,e,f,f,w,o,g,e
f,s,n,f,w,b,t,e,s,f,w,o,g,e
f,s,w,t,c,n,e,e,s,s,w,o,g,p
x,f,g,f,w,b,t,e,f,s,w,o,g,e
b,y,y,t,c,b,e,c,s,s,w,o,g,e
f,f,n,f,w,b,t,e,f,f,w,o,g,e
f,s,g,f,w,b,t,e,s,s,w,o,g,e
x,f,n,t,c,b,t,b,s,s,w,o,d,e
b,s,y,t,c,b,e,c,s,s,w,o,m,e
x,s,w,f,w,b,t,e,s,s,w,o,g,e
f,f,n,t,c,b,t,b,s,s,w,o,d,e
x,s,w,t,c,n,e,e,s,s,w,o,g,p
f,f,w,f,w,b,t,e,f,s,w,o,g,e
f,y,w,t,c,n,e,e,s,s,w,o,u,p
x,s,n,f,w,b,t,e,f,s,w,o,g,e
f,s,n,f,w,b,t,e,s,f,w,o,g,e
b,s,y,t,c,b,e,c,s,s,w,o,g,e
f,s,g,f,w,b,t,e,f,f,w,o,g,e
x,s,g,f,w,b,t,e,s,f,w,o,g,e
f,f,g,f,w,b,t,e,f,f,w,o,g,e
x,f,g,f,w,b,t,e,s,s,w,o,g,e
f,s,w,f,w,b,t,e,s,s,w,o,g,e
f,s,n,t,c,n,e,e,s,s,w,o,g,p
f,f,g,f,w,b,t,e,s,f,w,o,g,e
f,s,w,f,w,b,t,e,s,s,w,o,g,e
x,f,n,t,c,b,t,b,s,s,w,o,d,e
x,s,n,f,w,b,t,e,s,f,w,o,g,e
x,f,e,t,c,b,t,b,s,s,w,o,d,e
x,y,y,t,c,b,e,c,s,s,w,o,g,e
f,f,w,f,w,b,t,e,f,s,w,o,g,e
x,s,w,f,w,b,t,e,s,f,w,o,g,e
f,f,n,f,w,b,t,e,f,s,w,o,g,e
f,s,w,t,c,n,e,e,s,s,w,o,u,p
f,f,g,t,c,b,t,b,s,s,w,o,d,e
f,s,w,f,w,b,t,e,s,s,w,o,g,e
f,f,w,f,w,b,t,e,s,f,w,o,g,e
f,y,n,t,c,n,e,e,s,s,w,o,g,p
x,s,w,f,w,b,t,e,f,f,w,o,g,e
x,f,n,t,c,b,t,b,s,s,w,o,d,e
x,y,g,t,c,b,t,b,s,s,w,o,d,e
x,y,g,t,c,b,t,b,s,s,w,o,d,e
f,s,n,f,w,b,t,e,f,f,w,o,g,e
f,s,w,f,w,b,t,e,f,f,w,o,g,e
f,s,n,f,w,b,t,e,s,f,w,o,g,e
x,s,n,f,w,b,t,e,f,f,w,o,g,e
f,f,w,f,w,b,t,e,f,f,w,o,g,e
x,f,n,f,w,b,t,e,f,f,w,o,g,e
f,f,w,f,w,b,t,e,s,s,w,o,g,e
f,f,n,f,w,b,t,e,f,s,w,o,g,e
f,s,w,f,w,b,t,e,f,s,w,o,g,e
f,f,n,f,w,b,t,e,f,s,w,o,g,e
f,y,n,t,c,n,e,e,s,s,w,o,u,p
f,f,w,f,w,b,t,e,s,s,w,o,g,e
f,s,w,f,w,b,t,e,s,f,w,o,g,e
x,f,n,f,w,b,t,e,s,f,w,o,g,e
f,f,w,f,w,b,t,e,f,f,w,o,g,e
x,f,g,f,w,b,t,e,s,f,w,o,g,e
f,s,n,f,w,b,t,e,s,s,w,o,g,e
x,f,g,t,c,b,t,b,s,s,w,o,d,e
f,f,w,f,w,b,t,e,f,s,w,o,g,e
f,f,n,f,w,b,t,e,f,f,w,o,g,e
x,s,n,f,w,b,t,e,s,s,w,o,g,e
x,f,w,f,w,b,t,e,s,f,w,o,g,e
b,s,y,t,c,b,e,c,s,s,w,o,g,e
x,y,n,t,c,n,e,e,s,s,w,o,g,p
f,s,n,t,c,n,e,e,s,s,w,o,g,p
f,f,w,f,w,b,t,e,s,f,w,o,g,e
f,f,n,f,w,b,t,e,s,s,w,o,g,e
f,y,n,t,c,n,e,e,s,s,w,o,g,p
f,f,n,f,w,b,t,e,s,f,w,o,g,e
x,s,w,t,c,n,e,e,s,s,w,o,u,p
f,s,n,f,w,b,t,e,s,s,w,o,g,e
f,y,w,t,c,n,e,e,s,s,w,o,u,p
f,s,n,f,w,b,t,e,f,s,w,o,g,e
f,s,g,f,w,b,t,e,f,f,w,o,g,e
x,f,g,f,w,b,t,e,s,f,w,o,g,e
f,f,n,f,w,b,t,e,s,s,w,o,g,e
x,f,g,t,c,b,t,b,s,s,w,o,d,e
x,f,n,t,c,b,t,b,s,s,w,o,d,e
x,f,n,f,w,b,t,e,s,f,w,o,g,e
x,f,g,t,c,b,t,b,s,s,w,o,d,e
x,s,w,f,w,b,t,e,s,s,w,o,g,e
f,s,w,f,w,b,t,e,f,f,w,o,g,e
x,s,w,f,w,b,t,e,f,s,w,o,g,e
f,f,g,f,w,b,t,e,s,f,w,o,g,e
x,f,n,t,c,b,t,b,s,s,w,o,d,e
x,s,w,f,w,b,t,e,s,f,w,o,g,e
x,s,n,f,w,b,t,e,f,s,w,o,g,e
f,s,g,f,w,b,t,e,s,f,w,o,g,e
f,y,w,t,c,n,e,e,s,s,w,o,g,p
f,s,n,f,w,b,t,e,s,f,w,o,g,e
f,y,y,t,c,b,e,r,s,y,w,o,g,e
x,f,g,t,c,b,t,b,s,s,w,o,d,e
f,s,g,f,w,b,t,e,s,s,w,o,g,e
x,s,g,f,w,b,t,e,f,s,w,o,g,e
f,y,w,t,c,n,e,e,s,s,w,o,u,p
x,s,w,f,w,b,t,e,f,f,w,o,g,e
x,s,w,f,w,b,t,e,s,s,w,o,g,e
f,s,g,f,w,b,t,e,s,s,w,o,g,e
f,s,n,f,w,b,t,e,s,s,w,o,g,e
x,f,n,f,w,b,t,e,f,f,w,o,g,e
f,s,n,f,w,b,t,e,s,f,w,o,g,e
f,s,n,f,w,b,t,e,f,f,w,o,g,e
x,f,w,f,w,b,t,e,s,f,w,o,g,e
f,f,w,f,w,b,t,e,f,s,w,o,g,e
f,f,n,f,w,b,t,e,s,f,w,o,g,e
x,y,w,t,c,b,e,c,s,s,w,o,m,e
x,s,n,f,w,b,t,e,f,s,w,o,g,e
x,s,g,f,w,b,t,e,f,f,w,o,g,e
f,s,w,f,w,b,t,e,f,s,w,o,g,e
x,s,w,t,c,n,e,e,s,s,w,o,u,p
x,s,w,f,w,b,t,e,s,f,w,o,g,e
x,f,n,t,c,b,t,b,s,s,w,o,d,e
f,f,g,f,w,b,t,e,s,s,w,o,g,e
x,s,g,f,w,b,t,e,s,f,w,o,g,e
f,f,n,f,w,b,t,e,s,s,w,o,g,e
f,s,n,f,w,b,t,e,s,s,w,o,g,e
x,s,g,f,w,b,t,e,f,f,w,o,g,e
f,y,n,t,c,b,e,r,s,y,w,o,p,e
f,y,n,t,c,n,e,e,s,s,w,o,u,p
x,s,n,f,w,b,t,e,s,f,w,o,g,e
x,f,n,t,c,b,t,b,s,s,w,o,d,e
f,y,w,t,c,n,e,e,s,s,w,o,g,p
x,s,w,t,c,n,e,e,s,s,w,o,u,p
f,s,n,t,c,n,e,e,s,s,w,o,u,p
x,f,n,t,c,b,t,b,s,s,w,o,d,e
b,y,w,t,c,b,e,c,s,s,w,o,m,e
f,y,w,t,c,n,e,e,s,s,w,o,g,p
f,f,w,f,w,b,t,e,s,f,w,o,g,e
x,s,w,f,w,b,t,e,f,s,w,o,g,e
x,f,n,t,c,b,t,b,s,s,w,o,d,e
x,s,n,f,w,b,t,e,f,s,w,o,g,e
f,f,n,f,w,b,t,e,s,s,w,o,g,e
f,f,n,f,w,b,t,e,f,f,w,o,g,e
f,y,n,t,c,n,e,e,s,s,w,o,u,p
f,y,w,t,c,n,e,e,s,s,w,o,g,p
x,s,n,f,w,b,t,e,s,f,w,o,g,e
f,f,g,f,w,b,t,e,f,f,w,o,g,e
x,f,n,t,c,b,t,b,s,s,w,o,d,e
f,s,g,f,w,b,t,e,f,s,w,o,g,e
f,f,n,f,w,b,t,e,f,s,w,o,g,e
f,s,n,t,c,n,e,e,s,s,w,o,u,p
x,f,n,f,w,b,t,e,f,f,w,o,g,e
f,y,n,t,c,n,e,e,s,s,w,o,g,p
x,s,g,f,w,b,t,e,f,f,w,o,g,e
f,f,w,f,w,b,t,e,f,f,w,o,g,e
x,s,w,f,w,b,t,e,s,s,w,o,g,e
x,f,n,t,c,b,t,b,s,s,w,o,d,e
x,s,n,f,w,b,t,e,f,s,w,o,g,e
f,s,w,t,c,n,e,e,s,s,w,o,u,p
x,f,n,t,c,b,t,b,s,s,w,o,d,e
x,s,w,f,w,b,t,e,f,f,w,o,g,e
f,s,w,f,w,b,t,e,f,s,w,o,g,e
x,s,w,t,w,n,t,b,s,s,w,o,d,e
x,f,n,f,w,b,t,e,f,f,w,o,g,e
x,y,g,t,c,b,t,b,s,s,w,o,d,e
x,f,n,t,c,b,t,b,s,s,w,o,d,e
x,s,y,t,w,n,t,b,s,s,w,o,d,e
f,f,g,f,w,b,t,e,s,s,w,o,g,e
x,s,n,f,w,b,t,e,s,s,w,o,g,e
x,y,e,t,c,b,t,b,s,s,w,o,d,e
f,s,g,f,w,b,t,e,f,f,w,o,g,e
f,s,w,t,c,n,e,e,s,s,w,o,u,p
f,f,w,f,w,b,t,e,s,f,w,o,g,e
x,f,g,f,w,b,t,e,s,s,w,o,g,e
f,f,n,f,w,b,t,e,s,f,w,o,g,e
f,s,n,f,w,b,t,e,f,f,w,o,g,e
x,f,w,f,w,b,t,e,f,f,w,o,g,e
f,y,w,t,c,n,e,e,s,s,w,o,g,p
x,f,w,f,w,b,t,e,f,s,w,o,g,e
f,s,n,f,w,b,t,e,f,f,w,o,g,e
x,s,n,f,w,b,t,e,f,s,w,o,g,e
x,f,g,f,w,b,t,e,s,s,w,o,g,e
x,s,n,f,w,b,t,e,s,s,w,o,g,e
f,y,y,t,c,b,e,r,s,y,w,o,g,e
x,y,n,t,c,n,e,e,s,s,w,o,u,p
x,f,w,f,w,b,t,e,s,f,w,o,g,e
f,s,w,f,w,b,t,e,f,f,w,o,g,e
x,s,n,f,w,b,t,e,s,f,w,o,g,e
f,y,n,t,c,n,e,e,s,s,w,o,g,p
f,f,g,f,w,b,t,e,f,s,w,o,g,e
f,s,w,t,c,n,e,e,s,s,w,o,u,p
f,s,n,f,w,b,t,e,f,s,w,o,g,e
x,s,g,f,w,b,t,e,f,s,w,o,g,e
x,f,g,f,w,b,t,e,s,s,w,o,g,e
f,f,n,f,w,b,t,e,s,s,w,o,g,e
f,s,g,f,w,b,t,e,s,f,w,o,g,e
x,s,w,f,w,b,t,e,s,f,w,o,g,e
x,f,n,f,w,b,t,e,s,f,w,o,g,e
x,f,g,f,w,b,t,e,s,f,w,o,g,e
f,f,n,f,w,b,t,e,s,s,w,o,g,e
b,y,y,t,c,b,e,c,s,s,w,o,m,e
f,f,g,f,w,b,t,e,s,f,w,o,g,e
x,f,g,f,w,b,t,e,s,s,w,o,g,e
f,f,w,f,w,b,t,e,f,f,w,o,g,e
x,f,n,t,c,b,t,b,s,s,w,o,d,e
f,s,n,t,c,n,e,e,s,s,w,o,u,p
x,f,n,t,c,b,t,b,s,s,w,o,d,e
x,f,n,f,w,b,t,e,f,f,w,o,g,e
x,f,n,t,c,b,t,b,s,s,w,o,d,e
x,f,w,f,w,b,t,e,f,s,w,o,g,e
f,s,g,f,w,b,t,e,s,s,w,o,g,e
f,s,n,f,w,b,t,e,s,s,w,o,g,e
x,y,y,t,c,b,e,c,s,s,w,o,m,e
x,f,w,t,w,n,t,b,s,s,w,o,d,e
f,f,g,f,w,b,t,e,f,f,w,o,g,e
f,f,n,f,w,b,t,e,s,f,w,o,g,e
f,f,n,f,w,b,t,e,s,f,w,o,g,e
b,y,y,t,c,b,e,c,s,s,w,o,g,e
x,f,n,f,w,b,t,e,f,f,w,o,g,e
x,y,w,t,c,b,e,c,s,s,w,o,g,e
f,s,w,f,w,b,t,e,s,f,w,o,g,e
x,s,w,f,w,b,t,e,s,s,w,o,g,e
x,f,n,f,w,b,t,e,f,f,w,o,g,e
x,s,n,f,w,b,t,e,s,f,w,o,g,e
x,s,n,f,w,b,t,e,f,f,w,o,g,e
x,y,n,t,c,b,t,b,s,s,w,o,d,e
f,s,g,f,w,b,t,e,f,f,w,o,g,e
x,y,y,t,c,b,e,c,s,s,w,o,m,e
x,s,w,f,w,b,t,e,f,f,w,o,g,e
f,y,w,t,c,n,e,e,s,s,w,o,u,p
f,s,w,f,w,b,t,e,s,s,w,o,g,e
f,s,w,t,c,n,e,e,s,s,w,o,u,p
f,s,g,f,w,b,t,e,s,s,w,o,g,e
f,f,g,f,w,b,t,e,f,f,w,o,g,e
x,s,w,t,c,n,e,e,s,s,w,o,g,p
x,s,g,f,w,b,t,e,f,f,w,o,g,e
x,s,w,t,c,n,e,e,s,s,w,o,u,p
x,s,g,f,w,b,t,e,f,f,w,o,g,e
f,s,w,f,w,b,t,e,s,s,w,o,g,e
f,y,w,t,c,n,e,e,s,s,w,o,g,p
x,f,w,f,w,b,t,e,s,s,w,o,g,e
x,s,n,f,w,b,t,e,s,s,w,o,g,e
x,f,w,f,w,b,t,e,f,f,w,o,g,e
x,f,w,f,w,b,t,e,f,s,w,o,g,e
x,y,e,t,c,b,t,b,s,s,w,o,d,e
f,s,n,t,c,n,e,e,s,s,w,o,u,p
f,f,g,f,w,b,t,e,f,s,w,o,g,e
x,y,y,t,c,b,e,r,s,y,w,o,g,e
x,f,n,f,w,b,t,e,s,s,w,o,g,e
f,f,n,f,w,b,t,e,f,f,w,o,g,e
b,s,w,t,c,b,e,c,s,s,w,o,m,e
f,s,g,f,w,b,t,e,s,f,w,o,g,e
f,f,w,f,w,b,t,e,f,f,w,o,g,e
f,f,n,f,w,b,t,e,s,s,w,o,g,e
f,s,n,t,c,n,e,e,s,s,w,o,u,p
x,s,n,f,w,b,t,e,s,f,w,o,g,e
b,y,y,t,c,b,e,c,s,s,w,o,g,e
f,s,g,f,w,b,t,e,s,f,w,o,g,e
f,s,n,f,w,b,t,e,s,f,w,o,g,e
x,f,g,f,w,b,t,e,f,s,w,o,g,e
f,s,g,f,w,b,t,e,s,f,w,o,g,e
x,f,n,f,w,b,t,e,f,s,w,o,g,e
x,f,n,t,c,b,t,b,s,s,w,o,d,e
b,y,w,t,c,b,e,c,s,s,w,o,m,e
x,f,g,t,c,b,t,b,s,s,w,o,d,e
f,y,n,t,c,n,e,e,s,s,w,o,g,p
x,s,w,f,w,b,t,e,s,s,w,o,g,e
f,s,n,t,c,n,e,e,s,s,w,o,u,p
f,s,n,f,w,b,t,e,s,f,w,o,g,e
f,f,n,f,w,b,t,e,s,f,w,o,g,e
x,f,w,f,w,b,t,e,s,f,w,o,g,e
x,f,n,f,w,b,t,e,f,s,w,o,g,e
f,s,n,f,w,b,t,e,f,f,w,o,g,e
x,s,y,t,c,b,e,c,s,s,w,o,g,e
f,s,w,f,w,b,t,e,s,f,w,o,g,e
x,s,w,f,w,b,t,e,f,s,w,o,g,e
x,y,n,t,c,n,e,e,s,s,w,o,g,p
f,f,g,f,w,b,t,e,s,f,w,o,g,e
f,y,n,t,c,n,e,e,s,s,w,o,g,p
f,f,w,f,w,b,t,e,s,s,w,o,g,e
x,f,n,t,c,b,t,b,s,s,w,o,d,e
x,f,g,f,w,b,t,e,s,f,w,o,g,e
f,s,n,t,c,n,e,e,s,s,w,o,u,p
f,s,g,f,w,b,t,e,s,f,w,o,g,e
x,s,w,t,c,n,e,e,s,s,w,o,u,p
x,f,n,t,c,b,t,b,s,s,w,o,d,e
x,f,n,f,w,b,t,e,f,s,w,o,g,e
x,y,y,t,c,b,e,r,s,y,w,o,p,e
f,f,w,f,w,b,t,e,f,f,w,o,g,e
f,s,w,f,w,b,t,e,s,f,w,o,g,e
x,f,g,f,w,b,t,e,f,s,w,o,g,e
f,f,g,f,w,b,t,e,f,f,w,o,g,e
f,f,w,f,w,b,t,e,s,f,w,o,g,e
x,f,g,f,w,b,t,e,f,f,w,o,g,e
f,f,g,f,w,b,t,e,f,f,w,o,g,e
x,f,g,t,c,b,t,b,s,s,w,o,d,e
x,s,g,f,w,b,t,e,f,s,w,o,g,e
f,s,g,f,w,b,t,e,f,s,w,o,g,e
x,y,n,t,c,b,e,r,s,y,w,o,g,e
x,y,g,t,c,b,t,b,s,s,w,o,d,e
f,s,g,f,w,b,t,e,f,f,w,o,g,e
f,f,w,f,w,b,t,e,s,f,w,o,g,e
f,s,n,f,w,b,t,e,f,f,w,o,g,e
f,f,w,f,w,b,t,e,s,s,w,o,g,e
f,f,n,f,w,b,t,e,s,f,w,o,g,e
f,s,g,f,w,b,t,e,s,s,w,o,g,e
x,s,n,f,w,b,t,e,s,s,w,o,g,e
x,f,n,t,c,b,t,b,s,s,w,o,d,e
x,s,n,f,w,b,t,e,f,f,w,o,g,e
x,f,n,f,w,b,t,e,f,s,w,o,g,e
f,s,w,f,w,b,t,e,f,f,w,o,g,e
x,f,n,f,c,n,e,e,s,s,w,o,u,e
f,s,w,t,c,n,e,e,s,s,w,o,u,p
f,s,n,t,c,n,e,e,s,s,w,o,g,p
x,f,n,t,c,b,t,b,s,s,w,o,d,e
x,s,w,f,w,b,t,e,f,s,w,o,g,e
f,f,g,f,w,b,t,e,s,s,w,o,g,e
x,s,n,f,w,b,t,e,s,s,w,o,g,e
x,f,n,f,w,b,t,e,f,f,w,o,g,e
x,s,g,f,w,b,t,e,s,s,w,o,g,e
f,f,g,f,w,b,t,e,f,f,w,o,g,e
f,s,n,f,w,b,t,e,s,f,w,o,g,e
f,s,g,f,w,b,t,e,s,f,w,o,g,e
x,f,e,t,c,b,t,b,s,s,w,o,d,e
f,y,w,t,c,n,e,e,s,s,w,o,u,p
x,f,n,f,w,b,t,e,f,s,w,o,g,e
x,f,n,t,c,b,t,b,s,s,w,o,d,e
f,s,n,t,c,n,e,e,s,s,w,o,u,p
f,s,w,t,c,n,e,e,s,s,w,o,g,p
f,s,w,t,c,n,e,e,s,s,w,o,u,p
f,f,w,f,w,b,t,e,s,f,w,o,g,e
f,s,n,f,w,b,t,e,f,s,w,o,g,e
f,f,n,f,w,b,t,e,f,f,w,o,g,e
x,s,n,f,w,b,t,e,s,f,w,o,g,e
f,s,n,f,w,b,t,e,s,f,w,o,g,e
f,s,w,t,c,n,e,e,s,s,w,o,g,p
f,s,w,t,c,n,e,e,s,s,w,o,g,p
f,s,g,f,w,b,t,e,f,f,w,o,g,e
x,s,n,f,w,b,t,e,f,s,w,o,g,e
x,s,n,f,w,b,t,e,f,f,w,o,g,e
x,f,n,t,c,b,t,b,s,s,w,o,d,e
x,f,n,t,c,b,t,b,s,s,w,o,d,e
f,f,w,f,w,b,t,e,f,s,w,o,g,e
f,f,w,f,w,b,t,e,f,s,w,o,g,e
x,f,w,f,w,b,t,e,f,f,w,o,g,e
x,s,y,t,c,b,e,c,s,s,w,o,m,e
f,s,g,f,w,b,t,e,f,f,w,o,g,e
x,s,w,f,w,b,t,e,s,f,w,o,g,e
x,f,n,f,w,b,t,e,s,s,w,o,g,e
x,f,n,f,w,b,t,e,f,s,w,o,g,e
x,s,w,f,w,b,t,e,s,s,w,o,g,e
x,s,n,f,w,b,t,e,f,f,w,o,g,e
x,s,g,f,w,b,t,e,f,s,w,o,g,e
x,s,g,f,w,b,t,e,s,f,w,o,g,e
f,s,w,f,w,b,t,e,s,s,w,o,g,e
x,s,n,f,w,b,t,e,f,f,w,o,g,e
f,f,g,f,w,b,t,e,s,s,w,o,g,e
f,f,w,f,w,b,t,e,s,s,w,o,g,e
x,f,w,f,w,b,t,e,s,s,w,o,g,e
f,f,g,f,w,b,t,e,f,s,w,o,g,e
x,f,g,f,w,b,t,e,s,f,w,o,g,e
x,y,y,t,c,b,e,c,s,s,w,o,g,e
x,s,y,t,c,b,e,c,s,s,w,o,g,e
x,s,w,f,w,b,t,e,s,f,w,o,g,e
x,y,n,t,c,n,e,e,s,s,w,o,g,p
x,f,w,f,w,b,t,e,s,f,w,o,g,e
x,s,w,t,c,n,e,e,s,s,w,o,u,p
x,y,g,t,c,b,t,b,s,s,w,o,d,e
f,s,w,t,c,n,e,e,s,s,w,o,u,p
x,y,y,t,c,b,e,c,s,s,w,o,g,e
x,y,w,t,c,b,e,c,s,s,w,o,m,e
f,y,n,t,c,b,e,r,s,y,w,o,p,e
x,s,w,f,w,b,t,e,s,f,w,o,g,e
f,s,n,f,w,b,t,e,f,s,w,o,g,e
x,s,g,f,w,b,t,e,s,s,w,o,g,e
x,s,w,f,w,b,t,e,f,s,w,o,g,e
f,s,n,f,w,b,t,e,f,f,w,o,g,e
f,s,n,f,w,b,t,e,s,s,w,o,g,e
x,s,g,f,w,b,t,e,f,f,w,o,g,e
b,s,w,t,c,b,e,c,s,s,w,o,g,e
x,s,g,f,w,b,t,e,s,s,w,o,g,e
x,s,y,t,c,b,e,c,s,s,w,o,m,e
f,y,w,t,c,n,e,e,s,s,w,o,g,p
f,s,w,f,w,b,t,e,f,f,w,o,g,e
f,s,n,f,w,b,t,e,f,f,w,o,g,e
f,s,g,f,w,b,t,e,s,s,w,o,g,e
f,f,g,f,w,b,t,e,f,s,w,o,g,e
x,y,n,t,c,b,t,b,s,s,w,o,d,e
x,f,n,t,c,b,t,b,s,s,w,o,d,e
x,y,y,t,c,b,e,r,s,y,w,o,p,e
x,f,g,t,c,b,t,b,s,s,w,o,d,e
f,f,g,f,w,b,t,e,f,f,w,o,g,e
f,s,n,f,w,b,t,e,f,s,w,o,g,e
f,s,w,f,w,b,t,e,s,f,w,o,g,e
x,f,g,f,w,b,t,e,f,s,w,o,g,e
f,s,w,f,w,b,t,e,f,f,w,o,g,e
f,f,g,f,w,b,t,e,f,s,w,o,g,e
x,f,g,f,w,b,t,e,s,s,w,o,g,e
x,s,n,f,w,b,t,e,s,f,w,o,g,e
x,f,n,t,c,b,t,b,s,s,w,o,d,e
f,s,w,f,w,b,t,e,s,s,w,o,g,e
f,f,n,f,w,b,t,e,f,s,w,o,g,e
f,y,n,t,c,n,e,e,s,s,w,o,g,p
x,f,n,t,c,b,t,b,s,s,w,o,d,e
x,f,n,f,w,b,t,e,f,f,w,o,g,e
f,f,w,f,w,b,t,e,s,f,w,o,g,e
f,y,n,t,c,n,e,e,s,s,w,o,u,p
f,f,g,f,w,b,t,e,s,s,w,o,g,e
x,f,g,t,c,b,t,b,s,s,w,o,d,e
x,f,w,f,w,b,t,e,f,f,w,o,g,e
x,f,g,f,w,b,t,e,f,f,w,o,g,e
x,f,n,t,c,b,t,b,s,s,w,o,d,e
x,s,g,f,w,b,t,e,s,f,w,o,g,e
f,f,w,f,w,b,t,e,s,f,w,o,g,e
x,f,g,t,c,b,t,b,s,s,w,o,d,e
x,y,w,t,c,b,e,c,s,s,w,o,g,e
x,y,w,t,c,b,e,c,s,s,w,o,m,e
f,s,g,f,w,b,t,e,f,s,w,o,g,e
f,s,w,f,w,b,t,e,s,s,w,o,g,e
f,s,n,f,w,b,t,e,f,f,w,o,g,e
f,s,w,f,w,b,t,e,f,s,w,o,g,e
x,f,n,f,w,b,t,e,s,f,w,o,g,e
x,s,n,f,w,b,t,e,s,f,w,o,g,e
b,y,y,t,c,b,e,c,s,s,w,o,m,e
f,y,w,t,c,n,e,e,s,s,w,o,g,p
x,s,n,f,w,b,t,e,s,f,w,o,g,e
f,s,n,f,w,b,t,e,f,s,w,o,g,e
x,y,n,t,c,b,e,r,s,y,w,o,g,e
x,s,g,f,w,b,t,e,f,f,w,o,g,e
f,s,w,f,w,b,t,e,f,s,w,o,g,e
x,s,n,t,c,n,e,e,s,s,w,o,u,p
f,s,g,f,w,b,t,e,f,f,w,o,g,e
x,f,w,f,w,b,t,e,f,s,w,o,g,e
f,s,n,t,c,n,e,e,s,s,w,o,g,p
x,f,n,f,w,b,t,e,s,s,w,o,g,e
x,s,n,f,w,b,t,e,f,s,w,o,g,e
x,f,n,t,c,b,t,b,s,s,w,o,d,e
f,s,w,f,w,b,t,e,f,s,w,o,g,e
f,s,w,t,c,n,e,e,s,s,w,o,u,p
x,f,w,f,w,b,t,e,s,f,w,o,g,e
f,f,n,f,w,b,t,e,s,s,w,o,g,e
f,s,g,f,w,b,t,e,f,f,w,o,g,e
x,f,w,f,w,b,t,e,f,f,w,o,g,e
f,y,n,t,c,b,e,r,s,y,w,o,g,e
f,s,w,t,c,n,e,e,s,s,w,o,g,p
x,f,w,f,w,b,t,e,s,s,w,o,g,e
f,f,n,f,c,n,e,e,s,s,w,o,u,e
f,y,n,t,c,n,e,e,s,s,w,o,u,p
f,s,w,f,w,b,t,e,s,f,w,o,g,e
x,f,g,f,w,b,t,e,f,f,w,o,g,e
f,y,y,t,c,b,e,r,s,y,w,o,p,e
x,f,w,f,w,b,t,e,f,f,w,o,g,e
x,f,w,f,w,b,t,e,f,f,w,o,g,e
f,y,n,t,c,n,e,e,s,s,w,o,g,p
f,f,n,f,w,b,t,e,f,s,w,o,g,e
f,f,g,f,w,b,t,e,s,s,w,o,g,e
x,f,n,f,w,b,t,e,s,s,w,o,g,e
x,f,n,t,c,b,t,b,s,s,w,o,d,e
x,s,g,f,w,b,t,e,f,f,w,o,g,e
x,s,g,f,w,b,t,e,f,s,w,o,g,e
x,f,w,f,w,b,t,e,f,f,w,o,g,e
f,f,g,f,w,b,t,e,s,s,w,o,g,e
x,f,n,t,c,b,t,b,s,s,w,o,d,e
x,s,w,f,w,b,t,e,f,f,w,o,g,e
x,s,w,t,c,n,e,e,s,s,w,o,u,p
f,s,g,f,w,b,t,e,s,f,w,o,g,e
x,s,n,f,w,b,t,e,s,s,w,o,g,e
x,f,n,t,c,b,t,b,s,s,w,o,d,e
x,y,y,t,c,b,e,r,s,y,w,o,g,e
x,s,g,f,w,b,t,e,f,f,w,o,g,e
x,f,n,f,w,b,t,e,f,s,w,o,g,e
x,f,w,f,w,b,t,e,s,s,w,o,g,e
x,y,y,t,c,b,e,c,s,s,w,o,g,e
x,f,n,t,c,b,t,b,s,s,w,o,d,e
x,f,w,f,w,b,t,e,s,s,w,o,g,e
x,f,w,f,w,b,t,e,f,s,w,o,g,e
f,s,n,t,c,n,e,e,s,s,w,o,u,p
f,s,w,t,c,n,e,e,s,s,w,o,u,p
x,s,n,f,w,b,t,e,s,s,w,o,g,e
x,f,g,f,c,n,e,e,s,s,w,o,u,e
f,s,n,f,w,b,t,e,f,f,w,o,g,e
x,s,w,f,w,b,t,e,f,s,w,o,g,e
f,s,w,t,c,n,e,e,s,s,w,o,g,p
b,s,y,t,c,b,e,c,s,s,w,o,g,e
x,f,n,f,w,b,t,e,f,f,w,o,g,e
f,y,n,t,c,n,e,e,s,s,w,o,u,p
x,s,g,f,w,b,t,e,f,f,w,o,g,e
x,s,g,f,w,b,t,e,s,f,w,o,g,e
x,s,w,f,w,b,t,e,f,s,w,o,g,e
f,s,w,t,c,n,e,e,s,s,w,o,u,p
f,s,w,f,w,b,t,e,f,f,w,o,g,e
x,f,n,f,w,b,t,e,f,s,w,o,g,e
f,f,n,f,w,b,t,e,s,s,w,o,g,e
x,f,n,f,w,b,t,e,f,f,w,o,g,e
f,y,n,t,c,n,e,e,s,s,w,o,g,p
x,f,w,f,w,b,t,e,s,f,w,o,g,e
f,s,w,f,w,b,t,e,f,s,w,o,g,e
f,y,w,t,c,n,e,e,s,s,w,o,u,p
f,s,g,f,w,b,t,e,s,f,w,o,g,e
f,y,n,t,c,b,t,b,s,s,w,o,d,e
x,f,g,f,w,b,t,e,s,f,w,o,g,e
x,f,g,t,c,b,t,b,s,s,w,o,d,e
x,y,n,t,c,b,t,b,s,s,w,o,d,e
f,f,n,t,c,b,t,b,s,s,w,o,d,e
f,y,e,t,c,b,t,b,s,s,w,o,d,e
f,s,g,f,w,b,t,e,f,s,w,o,g,e
x,f,g,t,c,b,t,b,s,s,w,o,d,e
x,y,g,t,c,b,t,b,s,s,w,o,d,e
x,f,g,f,w,b,t,e,f,s,w,o,g,e
f,s,n,t,c,n,e,e,s,s,w,o,g,p
f,f,n,t,c,b,t,b,s,s,w,o,d,e
x,s,n,t,c,n,e,e,s,s,w,o,g,p
x,s,w,t,c,b,e,c,s,s,w,o,g,e
x,s,w,f,w,b,t,e,s,s,w,o,g,e
x,y,y,t,c,b,e,c,s,s,w,o,g,e
x,f,g,f,c,b,e,b,k,k,w,o,g,p
f,s,n,f,w,b,t,e,f,s,w,o,g,e
f,s,w,f,w,b,t,e,f,f,w,o,g,e
x,f,n,t,c,b,t,b,s,s,w,o,d,e
f,s,n,f,w,b,t,e,s,s,w,o,g,e
x,f,n,f,w,b,t,e,s,f,w,o,g,e
x,s,w,t,c,n,e,e,s,s,w,o,u,p
f,f,n,t,c,b,t,b,s,s,w,o,d,e
x,y,w,t,c,b,e,c,s,s,w,o,g,e
f,f,g,f,w,b,t,e,f,s,w,o,g,e
x,y,e,t,c,b,t,b,s,s,w,o,d,e
f,f,w,f,w,b,t,e,s,s,w,o,g,e
x,s,g,f,w,b,t,e,f,s,w,o,g,e
x,y,n,t,c,b,t,b,s,s,w,o,d,e
x,y,g,t,c,b,t,b,s,s,w,o,d,e
x,f,g,t,c,b,t,b,s,s,w,o,d,e
f,s,w,f,w,b,t,e,f,s,w,o,g,e
x,f,g,t,c,b,t,b,s,s,w,o,d,e
x,f,n,t,c,b,t,b,s,s,w,o,d,e
x,f,e,t,c,b,t,b,s,s,w,o,d,e
x,y,n,t,c,b,t,b,s,s,w,o,d,e
f,f,w,f,w,b,t,e,f,f,w,o,g,e
x,y,n,t,c,b,t,b,s,s,w,o,d,e
x,s,g,f,w,b,t,e,s,f,w,o,g,e
x,f,g,f,w,b,t,e,f,s,w,o,g,e
f,f,w,f,w,b,t,e,s,s,w,o,g,e
x,y,g,t,c,b,t,b,s,s,w,o,d,e
f,y,n,t,c,n,e,e,s,s,w,o,u,p
x,y,e,t,c,b,t,b,s,s,w,o,d,e
f,f,w,f,w,b,t,e,s,f,w,o,g,e
f,s,g,f,w,b,t,e,f,s,w,o,g,e
x,y,g,t,c,b,t,b,s,s,w,o,d,e
f,f,g,t,c,b,t,b,s,s,w,o,d,e
x,f,n,t,c,b,t,b,s,s,w,o,d,e
f,f,e,t,c,b,t,b,s,s,w,o,d,e
x,s,w,f,w,b,t,e,f,s,w,o,g,e
x,f,e,t,c,b,t,b,s,s,w,o,d,e
x,f,n,t,c,b,t,b,s,s,w,o,d,e
x,f,g,t,c,b,t,b,s,s,w,o,d,e
x,f,n,t,c,b,t,b,s,s,w,o,d,e
x,f,y,t,w,n,t,b,s,s,w,o,d,e
x,f,e,t,c,b,t,b,s,s,w,o,d,e
f,s,w,t,c,n,e,e,s,s,w,o,g,p
x,s,w,f,w,b,t,e,f,f,w,o,g,e
x,f,e,t,c,b,t,b,s,s,w,o,d,e
x,y,n,t,c,b,t,b,s,s,w,o,d,e
x,f,w,f,w,b,t,e,f,s,w,o,g,e
x,f,g,t,c,b,t,b,s,s,w,o,d,e
x,s,g,f,w,b,t,e,s,s,w,o,g,e
x,y,e,t,c,b,t,b,s,s,w,o,d,e
x,y,n,t,c,b,t,b,s,s,w,o,d,e
x,s,w,f,w,b,t,e,f,s,w,o,g,e
x,s,n,f,w,b,t,e,s,f,w,o,g,e
x,s,w,f,w,b,t,e,s,s,w,o,g,e
x,s,n,f,w,b,t,e,s,f,w,o,g,e
f,f,e,t,c,b,t,b,s,s,w,o,d,e
f,f,w,f,w,b,t,e,s,f,w,o,g,e
f,f,g,f,w,b,t,e,s,s,w,o,g,e
x,y,e,t,c,b,t,b,s,s,w,o,d,e
x,f,e,t,c,b,t,b,s,s,w,o,d,e
x,y,g,t,c,b,t,b,s,s,w,o,d,e
x,f,e,t,c,b,t,b,s,s,w,o,d,e
f,s,n,f,w,b,t,e,s,s,w,o,g,e
x,s,w,f,w,b,t,e,s,s,w,o,g,e
x,s,w,f,w,b,t,e,s,f,w,o,g,e
x,f,w,f,w,b,t,e,s,s,w,o,g,e
x,f,e,t,c,b,t,b,s,s,w,o,d,e
x,f,n,t,c,b,t,b,s,s,w,o,d,e
f,f,n,t,c,b,t,b,s,s,w,o,d,e
f,f,w,t,w,n,t,b,s,s,w,o,d,e
f,f,w,f,w,b,t,e,f,f,w,o,g,e
f,y,w,t,c,n,e,e,s,s,w,o,g,p
f,f,g,t,c,b,t,b,s,s,w,o,d,e
x,f,n,t,c,b,t,b,s,s,w,o,d,e
x,s,w,f,w,b,t,e,f,f,w,o,g,e
x,f,w,f,w,b,t,e,f,f,w,o,g,e
x,s,n,f,w,b,t,e,s,s,w,o,g,e
x,f,n,f,w,b,t,e,s,s,w,o,g,e
x,s,g,f,w,b,t,e,s,s,w,o,g,e
x,y,n,t,c,b,t,b,s,s,w,o,d,e
x,f,n,t,c,b,t,b,s,s,w,o,d,e
f,s,g,f,w,b,t,e,f,f,w,o,g,e
f,s,n,f,w,b,t,e,f,f,w,o,g,e
x,s,g,f,w,b,t,e,f,s,w,o,g,e
f,f,g,t,c,b,t,b,s,s,w,o,d,e
x,s,w,f,w,b,t,e,f,f,w,o,g,e
f,f,n,f,w,b,t,e,s,f,w,o,g,e
f,s,w,f,w,b,t,e,f,s,w,o,g,e
x,f,g,f,w,b,t,e,s,s,w,o,g,e
f,f,n,f,w,b,t,e,s,s,w,o,g,e
f,f,n,f,w,b,t,e,f,f,w,o,g,e
x,f,n,t,c,b,t,b,s,s,w,o,d,e
f,s,g,f,w,b,t,e,s,f,w,o,g,e
f,s,w,f,w,b,t,e,f,f,w,o,g,e
x,y,e,t,c,b,t,b,s,s,w,o,d,e
x,y,g,t,c,b,t,b,s,s,w,o,d,e
x,y,e,t,c,b,t,b,s,s,w,o,d,e
x,f,g,f,w,b,t,e,s,s,w,o,g,e
f,f,g,f,w,b,t,e,f,s,w,o,g,e
f,y,y,t,c,b,e,r,s,y,w,o,g,e
f,y,w,t,c,n,e,e,s,s,w,o,u,p
f,s,n,f,w,b,t,e,f,f,w,o,g,e
f,f,n,f,w,b,t,e,s,f,w,o,g,e
f,f,n,t,c,b,t,b,s,s,w,o,d,e
x,f,e,t,c,b,t,b,s,s,w,o,d,e
f,f,g,f,w,b,t,e,s,s,w,o,g,e
x,f,n,f,w,b,t,e,f,s,w,o,g,e
x,f,g,f,w,b,t,e,f,f,w,o,g,e
x,y,e,t,c,b,t,b,s,s,w,o,d,e
f,f,n,t,c,b,t,b,s,s,w,o,d,e
x,f,n,f,w,b,t,e,s,f,w,o,g,e
x,f,n,f,w,b,t,e,s,f,w,o,g,e
f,s,w,f,w,b,t,e,s,f,w,o,g,e
f,s,g,f,w,b,t,e,s,s,w,o,g,e
f,y,w,t,c,n,e,e,s,s,w,o,u,p
b,s,w,t,c,b,e,c,s,s,w,o,g,e
x,f,n,t,c,b,t,b,s,s,w,o,d,e
f,f,g,f,w,b,t,e,f,f,w,o,g,e
x,f,n,f,w,b,t,e,f,s,w,o,g,e
x,s,n,f,w,b,t,e,s,f,w,o,g,e
f,s,w,t,w,n,t,b,s,s,w,o,d,e
x,f,w,f,w,b,t,e,s,s,w,o,g,e
x,s,w,f,w,b,t,e,f,s,w,o,g,e
x,s,g,f,w,b,t,e,f,s,w,o,g,e
x,y,e,t,c,b,t,b,s,s,w,o,d,e
f,f,n,t,c,b,t,b,s,s,w,o,d,e
x,f,n,t,c,b,t,b,s,s,w,o,d,e
f,f,w,f,w,b,t,e,s,s,w,o,g,e
f,s,n,f,w,b,t,e,f,s,w,o,g,e
f,s,w,t,c,n,e,e,s,s,w,o,u,p
f,f,n,f,w,b,t,e,f,f,w,o,g,e
x,y,g,t,c,b,t,b,s,s,w,o,d,e
x,y,g,t,c,b,t,b,s,s,w,o,d,e
x,f,g,f,w,b,t,e,s,s,w,o,g,e
x,f,g,t,c,b,t,b,s,s,w,o,d,e
x,y,e,t,c,b,t,b,s,s,w,o,d,e
x,f,g,t,c,b,t,b,s,s,w,o,d,e
x,f,g,t,c,b,t,b,s,s,w,o,d,e
x,f,n,t,c,b,t,b,s,s,w,o,d,e
x,s,w,t,c,n,e,e,s,s,w,o,g,p
x,f,n,f,w,b,t,e,s,s,w,o,g,e
x,y,n,t,c,b,t,b,s,s,w,o,d,e
x,f,g,t,c,b,t,b,s,s,w,o,d,e
f,y,n,t,c,n,e,e,s,s,w,o,g,p
x,f,g,t,c,b,t,b,s,s,w,o,d,e
x,f,g,f,w,b,t,e,s,f,w,o,g,e
x,f,e,t,c,b,t,b,s,s,w,o,d,e
f,f,n,f,w,b,t,e,f,s,w,o,g,e
f,s,w,f,w,b,t,e,f,f,w,o,g,e
f,s,n,f,w,b,t,e,s,s,w,o,g,e
x,y,e,t,c,b,t,b,s,s,w,o,d,e
f,s,n,f,w,b,t,e,f,f,w,o,g,e
f,f,n,t,c,b,t,b,s,s,w,o,d,e
f,s,w,f,w,b,t,e,s,s,w,o,g,e
x,f,n,f,w,b,t,e,f,f,w,o,g,e
f,f,n,f,w,b,t,e,s,f,w,o,g,e
x,s,n,t,c,n,e,e,s,s,w,o,u,p
x,f,n,t,c,b,t,b,s,s,w,o,d,e
f,s,n,f,w,b,t,e,f,s,w,o,g,e
f,y,w,t,c,n,e,e,s,s,w,o,g,p
x,f,n,t,c,b,t,b,s,s,w,o,d,e
x,f,g,t,c,b,t,b,s,s,w,o,d,e
f,f,n,f,w,b,t,e,f,f,w,o,g,e
x,f,e,t,c,b,t,b,s,s,w,o,d,e
f,f,w,f,w,b,t,e,s,s,w,o,g,e
x,f,w,f,w,b,t,e,f,f,w,o,g,e
x,y,w,t,c,b,e,c,s,s,w,o,m,e
x,s,w,f,w,b,t,e,f,s,w,o,g,e
x,y,g,t,c,b,t,b,s,s,w,o,d,e
x,f,g,t,c,b,t,b,s,s,w,o,d,e
x,s,g,f,w,b,t,e,f,s,w,o,g,e
f,y,w,t,c,n,e,e,s,s,w,o,u,p
x,f,e,t,c,b,t,b,s,s,w,o,d,e
f,s,n,t,c,n,e,e,s,s,w,o,u,p
f,y,n,t,c,n,e,e,s,s,w,o,g,p
x,f,g,t,c,b,t,b,s,s,w,o,d,e
f,s,n,f,w,b,t,e,s,f,w,o,g,e
x,f,g,t,c,b,t,b,s,s,w,o,d,e
x,f,n,f,w,b,t,e,s,f,w,o,g,e
x,f,n,t,c,b,t,b,s,s,w,o,d,e
f,s,n,f,w,b,t,e,f,s,w,o,g,e
f,f,n,f,w,b,t,e,s,f,w,o,g,e
x,s,n,f,w,b,t,e,f,f,w,o,g,e
x,s,n,f,w,b,t,e,s,f,w,o,g,e
x,f,n,t,c,b,t,b,s,s,w,o,d,e
x,y,e,t,c,b,t,b,s,s,w,o,d,e
f,s,n,f,w,b,t,e,f,f,w,o,g,e
x,f,n,t,c,b,t,b,s,s,w,o,d,e
f,y,w,t,c,n,e,e,s,s,w,o,u,p
x,y,y,t,c,b,e,r,s,y,w,o,g,e
f,s,n,t,c,n,e,e,s,s,w,o,g,p
f,f,w,f,w,b,t,e,f,s,w,o,g,e
f,f,n,f,w,b,t,e,f,f,w,o,g,e
f,s,n,t,c,n,e,e,s,s,w,o,g,p
x,s,n,f,w,b,t,e,f,f,w,o,g,e
x,f,n,f,w,b,t,e,s,f,w,o,g,e
x,f,e,t,c,b,t,b,s,s,w,o,d,e
f,f,n,f,w,b,t,e,s,s,w,o,g,e
x,f,w,f,w,b,t,e,s,s,w,o,g,e
f,s,g,f,w,b,t,e,f,s,w,o,g,e
f,f,w,f,w,b,t,e,f,s,w,o,g,e
f,s,y,t,w,n,t,b,s,s,w,o,d,e
f,f,w,t,w,n,t,b,s,s,w,o,d,e
f,f,n,f,w,b,t,e,s,f,w,o,g,e
x,f,n,t,c,b,t,b,s,s,w,o,d,e
x,y,g,t,c,b,t,b,s,s,w,o,d,e
x,f,n,t,c,b,t,b,s,s,w,o,d,e
x,f,n,f,w,b,t,e,s,f,w,o,g,e
x,f,g,t,c,b,t,b,s,s,w,o,d,e
x,f,n,t,c,b,t,b,s,s,w,o,d,e
x,f,g,f,w,b,t,e,f,s,w,o,g,e
x,f,n,t,c,b,t,b,s,s,w,o,d,e
x,s,n,f,w,b,t,e,f,f,w,o,g,e
b,y,w,t,c,b,e,c,s,s,w,o,m,e
x,y,e,t,c,b,t,b,s,s,w,o,d,e
f,s,n,f,w,b,t,e,s,f,w,o,g,e
x,f,e,t,c,b,t,b,s,s,w,o,d,e
f,y,n,t,c,b,t,b,s,s,w,o,d,e
x,y,g,t,c,b,t,b,s,s,w,o,d,e
x,s,g,f,w,b,t,e,s,s,w,o,g,e
x,s,n,f,w,b,t,e,f,s,w,o,g,e
x,f,g,f,w,b,t,e,f,f,w,o,g,e
x,s,g,f,w,b,t,e,s,s,w,o,g,e
x,y,e,t,c,b,t,b,s,s,w,o,d,e
f,f,g,t,c,b,t,b,s,s,w,o,d,e
f,f,n,t,c,b,t,b,s,s,w,o,d,e
x,f,n,f,w,b,t,e,f,f,w,o,g,e
f,s,n,f,w,b,t,e,s,f,w,o,g,e
x,f,w,f,w,b,t,e,s,s,w,o,g,e
x,y,y,t,c,b,e,r,s,y,w,o,p,e
x,f,e,t,c,b,t,b,s,s,w,o,d,e
x,f,n,f,w,b,t,e,f,s,w,o,g,e
x,y,n,t,c,b,t,b,s,s,w,o,d,e
f,f,g,t,c,b,t,b,s,s,w,o,d,e
x,f,w,f,w,b,t,e,f,s,w,o,g,e
x,y,w,t,c,b,e,c,s,s,w,o,m,e
x,s,n,f,w,b,t,e,s,s,w,o,g,e
f,s,w,f,w,b,t,e,s,s,w,o,g,e
f,f,n,t,c,b,t,b,s,s,w,o,d,e
f,f,w,f,w,b,t,e,f,f,w,o,g,e
x,f,g,t,c,b,t,b,s,s,w,o,d,e
x,f,n,t,c,b,t,b,s,s,w,o,d,e
x,f,w,f,w,b,t,e,s,f,w,o,g,e
x,s,w,t,c,b,e,c,s,s,w,o,m,e
f,s,g,f,w,b,t,e,f,s,w,o,g,e
f,y,n,t,c,n,e,e,s,s,w,o,g,p
f,f,g,f,w,b,t,e,f,s,w,o,g,e
x,f,n,t,c,b,t,b,s,s,w,o,d,e
x,f,w,f,w,b,t,e,s,f,w,o,g,e
x,y,n,t,c,b,t,b,s,s,w,o,d,e
x,y,e,t,c,b,t,b,s,s,w,o,d,e
f,s,n,t,c,n,e,e,s,s,w,o,u,p
f,s,g,f,w,b,t,e,s,s,w,o,g,e
x,f,g,t,c,b,t,b,s,s,w,o,d,e
f,f,g,t,c,b,t,b,s,s,w,o,d,e
x,f,g,t,c,b,t,b,s,s,w,o,d,e
x,f,g,t,c,b,t,b,s,s,w,o,d,e
x,f,n,t,c,b,t,b,s,s,w,o,d,e
x,s,w,t,c,n,e,e,s,s,w,o,u,p
x,s,y,t,c,b,e,c,s,s,w,o,m,e
x,f,n,t,c,b,t,b,s,s,w,o,d,e
f,y,n,t,c,b,t,b,s,s,w,o,d,e
x,s,g,f,w,b,t,e,f,f,w,o,g,e
x,y,e,t,c,b,t,b,s,s,w,o,d,e
x,f,g,f,w,b,t,e,f,s,w,o,g,e
f,s,w,f,w,b,t,e,f,s,w,o,g,e
x,f,n,t,c,b,t,b,s,s,w,o,d,e
f,f,n,t,c,b,t,b,s,s,w,o,d,e
f,f,g,f,w,b,t,e,s,f,w,o,g,e
f,f,g,f,w,b,t,e,s,s,w,o,g,e
f,f,n,f,w,b,t,e,f,f,w,o,g,e
x,f,g,t,c,b,t,b,s,s,w,o,d,e
x,f,e,t,c,b,t,b,s,s,w,o,d,e
f,y,n,t,c,n,e,e,s,s,w,o,u,p
x,y,g,t,c,b,t,b,s,s,w,o,d,e
x,s,w,f,w,b,t,e,s,f,w,o,g,e
b,s,w,t,c,b,e,c,s,s,w,o,m,e
x,s,w,f,w,b,t,e,f,f,w,o,g,e
f,f,n,f,w,b,t,e,f,f,w,o,g,e
x,y,g,t,c,b,t,b,s,s,w,o,d,e
f,f,g,t,c,b,t,b,s,s,w,o,d,e
x,f,g,f,w,b,t,e,f,s,w,o,g,e
x,s,w,t,c,n,e,e,s,s,w,o,g,p
x,s,n,f,w,b,t,e,s,s,w,o,g,e
x,y,g,t,c,b,t,b,s,s,w,o,d,e
f,f,g,t,c,b,t,b,s,s,w,o,d,e
x,y,n,t,c,b,t,b,s,s,w,o,d,e
x,f,e,t,c,b,t,b,s,s,w,o,d,e
f,f,n,t,c,b,t,b,s,s,w,o,d,e
x,f,e,t,c,b,t,b,s,s,w,o,d,e
f,f,n,t,c,b,t,b,s,s,w,o,d,e
x,y,e,t,c,b,t,b,s,s,w,o,d,e
x,f,g,t,c,b,t,b,s,s,w,o,d,e
f,f,g,t,c,b,t,b,s,s,w,o,d,e
x,f,e,t,c,b,t,b,s,s,w,o,d,e
x,y,e,t,c,b,t,b,s,s,w,o,d,e
x,s,w,t,c,n,e,e,s,s,w,o,g,p
x,f,e,t,c,b,t,b,s,s,w,o,d,e
x,y,g,t,c,b,t,b,s,s,w,o,d,e
x,f,n,t,c,b,t,b,s,s,w,o,d,e
x,y,e,t,c,b,t,b,s,s,w,o,d,e
x,y,g,t,c,b,t,b,s,s,w,o,d,e
x,f,g,t,c,b,t,b,s,s,w,o,d,e
x,y,g,t,c,b,t,b,s,s,w,o,d,e
x,f,e,t,c,b,t,b,s,s,w,o,d,e
f,y,e,t,c,b,t,b,s,s,w,o,d,e
f,f,n,t,c,b,t,b,s,s,w,o,d,e
x,f,n,t,c,b,t,b,s,s,w,o,d,e
f,y,g,t,c,b,t,b,s,s,w,o,d,e
x,y,e,t,c,b,t,b,s,s,w,o,d,e
x,f,g,t,c,b,t,b,s,s,w,o,d,e
x,y,g,t,c,b,t,b,s,s,w,o,d,e
x,f,g,f,c,b,e,b,k,k,w,o,g,p
f,s,w,t,c,n,e,e,s,s,w,o,g,p
x,f,e,t,c,b,t,b,s,s,w,o,d,e
x,f,w,f,w,b,t,e,s,s,w,o,g,e
x,y,n,t,c,b,t,b,s,s,w,o,d,e
f,f,n,t,c,b,t,b,s,s,w,o,d,e
x,f,n,t,c,b,t,b,s,s,w,o,d,e
x,y,g,t,c,b,t,b,s,s,w,o,d,e
x,y,g,t,c,b,t,b,s,s,w,o,d,e
x,f,e,t,c,b,t,b,s,s,w,o,d,e
x,y,n,t,c,b,t,b,s,s,w,o,d,e
x,f,g,t,c,b,t,b,s,s,w,o,d,e
x,f,e,t,c,b,t,b,s,s,w,o,d,e
x,y,e,t,c,b,t,b,s,s,w,o,d,e
x,y,n,t,c,b,t,b,s,s,w,o,d,e
x,y,e,t,c,b,t,b,s,s,w,o,d,e
f,y,n,t,c,b,t,b,s,s,w,o,d,e
f,y,n,t,c,b,t,b,s,s,w,o,d,e
x,y,n,t,c,b,t,b,s,s,w,o,d,e
f,s,n,t,c,n,e,e,s,s,w,o,u,p
f,f,e,t,c,b,t,b,s,s,w,o,d,e
x,s,w,t,c,n,e,e,s,s,w,o,g,p
x,f,e,t,c,b,t,b,s,s,w,o,d,e
f,f,n,t,c,b,t,b,s,s,w,o,d,e
x,y,n,t,c,b,t,b,s,s,w,o,d,e
f,f,e,t,c,b,t,b,s,s,w,o,d,e
x,f,e,t,c,b,t,b,s,s,w,o,d,e
x,f,g,t,c,b,t,b,s,s,w,o,d,e
x,y,n,t,c,b,t,b,s,s,w,o,d,e
f,f,n,t,c,b,t,b,s,s,w,o,d,e
f,f,n,t,c,b,t,b,s,s,w,o,d,e
x,f,e,t,c,b,t,b,s,s,w,o,d,e
x,f,n,t,c,b,t,b,s,s,w,o,d,e
x,f,e,t,c,b,t,b,s,s,w,o,d,e
f,f,g,t,c,b,t,b,s,s,w,o,d,e
x,y,n,t,c,b,t,b,s,s,w,o,d,e
f,f,n,t,c,b,t,b,s,s,w,o,d,e
x,f,e,t,c,b,t,b,s,s,w,o,d,e
x,y,e,t,c,b,t,b,s,s,w,o,d,e
x,f,g,t,c,b,t,b,s,s,w,o,d,e
x,y,g,t,c,b,t,b,s,s,w,o,d,e
x,y,e,t,c,b,t,b,s,s,w,o,d,e
x,y,g,t,c,b,t,b,s,s,w,o,d,e
x,f,g,t,c,b,t,b,s,s,w,o,d,e
f,f,g,t,c,b,t,b,s,s,w,o,d,e
x,y,g,t,c,b,t,b,s,s,w,o,d,e
x,y,e,t,c,b,t,b,s,s,w,o,d,e
f,f,n,t,c,b,t,b,s,s,w,o,d,e
f,f,n,t,c,b,t,b,s,s,w,o,d,e
x,y,e,t,c,b,t,b,s,s,w,o,d,e
x,f,g,f,c,b,e,b,k,k,w,o,d,p
x,y,g,t,c,b,t,b,s,s,w,o,d,e
x,f,e,t,c,b,t,b,s,s,w,o,d,e
x,y,n,t,c,b,t,b,s,s,w,o,d,e
f,f,n,t,c,b,t,b,s,s,w,o,d,e
x,y,e,t,c,b,t,b,s,s,w,o,d,e
f,f,n,t,c,b,t,b,s,s,w,o,d,e
f,y,n,t,c,b,t,b,s,s,w,o,d,e
f,f,g,t,c,b,t,b,s,s,w,o,d,e
x,f,e,t,c,b,t,b,s,s,w,o,d,e
x,f,g,t,c,b,t,b,s,s,w,o,d,e
x,f,g,t,c,b,t,b,s,s,w,o,d,e
x,f,n,t,c,b,t,b,s,s,w,o,d,e
x,f,g,t,c,b,t,b,s,s,w,o,d,e
x,s,g,f,w,b,t,e,s,s,w,o,g,e
x,y,e,t,c,b,t,b,s,s,w,o,d,e
f,f,g,t,c,b,t,b,s,s,w,o,d,e
x,y,e,t,c,b,t,b,s,s,w,o,d,e
f,f,g,t,c,b,t,b,s,s,w,o,d,e
x,f,g,t,c,b,t,b,s,s,w,o,d,e
x,f,g,t,c,b,t,b,s,s,w,o,d,e
f,f,g,t,c,b,t,b,s,s,w,o,d,e
x,s,w,f,w,b,t,e,s,f,w,o,g,e
x,f,n,t,c,b,t,b,s,s,w,o,d,e
f,f,n,t,c,b,t,b,s,s,w,o,d,e
f,f,g,t,c,b,t,b,s,s,w,o,d,e
x,y,g,t,c,b,t,b,s,s,w,o,d,e
x,f,e,t,c,b,t,b,s,s,w,o,d,e
x,y,e,t,c,b,t,b,s,s,w,o,d,e
x,f,n,t,c,b,t,b,s,s,w,o,d,e
f,y,g,t,c,b,t,b,s,s,w,o,d,e
x,y,g,t,c,b,t,b,s,s,w,o,d,e
x,s,p,f,w,n,e,b,s,s,w,o,d,p
x,y,n,t,c,b,t,b,s,s,w,o,d,e
f,f,g,t,c,b,t,b,s,s,w,o,d,e
x,y,e,t,c,b,t,b,s,s,w,o,d,e
f,f,n,t,c,b,t,b,s,s,w,o,d,e
x,y,n,t,c,b,t,b,s,s,w,o,d,e
x,f,g,t,c,b,t,b,s,s,w,o,d,e
f,f,n,t,c,b,t,b,s,s,w,o,d,e
x,y,n,t,c,b,t,b,s,s,w,o,d,e
x,y,n,t,c,b,t,b,s,s,w,o,d,e
x,f,e,t,c,b,t,b,s,s,w,o,d,e
f,f,g,t,c,b,t,b,s,s,w,o,d,e
x,y,e,t,c,b,t,b,s,s,w,o,d,e
x,y,e,t,c,b,t,b,s,s,w,o,d,e
f,f,n,t,c,b,t,b,s,s,w,o,d,e
x,f,e,t,c,b,t,b,s,s,w,o,d,e
x,f,e,t,c,b,t,b,s,s,w,o,d,e
x,f,w,f,w,b,t,e,f,f,w,o,g,e
x,y,g,t,c,b,t,b,s,s,w,o,d,e
x,f,e,t,c,b,t,b,s,s,w,o,d,e
x,y,g,t,c,b,t,b,s,s,w,o,d,e
x,f,e,t,c,b,t,b,s,s,w,o,d,e
x,f,g,t,c,b,t,b,s,s,w,o,d,e
f,y,e,t,c,b,t,b,s,s,w,o,d,e
f,y,g,t,c,b,t,b,s,s,w,o,d,e
x,y,e,t,c,b,t,b,s,s,w,o,d,e
x,y,g,t,c,b,t,b,s,s,w,o,d,e
f,f,g,f,w,b,t,e,s,f,w,o,g,e
x,f,g,f,c,b,e,b,k,k,w,o,p,p
x,f,e,t,c,b,t,b,s,s,w,o,d,e
x,y,e,t,c,b,t,b,s,s,w,o,d,e
f,s,w,t,c,n,e,e,s,s,w,o,g,p
f,y,n,t,c,b,t,b,s,s,w,o,d,e
x,f,e,t,c,b,t,b,s,s,w,o,d,e
x,y,e,t,c,b,t,b,s,s,w,o,d,e
x,f,g,t,c,b,t,b,s,s,w,o,d,e
x,y,g,t,c,b,t,b,s,s,w,o,d,e
x,f,g,f,w,b,t,e,f,f,w,o,g,e
x,f,n,t,c,b,t,b,s,s,w,o,d,e
f,f,e,t,c,b,t,b,s,s,w,o,d,e
x,y,g,t,c,b,t,b,s,s,w,o,d,e
f,f,n,t,c,b,t,b,s,s,w,o,d,e
f,f,g,f,w,b,t,e,f,f,w,o,g,e
f,f,g,t,c,b,t,b,s,s,w,o,d,e
x,y,n,t,c,b,t,b,s,s,w,o,d,e
f,f,g,t,c,b,t,b,s,s,w,o,d,e
f,y,n,t,c,b,t,b,s,s,w,o,d,e
x,f,g,t,c,b,t,b,s,s,w,o,d,e
x,y,e,t,c,b,t,b,s,s,w,o,d,e
x,y,n,t,c,b,t,b,s,s,w,o,d,e
f,s,g,f,w,b,t,e,f,s,w,o,g,e
x,f,n,t,c,b,t,b,s,s,w,o,d,e
f,f,n,t,c,b,t,b,s,s,w,o,d,e
x,y,e,t,c,b,t,b,s,s,w,o,d,e
x,y,e,t,c,b,t,b,s,s,w,o,d,e
x,y,n,t,c,b,t,b,s,s,w,o,d,e
f,s,w,f,w,b,t,e,s,f,w,o,g,e
x,y,n,t,c,b,t,b,s,s,w,o,d,e
x,y,e,t,c,b,t,b,s,s,w,o,d,e
x,f,g,t,c,b,t,b,s,s,w,o,d,e
f,f,g,t,c,b,t,b,s,s,w,o,d,e
f,f,n,f,w,b,t,e,s,f,w,o,g,e
f,f,g,t,c,b,t,b,s,s,w,o,d,e
x,y,e,t,c,b,t,b,s,s,w,o,d,e
f,f,g,t,c,b,t,b,s,s,w,o,d,e
x,y,n,t,c,b,t,b,s,s,w,o,d,e
x,f,e,t,c,b,t,b,s,s,w,o,d,e
x,f,n,t,c,b,t,b,s,s,w,o,d,e
x,f,g,t,c,b,t,b,s,s,w,o,d,e
f,f,g,t,c,b,t,b,s,s,w,o,d,e
x,f,n,t,c,b,t,b,s,s,w,o,d,e
x,y,n,t,c,b,t,b,s,s,w,o,d,e
x,f,e,t,c,b,t,b,s,s,w,o,d,e
f,f,g,t,c,b,t,b,s,s,w,o,d,e
x,y,n,t,c,b,t,b,s,s,w,o,d,e
x,s,p,f,w,n,e,b,s,s,w,o,d,p
f,y,g,t,c,b,t,b,s,s,w,o,d,e
f,f,n,t,c,b,t,b,s,s,w,o,d,e
f,s,n,t,c,n,e,e,s,s,w,o,u,p
x,y,n,t,c,b,t,b,s,s,w,o,d,e
x,y,g,t,c,b,t,b,s,s,w,o,d,e
x,y,e,t,c,b,t,b,s,s,w,o,d,e
x,y,e,t,c,b,t,b,s,s,w,o,d,e
x,y,e,t,c,b,t,b,s,s,w,o,d,e
x,f,g,t,c,b,t,b,s,s,w,o,d,e
f,s,w,f,w,b,t,e,s,s,w,o,g,e
x,y,g,t,c,b,t,b,s,s,w,o,d,e
x,f,n,f,w,b,t,e,s,f,w,o,g,e
x,f,n,t,c,b,t,b,s,s,w,o,d,e
x,y,g,t,c,b,t,b,s,s,w,o,d,e
x,y,e,t,c,b,t,b,s,s,w,o,d,e
x,y,n,t,c,b,t,b,s,s,w,o,d,e
x,f,g,t,c,b,t,b,s,s,w,o,d,e
x,f,g,t,c,b,t,b,s,s,w,o,d,e
x,y,g,t,c,b,t,b,s,s,w,o,d,e
x,y,g,t,c,b,t,b,s,s,w,o,d,e
f,y,g,t,c,b,t,b,s,s,w,o,d,e
x,f,e,t,c,b,t,b,s,s,w,o,d,e
x,y,e,t,c,b,t,b,s,s,w,o,d,e
x,f,n,t,c,b,t,b,s,s,w,o,d,e
x,f,n,t,c,b,t,b,s,s,w,o,d,e
f,f,n,t,c,b,t,b,s,s,w,o,d,e
f,f,n,t,c,b,t,b,s,s,w,o,d,e
x,y,g,t,c,b,t,b,s,s,w,o,d,e
x,f,e,t,c,b,t,b,s,s,w,o,d,e
f,y,n,t,c,b,t,b,s,s,w,o,d,e
x,y,e,t,c,b,t,b,s,s,w,o,d,e
f,y,n,t,c,b,t,b,s,s,w,o,d,e
x,y,g,t,c,b,t,b,s,s,w,o,d,e
f,f,n,t,c,b,t,b,s,s,w,o,d,e
x,y,g,t,c,b,t,b,s,s,w,o,d,e
x,y,e,t,c,b,t,b,s,s,w,o,d,e
x,y,n,t,c,b,t,b,s,s,w,o,d,e
x,f,g,t,c,b,t,b,s,s,w,o,d,e
x,f,e,t,c,b,t,b,s,s,w,o,d,e
x,f,n,t,c,b,t,b,s,s,w,o,d,e
f,f,n,t,c,b,t,b,s,s,w,o,d,e
f,y,g,t,c,b,t,b,s,s,w,o,d,e
x,f,n,t,c,b,t,b,s,s,w,o,d,e
x,y,e,t,c,b,t,b,s,s,w,o,d,e
f,f,n,t,c,b,t,b,s,s,w,o,d,e
x,y,n,t,c,b,t,b,s,s,w,o,d,e
f,f,n,t,c,b,t,b,s,s,w,o,d,e
x,y,e,t,c,b,t,b,s,s,w,o,d,e
x,y,e,t,c,b,t,b,s,s,w,o,d,e
x,f,g,t,c,b,t,b,s,s,w,o,d,e
x,f,g,t,c,b,t,b,s,s,w,o,d,e
f,f,e,t,c,b,t,b,s,s,w,o,d,e
x,f,n,t,c,b,t,b,s,s,w,o,d,e
x,y,e,t,c,b,t,b,s,s,w,o,d,e
x,y,g,t,c,b,t,b,s,s,w,o,d,e
x,y,g,t,c,b,t,b,s,s,w,o,d,e
x,f,e,t,c,b,t,b,s,s,w,o,d,e
f,f,n,t,c,b,t,b,s,s,w,o,d,e
x,y,n,t,c,b,t,b,s,s,w,o,d,e
x,y,g,t,c,b,t,b,s,s,w,o,d,e
x,f,w,f,w,b,t,e,s,f,w,o,g,e
f,y,g,t,c,b,t,b,s,s,w,o,d,e
f,s,g,f,w,b,t,e,f,f,w,o,g,e
f,f,n,t,c,b,t,b,s,s,w,o,d,e
x,y,e,t,c,b,t,b,s,s,w,o,d,e
f,y,w,t,c,n,e,e,s,s,w,o,u,p
x,y,g,t,c,b,t,b,s,s,w,o,d,e
f,f,n,t,c,b,t,b,s,s,w,o,d,e
x,f,g,t,c,b,t,b,s,s,w,o,d,e
x,f,e,t,c,b,t,b,s,s,w,o,d,e
f,f,g,t,c,b,t,b,s,s,w,o,d,e
x,y,n,t,c,b,t,b,s,s,w,o,d,e
x,y,e,t,c,b,t,b,s,s,w,o,d,e
x,y,n,t,c,b,t,b,s,s,w,o,d,e
x,y,n,t,c,b,t,b,s,s,w,o,d,e
f,f,n,t,c,b,t,b,s,s,w,o,d,e
x,y,g,t,c,b,t,b,s,s,w,o,d,e
x,y,n,t,c,b,t,b,s,s,w,o,d,e
x,f,e,t,c,b,t,b,s,s,w,o,d,e
f,f,n,t,c,b,t,b,s,s,w,o,d,e
x,f,e,t,c,b,t,b,s,s,w,o,d,e
f,s,w,f,w,b,t,e,s,s,w,o,g,e
x,y,n,t,c,b,t,b,s,s,w,o,d,e
x,f,g,t,c,b,t,b,s,s,w,o,d,e
x,f,n,t,c,b,t,b,s,s,w,o,d,e
x,f,e,t,c,b,t,b,s,s,w,o,d,e
f,f,n,t,c,b,t,b,s,s,w,o,d,e
x,f,n,t,c,b,t,b,s,s,w,o,d,e
x,y,n,t,c,b,t,b,s,s,w,o,d,e
f,s,w,t,c,n,e,e,s,s,w,o,u,p
x,f,g,t,c,b,t,b,s,s,w,o,d,e
f,s,w,f,w,b,t,e,s,s,w,o,g,e
x,s,g,f,w,b,t,e,s,f,w,o,g,e
x,f,g,t,c,b,t,b,s,s,w,o,d,e
f,f,n,t,c,b,t,b,s,s,w,o,d,e
x,f,e,t,c,b,t,b,s,s,w,o,d,e
x,y,g,t,c,b,t,b,s,s,w,o,d,e
f,f,n,t,c,b,t,b,s,s,w,o,d,e
x,f,n,t,c,b,t,b,s,s,w,o,d,e
x,f,g,f,c,b,e,b,k,k,w,o,d,p
x,y,e,t,c,b,t,b,s,s,w,o,d,e
x,f,n,f,w,b,t,e,s,s,w,o,g,e
x,s,w,t,c,n,e,e,s,s,w,o,g,p
x,y,g,t,c,b,t,b,s,s,w,o,d,e
f,f,n,t,c,b,t,b,s,s,w,o,d,e
x,f,n,t,c,b,t,b,s,s,w,o,d,e
x,y,g,t,c,b,t,b,s,s,w,o,d,e
x,y,g,t,c,b,t,b,s,s,w,o,d,e
f,f,n,t,c,b,t,b,s,s,w,o,d,e
f,f,n,t,c,b,t,b,s,s,w,o,d,e
x,f,g,t,c,b,t,b,s,s,w,o,d,e
f,f,g,t,c,b,t,b,s,s,w,o,d,e
x,y,e,t,c,b,t,b,s,s,w,o,d,e
x,f,e,t,c,b,t,b,s,s,w,o,d,e
x,s,w,t,c,n,e,e,s,s,w,o,g,p
f,f,g,t,c,b,t,b,s,s,w,o,d,e
x,f,g,t,c,b,t,b,s,s,w,o,d,e
f,y,e,t,c,b,t,b,s,s,w,o,d,e
f,y,g,t,c,b,t,b,s,s,w,o,d,e
x,y,n,t,c,b,t,b,s,s,w,o,d,e
x,y,e,t,c,b,t,b,s,s,w,o,d,e
x,f,e,t,c,b,t,b,s,s,w,o,d,e
x,y,e,t,c,b,t,b,s,s,w,o,d,e
f,f,g,t,c,b,t,b,s,s,w,o,d,e
x,f,g,t,c,b,t,b,s,s,w,o,d,e
f,f,n,t,c,b,t,b,s,s,w,o,d,e
x,y,n,t,c,b,t,b,s,s,w,o,d,e
x,y,g,t,c,b,t,b,s,s,w,o,d,e
x,f,g,t,c,b,t,b,s,s,w,o,d,e
x,y,n,t,c,b,t,b,s,s,w,o,d,e
f,f,n,t,c,b,t,b,s,s,w,o,d,e
x,y,n,t,c,b,t,b,s,s,w,o,d,e
x,y,n,t,c,b,t,b,s,s,w,o,d,e
f,f,n,t,c,b,t,b,s,s,w,o,d,e
x,f,n,t,c,b,t,b,s,s,w,o,d,e
x,f,n,t,c,b,t,b,s,s,w,o,d,e
x,y,n,t,c,b,t,b,s,s,w,o,d,e
f,f,g,t,c,b,t,b,s,s,w,o,d,e
x,f,e,t,c,b,t,b,s,s,w,o,d,e
f,f,n,t,c,b,t,b,s,s,w,o,d,e
x,s,p,f,c,n,e,b,s,s,w,o,d,p
x,f,e,t,c,b,t,b,s,s,w,o,d,e
f,f,n,t,c,b,t,b,s,s,w,o,d,e
x,f,n,t,c,b,t,b,s,s,w,o,d,e
f,f,e,t,c,b,t,b,s,s,w,o,d,e
x,y,e,t,c,b,t,b,s,s,w,o,d,e
x,f,g,t,c,b,t,b,s,s,w,o,d,e
x,f,g,t,c,b,t,b,s,s,w,o,d,e
x,f,g,t,c,b,t,b,s,s,w,o,d,e
x,f,g,t,c,b,t,b,s,s,w,o,d,e
f,f,g,t,c,b,t,b,s,s,w,o,d,e
x,f,e,t,c,b,t,b,s,s,w,o,d,e
f,y,n,t,c,b,t,b,s,s,w,o,d,e
f,y,e,t,c,b,t,b,s,s,w,o,d,e
x,y,g,t,c,b,t,b,s,s,w,o,d,e
x,y,g,t,c,b,t,b,s,s,w,o,d,e
x,f,g,t,c,b,t,b,s,s,w,o,d,e
x,f,g,f,c,b,e,b,k,k,w,o,g,p
x,y,n,t,c,b,t,b,s,s,w,o,d,e
x,y,e,t,c,b,t,b,s,s,w,o,d,e
x,f,n,t,c,b,t,b,s,s,w,o,d,e
f,f,n,t,c,b,t,b,s,s,w,o,d,e
f,f,n,t,c,b,t,b,s,s,w,o,d,e
f,f,g,t,c,b,t,b,s,s,w,o,d,e
f,f,g,t,c,b,t,b,s,s,w,o,d,e
x,y,g,t,c,b,t,b,s,s,w,o,d,e
x,f,g,f,w,b,t,e,s,f,w,o,g,e
x,y,g,t,c,b,t,b,s,s,w,o,d,e
x,f,e,t,c,b,t,b,s,s,w,o,d,e
f,f,n,t,c,b,t,b,s,s,w,o,d,e
x,y,e,t,c,b,t,b,s,s,w,o,d,e
x,f,g,t,c,b,t,b,s,s,w,o,d,e
x,f,n,t,c,b,t,b,s,s,w,o,d,e
x,y,e,t,c,b,t,b,s,s,w,o,d,e
x,f,n,t,c,b,t,b,s,s,w,o,d,e
f,f,g,t,c,b,t,b,s,s,w,o,d,e
x,y,g,t,c,b,t,b,s,s,w,o,d,e
x,y,g,t,c,b,t,b,s,s,w,o,d,e
f,f,n,t,c,b,t,b,s,s,w,o,d,e
x,f,g,t,c,b,t,b,s,s,w,o,d,e
f,f,n,t,c,b,t,b,s,s,w,o,d,e
x,y,e,t,c,b,t,b,s,s,w,o,d,e
x,f,n,t,c,b,t,b,s,s,w,o,d,e
x,y,g,t,c,b,t,b,s,s,w,o,d,e
f,f,g,t,c,b,t,b,s,s,w,o,d,e
x,f,g,t,c,b,t,b,s,s,w,o,d,e
x,f,n,t,c,b,t,b,s,s,w,o,d,e
x,y,g,t,c,b,t,b,s,s,w,o,d,e
x,y,g,t,c,b,t,b,s,s,w,o,d,e
x,y,e,t,c,b,t,b,s,s,w,o,d,e
x,y,n,t,c,b,t,b,s,s,w,o,d,e
x,y,g,t,c,b,t,b,s,s,w,o,d,e
f,y,n,t,c,n,e,e,s,s,w,o,u,p
x,s,g,f,w,b,t,e,f,s,w,o,g,e
x,f,g,t,c,b,t,b,s,s,w,o,d,e
x,f,e,t,c,b,t,b,s,s,w,o,d,e
x,s,p,f,w,n,e,b,s,s,w,o,d,p
x,y,n,t,c,b,t,b,s,s,w,o,d,e
x,f,e,t,c,b,t,b,s,s,w,o,d,e
x,y,n,t,c,b,t,b,s,s,w,o,d,e
x,y,e,t,c,b,t,b,s,s,w,o,d,e
x,s,w,f,w,b,t,e,s,s,w,o,g,e
f,f,g,t,c,b,t,b,s,s,w,o,d,e
x,y,g,t,c,b,t,b,s,s,w,o,d,e
x,y,g,t,c,b,t,b,s,s,w,o,d,e
x,f,e,t,c,b,t,b,s,s,w,o,d,e
x,y,g,t,c,b,t,b,s,s,w,o,d,e
x,y,g,t,c,b,t,b,s,s,w,o,d,e
x,f,e,t,c,b,t,b,s,s,w,o,d,e
f,y,w,t,c,n,e,e,s,s,w,o,u,p
f,f,n,t,c,b,t,b,s,s,w,o,d,e
x,f,e,t,c,b,t,b,s,s,w,o,d,e
x,f,e,t,c,b,t,b,s,s,w,o,d,e
x,y,g,t,c,b,t,b,s,s,w,o,d,e
f,s,w,f,w,b,t,e,f,f,w,o,g,e
x,f,n,f,w,b,t,e,f,s,w,o,g,e
x,f,n,t,c,b,t,b,s,s,w,o,d,e
f,f,n,t,c,b,t,b,s,s,w,o,d,e
x,y,e,t,c,b,t,b,s,s,w,o,d,e
x,y,e,t,c,b,t,b,s,s,w,o,d,e
x,y,e,t,c,b,t,b,s,s,w,o,d,e
f,f,n,t,c,b,t,b,s,s,w,o,d,e
x,f,g,t,c,b,t,b,s,s,w,o,d,e
f,f,n,t,c,b,t,b,s,s,w,o,d,e
f,f,e,t,c,b,t,b,s,s,w,o,d,e
x,y,e,t,c,b,t,b,s,s,w,o,d,e
x,s,w,f,w,n,e,b,s,s,w,o,d,p
f,f,n,t,c,b,t,b,s,s,w,o,d,e
f,f,g,t,c,b,t,b,s,s,w,o,d,e
f,f,n,t,c,b,t,b,s,s,w,o,d,e
x,y,n,t,c,b,t,b,s,s,w,o,d,e
x,f,e,t,c,b,t,b,s,s,w,o,d,e
f,s,w,f,w,b,t,e,f,s,w,o,g,e
x,y,g,t,c,b,t,b,s,s,w,o,d,e
x,f,e,t,c,b,t,b,s,s,w,o,d,e
f,f,n,t,c,b,t,b,s,s,w,o,d,e
f,f,n,t,c,b,t,b,s,s,w,o,d,e
x,y,n,t,c,b,t,b,s,s,w,o,d,e
x,y,g,t,c,b,t,b,s,s,w,o,d,e
x,y,n,t,c,b,t,b,s,s,w,o,d,e
x,f,g,t,c,b,t,b,s,s,w,o,d,e
x,y,n,t,c,b,t,b,s,s,w,o,d,e
x,y,n,t,c,b,t,b,s,s,w,o,d,e
f,f,n,t,c,b,t,b,s,s,w,o,d,e
x,y,g,t,c,b,t,b,s,s,w,o,d,e
x,y,e,t,c,b,t,b,s,s,w,o,d,e
x,y,n,t,c,b,t,b,s,s,w,o,d,e
x,f,g,f,c,b,e,b,k,k,w,o,p,p
f,f,g,t,c,b,t,b,s,s,w,o,d,e
x,y,e,t,c,b,t,b,s,s,w,o,d,e
x,f,g,f,c,b,e,b,k,k,w,o,d,p
x,y,e,t,c,b,t,b,s,s,w,o,d,e
x,f,e,t,c,b,t,b,s,s,w,o,d,e
x,f,g,f,c,b,e,b,k,k,w,o,d,p
x,f,p,f,w,n,e,b,s,s,w,o,d,p
x,f,g,t,c,b,t,b,s,s,w,o,d,e
f,f,g,t,c,b,t,b,s,s,w,o,d,e
x,f,g,t,c,b,t,b,s,s,w,o,d,e
x,y,g,t,c,b,t,b,s,s,w,o,d,e
x,y,g,t,c,b,t,b,s,s,w,o,d,e
f,f,g,t,c,b,t,b,s,s,w,o,d,e
x,f,g,t,c,b,t,b,s,s,w,o,d,e
x,f,e,t,c,b,t,b,s,s,w,o,d,e
x,f,n,t,c,b,t,b,s,s,w,o,d,e
x,y,n,t,c,b,t,b,s,s,w,o,d,e
f,f,n,t,c,b,t,b,s,s,w,o,d,e
f,f,n,t,c,b,t,b,s,s,w,o,d,e
f,f,g,t,c,b,t,b,s,s,w,o,d,e
x,f,g,t,c,b,t,b,s,s,w,o,d,e
x,y,n,t,c,b,t,b,s,s,w,o,d,e
x,y,e,t,c,b,t,b,s,s,w,o,d,e
f,f,n,t,c,b,t,b,s,s,w,o,d,e
x,y,g,t,c,b,t,b,s,s,w,o,d,e
x,y,n,t,c,b,t,b,s,s,w,o,d,e
x,f,w,f,c,n,e,b,s,s,w,o,d,p
f,f,n,t,c,b,t,b,s,s,w,o,d,e
x,y,e,t,c,b,t,b,s,s,w,o,d,e
x,y,n,t,c,b,t,b,s,s,w,o,d,e
f,f,g,t,c,b,t,b,s,s,w,o,d,e
x,f,e,t,c,b,t,b,s,s,w,o,d,e
x,f,g,f,c,b,e,b,k,k,w,o,d,p
x,y,e,t,c,b,t,b,s,s,w,o,d,e
f,f,g,t,c,b,t,b,s,s,w,o,d,e
f,y,e,t,c,b,t,b,s,s,w,o,d,e
x,f,e,t,c,b,t,b,s,s,w,o,d,e
x,f,g,f,c,b,e,b,k,k,w,o,g,p
x,y,n,t,c,b,t,b,s,s,w,o,d,e
x,y,n,t,c,b,t,b,s,s,w,o,d,e
x,y,n,t,c,b,t,b,s,s,w,o,d,e
x,y,n,t,c,b,t,b,s,s,w,o,d,e
x,y,g,t,c,b,t,b,s,s,w,o,d,e
x,y,n,t,c,b,t,b,s,s,w,o,d,e
x,f,g,t,c,b,t,b,s,s,w,o,d,e
x,y,e,t,c,b,t,b,s,s,w,o,d,e
x,y,e,t,c,b,t,b,s,s,w,o,d,e
x,y,g,t,c,b,t,b,s,s,w,o,d,e
f,f,e,t,c,b,t,b,s,s,w,o,d,e
f,f,n,t,c,b,t,b,s,s,w,o,d,e
f,f,n,t,c,b,t,b,s,s,w,o,d,e
x,y,g,t,c,b,t,b,s,s,w,o,d,e
x,y,g,t,c,b,t,b,s,s,w,o,d,e
x,f,e,t,c,b,t,b,s,s,w,o,d,e
f,f,n,t,c,b,t,b,s,s,w,o,d,e
f,f,n,t,c,b,t,b,s,s,w,o,d,e
x,y,e,t,c,b,t,b,s,s,w,o,d,e
x,y,n,t,c,b,t,b,s,s,w,o,d,e
f,f,n,t,c,b,t,b,s,s,w,o,d,e
f,f,n,t,c,b,t,b,s,s,w,o,d,e
x,f,g,f,c,b,e,b,k,k,w,o,p,p
x,f,g,t,c,b,t,b,s,s,w,o,d,e
x,y,n,t,c,b,t,b,s,s,w,o,d,e
x,f,g,t,c,b,t,b,s,s,w,o,d,e
x,f,g,t,c,b,t,b,s,s,w,o,d,e
x,y,g,t,c,b,t,b,s,s,w,o,d,e
f,f,n,t,c,b,t,b,s,s,w,o,d,e
f,f,g,t,c,b,t,b,s,s,w,o,d,e
x,y,n,t,c,b,t,b,s,s,w,o,d,e
x,f,e,t,c,b,t,b,s,s,w,o,d,e
f,f,n,t,c,b,t,b,s,s,w,o,d,e
x,f,g,f,c,b,e,b,k,k,w,o,p,p
x,f,e,t,c,b,t,b,s,s,w,o,d,e
f,f,n,t,c,b,t,b,s,s,w,o,d,e
x,f,e,t,c,b,t,b,s,s,w,o,d,e
x,f,e,t,c,b,t,b,s,s,w,o,d,e
x,y,e,t,c,b,t,b,s,s,w,o,d,e
f,y,g,t,c,b,t,b,s,s,w,o,d,e
f,f,n,t,c,b,t,b,s,s,w,o,d,e
x,f,g,t,c,b,t,b,s,s,w,o,d,e
f,f,g,t,c,b,t,b,s,s,w,o,d,e
x,y,n,t,c,b,t,b,s,s,w,o,d,e
x,y,g,t,c,b,t,b,s,s,w,o,d,e
x,y,g,t,c,b,t,b,s,s,w,o,d,e
x,f,n,t,c,b,t,b,s,s,w,o,d,e
x,y,e,t,c,b,t,b,s,s,w,o,d,e
f,f,n,t,c,b,t,b,s,s,w,o,d,e
x,y,e,t,c,b,t,b,s,s,w,o,d,e
x,f,n,t,c,b,t,b,s,s,w,o,d,e
f,f,n,t,c,b,t,b,s,s,w,o,d,e
x,y,e,t,c,b,t,b,s,s,w,o,d,e
x,f,g,t,c,b,t,b,s,s,w,o,d,e
x,y,n,t,c,b,t,b,s,s,w,o,d,e
x,f,g,f,c,n,e,b,s,s,w,o,d,p
f,f,g,t,c,b,t,b,s,s,w,o,d,e
x,f,n,t,c,b,t,b,s,s,w,o,d,e
f,s,n,f,w,b,t,e,s,f,w,o,g,e
f,f,n,t,c,b,t,b,s,s,w,o,d,e
x,y,g,t,c,b,t,b,s,s,w,o,d,e
f,y,g,t,c,b,t,b,s,s,w,o,d,e
x,y,g,t,c,b,t,b,s,s,w,o,d,e
f,y,e,t,c,b,t,b,s,s,w,o,d,e
x,y,g,t,c,b,t,b,s,s,w,o,d,e
x,f,g,t,c,b,t,b,s,s,w,o,d,e
f,f,g,t,c,b,t,b,s,s,w,o,d,e
x,y,n,t,c,b,t,b,s,s,w,o,d,e
f,f,n,t,c,b,t,b,s,s,w,o,d,e
x,y,e,t,c,b,t,b,s,s,w,o,d,e
x,y,e,t,c,b,t,b,s,s,w,o,d,e
f,y,n,t,c,b,t,b,s,s,w,o,d,e
x,y,n,t,c,b,t,b,s,s,w,o,d,e
x,f,g,t,c,b,t,b,s,s,w,o,d,e
f,f,g,t,c,b,t,b,s,s,w,o,d,e
f,f,w,f,w,b,t,e,s,f,w,o,g,e
x,y,n,t,c,b,t,b,s,s,w,o,d,e
x,f,g,t,c,b,t,b,s,s,w,o,d,e
f,y,e,t,c,b,t,b,s,s,w,o,d,e
x,f,e,t,c,b,t,b,s,s,w,o,d,e
x,y,n,t,c,b,t,b,s,s,w,o,d,e
f,y,n,t,c,b,t,b,s,s,w,o,d,e
x,y,g,t,c,b,t,b,s,s,w,o,d,e
f,f,n,t,c,b,t,b,s,s,w,o,d,e
x,y,e,t,c,b,t,b,s,s,w,o,d,e
x,y,e,t,c,b,t,b,s,s,w,o,d,e
x,y,e,t,c,b,t,b,s,s,w,o,d,e
x,f,e,t,c,b,t,b,s,s,w,o,d,e
x,f,e,t,c,b,t,b,s,s,w,o,d,e
x,f,e,t,c,b,t,b,s,s,w,o,d,e
f,f,n,t,c,b,t,b,s,s,w,o,d,e
x,f,g,t,c,b,t,b,s,s,w,o,d,e
x,f,g,t,c,b,t,b,s,s,w,o,d,e
x,y,g,t,c,b,t,b,s,s,w,o,d,e
x,y,n,t,c,b,t,b,s,s,w,o,d,e
x,f,e,t,c,b,t,b,s,s,w,o,d,e
x,f,e,t,c,b,t,b,s,s,w,o,d,e
x,f,g,t,c,b,t,b,s,s,w,o,d,e
x,f,e,t,c,b,t,b,s,s,w,o,d,e
f,f,n,t,c,b,t,b,s,s,w,o,d,e
x,f,e,t,c,b,t,b,s,s,w,o,d,e
f,f,n,t,c,b,t,b,s,s,w,o,d,e
f,f,n,t,c,b,t,b,s,s,w,o,d,e
f,f,n,t,c,b,t,b,s,s,w,o,d,e
x,f,g,t,c,b,t,b,s,s,w,o,d,e
x,f,e,t,c,b,t,b,s,s,w,o,d,e
x,y,e,t,c,b,t,b,s,s,w,o,d,e
f,f,g,t,c,b,t,b,s,s,w,o,d,e
f,f,n,t,c,b,t,b,s,s,w,o,d,e
x,y,n,t,c,b,t,b,s,s,w,o,d,e
f,f,n,t,c,b,t,b,s,s,w,o,d,e
x,f,p,f,c,n,e,b,s,s,w,o,d,p
x,f,e,t,c,b,t,b,s,s,w,o,d,e
x,f,n,t,c,b,t,b,s,s,w,o,d,e
x,y,e,t,c,b,t,b,s,s,w,o,d,e
f,f,n,t,c,b,t,b,s,s,w,o,d,e
f,f,n,t,c,b,t,b,s,s,w,o,d,e
x,y,g,t,c,b,t,b,s,s,w,o,d,e
f,s,n,f,w,b,t,e,s,s,w,o,g,e
x,y,g,t,c,b,t,b,s,s,w,o,d,e
x,y,n,t,c,b,t,b,s,s,w,o,d,e
x,y,n,t,c,b,t,b,s,s,w,o,d,e
f,f,g,t,c,b,t,b,s,s,w,o,d,e
x,f,e,t,c,b,t,b,s,s,w,o,d,e
f,f,n,t,c,b,t,b,s,s,w,o,d,e
x,f,g,f,c,b,e,b,k,k,w,o,g,p
x,y,e,t,c,b,t,b,s,s,w,o,d,e
x,f,g,t,c,b,t,b,s,s,w,o,d,e
x,f,e,t,c,b,t,b,s,s,w,o,d,e
x,f,e,t,c,b,t,b,s,s,w,o,d,e
x,y,e,t,c,b,t,b,s,s,w,o,d,e
f,f,n,t,c,b,t,b,s,s,w,o,d,e
f,f,n,t,c,b,t,b,s,s,w,o,d,e
x,y,n,t,c,b,t,b,s,s,w,o,d,e
x,f,e,t,c,b,t,b,s,s,w,o,d,e
x,y,e,t,c,b,t,b,s,s,w,o,d,e
x,y,n,t,c,b,t,b,s,s,w,o,d,e
x,y,g,t,c,b,t,b,s,s,w,o,d,e
x,y,n,t,c,b,t,b,s,s,w,o,d,e
x,y,e,t,c,b,t,b,s,s,w,o,d,e
x,f,e,t,c,b,t,b,s,s,w,o,d,e
x,f,e,t,c,b,t,b,s,s,w,o,d,e
x,y,e,t,c,b,t,b,s,s,w,o,d,e
x,y,n,t,c,b,t,b,s,s,w,o,d,e
x,f,e,t,c,b,t,b,s,s,w,o,d,e
f,f,e,t,c,b,t,b,s,s,w,o,d,e
f,f,n,t,c,b,t,b,s,s,w,o,d,e
x,y,e,t,c,b,t,b,s,s,w,o,d,e
x,f,n,t,c,b,t,b,s,s,w,o,d,e
x,y,e,t,c,b,t,b,s,s,w,o,d,e
f,f,g,t,c,b,t,b,s,s,w,o,d,e
x,y,n,t,c,b,t,b,s,s,w,o,d,e
f,y,e,t,c,b,t,b,s,s,w,o,d,e
x,y,n,t,c,b,t,b,s,s,w,o,d,e
x,y,e,t,c,b,t,b,s,s,w,o,d,e
x,y,g,t,c,b,t,b,s,s,w,o,d,e
f,y,g,t,c,b,t,b,s,s,w,o,d,e
x,y,n,t,c,b,t,b,s,s,w,o,d,e
x,s,g,f,w,b,t,e,f,s,w,o,g,e
f,f,n,t,c,b,t,b,s,s,w,o,d,e
x,y,g,t,c,b,t,b,s,s,w,o,d,e
x,y,g,t,c,b,t,b,s,s,w,o,d,e
x,f,n,t,c,b,t,b,s,s,w,o,d,e
x,f,e,t,c,b,t,b,s,s,w,o,d,e
x,y,e,t,c,b,t,b,s,s,w,o,d,e
x,y,n,t,c,b,t,b,s,s,w,o,d,e
x,f,e,t,c,b,t,b,s,s,w,o,d,e
x,y,e,t,c,b,t,b,s,s,w,o,d,e
x,y,n,t,c,b,t,b,s,s,w,o,d,e
f,f,g,t,c,b,t,b,s,s,w,o,d,e
x,f,e,t,c,b,t,b,s,s,w,o,d,e
f,y,n,t,c,b,t,b,s,s,w,o,d,e
x,y,n,t,c,b,t,b,s,s,w,o,d,e
x,f,e,t,c,b,t,b,s,s,w,o,d,e
x,f,g,t,c,b,t,b,s,s,w,o,d,e
x,y,n,t,c,b,t,b,s,s,w,o,d,e
x,y,g,t,c,b,t,b,s,s,w,o,d,e
x,f,g,f,c,n,e,b,s,s,w,o,d,p
x,y,n,t,c,b,t,b,s,s,w,o,d,e
x,f,g,t,c,b,t,b,s,s,w,o,d,e
x,y,n,t,c,b,t,b,s,s,w,o,d,e
x,y,g,t,c,b,t,b,s,s,w,o,d,e
x,y,n,t,c,b,t,b,s,s,w,o,d,e
f,f,n,t,c,b,t,b,s,s,w,o,d,e
f,f,n,t,c,b,t,b,s,s,w,o,d,e
x,y,n,t,c,b,t,b,s,s,w,o,d,e
f,f,n,t,c,b,t,b,s,s,w,o,d,e
f,f,n,t,c,b,t,b,s,s,w,o,d,e
f,y,g,t,c,b,t,b,s,s,w,o,d,e
x,f,g,t,c,b,t,b,s,s,w,o,d,e
x,y,g,t,c,b,t,b,s,s,w,o,d,e
x,y,g,t,c,b,t,b,s,s,w,o,d,e
f,f,n,t,c,b,t,b,s,s,w,o,d,e
x,f,g,t,c,b,t,b,s,s,w,o,d,e
x,f,g,f,c,b,e,b,k,k,w,o,d,p
f,f,n,t,c,b,t,b,s,s,w,o,d,e
x,y,g,t,c,b,t,b,s,s,w,o,d,e
x,f,g,t,c,b,t,b,s,s,w,o,d,e
x,f,g,f,c,b,e,b,k,k,w,o,d,p
f,f,n,t,c,b,t,b,s,s,w,o,d,e
x,y,e,t,c,b,t,b,s,s,w,o,d,e
x,y,n,t,c,b,t,b,s,s,w,o,d,e
x,f,e,t,c,b,t,b,s,s,w,o,d,e
x,f,e,t,c,b,t,b,s,s,w,o,d,e
x,y,n,t,c,b,t,b,s,s,w,o,d,e
f,f,n,t,c,b,t,b,s,s,w,o,d,e
x,f,e,t,c,b,t,b,s,s,w,o,d,e
x,f,g,t,c,b,t,b,s,s,w,o,d,e
f,f,n,t,c,b,t,b,s,s,w,o,d,e
x,y,e,t,c,b,t,b,s,s,w,o,d,e
x,f,g,t,c,b,t,b,s,s,w,o,d,e
f,f,g,t,c,b,t,b,s,s,w,o,d,e
f,f,g,t,c,b,t,b,s,s,w,o,d,e
f,f,n,t,c,b,t,b,s,s,w,o,d,e
x,f,n,t,c,b,t,b,s,s,w,o,d,e
x,y,e,t,c,b,t,b,s,s,w,o,d,e
f,s,g,f,w,b,t,e,f,f,w,o,g,e
x,y,e,t,c,b,t,b,s,s,w,o,d,e
f,f,g,t,c,b,t,b,s,s,w,o,d,e
x,y,e,t,c,b,t,b,s,s,w,o,d,e
x,f,g,t,c,b,t,b,s,s,w,o,d,e
f,f,n,t,c,b,t,b,s,s,w,o,d,e
x,f,e,t,c,b,t,b,s,s,w,o,d,e
x,f,e,t,c,b,t,b,s,s,w,o,d,e
x,f,g,t,c,b,t,b,s,s,w,o,d,e
x,f,w,f,w,n,e,b,s,s,w,o,d,p
x,y,e,t,c,b,t,b,s,s,w,o,d,e
x,f,e,t,c,b,t,b,s,s,w,o,d,e
x,y,n,t,c,b,t,b,s,s,w,o,d,e
f,f,w,f,w,b,t,e,s,s,w,o,g,e
x,f,g,t,c,b,t,b,s,s,w,o,d,e
f,f,g,t,c,b,t,b,s,s,w,o,d,e
x,f,g,t,c,b,t,b,s,s,w,o,d,e
f,y,e,t,c,b,t,b,s,s,w,o,d,e
x,f,e,t,c,b,t,b,s,s,w,o,d,e
x,y,n,t,c,b,t,b,s,s,w,o,d,e
x,y,e,t,c,b,t,b,s,s,w,o,d,e
x,f,e,t,c,b,t,b,s,s,w,o,d,e
f,y,e,t,c,b,t,b,s,s,w,o,d,e
f,f,n,t,c,b,t,b,s,s,w,o,d,e
x,y,g,t,c,b,t,b,s,s,w,o,d,e
x,y,g,t,c,b,t,b,s,s,w,o,d,e
x,f,g,t,c,b,t,b,s,s,w,o,d,e
x,f,e,t,c,b,t,b,s,s,w,o,d,e
x,f,n,t,c,b,t,b,s,s,w,o,d,e
f,f,n,f,w,b,t,e,f,f,w,o,g,e
x,f,e,t,c,b,t,b,s,s,w,o,d,e
x,y,g,t,c,b,t,b,s,s,w,o,d,e
x,y,n,t,c,b,t,b,s,s,w,o,d,e
x,f,g,t,c,b,t,b,s,s,w,o,d,e
x,y,e,t,c,b,t,b,s,s,w,o,d,e
f,f,n,t,c,b,t,b,s,s,w,o,d,e
x,y,g,t,c,b,t,b,s,s,w,o,d,e
f,f,g,t,c,b,t,b,s,s,w,o,d,e
x,f,e,t,c,b,t,b,s,s,w,o,d,e
f,f,n,t,c,b,t,b,s,s,w,o,d,e
x,y,g,t,c,b,t,b,s,s,w,o,d,e
x,y,n,t,c,b,t,b,s,s,w,o,d,e
x,y,e,t,c,b,t,b,s,s,w,o,d,e
x,f,e,t,c,b,t,b,s,s,w,o,d,e
x,f,n,t,c,b,t,b,s,s,w,o,d,e
f,f,n,t,c,b,t,b,s,s,w,o,d,e
x,y,g,t,c,b,t,b,s,s,w,o,d,e
x,f,e,t,c,b,t,b,s,s,w,o,d,e
f,f,n,t,c,b,t,b,s,s,w,o,d,e
f,f,n,t,c,b,t,b,s,s,w,o,d,e
x,y,e,t,c,b,t,b,s,s,w,o,d,e
x,f,g,t,c,b,t,b,s,s,w,o,d,e
x,f,g,t,c,b,t,b,s,s,w,o,d,e
x,f,p,f,w,n,e,b,s,s,w,o,d,p
x,y,n,t,c,b,t,b,s,s,w,o,d,e
x,f,e,t,c,b,t,b,s,s,w,o,d,e
f,s,n,f,w,b,t,e,f,f,w,o,g,e
x,y,g,t,c,b,t,b,s,s,w,o,d,e
x,y,g,t,c,b,t,b,s,s,w,o,d,e
x,f,n,t,c,b,t,b,s,s,w,o,d,e
f,f,g,t,c,b,t,b,s,s,w,o,d,e
x,f,g,t,c,b,t,b,s,s,w,o,d,e
x,y,n,t,c,b,t,b,s,s,w,o,d,e
x,f,e,t,c,b,t,b,s,s,w,o,d,e
x,f,n,t,c,b,t,b,s,s,w,o,d,e
f,f,g,t,c,b,t,b,s,s,w,o,d,e
f,f,n,t,c,b,t,b,s,s,w,o,d,e
x,y,g,t,c,b,t,b,s,s,w,o,d,e
x,y,e,t,c,b,t,b,s,s,w,o,d,e
x,y,g,t,c,b,t,b,s,s,w,o,d,e
f,f,g,t,c,b,t,b,s,s,w,o,d,e
x,f,e,t,c,b,t,b,s,s,w,o,d,e
x,s,p,f,w,n,e,b,s,s,w,o,d,p
f,y,n,t,c,b,t,b,s,s,w,o,d,e
x,y,e,t,c,b,t,b,s,s,w,o,d,e
x,y,g,t,c,b,t,b,s,s,w,o,d,e
x,y,g,t,c,b,t,b,s,s,w,o,d,e
x,f,g,t,c,b,t,b,s,s,w,o,d,e
x,f,e,t,c,b,t,b,s,s,w,o,d,e
x,y,n,t,c,b,t,b,s,s,w,o,d,e
x,y,g,t,c,b,t,b,s,s,w,o,d,e
x,y,e,t,c,b,t,b,s,s,w,o,d,e
x,y,n,t,c,b,t,b,s,s,w,o,d,e
x,y,g,t,c,b,t,b,s,s,w,o,d,e
x,y,n,t,c,b,t,b,s,s,w,o,d,e
x,f,e,t,c,b,t,b,s,s,w,o,d,e
x,f,e,t,c,b,t,b,s,s,w,o,d,e
x,y,g,t,c,b,t,b,s,s,w,o,d,e
f,f,g,t,c,b,t,b,s,s,w,o,d,e
f,f,e,t,c,b,t,b,s,s,w,o,d,e
f,f,g,t,c,b,t,b,s,s,w,o,d,e
x,y,e,t,c,b,t,b,s,s,w,o,d,e
x,y,e,t,c,b,t,b,s,s,w,o,d,e
x,s,w,f,w,b,t,e,s,f,w,o,g,e
x,y,n,t,c,b,t,b,s,s,w,o,d,e
x,y,e,t,c,b,t,b,s,s,w,o,d,e
f,f,e,t,c,b,t,b,s,s,w,o,d,e
x,f,g,t,c,b,t,b,s,s,w,o,d,e
f,f,n,t,c,b,t,b,s,s,w,o,d,e
x,s,g,f,c,n,e,b,s,s,w,o,d,p
f,y,e,t,c,b,t,b,s,s,w,o,d,e
x,y,g,t,c,b,t,b,s,s,w,o,d,e
x,f,n,f,w,b,t,e,s,s,w,o,g,e
x,y,e,t,c,b,t,b,s,s,w,o,d,e
x,f,w,f,w,n,e,b,s,s,w,o,d,p
x,y,e,t,c,b,t,b,s,s,w,o,d,e
f,f,g,t,c,b,t,b,s,s,w,o,d,e
f,f,n,t,c,b,t,b,s,s,w,o,d,e
x,y,n,t,c,b,t,b,s,s,w,o,d,e
f,f,n,t,c,b,t,b,s,s,w,o,d,e
x,f,g,t,c,b,t,b,s,s,w,o,d,e
f,y,n,t,c,b,t,b,s,s,w,o,d,e
x,y,g,t,c,b,t,b,s,s,w,o,d,e
f,y,n,t,c,b,t,b,s,s,w,o,d,e
x,f,g,t,c,b,t,b,s,s,w,o,d,e
x,f,g,f,c,b,e,b,k,k,w,o,p,p
x,y,g,t,c,b,t,b,s,s,w,o,d,e
x,y,g,t,c,b,t,b,s,s,w,o,d,e
x,f,g,t,c,b,t,b,s,s,w,o,d,e
x,f,e,t,c,b,t,b,s,s,w,o,d,e
x,f,g,t,c,b,t,b,s,s,w,o,d,e
x,f,g,t,c,b,t,b,s,s,w,o,d,e
f,f,g,t,c,b,t,b,s,s,w,o,d,e
x,y,e,t,c,b,t,b,s,s,w,o,d,e
x,f,g,t,c,b,t,b,s,s,w,o,d,e
x,y,e,t,c,b,t,b,s,s,w,o,d,e
x,f,n,t,c,b,t,b,s,s,w,o,d,e
x,y,g,t,c,b,t,b,s,s,w,o,d,e
x,y,e,t,c,b,t,b,s,s,w,o,d,e
f,f,n,t,c,b,t,b,s,s,w,o,d,e
x,f,e,t,c,b,t,b,s,s,w,o,d,e
f,y,n,t,c,b,t,b,s,s,w,o,d,e
x,y,n,t,c,b,t,b,s,s,w,o,d,e
x,y,g,t,c,b,t,b,s,s,w,o,d,e
f,f,e,t,c,b,t,b,s,s,w,o,d,e
x,f,g,t,c,b,t,b,s,s,w,o,d,e
x,y,g,t,c,b,t,b,s,s,w,o,d,e
x,y,g,t,c,b,t,b,s,s,w,o,d,e
x,f,g,f,c,b,e,b,k,k,w,o,p,p
x,f,g,t,c,b,t,b,s,s,w,o,d,e
x,f,g,t,c,b,t,b,s,s,w,o,d,e
x,f,n,t,c,b,t,b,s,s,w,o,d,e
x,f,g,t,c,b,t,b,s,s,w,o,d,e
f,f,n,t,c,b,t,b,s,s,w,o,d,e
x,y,n,t,c,b,t,b,s,s,w,o,d,e
x,f,e,t,c,b,t,b,s,s,w,o,d,e
x,y,n,t,c,b,t,b,s,s,w,o,d,e
f,y,g,t,c,b,t,b,s,s,w,o,d,e
f,f,g,t,c,b,t,b,s,s,w,o,d,e
x,f,g,f,c,b,e,b,k,k,w,o,p,p
x,f,n,t,c,b,t,b,s,s,w,o,d,e
x,y,n,t,c,b,t,b,s,s,w,o,d,e
x,f,e,t,c,b,t,b,s,s,w,o,d,e
x,f,n,t,c,b,t,b,s,s,w,o,d,e
f,f,n,t,c,b,t,b,s,s,w,o,d,e
x,y,g,t,c,b,t,b,s,s,w,o,d,e
x,y,n,t,c,b,t,b,s,s,w,o,d,e
x,y,e,t,c,b,t,b,s,s,w,o,d,e
f,f,g,t,c,b,t,b,s,s,w,o,d,e
x,f,g,t,c,b,t,b,s,s,w,o,d,e
x,y,e,t,c,b,t,b,s,s,w,o,d,e
x,y,e,t,c,b,t,b,s,s,w,o,d,e
x,f,g,t,c,b,t,b,s,s,w,o,d,e
x,y,n,t,c,b,t,b,s,s,w,o,d,e
x,f,e,t,c,b,t,b,s,s,w,o,d,e
f,f,n,t,c,b,t,b,s,s,w,o,d,e
x,f,e,t,c,b,t,b,s,s,w,o,d,e
f,f,n,t,c,b,t,b,s,s,w,o,d,e
x,y,e,t,c,b,t,b,s,s,w,o,d,e
x,f,n,t,c,b,t,b,s,s,w,o,d,e
x,f,e,t,c,b,t,b,s,s,w,o,d,e
x,f,e,t,c,b,t,b,s,s,w,o,d,e
x,f,n,t,c,b,t,b,s,s,w,o,d,e
x,y,n,t,c,b,t,b,s,s,w,o,d,e
x,y,e,t,c,b,t,b,s,s,w,o,d,e
f,f,n,t,c,b,t,b,s,s,w,o,d,e
x,y,n,t,c,b,t,b,s,s,w,o,d,e
x,y,e,t,c,b,t,b,s,s,w,o,d,e
f,f,g,f,w,b,t,e,f,s,w,o,g,e
x,y,e,t,c,b,t,b,s,s,w,o,d,e
x,y,e,t,c,b,t,b,s,s,w,o,d,e
f,f,n,t,c,b,t,b,s,s,w,o,d,e
f,f,n,t,c,b,t,b,s,s,w,o,d,e
x,f,g,t,c,b,t,b,s,s,w,o,d,e
x,y,g,t,c,b,t,b,s,s,w,o,d,e
x,f,n,t,c,b,t,b,s,s,w,o,d,e
f,f,n,t,c,b,t,b,s,s,w,o,d,e
x,y,n,t,c,b,t,b,s,s,w,o,d,e
x,y,g,t,c,b,t,b,s,s,w,o,d,e
x,f,g,t,c,b,t,b,s,s,w,o,d,e
x,y,e,t,c,b,t,b,s,s,w,o,d,e
x,f,g,t,c,b,t,b,s,s,w,o,d,e
x,y,e,t,c,b,t,b,s,s,w,o,d,e
x,f,g,t,c,b,t,b,s,s,w,o,d,e
x,f,e,t,c,b,t,b,s,s,w,o,d,e
x,f,e,t,c,b,t,b,s,s,w,o,d,e
x,f,e,t,c,b,t,b,s,s,w,o,d,e
f,y,g,t,c,b,t,b,s,s,w,o,d,e
x,f,g,t,c,b,t,b,s,s,w,o,d,e
x,f,e,t,c,b,t,b,s,s,w,o,d,e
x,f,g,t,c,b,t,b,s,s,w,o,d,e
f,f,n,t,c,b,t,b,s,s,w,o,d,e
x,f,g,f,c,b,e,b,k,k,w,o,d,p
x,f,n,t,c,b,t,b,s,s,w,o,d,e
x,y,g,t,c,b,t,b,s,s,w,o,d,e
f,f,n,t,c,b,t,b,s,s,w,o,d,e
x,f,e,t,c,b,t,b,s,s,w,o,d,e
f,f,g,t,c,b,t,b,s,s,w,o,d,e
x,y,n,t,c,b,t,b,s,s,w,o,d,e
x,y,e,t,c,b,t,b,s,s,w,o,d,e
x,y,e,t,c,b,t,b,s,s,w,o,d,e
x,y,n,t,c,b,t,b,s,s,w,o,d,e
x,y,n,t,c,b,t,b,s,s,w,o,d,e
x,y,y,f,c,b,e,b,k,k,w,o,p,p
f,y,n,t,c,b,t,b,s,s,w,o,d,e
x,f,g,f,c,b,e,b,k,k,w,o,d,p
x,f,g,f,w,n,e,b,s,s,w,o,d,p
f,f,g,t,c,b,t,b,s,s,w,o,d,e
f,f,e,t,c,b,t,b,s,s,w,o,d,e
f,y,n,t,c,b,t,b,s,s,w,o,d,e
f,f,e,t,c,b,t,b,s,s,w,o,d,e
x,f,g,f,c,b,e,b,k,k,w,o,p,p
f,f,g,t,c,b,t,b,s,s,w,o,d,e
f,y,e,t,c,b,t,b,s,s,w,o,d,e
f,y,e,t,c,b,t,b,s,s,w,o,d,e
x,f,w,f,c,n,e,b,s,s,w,o,d,p
x,f,e,t,c,b,t,b,s,s,w,o,d,e
f,y,n,t,c,b,t,b,s,s,w,o,d,e
x,f,g,f,c,b,e,b,k,k,w,o,g,p
x,f,g,f,c,b,e,b,k,k,w,o,p,p
f,y,e,t,c,b,t,b,s,s,w,o,d,e
f,y,e,t,c,b,t,b,s,s,w,o,d,e
f,f,n,t,c,b,t,b,s,s,w,o,d,e
f,f,g,t,c,b,t,b,s,s,w,o,d,e
f,f,e,t,c,b,t,b,s,s,w,o,d,e
f,y,e,t,c,b,t,b,s,s,w,o,d,e
f,y,e,t,c,b,t,b,s,s,w,o,d,e
f,y,e,t,c,b,t,b,s,s,w,o,d,e
x,f,p,f,w,n,e,b,s,s,w,o,d,p
x,f,g,f,c,b,e,b,k,k,w,o,d,p
f,f,e,t,c,b,t,b,s,s,w,o,d,e
f,y,g,t,c,b,t,b,s,s,w,o,d,e
f,y,g,t,c,b,t,b,s,s,w,o,d,e
f,f,g,t,c,b,t,b,s,s,w,o,d,e
f,f,e,t,c,b,t,b,s,s,w,o,d,e
f,y,e,t,c,b,t,b,s,s,w,o,d,e
f,f,g,f,c,b,e,b,k,k,w,o,p,p
f,y,n,t,c,b,t,b,s,s,w,o,d,e
f,y,e,t,c,b,t,b,s,s,w,o,d,e
x,f,g,f,c,n,e,b,s,s,w,o,d,p
f,f,e,t,c,b,t,b,s,s,w,o,d,e
f,y,e,t,c,b,t,b,s,s,w,o,d,e
x,y,y,f,c,b,e,b,k,k,w,o,g,p
f,f,y,f,c,b,e,b,k,k,w,o,d,p
f,y,n,t,c,b,t,b,s,s,w,o,d,e
f,y,n,t,c,b,t,b,s,s,w,o,d,e
f,y,g,t,c,b,t,b,s,s,w,o,d,e
f,y,n,t,c,b,t,b,s,s,w,o,d,e
x,y,e,t,c,b,t,b,s,s,w,o,d,e
x,s,p,f,w,n,e,b,s,s,w,o,d,p
f,y,n,t,c,b,t,b,s,s,w,o,d,e
x,y,e,t,c,b,t,b,s,s,w,o,d,e
f,f,e,t,c,b,t,b,s,s,w,o,d,e
f,y,n,t,c,b,t,b,s,s,w,o,d,e
x,s,w,f,c,n,e,b,s,s,w,o,d,p
f,f,g,t,c,b,t,b,s,s,w,o,d,e
f,y,g,t,c,b,t,b,s,s,w,o,d,e
f,y,g,t,c,b,t,b,s,s,w,o,d,e
f,y,n,t,c,b,t,b,s,s,w,o,d,e
x,s,g,f,c,n,e,b,s,s,w,o,d,p
x,f,p,f,c,n,e,b,s,s,w,o,d,p
f,y,e,t,c,b,t,b,s,s,w,o,d,e
x,f,g,f,c,b,e,b,k,k,w,o,d,p
x,s,w,f,w,n,e,b,s,s,w,o,d,p
x,f,g,f,c,b,e,b,k,k,w,o,p,p
f,y,n,t,c,b,t,b,s,s,w,o,d,e
x,y,y,f,c,b,e,b,k,k,w,o,p,p
f,y,g,t,c,b,t,b,s,s,w,o,d,e
f,y,n,t,c,b,t,b,s,s,w,o,d,e
f,y,g,t,c,b,t,b,s,s,w,o,d,e
x,s,w,f,c,n,e,b,s,s,w,o,d,p
x,f,g,f,c,b,e,b,k,k,w,o,p,p
f,y,g,t,c,b,t,b,s,s,w,o,d,e
x,y,n,t,c,b,t,b,s,s,w,o,d,e
f,y,g,t,c,b,t,b,s,s,w,o,d,e
x,f,g,f,c,b,e,b,k,k,w,o,p,p
f,y,n,t,c,b,t,b,s,s,w,o,d,e
f,f,g,f,c,b,e,b,k,k,w,o,p,p
f,f,e,t,c,b,t,b,s,s,w,o,d,e
x,f,n,t,c,b,t,b,s,s,w,o,d,e
f,f,g,f,c,b,e,b,k,k,w,o,p,p
f,y,g,t,c,b,t,b,s,s,w,o,d,e
f,y,g,t,c,b,t,b,s,s,w,o,d,e
f,y,e,t,c,b,t,b,s,s,w,o,d,e
x,f,g,f,c,b,e,b,k,k,w,o,p,p
f,f,e,t,c,b,t,b,s,s,w,o,d,e
f,y,n,t,c,b,t,b,s,s,w,o,d,e
x,f,g,f,c,b,e,b,k,k,w,o,g,p
f,y,e,t,c,b,t,b,s,s,w,o,d,e
x,f,g,f,c,b,e,b,k,k,w,o,d,p
f,y,e,t,c,b,t,b,s,s,w,o,d,e
x,f,g,f,c,b,e,b,k,k,w,o,g,p
x,f,g,f,c,b,e,b,k,k,w,o,p,p
x,f,g,f,c,b,e,b,k,k,w,o,g,p
f,y,e,t,c,b,t,b,s,s,w,o,d,e
x,f,g,f,c,b,e,b,k,k,w,o,g,p
f,f,e,t,c,b,t,b,s,s,w,o,d,e
x,s,g,f,w,n,e,b,s,s,w,o,d,p
f,y,g,t,c,b,t,b,s,s,w,o,d,e
x,s,p,f,c,n,e,b,s,s,w,o,d,p
f,f,e,t,c,b,t,b,s,s,w,o,d,e
f,f,e,t,c,b,t,b,s,s,w,o,d,e
f,y,e,t,c,b,t,b,s,s,w,o,d,e
f,y,n,t,c,b,t,b,s,s,w,o,d,e
x,f,g,f,c,b,e,b,k,k,w,o,g,p
f,f,y,f,c,b,e,b,k,k,w,o,p,p
x,s,g,f,w,n,e,b,s,s,w,o,d,p
f,f,e,t,c,b,t,b,s,s,w,o,d,e
f,f,e,t,c,b,t,b,s,s,w,o,d,e
f,y,e,t,c,b,t,b,s,s,w,o,d,e
f,y,n,t,c,b,t,b,s,s,w,o,d,e
x,f,g,f,c,b,e,b,k,k,w,o,g,p
x,f,g,f,c,n,e,b,s,s,w,o,d,p
f,f,g,t,c,b,t,b,s,s,w,o,d,e
f,y,e,t,c,b,t,b,s,s,w,o,d,e
f,y,e,t,c,b,t,b,s,s,w,o,d,e
f,f,g,t,c,b,t,b,s,s,w,o,d,e
f,y,n,t,c,b,t,b,s,s,w,o,d,e
f,y,n,t,c,b,t,b,s,s,w,o,d,e
f,f,e,t,c,b,t,b,s,s,w,o,d,e
x,s,g,f,c,n,e,b,s,s,w,o,d,p
x,f,w,f,c,n,e,b,s,s,w,o,d,p
f,f,g,t,c,b,t,b,s,s,w,o,d,e
f,y,g,t,c,b,t,b,s,s,w,o,d,e
x,f,g,f,c,b,e,b,k,k,w,o,d,p
x,y,e,t,c,b,t,b,s,s,w,o,d,e
x,s,w,f,w,n,e,b,s,s,w,o,d,p
f,y,g,t,c,b,t,b,s,s,w,o,d,e
f,y,g,t,c,b,t,b,s,s,w,o,d,e
f,y,g,t,c,b,t,b,s,s,w,o,d,e
f,f,e,t,c,b,t,b,s,s,w,o,d,e
f,y,n,t,c,b,t,b,s,s,w,o,d,e
f,y,g,t,c,b,t,b,s,s,w,o,d,e
f,y,n,t,c,b,t,b,s,s,w,o,d,e
f,y,g,t,c,b,t,b,s,s,w,o,d,e
f,y,g,t,c,b,t,b,s,s,w,o,d,e
x,f,n,t,c,b,t,b,s,s,w,o,d,e
f,y,e,t,c,b,t,b,s,s,w,o,d,e
f,f,e,t,c,b,t,b,s,s,w,o,d,e
f,y,e,t,c,b,t,b,s,s,w,o,d,e
x,f,y,f,c,b,e,b,k,k,w,o,p,p
f,y,g,t,c,b,t,b,s,s,w,o,d,e
f,y,n,t,c,b,t,b,s,s,w,o,d,e
x,f,g,f,c,b,e,b,k,k,w,o,d,p
f,y,g,t,c,b,t,b,s,s,w,o,d,e
f,y,g,t,c,b,t,b,s,s,w,o,d,e
f,y,g,t,c,b,t,b,s,s,w,o,d,e
f,y,e,t,c,b,t,b,s,s,w,o,d,e
f,y,g,t,c,b,t,b,s,s,w,o,d,e
x,s,w,f,c,n,e,b,s,s,w,o,d,p
x,f,w,f,w,n,e,b,s,s,w,o,d,p
f,f,n,t,c,b,t,b,s,s,w,o,d,e
f,f,e,t,c,b,t,b,s,s,w,o,d,e
f,y,e,t,c,b,t,b,s,s,w,o,d,e
x,f,g,f,c,b,e,b,k,k,w,o,d,p
f,f,g,t,c,b,t,b,s,s,w,o,d,e
f,f,g,t,c,b,t,b,s,s,w,o,d,e
f,f,g,t,c,b,t,b,s,s,w,o,d,e
x,s,w,f,w,n,e,b,s,s,w,o,d,p
x,y,e,t,c,b,t,b,s,s,w,o,d,e
f,y,e,t,c,b,t,b,s,s,w,o,d,e
x,f,g,f,c,b,e,b,k,k,w,o,d,p
f,f,e,t,c,b,t,b,s,s,w,o,d,e
x,f,g,f,c,b,e,b,k,k,w,o,p,p
x,f,p,f,w,n,e,b,s,s,w,o,d,p
f,y,g,t,c,b,t,b,s,s,w,o,d,e
x,f,g,f,c,b,e,b,k,k,w,o,p,p
x,f,w,f,c,n,e,b,s,s,w,o,d,p
x,f,g,f,c,b,e,b,k,k,w,o,p,p
f,y,e,t,c,b,t,b,s,s,w,o,d,e
x,y,g,f,c,b,e,b,k,k,w,o,p,p
x,s,g,f,w,n,e,b,s,s,w,o,d,p
f,y,g,t,c,b,t,b,s,s,w,o,d,e
f,y,n,t,c,b,t,b,s,s,w,o,d,e
f,f,e,t,c,b,t,b,s,s,w,o,d,e
x,f,g,f,c,b,e,b,k,k,w,o,p,p
x,f,p,f,w,n,e,b,s,s,w,o,d,p
x,y,n,t,c,b,t,b,s,s,w,o,d,e
f,f,e,t,c,b,t,b,s,s,w,o,d,e
f,y,n,t,c,b,t,b,s,s,w,o,d,e
f,y,g,t,c,b,t,b,s,s,w,o,d,e
x,y,g,f,c,b,e,b,k,k,w,o,g,p
f,y,n,t,c,b,t,b,s,s,w,o,d,e
x,f,p,f,c,n,e,b,s,s,w,o,d,p
x,f,w,f,c,n,e,b,s,s,w,o,d,p
f,f,e,t,c,b,t,b,s,s,w,o,d,e
f,y,n,t,c,b,t,b,s,s,w,o,d,e
f,y,e,t,c,b,t,b,s,s,w,o,d,e
f,y,g,t,c,b,t,b,s,s,w,o,d,e
x,f,g,f,c,b,e,b,k,k,w,o,d,p
x,f,g,f,c,b,e,b,k,k,w,o,p,p
f,f,e,t,c,b,t,b,s,s,w,o,d,e
x,y,y,f,c,b,e,b,k,k,w,o,g,p
x,s,p,f,c,n,e,b,s,s,w,o,d,p
f,f,e,t,c,b,t,b,s,s,w,o,d,e
f,f,y,f,c,b,e,b,k,k,w,o,d,p
f,y,e,t,c,b,t,b,s,s,w,o,d,e
f,y,e,t,c,b,t,b,s,s,w,o,d,e
x,f,n,t,c,b,t,b,s,s,w,o,d,e
f,f,e,t,c,b,t,b,s,s,w,o,d,e
f,f,g,t,c,b,t,b,s,s,w,o,d,e
x,f,g,f,c,b,e,b,k,k,w,o,g,p
f,y,e,t,c,b,t,b,s,s,w,o,d,e
f,f,g,f,c,b,e,b,k,k,w,o,p,p
f,y,e,t,c,b,t,b,s,s,w,o,d,e
f,f,e,t,c,b,t,b,s,s,w,o,d,e
f,f,g,t,c,b,t,b,s,s,w,o,d,e
x,f,g,f,c,b,e,b,k,k,w,o,g,p
f,y,g,t,c,b,t,b,s,s,w,o,d,e
f,y,g,t,c,b,t,b,s,s,w,o,d,e
x,f,g,f,c,b,e,b,k,k,w,o,g,p
x,f,w,f,c,n,e,b,s,s,w,o,d,p
f,f,e,t,c,b,t,b,s,s,w,o,d,e
x,f,y,f,c,b,e,b,k,k,w,o,d,p
f,y,e,t,c,b,t,b,s,s,w,o,d,e
f,y,g,t,c,b,t,b,s,s,w,o,d,e
f,f,e,t,c,b,t,b,s,s,w,o,d,e
f,f,g,t,c,b,t,b,s,s,w,o,d,e
f,y,g,t,c,b,t,b,s,s,w,o,d,e
f,f,e,t,c,b,t,b,s,s,w,o,d,e
x,s,g,f,w,n,e,b,s,s,w,o,d,p
f,y,g,t,c,b,t,b,s,s,w,o,d,e
f,y,n,t,c,b,t,b,s,s,w,o,d,e
f,y,g,t,c,b,t,b,s,s,w,o,d,e
f,y,g,t,c,b,t,b,s,s,w,o,d,e
f,y,n,t,c,b,t,b,s,s,w,o,d,e
x,f,g,t,c,b,t,b,s,s,w,o,d,e
f,f,g,t,c,b,t,b,s,s,w,o,d,e
x,f,g,f,c,b,e,b,k,k,w,o,p,p
x,s,w,f,w,n,e,b,s,s,w,o,d,p
f,f,g,t,c,b,t,b,s,s,w,o,d,e
f,f,g,t,c,b,t,b,s,s,w,o,d,e
f,y,g,t,c,b,t,b,s,s,w,o,d,e
x,f,g,f,c,b,e,b,k,k,w,o,p,p
x,s,w,f,w,n,e,b,s,s,w,o,d,p
x,f,g,f,c,b,e,b,k,k,w,o,p,p
x,y,g,t,c,b,t,b,s,s,w,o,d,e
x,f,g,f,c,b,e,b,k,k,w,o,g,p
f,y,e,t,c,b,t,b,s,s,w,o,d,e
f,y,g,t,c,b,t,b,s,s,w,o,d,e
x,f,g,t,c,b,t,b,s,s,w,o,d,e
x,f,g,f,c,b,e,b,k,k,w,o,d,p
f,y,g,t,c,b,t,b,s,s,w,o,d,e
f,y,g,t,c,b,t,b,s,s,w,o,d,e
x,s,w,f,c,n,e,b,s,s,w,o,d,p
x,y,y,f,c,b,e,b,k,k,w,o,g,p
f,f,e,t,c,b,t,b,s,s,w,o,d,e
x,f,g,f,c,b,e,b,k,k,w,o,d,p
x,f,g,f,c,b,e,b,k,k,w,o,d,p
x,y,n,t,c,b,t,b,s,s,w,o,d,e
x,f,g,f,c,b,e,b,k,k,w,o,g,p
f,y,n,t,c,b,t,b,s,s,w,o,d,e
f,f,g,t,c,b,t,b,s,s,w,o,d,e
f,y,g,t,c,b,t,b,s,s,w,o,d,e
f,y,g,t,c,b,t,b,s,s,w,o,d,e
x,s,g,f,w,n,e,b,s,s,w,o,d,p
f,f,g,t,c,b,t,b,s,s,w,o,d,e
f,y,e,t,c,b,t,b,s,s,w,o,d,e
f,y,n,t,c,b,t,b,s,s,w,o,d,e
f,y,g,t,c,b,t,b,s,s,w,o,d,e
x,f,p,f,c,n,e,b,s,s,w,o,d,p
x,f,g,f,c,b,e,b,k,k,w,o,g,p
f,y,g,t,c,b,t,b,s,s,w,o,d,e
f,f,g,t,c,b,t,b,s,s,w,o,d,e
x,s,p,f,w,n,e,b,s,s,w,o,d,p
x,y,g,t,c,b,t,b,s,s,w,o,d,e
x,f,g,f,c,b,e,b,k,k,w,o,p,p
x,f,g,f,c,b,e,b,k,k,w,o,p,p
f,y,n,t,c,b,t,b,s,s,w,o,d,e
f,y,n,t,c,b,t,b,s,s,w,o,d,e
x,s,g,f,c,n,e,b,s,s,w,o,d,p
f,f,g,f,c,b,e,b,k,k,w,o,d,p
x,f,p,f,w,n,e,b,s,s,w,o,d,p
f,y,e,t,c,b,t,b,s,s,w,o,d,e
f,y,g,t,c,b,t,b,s,s,w,o,d,e
f,f,e,t,c,b,t,b,s,s,w,o,d,e
x,f,y,f,c,b,e,b,k,k,w,o,g,p
f,f,g,t,c,b,t,b,s,s,w,o,d,e
x,f,w,f,w,n,e,b,s,s,w,o,d,p
x,f,g,f,c,b,e,b,k,k,w,o,d,p
f,f,e,t,c,b,t,b,s,s,w,o,d,e
f,y,g,t,c,b,t,b,s,s,w,o,d,e
x,f,g,f,c,b,e,b,k,k,w,o,p,p
x,f,g,f,c,b,e,b,k,k,w,o,p,p
x,s,p,f,w,n,e,b,s,s,w,o,d,p
x,y,g,t,c,b,t,b,s,s,w,o,d,e
x,f,g,f,c,b,e,b,k,k,w,o,d,p
f,y,n,t,c,b,t,b,s,s,w,o,d,e
x,y,n,t,c,b,t,b,s,s,w,o,d,e
f,y,e,t,c,b,t,b,s,s,w,o,d,e
f,y,g,t,c,b,t,b,s,s,w,o,d,e
f,f,e,t,c,b,t,b,s,s,w,o,d,e
f,y,g,t,c,b,t,b,s,s,w,o,d,e
f,f,g,t,c,b,t,b,s,s,w,o,d,e
x,f,p,f,w,n,e,b,s,s,w,o,d,p
f,f,e,t,c,b,t,b,s,s,w,o,d,e
f,f,e,t,c,b,t,b,s,s,w,o,d,e
x,s,w,f,w,n,e,b,s,s,w,o,d,p
f,f,g,t,c,b,t,b,s,s,w,o,d,e
f,y,n,t,c,b,t,b,s,s,w,o,d,e
x,f,g,f,c,b,e,b,k,k,w,o,g,p
f,f,e,t,c,b,t,b,s,s,w,o,d,e
x,f,g,f,c,b,e,b,k,k,w,o,g,p
f,f,e,t,c,b,t,b,s,s,w,o,d,e
f,y,g,t,c,b,t,b,s,s,w,o,d,e
f,f,g,t,c,b,t,b,s,s,w,o,d,e
x,f,g,f,c,b,e,b,k,k,w,o,g,p
f,y,e,t,c,b,t,b,s,s,w,o,d,e
x,f,w,f,c,n,e,b,s,s,w,o,d,p
f,y,n,t,c,b,t,b,s,s,w,o,d,e
x,y,g,t,c,b,t,b,s,s,w,o,d,e
f,y,n,t,c,b,t,b,s,s,w,o,d,e
f,y,e,t,c,b,t,b,s,s,w,o,d,e
f,y,g,t,c,b,t,b,s,s,w,o,d,e
f,y,e,t,c,b,t,b,s,s,w,o,d,e
x,f,g,f,c,b,e,b,k,k,w,o,d,p
f,y,g,t,c,b,t,b,s,s,w,o,d,e
f,y,g,t,c,b,t,b,s,s,w,o,d,e
f,f,g,t,c,b,t,b,s,s,w,o,d,e
f,y,g,t,c,b,t,b,s,s,w,o,d,e
f,f,e,t,c,b,t,b,s,s,w,o,d,e
f,f,e,t,c,b,t,b,s,s,w,o,d,e
f,y,n,t,c,b,t,b,s,s,w,o,d,e
f,f,n,t,c,b,t,b,s,s,w,o,d,e
x,f,p,f,c,n,e,b,s,s,w,o,d,p
x,f,g,f,c,b,e,b,k,k,w,o,d,p
f,y,g,t,c,b,t,b,s,s,w,o,d,e
f,y,e,t,c,b,t,b,s,s,w,o,d,e
x,s,w,f,c,n,e,b,s,s,w,o,d,p
x,f,p,f,w,n,e,b,s,s,w,o,d,p
x,f,g,f,c,b,e,b,k,k,w,o,p,p
x,f,g,t,c,b,t,b,s,s,w,o,d,e
f,y,e,t,c,b,t,b,s,s,w,o,d,e
x,s,p,f,w,n,e,b,s,s,w,o,d,p
f,y,g,t,c,b,t,b,s,s,w,o,d,e
f,y,n,t,c,b,t,b,s,s,w,o,d,e
x,f,g,f,c,b,e,b,k,k,w,o,g,p
f,y,n,t,c,b,t,b,s,s,w,o,d,e
x,f,e,t,c,b,t,b,s,s,w,o,d,e
x,f,w,f,w,n,e,b,s,s,w,o,d,p
f,y,n,t,c,b,t,b,s,s,w,o,d,e
x,f,g,f,c,b,e,b,k,k,w,o,d,p
f,y,e,t,c,b,t,b,s,s,w,o,d,e
x,f,y,f,c,b,e,b,k,k,w,o,p,p
f,f,g,t,c,b,t,b,s,s,w,o,d,e
x,f,e,t,c,b,t,b,s,s,w,o,d,e
f,y,e,t,c,b,t,b,s,s,w,o,d,e
f,y,g,t,c,b,t,b,s,s,w,o,d,e
x,f,g,f,w,n,e,b,s,s,w,o,d,p
f,y,g,t,c,b,t,b,s,s,w,o,d,e
f,f,e,t,c,b,t,b,s,s,w,o,d,e
x,f,g,f,c,b,e,b,k,k,w,o,p,p
f,y,n,t,c,b,t,b,s,s,w,o,d,e
x,s,g,f,w,n,e,b,s,s,w,o,d,p
x,f,g,f,c,b,e,b,k,k,w,o,g,p
f,f,e,t,c,b,t,b,s,s,w,o,d,e
f,y,n,t,c,b,t,b,s,s,w,o,d,e
f,y,g,t,c,b,t,b,s,s,w,o,d,e
f,f,g,t,c,b,t,b,s,s,w,o,d,e
x,f,w,f,c,n,e,b,s,s,w,o,d,p
x,f,g,f,c,b,e,b,k,k,w,o,g,p
x,f,g,f,w,n,e,b,s,s,w,o,d,p
f,f,e,t,c,b,t,b,s,s,w,o,d,e
f,y,e,t,c,b,t,b,s,s,w,o,d,e
f,y,g,f,c,b,e,b,k,k,w,o,d,p
x,f,g,f,c,b,e,b,k,k,w,o,g,p
f,y,e,t,c,b,t,b,s,s,w,o,d,e
x,f,p,f,w,n,e,b,s,s,w,o,d,p
x,s,g,f,c,n,e,b,s,s,w,o,d,p
f,y,e,t,c,b,t,b,s,s,w,o,d,e
f,f,e,t,c,b,t,b,s,s,w,o,d,e
f,y,e,t,c,b,t,b,s,s,w,o,d,e
f,y,n,t,c,b,t,b,s,s,w,o,d,e
x,s,p,f,w,n,e,b,s,s,w,o,d,p
x,f,g,f,c,b,e,b,k,k,w,o,d,p
f,f,e,t,c,b,t,b,s,s,w,o,d,e
f,y,e,t,c,b,t,b,s,s,w,o,d,e
f,f,g,t,c,b,t,b,s,s,w,o,d,e
f,f,e,t,c,b,t,b,s,s,w,o,d,e
f,y,n,t,c,b,t,b,s,s,w,o,d,e
f,y,e,t,c,b,t,b,s,s,w,o,d,e
f,f,y,f,c,b,e,b,k,k,w,o,p,p
x,f,g,t,c,b,t,b,s,s,w,o,d,e
x,s,p,f,w,n,e,b,s,s,w,o,d,p
x,y,e,t,c,b,t,b,s,s,w,o,d,e
f,f,g,t,c,b,t,b,s,s,w,o,d,e
f,f,e,t,c,b,t,b,s,s,w,o,d,e
x,f,e,t,c,b,t,b,s,s,w,o,d,e
f,y,g,t,c,b,t,b,s,s,w,o,d,e
f,f,e,t,c,b,t,b,s,s,w,o,d,e
x,s,w,f,w,n,e,b,s,s,w,o,d,p
x,y,g,f,c,b,e,b,k,k,w,o,d,p
x,f,p,f,c,n,e,b,s,s,w,o,d,p
f,y,g,t,c,b,t,b,s,s,w,o,d,e
x,y,n,t,c,b,t,b,s,s,w,o,d,e
x,f,g,f,c,n,e,b,s,s,w,o,d,p
f,y,n,t,c,b,t,b,s,s,w,o,d,e
x,f,p,f,c,n,e,b,s,s,w,o,d,p
f,f,e,t,c,b,t,b,s,s,w,o,d,e
x,s,w,f,w,n,e,b,s,s,w,o,d,p
x,y,n,t,c,b,t,b,s,s,w,o,d,e
x,f,g,f,c,b,e,b,k,k,w,o,g,p
x,s,g,f,c,n,e,b,s,s,w,o,d,p
f,y,n,t,c,b,t,b,s,s,w,o,d,e
x,f,g,f,c,b,e,b,k,k,w,o,g,p
x,s,p,f,c,n,e,b,s,s,w,o,d,p
f,y,e,t,c,b,t,b,s,s,w,o,d,e
x,s,g,f,w,n,e,b,s,s,w,o,d,p
x,y,g,t,c,b,t,b,s,s,w,o,d,e
x,y,g,t,c,b,t,b,s,s,w,o,d,e
f,y,n,t,c,b,t,b,s,s,w,o,d,e
f,y,n,t,c,b,t,b,s,s,w,o,d,e
f,f,n,t,c,b,t,b,s,s,w,o,d,e
x,s,g,f,c,n,e,b,s,s,w,o,d,p
f,f,g,t,c,b,t,b,s,s,w,o,d,e
x,f,e,t,c,b,t,b,s,s,w,o,d,e
f,f,g,t,c,b,t,b,s,s,w,o,d,e
f,y,e,t,c,b,t,b,s,s,w,o,d,e
f,y,n,t,c,b,t,b,s,s,w,o,d,e
x,f,g,f,c,b,e,b,k,k,w,o,g,p
x,s,g,f,c,n,e,b,s,s,w,o,d,p
f,y,e,t,c,b,t,b,s,s,w,o,d,e
x,y,g,t,c,b,t,b,s,s,w,o,d,e
x,f,g,f,w,n,e,b,s,s,w,o,d,p
f,y,n,t,c,b,t,b,s,s,w,o,d,e
f,y,g,t,c,b,t,b,s,s,w,o,d,e
f,f,e,t,c,b,t,b,s,s,w,o,d,e
x,f,y,f,c,b,e,b,k,k,w,o,p,p
x,s,g,f,w,n,e,b,s,s,w,o,d,p
f,y,g,t,c,b,t,b,s,s,w,o,d,e
f,y,n,t,c,b,t,b,s,s,w,o,d,e
f,y,n,t,c,b,t,b,s,s,w,o,d,e
f,y,g,t,c,b,t,b,s,s,w,o,d,e
f,y,g,t,c,b,t,b,s,s,w,o,d,e
x,f,g,f,c,b,e,b,k,k,w,o,p,p
f,y,g,t,c,b,t,b,s,s,w,o,d,e
f,f,e,t,c,b,t,b,s,s,w,o,d,e
x,f,g,f,w,n,e,b,s,s,w,o,d,p
f,y,g,t,c,b,t,b,s,s,w,o,d,e
f,y,g,f,c,b,e,b,k,k,w,o,p,p
f,f,e,t,c,b,t,b,s,s,w,o,d,e
x,f,g,f,c,b,e,b,k,k,w,o,p,p
f,y,g,t,c,b,t,b,s,s,w,o,d,e
x,f,p,f,c,n,e,b,s,s,w,o,d,p
f,f,e,t,c,b,t,b,s,s,w,o,d,e
x,f,p,f,w,n,e,b,s,s,w,o,d,p
x,s,w,f,c,n,e,b,s,s,w,o,d,p
f,y,g,t,c,b,t,b,s,s,w,o,d,e
x,s,p,f,w,n,e,b,s,s,w,o,d,p
x,f,g,f,c,b,e,b,k,k,w,o,d,p
x,f,n,t,c,b,t,b,s,s,w,o,d,e
f,y,g,t,c,b,t,b,s,s,w,o,d,e
f,y,e,t,c,b,t,b,s,s,w,o,d,e
x,f,g,f,c,b,e,b,k,k,w,o,g,p
x,f,g,f,w,n,e,b,s,s,w,o,d,p
x,f,g,f,c,b,e,b,k,k,w,o,p,p
x,f,w,f,w,n,e,b,s,s,w,o,d,p
f,y,n,t,c,b,t,b,s,s,w,o,d,e
f,y,g,t,c,b,t,b,s,s,w,o,d,e
x,f,w,f,w,n,e,b,s,s,w,o,d,p
x,y,g,t,c,b,t,b,s,s,w,o,d,e
f,y,n,t,c,b,t,b,s,s,w,o,d,e
f,f,g,t,c,b,t,b,s,s,w,o,d,e
x,y,e,t,c,b,t,b,s,s,w,o,d,e
f,y,e,t,c,b,t,b,s,s,w,o,d,e
x,f,w,f,w,n,e,b,s,s,w,o,d,p
f,f,e,t,c,b,t,b,s,s,w,o,d,e
x,y,y,f,c,b,e,b,k,k,w,o,d,p
f,f,g,t,c,b,t,b,s,s,w,o,d,e
f,y,n,t,c,b,t,b,s,s,w,o,d,e
x,f,g,f,w,n,e,b,s,s,w,o,d,p
x,s,p,f,c,n,e,b,s,s,w,o,d,p
f,f,e,t,c,b,t,b,s,s,w,o,d,e
x,f,g,t,c,b,t,b,s,s,w,o,d,e
f,y,g,t,c,b,t,b,s,s,w,o,d,e
x,f,g,f,c,b,e,b,k,k,w,o,p,p
x,y,n,t,c,b,t,b,s,s,w,o,d,e
f,y,g,t,c,b,t,b,s,s,w,o,d,e
f,f,g,t,c,b,t,b,s,s,w,o,d,e
x,f,g,f,c,n,e,b,s,s,w,o,d,p
f,y,n,t,c,b,t,b,s,s,w,o,d,e
x,f,g,f,c,b,e,b,k,k,w,o,p,p
f,y,g,t,c,b,t,b,s,s,w,o,d,e
f,f,e,t,c,b,t,b,s,s,w,o,d,e
f,f,e,t,c,b,t,b,s,s,w,o,d,e
x,s,w,f,c,n,e,b,s,s,w,o,d,p
x,f,w,f,w,n,e,b,s,s,w,o,d,p
f,f,e,t,c,b,t,b,s,s,w,o,d,e
f,f,e,t,c,b,t,b,s,s,w,o,d,e
f,y,n,t,c,b,t,b,s,s,w,o,d,e
x,f,g,f,c,b,e,b,k,k,w,o,g,p
f,y,g,t,c,b,t,b,s,s,w,o,d,e
x,f,g,f,c,b,e,b,k,k,w,o,p,p
f,f,e,t,c,b,t,b,s,s,w,o,d,e
x,f,g,f,c,b,e,b,k,k,w,o,g,p
f,y,g,t,c,b,t,b,s,s,w,o,d,e
f,f,e,t,c,b,t,b,s,s,w,o,d,e
f,y,n,t,c,b,t,b,s,s,w,o,d,e
x,f,g,f,c,b,e,b,k,k,w,o,d,p
f,f,e,t,c,b,t,b,s,s,w,o,d,e
x,f,g,t,c,b,t,b,s,s,w,o,d,e
f,y,g,t,c,b,t,b,s,s,w,o,d,e
x,f,w,f,w,n,e,b,s,s,w,o,d,p
f,f,e,t,c,b,t,b,s,s,w,o,d,e
f,f,e,t,c,b,t,b,s,s,w,o,d,e
f,y,e,t,c,b,t,b,s,s,w,o,d,e
x,f,e,t,c,b,t,b,s,s,w,o,d,e
f,y,n,t,c,b,t,b,s,s,w,o,d,e
x,f,g,f,c,b,e,b,k,k,w,o,g,p
x,f,g,t,c,b,t,b,s,s,w,o,d,e
x,f,g,f,c,b,e,b,k,k,w,o,d,p
f,y,g,t,c,b,t,b,s,s,w,o,d,e
f,y,n,t,c,b,t,b,s,s,w,o,d,e
x,y,g,f,c,b,e,b,k,k,w,o,d,p
f,y,g,t,c,b,t,b,s,s,w,o,d,e
f,f,g,f,c,b,e,b,k,k,w,o,d,p
f,y,e,t,c,b,t,b,s,s,w,o,d,e
x,s,g,f,c,n,e,b,s,s,w,o,d,p
f,y,e,t,c,b,t,b,s,s,w,o,d,e
f,y,n,t,c,b,t,b,s,s,w,o,d,e
x,f,e,t,c,b,t,b,s,s,w,o,d,e
f,y,e,t,c,b,t,b,s,s,w,o,d,e
f,y,g,t,c,b,t,b,s,s,w,o,d,e
x,s,p,f,w,n,e,b,s,s,w,o,d,p
f,f,g,f,c,b,e,b,k,k,w,o,d,p
f,f,g,t,c,b,t,b,s,s,w,o,d,e
f,f,e,t,c,b,t,b,s,s,w,o,d,e
x,f,p,f,c,n,e,b,s,s,w,o,d,p
f,f,n,t,c,b,t,b,s,s,w,o,d,e
f,y,g,t,c,b,t,b,s,s,w,o,d,e
f,y,e,t,c,b,t,b,s,s,w,o,d,e
f,y,e,t,c,b,t,b,s,s,w,o,d,e
x,f,g,t,c,b,t,b,s,s,w,o,d,e
x,s,w,f,w,n,e,b,s,s,w,o,d,p
f,y,g,t,c,b,t,b,s,s,w,o,d,e
x,y,g,f,c,b,e,b,k,k,w,o,d,p
f,y,n,t,c,b,t,b,s,s,w,o,d,e
f,y,n,t,c,b,t,b,s,s,w,o,d,e
x,s,g,f,w,n,e,b,s,s,w,o,d,p
f,y,g,t,c,b,t,b,s,s,w,o,d,e
f,y,e,t,c,b,t,b,s,s,w,o,d,e
x,f,g,f,c,b,e,b,k,k,w,o,d,p
x,y,n,t,c,b,t,b,s,s,w,o,d,e
f,y,e,t,c,b,t,b,s,s,w,o,d,e
f,f,e,t,c,b,t,b,s,s,w,o,d,e
x,s,p,f,c,n,e,b,s,s,w,o,d,p
x,f,g,f,c,b,e,b,k,k,w,o,d,p
f,y,e,t,c,b,t,b,s,s,w,o,d,e
f,y,g,t,c,b,t,b,s,s,w,o,d,e
x,s,p,f,c,n,e,b,s,s,w,o,d,p
f,f,g,t,c,b,t,b,s,s,w,o,d,e
f,f,e,t,c,b,t,b,s,s,w,o,d,e
f,f,n,t,c,b,t,b,s,s,w,o,d,e
x,y,g,t,c,b,t,b,s,s,w,o,d,e
x,y,n,t,c,b,t,b,s,s,w,o,d,e
f,y,n,t,c,b,t,b,s,s,w,o,d,e
x,f,p,f,c,n,e,b,s,s,w,o,d,p
f,f,e,t,c,b,t,b,s,s,w,o,d,e
x,y,y,f,c,b,e,b,k,k,w,o,d,p
x,s,g,f,w,n,e,b,s,s,w,o,d,p
f,y,n,t,c,b,t,b,s,s,w,o,d,e
f,f,g,f,c,b,e,b,k,k,w,o,d,p
x,f,g,f,w,n,e,b,s,s,w,o,d,p
f,y,g,t,c,b,t,b,s,s,w,o,d,e
f,y,g,t,c,b,t,b,s,s,w,o,d,e
f,y,g,t,c,b,t,b,s,s,w,o,d,e
x,y,n,t,c,b,t,b,s,s,w,o,d,e
x,f,y,f,c,b,e,b,k,k,w,o,g,p
f,f,g,t,c,b,t,b,s,s,w,o,d,e
x,f,g,f,c,b,e,b,k,k,w,o,p,p
f,y,e,t,c,b,t,b,s,s,w,o,d,e
f,f,e,t,c,b,t,b,s,s,w,o,d,e
f,f,g,f,c,b,e,b,k,k,w,o,d,p
f,f,e,t,c,b,t,b,s,s,w,o,d,e
x,f,y,f,c,b,e,b,k,k,w,o,p,p
f,f,e,t,c,b,t,b,s,s,w,o,d,e
f,f,g,t,c,b,t,b,s,s,w,o,d,e
f,f,e,t,c,b,t,b,s,s,w,o,d,e
f,y,e,t,c,b,t,b,s,s,w,o,d,e
f,y,e,t,c,b,t,b,s,s,w,o,d,e
f,y,n,t,c,b,t,b,s,s,w,o,d,e
f,f,g,t,c,b,t,b,s,s,w,o,d,e
f,f,e,t,c,b,t,b,s,s,w,o,d,e
x,f,g,f,c,b,e,b,k,k,w,o,g,p
f,y,n,t,c,b,t,b,s,s,w,o,d,e
x,f,g,f,c,n,e,b,s,s,w,o,d,p
f,y,n,t,c,b,t,b,s,s,w,o,d,e
f,y,g,t,c,b,t,b,s,s,w,o,d,e
x,f,e,t,c,b,t,b,s,s,w,o,d,e
f,y,e,t,c,b,t,b,s,s,w,o,d,e
f,f,g,t,c,b,t,b,s,s,w,o,d,e
x,y,g,t,c,b,t,b,s,s,w,o,d,e
x,f,p,f,c,n,e,b,s,s,w,o,d,p
x,y,n,t,c,b,t,b,s,s,w,o,d,e
f,y,n,t,c,b,t,b,s,s,w,o,d,e
f,y,g,t,c,b,t,b,s,s,w,o,d,e
f,f,g,f,c,b,e,b,k,k,w,o,g,p
f,y,g,t,c,b,t,b,s,s,w,o,d,e
f,y,e,t,c,b,t,b,s,s,w,o,d,e
x,f,g,f,c,b,e,b,k,k,w,o,g,p
f,y,n,t,c,b,t,b,s,s,w,o,d,e
x,f,g,f,c,b,e,b,k,k,w,o,g,p
f,f,e,t,c,b,t,b,s,s,w,o,d,e
x,y,n,t,c,b,t,b,s,s,w,o,d,e
x,y,g,t,c,b,t,b,s,s,w,o,d,e
f,y,e,t,c,b,t,b,s,s,w,o,d,e
x,y,g,f,c,b,e,b,k,k,w,o,d,p
x,s,g,f,c,n,e,b,s,s,w,o,d,p
x,f,g,f,c,b,e,b,k,k,w,o,g,p
x,f,g,f,c,b,e,b,k,k,w,o,p,p
f,f,g,f,c,b,e,b,k,k,w,o,p,p
f,f,g,t,c,b,t,b,s,s,w,o,d,e
x,f,g,f,c,b,e,b,k,k,w,o,d,p
f,y,e,t,c,b,t,b,s,s,w,o,d,e
f,y,n,t,c,b,t,b,s,s,w,o,d,e
f,y,n,t,c,b,t,b,s,s,w,o,d,e
x,y,y,f,c,b,e,b,k,k,w,o,d,p
f,y,g,t,c,b,t,b,s,s,w,o,d,e
x,f,p,f,w,n,e,b,s,s,w,o,d,p
f,f,e,t,c,b,t,b,s,s,w,o,d,e
f,y,n,t,c,b,t,b,s,s,w,o,d,e
x,y,n,t,c,b,t,b,s,s,w,o,d,e
f,f,e,t,c,b,t,b,s,s,w,o,d,e
x,f,g,f,c,b,e,b,k,k,w,o,g,p
x,f,g,f,c,b,e,b,k,k,w,o,p,p
f,f,g,t,c,b,t,b,s,s,w,o,d,e
x,f,n,t,c,b,t,b,s,s,w,o,d,e
x,f,g,f,c,b,e,b,k,k,w,o,d,p
f,f,g,t,c,b,t,b,s,s,w,o,d,e
x,f,p,f,c,n,e,b,s,s,w,o,d,p
f,y,n,t,c,b,t,b,s,s,w,o,d,e
f,y,g,t,c,b,t,b,s,s,w,o,d,e
x,f,g,f,c,b,e,b,k,k,w,o,p,p
x,f,e,t,c,b,t,b,s,s,w,o,d,e
x,s,g,f,w,n,e,b,s,s,w,o,d,p
x,f,g,f,c,b,e,b,k,k,w,o,g,p
f,y,n,t,c,b,t,b,s,s,w,o,d,e
x,f,g,f,c,b,e,b,k,k,w,o,d,p
f,y,e,t,c,b,t,b,s,s,w,o,d,e
f,f,g,t,c,b,t,b,s,s,w,o,d,e
f,f,g,t,c,b,t,b,s,s,w,o,d,e
f,y,n,t,c,b,t,b,s,s,w,o,d,e
f,y,e,t,c,b,t,b,s,s,w,o,d,e
f,y,g,t,c,b,t,b,s,s,w,o,d,e
f,y,e,t,c,b,t,b,s,s,w,o,d,e
f,y,n,t,c,b,t,b,s,s,w,o,d,e
x,y,y,f,c,b,e,b,k,k,w,o,g,p
f,f,g,t,c,b,t,b,s,s,w,o,d,e
f,y,n,t,c,b,t,b,s,s,w,o,d,e
x,f,g,f,c,b,e,b,k,k,w,o,g,p
x,f,g,f,c,b,e,b,k,k,w,o,d,p
x,f,g,f,c,b,e,b,k,k,w,o,p,p
f,y,e,t,c,b,t,b,s,s,w,o,d,e
f,y,n,t,c,b,t,b,s,s,w,o,d,e
x,y,g,f,c,b,e,b,k,k,w,o,d,p
x,f,g,f,c,b,e,b,k,k,w,o,p,p
f,y,g,f,c,b,e,b,k,k,w,o,p,p
f,y,n,t,c,b,t,b,s,s,w,o,d,e
x,f,g,f,w,n,e,b,s,s,w,o,d,p
f,f,e,t,c,b,t,b,s,s,w,o,d,e
f,f,y,f,c,b,e,b,k,k,w,o,d,p
f,y,n,t,c,b,t,b,s,s,w,o,d,e
x,y,e,t,c,b,t,b,s,s,w,o,d,e
x,f,g,f,c,b,e,b,k,k,w,o,p,p
x,y,n,t,c,b,t,b,s,s,w,o,d,e
x,s,w,f,c,n,e,b,s,s,w,o,d,p
f,y,g,t,c,b,t,b,s,s,w,o,d,e
f,f,e,t,c,b,t,b,s,s,w,o,d,e
f,y,g,t,c,b,t,b,s,s,w,o,d,e
x,f,g,f,c,b,e,b,k,k,w,o,d,p
f,y,e,t,c,b,t,b,s,s,w,o,d,e
f,y,e,t,c,b,t,b,s,s,w,o,d,e
x,s,p,f,c,n,e,b,s,s,w,o,d,p
f,f,e,t,c,b,t,b,s,s,w,o,d,e
f,f,g,t,c,b,t,b,s,s,w,o,d,e
f,f,g,t,c,b,t,b,s,s,w,o,d,e
f,f,g,t,c,b,t,b,s,s,w,o,d,e
x,f,g,f,c,b,e,b,k,k,w,o,p,p
f,y,n,t,c,b,t,b,s,s,w,o,d,e
f,y,g,t,c,b,t,b,s,s,w,o,d,e
f,y,n,t,c,b,t,b,s,s,w,o,d,e
x,s,p,f,c,n,e,b,s,s,w,o,d,p
f,y,e,t,c,b,t,b,s,s,w,o,d,e
f,y,g,t,c,b,t,b,s,s,w,o,d,e
f,y,e,t,c,b,t,b,s,s,w,o,d,e
x,s,w,f,c,n,e,b,s,s,w,o,d,p
x,f,g,f,c,b,e,b,k,k,w,o,p,p
f,y,n,t,c,b,t,b,s,s,w,o,d,e
x,f,g,f,c,b,e,b,k,k,w,o,g,p
x,f,w,f,c,n,e,b,s,s,w,o,d,p
f,y,n,t,c,b,t,b,s,s,w,o,d,e
f,y,g,t,c,b,t,b,s,s,w,o,d,e
f,y,g,t,c,b,t,b,s,s,w,o,d,e
f,y,g,t,c,b,t,b,s,s,w,o,d,e
x,f,w,f,w,n,e,b,s,s,w,o,d,p
f,f,e,t,c,b,t,b,s,s,w,o,d,e
x,f,g,f,c,b,e,b,k,k,w,o,g,p
f,y,n,t,c,b,t,b,s,s,w,o,d,e
f,y,n,t,c,b,t,b,s,s,w,o,d,e
x,s,p,f,c,n,e,b,s,s,w,o,d,p
f,y,g,t,c,b,t,b,s,s,w,o,d,e
x,s,p,f,c,n,e,b,s,s,w,o,d,p
x,y,n,t,c,b,t,b,s,s,w,o,d,e
x,y,g,f,c,b,e,b,k,k,w,o,g,p
f,y,e,t,c,b,t,b,s,s,w,o,d,e
x,f,p,f,c,n,e,b,s,s,w,o,d,p
x,f,g,f,c,b,e,b,k,k,w,o,p,p
f,f,e,t,c,b,t,b,s,s,w,o,d,e
f,f,e,t,c,b,t,b,s,s,w,o,d,e
x,f,g,f,c,n,e,b,s,s,w,o,d,p
x,f,g,f,c,b,e,b,k,k,w,o,g,p
f,y,g,t,c,b,t,b,s,s,w,o,d,e
x,f,g,f,c,b,e,b,k,k,w,o,d,p
f,f,e,t,c,b,t,b,s,s,w,o,d,e
f,y,n,t,c,b,t,b,s,s,w,o,d,e
f,y,y,f,c,b,e,b,k,k,w,o,d,p
f,y,e,t,c,b,t,b,s,s,w,o,d,e
f,y,e,t,c,b,t,b,s,s,w,o,d,e
f,y,n,t,c,b,t,b,s,s,w,o,d,e
x,f,n,t,c,b,t,b,s,s,w,o,d,e
f,y,g,f,c,b,e,b,k,k,w,o,d,p
f,y,g,t,c,b,t,b,s,s,w,o,d,e
f,f,e,t,c,b,t,b,s,s,w,o,d,e
f,y,n,t,c,b,t,b,s,s,w,o,d,e
x,y,g,t,c,b,t,b,s,s,w,o,d,e
x,y,n,t,c,b,t,b,s,s,w,o,d,e
x,f,g,f,c,b,e,b,k,k,w,o,d,p
x,s,w,f,w,n,e,b,s,s,w,o,d,p
f,f,y,f,c,b,e,b,k,k,w,o,p,p
f,y,n,t,c,b,t,b,s,s,w,o,d,e
f,y,e,t,c,b,t,b,s,s,w,o,d,e
f,f,e,t,c,b,t,b,s,s,w,o,d,e
f,f,e,t,c,b,t,b,s,s,w,o,d,e
f,y,e,t,c,b,t,b,s,s,w,o,d,e
f,y,n,t,c,b,t,b,s,s,w,o,d,e
f,y,e,t,c,b,t,b,s,s,w,o,d,e
x,y,g,f,c,b,e,b,k,k,w,o,g,p
f,y,e,t,c,b,t,b,s,s,w,o,d,e
f,y,n,t,c,b,t,b,s,s,w,o,d,e
x,f,g,f,c,b,e,b,k,k,w,o,d,p
x,f,w,f,w,n,e,b,s,s,w,o,d,p
x,f,g,f,w,n,e,b,s,s,w,o,d,p
x,y,n,t,c,b,t,b,s,s,w,o,d,e
f,f,y,f,c,b,e,b,k,k,w,o,p,p
x,s,g,f,w,n,e,b,s,s,w,o,d,p
f,y,e,t,c,b,t,b,s,s,w,o,d,e
f,y,e,t,c,b,t,b,s,s,w,o,d,e
f,f,e,t,c,b,t,b,s,s,w,o,d,e
x,f,y,f,c,b,e,b,k,k,w,o,d,p
f,y,n,t,c,b,t,b,s,s,w,o,d,e
f,f,e,t,c,b,t,b,s,s,w,o,d,e
f,y,e,t,c,b,t,b,s,s,w,o,d,e
x,f,y,f,c,b,e,b,k,k,w,o,p,p
x,f,g,f,c,n,e,b,s,s,w,o,d,p
f,f,e,t,c,b,t,b,s,s,w,o,d,e
x,s,g,f,c,n,e,b,s,s,w,o,d,p
x,f,w,f,c,n,e,b,s,s,w,o,d,p
x,f,g,f,c,b,e,b,k,k,w,o,g,p
f,y,g,t,c,b,t,b,s,s,w,o,d,e
f,f,e,t,c,b,t,b,s,s,w,o,d,e
f,f,y,f,c,b,e,b,k,k,w,o,p,p
f,f,e,t,c,b,t,b,s,s,w,o,d,e
f,y,e,t,c,b,t,b,s,s,w,o,d,e
f,f,g,t,c,b,t,b,s,s,w,o,d,e
f,y,e,t,c,b,t,b,s,s,w,o,d,e
f,f,g,t,c,b,t,b,s,s,w,o,d,e
f,y,n,t,c,b,t,b,s,s,w,o,d,e
f,y,e,t,c,b,t,b,s,s,w,o,d,e
f,y,n,t,c,b,t,b,s,s,w,o,d,e
f,f,e,t,c,b,t,b,s,s,w,o,d,e
f,y,e,t,c,b,t,b,s,s,w,o,d,e
f,f,g,t,c,b,t,b,s,s,w,o,d,e
x,f,g,t,c,b,t,b,s,s,w,o,d,e
f,y,n,t,c,b,t,b,s,s,w,o,d,e
f,y,n,t,c,b,t,b,s,s,w,o,d,e
x,f,e,t,c,b,t,b,s,s,w,o,d,e
f,f,n,t,c,b,t,b,s,s,w,o,d,e
x,f,g,f,c,b,e,b,k,k,w,o,p,p
f,y,e,t,c,b,t,b,s,s,w,o,d,e
x,y,g,t,c,b,t,b,s,s,w,o,d,e
f,y,n,t,c,b,t,b,s,s,w,o,d,e
f,y,n,t,c,b,t,b,s,s,w,o,d,e
f,y,g,t,c,b,t,b,s,s,w,o,d,e
x,f,g,f,c,b,e,b,k,k,w,o,d,p
f,f,e,t,c,b,t,b,s,s,w,o,d,e
f,f,g,f,c,b,e,b,k,k,w,o,d,p
f,y,g,t,c,b,t,b,s,s,w,o,d,e
f,y,g,t,c,b,t,b,s,s,w,o,d,e
f,f,g,t,c,b,t,b,s,s,w,o,d,e
f,f,y,f,c,b,e,b,k,k,w,o,p,p
x,y,n,t,c,b,t,b,s,s,w,o,d,e
f,y,g,t,c,b,t,b,s,s,w,o,d,e
f,f,g,f,c,b,e,b,k,k,w,o,d,p
f,y,n,t,c,b,t,b,s,s,w,o,d,e
x,f,g,f,w,n,e,b,s,s,w,o,d,p
f,y,e,t,c,b,t,b,s,s,w,o,d,e
x,s,w,f,w,n,e,b,s,s,w,o,d,p
f,y,n,t,c,b,t,b,s,s,w,o,d,e
x,s,w,f,c,n,e,b,s,s,w,o,d,p
f,y,e,t,c,b,t,b,s,s,w,o,d,e
f,f,g,t,c,b,t,b,s,s,w,o,d,e
f,f,e,t,c,b,t,b,s,s,w,o,d,e
f,y,e,t,c,b,t,b,s,s,w,o,d,e
x,s,g,f,c,n,e,b,s,s,w,o,d,p
f,y,e,t,c,b,t,b,s,s,w,o,d,e
f,y,e,t,c,b,t,b,s,s,w,o,d,e
x,f,p,f,w,n,e,b,s,s,w,o,d,p
f,f,e,t,c,b,t,b,s,s,w,o,d,e
x,s,p,f,c,n,e,b,s,s,w,o,d,p
f,f,e,t,c,b,t,b,s,s,w,o,d,e
f,f,g,f,c,b,e,b,k,k,w,o,g,p
f,y,g,t,c,b,t,b,s,s,w,o,d,e
x,f,g,f,c,b,e,b,k,k,w,o,g,p
f,y,n,t,c,b,t,b,s,s,w,o,d,e
f,y,e,t,c,b,t,b,s,s,w,o,d,e
f,y,n,t,c,b,t,b,s,s,w,o,d,e
x,s,p,f,w,n,e,b,s,s,w,o,d,p
x,y,g,f,c,b,e,b,k,k,w,o,p,p
f,f,e,t,c,b,t,b,s,s,w,o,d,e
f,f,g,t,c,b,t,b,s,s,w,o,d,e
f,y,g,t,c,b,t,b,s,s,w,o,d,e
f,y,e,t,c,b,t,b,s,s,w,o,d,e
f,y,e,t,c,b,t,b,s,s,w,o,d,e
x,f,g,t,c,b,t,b,s,s,w,o,d,e
x,f,g,f,c,b,e,b,k,k,w,o,d,p
x,y,n,t,c,b,t,b,s,s,w,o,d,e
f,y,e,t,c,b,t,b,s,s,w,o,d,e
f,f,e,t,c,b,t,b,s,s,w,o,d,e
x,f,w,f,c,n,e,b,s,s,w,o,d,p
f,y,e,t,c,b,t,b,s,s,w,o,d,e
f,y,g,t,c,b,t,b,s,s,w,o,d,e
x,f,g,f,c,b,e,b,k,k,w,o,g,p
f,y,g,t,c,b,t,b,s,s,w,o,d,e
x,s,w,f,w,n,e,b,s,s,w,o,d,p
f,f,e,t,c,b,t,b,s,s,w,o,d,e
x,s,w,f,c,n,e,b,s,s,w,o,d,p
x,f,g,f,c,b,e,b,k,k,w,o,d,p
x,f,g,f,c,b,e,b,k,k,w,o,d,p
f,y,g,t,c,b,t,b,s,s,w,o,d,e
f,y,g,t,c,b,t,b,s,s,w,o,d,e
f,y,e,t,c,b,t,b,s,s,w,o,d,e
f,y,e,t,c,b,t,b,s,s,w,o,d,e
x,f,g,f,c,b,e,b,k,k,w,o,p,p
f,f,e,t,c,b,t,b,s,s,w,o,d,e
f,f,e,t,c,b,t,b,s,s,w,o,d,e
x,y,g,f,c,b,e,b,k,k,w,o,g,p
f,f,e,t,c,b,t,b,s,s,w,o,d,e
x,f,g,f,w,n,e,b,s,s,w,o,d,p
f,y,g,t,c,b,t,b,s,s,w,o,d,e
f,y,e,t,c,b,t,b,s,s,w,o,d,e
f,y,e,t,c,b,t,b,s,s,w,o,d,e
f,y,g,t,c,b,t,b,s,s,w,o,d,e
x,f,e,t,c,b,t,b,s,s,w,o,d,e
f,y,g,t,c,b,t,b,s,s,w,o,d,e
x,s,p,f,c,n,e,b,s,s,w,o,d,p
f,y,n,t,c,b,t,b,s,s,w,o,d,e
x,f,g,f,c,b,e,b,k,k,w,o,g,p
f,y,e,t,c,b,t,b,s,s,w,o,d,e
f,y,g,t,c,b,t,b,s,s,w,o,d,e
f,f,e,t,c,b,t,b,s,s,w,o,d,e
x,s,w,f,w,n,e,b,s,s,w,o,d,p
x,f,w,f,w,n,e,b,s,s,w,o,d,p
x,y,n,t,c,b,t,b,s,s,w,o,d,e
f,f,e,t,c,b,t,b,s,s,w,o,d,e
f,y,e,t,c,b,t,b,s,s,w,o,d,e
x,y,g,t,c,b,t,b,s,s,w,o,d,e
x,f,g,f,c,b,e,b,k,k,w,o,d,p
x,f,w,f,w,n,e,b,s,s,w,o,d,p
f,y,n,t,c,b,t,b,s,s,w,o,d,e
f,f,e,t,c,b,t,b,s,s,w,o,d,e
x,f,w,f,w,n,e,b,s,s,w,o,d,p
x,s,g,f,w,n,e,b,s,s,w,o,d,p
x,y,e,t,c,b,t,b,s,s,w,o,d,e
x,f,g,f,c,b,e,b,k,k,w,o,d,p
x,f,g,f,c,n,e,b,s,s,w,o,d,p
x,f,g,f,c,b,e,b,k,k,w,o,d,p
x,s,g,f,c,n,e,b,s,s,w,o,d,p
x,f,g,t,c,b,t,b,s,s,w,o,d,e
x,f,p,f,c,n,e,b,s,s,w,o,d,p
f,f,e,t,c,b,t,b,s,s,w,o,d,e
x,s,p,f,c,n,e,b,s,s,w,o,d,p
x,f,g,f,w,n,e,b,s,s,w,o,d,p
f,y,e,t,c,b,t,b,s,s,w,o,d,e
x,f,g,f,c,n,e,b,s,s,w,o,d,p
x,s,g,f,w,n,e,b,s,s,w,o,d,p
f,y,g,t,c,b,t,b,s,s,w,o,d,e
f,y,n,t,c,b,t,b,s,s,w,o,d,e
x,f,g,f,w,n,e,b,s,s,w,o,d,p
f,f,e,t,c,b,t,b,s,s,w,o,d,e
x,s,w,f,c,n,e,b,s,s,w,o,d,p
f,y,n,t,c,b,t,b,s,s,w,o,d,e
x,f,g,f,c,b,e,b,k,k,w,o,d,p
f,y,g,f,c,b,e,b,k,k,w,o,g,p
f,y,g,t,c,b,t,b,s,s,w,o,d,e
x,f,g,f,c,b,e,b,k,k,w,o,g,p
f,y,g,t,c,b,t,b,s,s,w,o,d,e
x,f,g,f,c,b,e,b,k,k,w,o,g,p
f,f,g,f,c,b,e,b,k,k,w,o,p,p
f,f,e,t,c,b,t,b,s,s,w,o,d,e
f,f,g,t,c,b,t,b,s,s,w,o,d,e
x,f,w,f,c,n,e,b,s,s,w,o,d,p
f,f,g,t,c,b,t,b,s,s,w,o,d,e
x,f,g,f,c,b,e,b,k,k,w,o,p,p
x,y,y,f,c,b,e,b,k,k,w,o,d,p
f,y,g,f,c,b,e,b,k,k,w,o,p,p
x,f,y,f,c,b,e,b,k,k,w,o,g,p
x,f,w,f,w,n,e,b,s,s,w,o,d,p
x,y,y,f,c,b,e,b,k,k,w,o,d,p
x,y,y,f,c,b,e,b,k,k,w,o,d,p
x,f,y,f,c,b,e,b,k,k,w,o,p,p
f,f,y,f,c,b,e,b,k,k,w,o,d,p
f,f,y,f,c,b,e,b,k,k,w,o,d,p
f,y,g,t,c,b,t,b,s,s,w,o,d,e
x,y,g,f,c,b,e,b,k,k,w,o,g,p
f,f,y,f,c,b,e,b,k,k,w,o,p,p
f,f,y,f,c,b,e,b,k,k,w,o,g,p
x,f,g,t,c,b,t,b,s,s,w,o,d,e
f,y,n,t,c,b,t,b,s,s,w,o,d,e
f,y,e,t,c,b,t,b,s,s,w,o,d,e
x,y,y,f,c,b,e,b,k,k,w,o,g,p
f,y,g,f,c,b,e,b,k,k,w,o,g,p
f,y,g,f,c,b,e,b,k,k,w,o,d,p
f,y,e,t,c,b,t,b,s,s,w,o,d,e
f,y,g,f,c,b,e,b,k,k,w,o,g,p
f,f,e,t,c,b,t,b,s,s,w,o,d,e
f,f,g,t,c,b,t,b,s,s,w,o,d,e
f,f,g,t,c,b,t,b,s,s,w,o,d,e
x,f,g,f,c,b,e,b,k,k,w,o,d,p
x,y,y,f,c,b,e,b,k,k,w,o,g,p
f,f,y,f,c,b,e,b,k,k,w,o,g,p
f,y,e,t,c,b,t,b,s,s,w,o,d,e
x,f,y,f,c,b,e,b,k,k,w,o,d,p
f,y,g,f,c,b,e,b,k,k,w,o,p,p
f,f,y,f,c,b,e,b,k,k,w,o,g,p
f,y,y,f,c,b,e,b,k,k,w,o,d,p
x,y,g,f,c,b,e,b,k,k,w,o,p,p
f,f,y,f,c,b,e,b,k,k,w,o,p,p
x,s,p,f,c,n,e,b,s,s,w,o,d,p
x,y,y,f,c,b,e,b,k,k,w,o,g,p
f,f,e,t,c,b,t,b,s,s,w,o,d,e
f,y,e,t,c,b,t,b,s,s,w,o,d,e
x,f,p,f,c,n,e,b,s,s,w,o,d,p
x,f,y,f,c,b,e,b,k,k,w,o,g,p
f,y,g,f,c,b,e,b,k,k,w,o,g,p
x,y,g,t,c,b,t,b,s,s,w,o,d,e
f,f,e,t,c,b,t,b,s,s,w,o,d,e
f,y,g,f,c,b,e,b,k,k,w,o,d,p
f,y,g,t,c,b,t,b,s,s,w,o,d,e
x,f,y,f,c,b,e,b,k,k,w,o,d,p
f,y,g,f,c,b,e,b,k,k,w,o,g,p
f,f,e,t,c,b,t,b,s,s,w,o,d,e
x,y,y,f,c,b,e,b,k,k,w,o,g,p
f,f,y,f,c,b,e,b,k,k,w,o,g,p
x,y,y,f,c,b,e,b,k,k,w,o,g,p
f,f,g,f,c,b,e,b,k,k,w,o,g,p
x,s,p,f,w,n,e,b,s,s,w,o,d,p
x,f,g,f,c,n,e,b,s,s,w,o,d,p
x,y,g,f,c,b,e,b,k,k,w,o,p,p
x,y,y,f,c,b,e,b,k,k,w,o,p,p
f,f,g,f,c,b,e,b,k,k,w,o,d,p
f,y,g,t,c,b,t,b,s,s,w,o,d,e
x,s,g,t,c,b,t,b,f,s,w,o,u,p
x,y,y,f,c,b,e,b,k,k,w,o,d,p
f,f,g,t,c,b,t,b,s,s,w,o,d,e
f,f,y,f,c,b,e,b,k,k,w,o,d,p
x,y,g,f,c,b,e,b,k,k,w,o,p,p
f,f,y,f,c,b,e,b,k,k,w,o,p,p
x,y,g,f,c,b,e,b,k,k,w,o,g,p
f,y,g,f,c,b,e,b,k,k,w,o,g,p
f,y,y,f,c,b,e,b,k,k,w,o,p,p
x,f,y,f,c,b,e,b,k,k,w,o,p,p
x,s,w,f,c,n,e,b,s,s,w,o,d,p
x,y,g,f,c,b,e,b,k,k,w,o,p,p
x,f,g,f,c,b,e,b,k,k,w,o,p,p
f,y,n,t,c,b,t,b,s,s,w,o,d,e
f,f,g,t,c,b,t,b,s,s,w,o,d,e
x,f,y,f,c,b,e,b,k,k,w,o,p,p
x,s,p,f,c,n,e,b,s,s,w,o,d,p
f,f,g,f,c,b,e,b,k,k,w,o,g,p
x,f,g,f,c,b,e,b,k,k,w,o,g,p
x,s,w,f,c,n,e,b,s,s,w,o,d,p
f,f,e,t,c,b,t,b,s,s,w,o,d,e
f,y,g,f,c,b,e,b,k,k,w,o,g,p
x,f,p,f,w,n,e,b,s,s,w,o,d,p
f,s,w,t,c,b,t,b,f,s,w,o,g,p
x,y,y,f,c,b,e,b,k,k,w,o,p,p
x,y,b,t,c,b,e,,s,s,w,t,w,e
f,f,g,f,c,b,e,b,k,k,w,o,g,p
x,f,g,f,c,b,e,b,k,k,w,o,g,p
x,f,y,f,c,b,e,b,k,k,w,o,g,p
f,f,y,f,c,b,e,b,k,k,w,o,g,p
f,f,g,t,c,b,t,b,s,s,w,o,d,e
x,f,y,f,c,b,e,b,k,k,w,o,d,p
x,y,g,f,c,b,e,b,k,k,w,o,d,p
f,f,g,f,c,b,e,b,k,k,w,o,g,p
x,f,g,f,w,n,e,b,s,s,w,o,d,p
x,f,g,f,c,n,e,b,s,s,w,o,d,p
x,y,g,f,c,b,e,b,k,k,w,o,g,p
x,s,g,t,c,b,t,b,s,s,w,o,g,p
x,y,g,f,c,b,e,b,k,k,w,o,g,p
f,y,g,t,c,b,t,b,s,s,w,o,d,e
f,f,y,f,c,b,e,b,k,k,w,o,d,p
f,f,e,t,c,b,t,b,s,s,w,o,d,e
f,y,g,f,c,b,e,b,k,k,w,o,p,p
f,y,n,t,c,b,t,b,s,s,w,o,d,e
f,f,e,t,c,b,t,b,s,s,w,o,d,e
x,y,g,f,c,b,e,b,k,k,w,o,p,p
x,y,g,f,c,b,e,b,k,k,w,o,d,p
f,f,e,t,c,b,t,b,s,s,w,o,d,e
f,f,g,f,c,b,e,b,k,k,w,o,p,p
f,f,g,t,c,b,t,b,s,s,w,o,d,e
f,y,e,t,c,b,t,b,s,s,w,o,d,e
f,y,e,t,c,b,t,b,s,s,w,o,d,e
f,f,g,f,c,b,e,b,k,k,w,o,p,p
x,f,e,t,c,b,t,b,s,s,w,o,d,e
f,y,g,f,c,b,e,b,k,k,w,o,d,p
x,y,y,f,c,b,e,b,k,k,w,o,p,p
f,y,y,f,c,b,e,b,k,k,w,o,d,p
x,f,y,f,c,b,e,b,k,k,w,o,p,p
x,y,y,f,c,b,e,b,k,k,w,o,d,p
x,f,g,t,c,b,t,b,s,s,w,o,d,e
x,y,g,t,c,b,t,b,s,s,w,o,d,e
f,y,g,f,c,b,e,b,k,k,w,o,g,p
f,f,y,f,c,b,e,b,k,k,w,o,d,p
x,y,g,f,c,b,e,b,k,k,w,o,p,p
x,y,e,f,c,n,t,,k,s,w,o,p,p
x,y,g,f,c,b,e,b,k,k,w,o,p,p
x,y,g,f,c,b,e,b,k,k,w,o,g,p
x,s,g,f,w,n,e,b,s,s,w,o,d,p
f,f,g,f,c,b,e,b,k,k,w,o,g,p
f,s,b,t,c,b,t,b,s,f,w,o,g,p
x,y,g,f,c,b,e,b,k,k,w,o,d,p
x,y,y,f,c,b,e,b,k,k,w,o,d,p
x,s,w,f,w,n,e,b,s,s,w,o,d,p
x,y,y,f,c,b,e,b,k,k,w,o,d,p
f,f,e,t,c,b,t,b,s,s,w,o,d,e
x,y,g,f,c,b,e,b,k,k,w,o,g,p
x,f,y,f,c,b,e,b,k,k,w,o,d,p
x,f,y,f,c,b,e,b,k,k,w,o,p,p
f,f,g,f,c,b,e,b,k,k,w,o,g,p
x,f,y,f,c,b,e,b,k,k,w,o,d,p
f,f,g,t,c,b,t,b,s,s,w,o,d,e
x,f,g,f,c,b,e,b,k,k,w,o,d,p
f,y,n,t,c,b,t,b,s,s,w,o,d,e
f,y,g,f,c,b,e,b,k,k,w,o,d,p
f,f,g,f,c,b,e,b,k,k,w,o,p,p
f,f,g,f,c,b,e,b,k,k,w,o,d,p
x,s,w,f,w,n,e,b,s,s,w,o,d,p
x,y,g,f,c,b,e,b,k,k,w,o,d,p
f,y,n,t,c,b,t,b,s,s,w,o,d,e
x,f,w,f,c,n,e,b,s,s,w,o,d,p
x,f,y,f,c,b,e,b,k,k,w,o,d,p
x,f,y,f,c,b,e,b,k,k,w,o,d,p
x,f,p,f,w,n,e,b,s,s,w,o,d,p
f,f,y,f,c,b,e,b,k,k,w,o,d,p
f,f,g,f,c,b,e,b,k,k,w,o,p,p
f,y,e,t,c,b,t,b,s,s,w,o,d,e
x,y,y,f,c,b,e,b,k,k,w,o,p,p
f,f,y,f,c,b,e,b,k,k,w,o,p,p
x,f,g,f,c,n,e,b,s,s,w,o,d,p
x,s,p,f,w,n,e,b,s,s,w,o,d,p
x,f,e,t,c,b,t,b,s,s,w,o,d,e
x,y,y,f,c,b,e,b,k,k,w,o,g,p
f,f,n,t,c,b,t,b,s,s,w,o,d,e
f,y,e,t,c,b,t,b,s,s,w,o,d,e
f,y,y,f,c,b,e,b,k,k,w,o,d,p
x,f,y,f,c,b,e,b,k,k,w,o,g,p
x,y,g,f,c,b,e,b,k,k,w,o,d,p
f,f,g,f,c,b,e,b,k,k,w,o,d,p
f,f,y,f,c,b,e,b,k,k,w,o,p,p
f,y,g,t,c,b,t,b,s,s,w,o,d,e
x,y,g,f,c,b,e,b,k,k,w,o,p,p
x,y,y,f,c,b,e,b,k,k,w,o,p,p
f,f,g,f,c,b,e,b,k,k,w,o,p,p
f,f,y,f,c,b,e,b,k,k,w,o,p,p
f,f,e,t,c,b,t,b,s,s,w,o,d,e
f,y,n,t,c,b,t,b,s,s,w,o,d,e
x,f,y,f,c,b,e,b,k,k,w,o,g,p
f,y,u,f,c,n,e,,s,f,w,o,d,e
f,y,n,t,c,b,t,b,s,s,w,o,d,e
f,y,y,f,c,b,e,b,k,k,w,o,g,p
f,f,y,f,c,b,e,b,k,k,w,o,g,p
x,y,g,f,c,b,e,b,k,k,w,o,d,p
x,y,g,f,c,b,e,b,k,k,w,o,p,p
f,f,y,f,c,b,e,b,k,k,w,o,p,p
x,y,y,f,c,b,e,b,k,k,w,o,d,p
x,f,y,f,c,b,e,b,k,k,w,o,p,p
x,y,g,f,c,b,e,b,k,k,w,o,p,p
x,f,y,f,c,b,e,b,k,k,w,o,p,p
x,f,g,t,c,b,t,b,s,s,w,o,d,e
f,y,g,f,c,b,e,b,k,k,w,o,d,p
f,y,e,t,c,b,t,b,s,s,w,o,d,e
x,f,g,f,c,b,e,b,k,k,w,o,d,p
f,f,y,f,c,b,e,b,k,k,w,o,d,p
f,y,n,t,c,b,t,b,s,s,w,o,d,e
f,f,g,t,c,b,t,b,s,s,w,o,d,e
f,y,g,f,c,b,e,b,k,k,w,o,g,p
x,f,e,t,c,b,t,b,s,s,w,o,d,e
f,f,e,t,c,b,t,b,s,s,w,o,d,e
f,y,y,f,c,b,e,b,k,k,w,o,p,p
x,f,w,f,c,n,e,b,s,s,w,o,d,p
x,y,g,f,c,b,e,b,k,k,w,o,d,p
x,y,e,f,c,n,t,,k,s,w,o,d,p
x,f,y,f,c,b,e,b,k,k,w,o,p,p
f,y,g,f,c,b,e,b,k,k,w,o,d,p
f,y,g,t,c,b,t,b,s,s,w,o,d,e
x,y,n,f,c,n,t,,s,s,w,o,l,p
f,y,e,t,c,b,t,b,s,s,w,o,d,e
b,s,b,t,c,b,e,b,s,s,w,t,m,p
f,f,g,t,c,b,t,b,s,s,w,o,d,e
f,f,g,f,c,b,e,b,k,k,w,o,g,p
f,y,g,t,c,b,t,b,s,s,w,o,d,e
f,f,y,f,c,b,e,b,k,k,w,o,p,p
f,f,y,f,c,b,e,b,k,k,w,o,g,p
f,f,g,f,c,b,e,b,k,k,w,o,g,p
f,f,e,t,c,b,t,b,s,s,w,o,d,e
x,f,g,f,c,b,e,b,k,k,w,o,p,p
f,f,y,f,c,b,e,b,k,k,w,o,g,p
x,f,y,f,c,b,e,b,k,k,w,o,d,p
x,f,y,f,c,b,e,b,k,k,w,o,p,p
f,f,y,f,c,b,e,b,k,k,w,o,g,p
f,f,y,f,c,b,e,b,k,k,w,o,g,p
x,y,g,f,c,b,e,b,k,k,w,o,p,p
f,y,e,t,c,b,t,b,s,s,w,o,d,e
f,f,g,f,c,b,e,b,k,k,w,o,d,p
f,f,y,f,c,b,e,b,k,k,w,o,g,p
f,f,n,t,c,b,t,b,s,s,w,o,d,e
x,y,y,f,c,b,e,b,k,k,w,o,p,p
x,y,y,f,c,b,e,b,k,k,w,o,p,p
f,y,n,t,c,b,t,b,s,s,w,o,d,e
f,y,g,f,c,b,e,b,k,k,w,o,p,p
f,f,e,t,c,b,t,b,s,s,w,o,d,e
x,y,y,f,c,b,e,b,k,k,w,o,g,p
f,y,g,f,c,b,e,b,k,k,w,o,d,p
x,y,y,f,c,b,e,b,k,k,w,o,d,p
x,s,g,f,c,n,e,b,s,s,w,o,d,p
f,f,g,t,c,b,t,b,s,s,w,o,d,e
f,y,g,f,c,b,e,b,k,k,w,o,g,p
x,f,g,f,c,b,e,b,k,k,w,o,d,p
f,y,g,f,c,b,e,b,k,k,w,o,p,p
f,y,n,t,c,b,t,b,s,s,w,o,d,e
x,y,y,f,c,b,e,b,k,k,w,o,d,p
f,f,g,f,c,b,e,b,k,k,w,o,d,p
f,y,e,t,c,b,t,b,s,s,w,o,d,e
f,y,e,t,c,b,t,b,s,s,w,o,d,e
f,s,g,t,c,b,t,b,f,f,w,o,u,p
x,f,g,f,c,b,e,b,k,k,w,o,p,p
f,y,g,f,c,b,e,b,k,k,w,o,p,p
x,y,g,f,c,b,e,b,k,k,w,o,p,p
x,f,y,f,c,b,e,b,k,k,w,o,d,p
f,y,g,f,c,b,e,b,k,k,w,o,d,p
f,y,g,f,c,b,e,b,k,k,w,o,p,p
f,y,e,t,c,b,t,b,s,s,w,o,d,e
x,y,g,f,c,b,e,b,k,k,w,o,g,p
f,y,g,f,c,b,e,b,k,k,w,o,g,p
x,y,g,f,c,b,e,b,k,k,w,o,p,p
f,f,e,t,c,b,t,b,s,s,w,o,d,e
f,y,e,t,c,b,t,b,s,s,w,o,d,e
f,y,e,t,c,b,t,b,s,s,w,o,d,e
f,f,y,f,c,b,e,b,k,k,w,o,g,p
f,f,g,f,c,b,e,b,k,k,w,o,p,p
f,y,n,t,c,b,t,b,s,s,w,o,d,e
x,y,g,f,c,b,e,b,k,k,w,o,g,p
f,f,g,t,c,b,t,b,s,s,w,o,d,e
x,f,y,f,c,b,e,b,k,k,w,o,p,p
x,y,y,f,c,b,e,b,k,k,w,o,d,p
x,y,y,f,c,b,e,b,k,k,w,o,d,p
f,f,c,f,w,n,e,b,f,f,w,o,l,e
x,f,g,f,c,b,e,b,k,k,w,o,d,p
f,f,g,f,c,b,e,b,k,k,w,o,g,p
x,y,g,f,c,b,e,b,k,k,w,o,g,p
f,y,g,f,c,b,e,b,k,k,w,o,g,p
x,s,b,t,c,b,t,b,f,s,w,o,u,p
f,f,g,f,c,b,e,b,k,k,w,o,d,p
x,y,g,f,c,b,e,b,k,k,w,o,g,p
f,f,y,f,c,b,e,b,k,k,w,o,p,p
f,f,g,f,c,b,e,b,k,k,w,o,p,p
f,f,g,f,c,b,e,b,k,k,w,o,d,p
f,f,g,t,c,b,t,b,s,s,w,o,d,e
x,f,y,f,c,b,e,b,k,k,w,o,p,p
x,f,y,f,c,b,e,b,k,k,w,o,p,p
f,y,e,t,c,b,t,b,s,s,w,o,d,e
f,y,g,f,c,b,e,b,k,k,w,o,p,p
f,f,g,f,c,b,e,b,k,k,w,o,d,p
x,y,y,f,c,b,e,b,k,k,w,o,d,p
f,f,g,t,c,b,t,b,s,s,w,o,d,e
x,f,g,f,c,b,e,b,k,k,w,o,g,p
x,f,g,f,c,b,e,b,k,k,w,o,p,p
f,y,n,t,c,b,t,b,s,s,w,o,d,e
f,f,g,t,c,b,t,b,s,s,w,o,d,e
x,y,g,f,c,b,e,b,k,k,w,o,d,p
f,y,y,f,c,b,e,b,k,k,w,o,p,p
f,f,y,f,c,b,e,b,k,k,w,o,d,p
f,f,g,f,c,b,e,b,k,k,w,o,p,p
f,f,g,f,c,b,e,b,k,k,w,o,p,p
f,y,g,f,c,b,e,b,k,k,w,o,g,p
f,s,b,t,c,b,t,b,f,f,w,o,u,p
f,f,e,t,c,b,t,b,s,s,w,o,d,e
x,y,n,f,c,n,t,,k,k,w,o,d,p
x,y,g,t,c,b,t,b,s,s,w,o,d,e
x,f,g,f,w,n,e,b,s,s,w,o,d,p
x,f,p,f,w,n,e,b,s,s,w,o,d,p
x,y,n,f,c,n,t,,s,k,w,o,l,p
f,f,g,f,c,b,e,b,k,k,w,o,p,p
x,f,y,f,c,b,e,b,k,k,w,o,g,p
x,s,g,t,c,b,t,b,s,f,w,o,u,p
f,y,g,f,c,b,e,b,k,k,w,o,p,p
x,f,y,f,c,b,e,b,k,k,w,o,d,p
f,y,g,f,c,b,e,b,k,k,w,o,p,p
f,f,g,f,c,b,e,b,k,k,w,o,d,p
f,y,g,f,c,b,e,b,k,k,w,o,d,p
x,y,g,f,c,b,e,b,k,k,w,o,g,p
f,f,g,f,c,b,e,b,k,k,w,o,g,p
x,f,y,f,c,b,e,b,k,k,w,o,g,p
f,f,y,f,c,b,e,b,k,k,w,o,g,p
x,f,y,f,c,b,e,b,k,k,w,o,g,p
x,f,y,f,c,b,e,b,k,k,w,o,g,p
x,y,y,f,c,b,e,b,k,k,w,o,g,p
f,s,g,t,c,b,t,b,s,s,w,o,u,p
x,f,y,f,c,b,e,b,k,k,w,o,g,p
f,f,y,f,c,b,e,b,k,k,w,o,g,p
f,y,g,f,c,b,e,b,k,k,w,o,d,p
f,f,y,f,c,b,e,b,k,k,w,o,d,p
f,f,y,f,c,b,e,b,k,k,w,o,d,p
x,y,g,f,c,b,e,b,k,k,w,o,p,p
x,y,g,f,c,b,e,b,k,k,w,o,p,p
f,y,e,t,c,b,t,b,s,s,w,o,d,e
f,f,y,f,c,b,e,b,k,k,w,o,d,p
f,f,g,f,c,b,e,b,k,k,w,o,d,p
f,y,g,f,c,b,e,b,k,k,w,o,p,p
x,f,y,f,c,b,e,b,k,k,w,o,g,p
x,f,y,f,c,b,e,b,k,k,w,o,p,p
x,f,g,f,c,b,e,b,k,k,w,o,d,p
x,y,y,f,c,b,e,b,k,k,w,o,p,p
f,s,w,t,c,b,t,b,f,f,w,o,u,p
f,f,y,f,c,b,e,b,k,k,w,o,g,p
f,f,y,f,c,b,e,b,k,k,w,o,d,p
f,y,g,f,c,b,e,b,k,k,w,o,p,p
f,f,y,f,c,b,e,b,k,k,w,o,d,p
f,f,y,f,c,b,e,b,k,k,w,o,d,p
f,f,g,f,c,b,e,b,k,k,w,o,p,p
x,y,g,f,c,b,e,b,k,k,w,o,g,p
x,f,y,f,c,b,e,b,k,k,w,o,p,p
f,f,g,f,c,b,e,b,k,k,w,o,g,p
x,f,y,f,c,b,e,b,k,k,w,o,d,p
f,y,g,f,c,b,e,b,k,k,w,o,d,p
x,y,y,f,c,b,e,b,k,k,w,o,d,p
x,s,w,t,c,b,t,b,f,s,w,o,g,p
f,f,g,f,c,b,e,b,k,k,w,o,g,p
x,s,b,t,c,b,t,b,f,s,w,o,g,p
f,y,g,f,c,b,e,b,k,k,w,o,d,p
x,y,g,f,c,b,e,b,k,k,w,o,d,p
x,f,y,f,c,b,e,b,k,k,w,o,g,p
x,f,y,f,c,b,e,b,k,k,w,o,g,p
x,y,y,f,c,b,e,b,k,k,w,o,g,p
f,y,g,t,c,b,t,b,s,s,w,o,d,e
f,y,y,f,c,b,e,b,k,k,w,o,p,p
x,y,g,f,c,b,e,b,k,k,w,o,p,p
f,f,y,f,c,b,e,b,k,k,w,o,g,p
f,y,y,f,c,b,e,b,k,k,w,o,p,p
f,f,y,f,c,b,e,b,k,k,w,o,d,p
x,y,g,f,c,b,e,b,k,k,w,o,p,p
f,f,g,f,c,b,e,b,k,k,w,o,g,p
x,y,g,f,c,b,e,b,k,k,w,o,p,p
x,f,p,f,c,n,e,b,s,s,w,o,d,p
x,y,y,f,c,b,e,b,k,k,w,o,d,p
x,f,y,f,c,b,e,b,k,k,w,o,g,p
f,f,y,f,c,b,e,b,k,k,w,o,g,p
x,y,g,f,c,b,e,b,k,k,w,o,g,p
f,f,g,f,c,b,e,b,k,k,w,o,g,p
x,y,g,f,c,b,e,b,k,k,w,o,d,p
x,f,y,f,c,b,e,b,k,k,w,o,g,p
x,f,y,f,c,b,e,b,k,k,w,o,p,p
x,y,g,f,c,b,e,b,k,k,w,o,d,p
x,y,y,f,c,b,e,b,k,k,w,o,d,p
f,y,g,f,c,b,e,b,k,k,w,o,p,p
f,y,g,f,c,b,e,b,k,k,w,o,d,p
x,f,y,f,c,b,e,b,k,k,w,o,p,p
k,y,n,f,w,n,e,b,f,f,w,o,l,e
f,f,g,f,c,b,e,b,k,k,w,o,p,p
x,y,y,f,c,b,e,b,k,k,w,o,g,p
f,f,y,f,c,b,e,b,k,k,w,o,g,p
x,y,g,f,c,b,e,b,k,k,w,o,d,p
x,f,g,f,c,b,e,b,k,k,w,o,p,p
f,f,y,f,c,b,e,b,k,k,w,o,g,p
f,s,p,t,c,b,e,,s,s,w,t,w,e
f,f,y,f,c,b,e,b,k,k,w,o,p,p
x,f,y,f,c,b,e,b,k,k,w,o,d,p
x,y,g,f,c,b,e,b,k,k,w,o,d,p
f,y,g,f,c,b,e,b,k,k,w,o,p,p
x,f,y,f,c,b,e,b,k,k,w,o,d,p
f,y,g,f,c,b,e,b,k,k,w,o,g,p
f,y,g,f,c,b,e,b,k,k,w,o,g,p
k,s,p,t,c,b,e,,s,s,w,t,w,e
x,f,y,f,c,b,e,b,k,k,w,o,d,p
f,f,y,f,c,b,e,b,k,k,w,o,p,p
f,f,g,f,c,b,e,b,k,k,w,o,p,p
f,f,g,f,c,b,e,b,k,k,w,o,g,p
x,f,y,f,c,b,e,b,k,k,w,o,p,p
f,f,g,f,c,b,e,b,k,k,w,o,p,p
x,y,g,f,c,b,e,b,k,k,w,o,g,p
f,y,y,f,c,b,e,b,k,k,w,o,g,p
f,f,g,f,c,b,e,b,k,k,w,o,d,p
x,f,y,f,c,b,e,b,k,k,w,o,d,p
f,f,g,f,c,b,e,b,k,k,w,o,g,p
f,f,g,f,c,b,e,b,k,k,w,o,d,p
f,f,y,f,c,b,e,b,k,k,w,o,g,p
f,y,g,t,c,b,t,b,s,s,w,o,d,e
f,y,g,f,c,b,e,b,k,k,w,o,d,p
f,y,g,f,c,b,e,b,k,k,w,o,d,p
f,y,g,f,c,b,e,b,k,k,w,o,g,p
x,y,y,f,c,b,e,b,k,k,w,o,g,p
x,y,g,f,c,b,e,b,k,k,w,o,g,p
x,y,y,f,c,b,e,b,k,k,w,o,p,p
f,f,y,f,c,b,e,b,k,k,w,o,d,p
x,f,y,f,c,b,e,b,k,k,w,o,g,p
x,y,y,f,c,b,e,b,k,k,w,o,p,p
f,f,g,f,c,b,e,b,k,k,w,o,g,p
x,f,y,f,c,b,e,b,k,k,w,o,d,p
f,f,g,f,c,b,e,b,k,k,w,o,g,p
f,y,g,f,c,b,e,b,k,k,w,o,d,p
f,f,g,f,c,b,e,b,k,k,w,o,g,p
f,y,y,f,c,b,e,b,k,k,w,o,g,p
f,f,g,f,c,b,e,b,k,k,w,o,g,p
x,f,y,f,c,b,e,b,k,k,w,o,p,p
f,y,g,f,c,b,e,b,k,k,w,o,g,p
f,y,g,f,c,b,e,b,k,k,w,o,g,p
f,y,g,f,c,b,e,b,k,k,w,o,p,p
x,y,r,f,c,n,e,,s,f,w,o,d,e
f,y,y,f,c,b,e,b,k,k,w,o,g,p
x,f,y,f,c,b,e,b,k,k,w,o,d,p
x,y,n,f,c,n,t,,k,s,w,o,p,p
f,y,y,f,c,b,e,b,k,k,w,o,d,p
k,y,n,f,c,n,e,,k,y,w,o,d,p
f,f,y,f,c,b,e,b,k,k,w,o,d,p
x,y,g,f,c,b,e,b,k,k,w,o,d,p
x,y,g,f,c,b,e,b,k,k,w,o,g,p
f,y,g,f,c,b,e,b,k,k,w,o,g,p
x,f,y,f,c,b,e,b,k,k,w,o,d,p
x,f,g,f,c,b,e,b,k,k,w,o,d,p
x,y,g,f,c,b,e,b,k,k,w,o,d,p
x,y,g,f,c,b,e,b,k,k,w,o,g,p
x,y,g,f,c,b,e,b,k,k,w,o,g,p
f,y,e,t,c,b,t,b,s,s,w,o,d,e
f,f,y,f,c,b,e,b,k,k,w,o,p,p
x,y,y,f,c,b,e,b,k,k,w,o,g,p
f,f,y,f,c,b,e,b,k,k,w,o,g,p
x,f,y,f,c,b,e,b,k,k,w,o,p,p
f,f,g,f,c,b,e,b,k,k,w,o,g,p
f,f,g,f,c,b,e,b,k,k,w,o,g,p
x,y,y,f,c,b,e,b,k,k,w,o,g,p
f,s,b,t,c,b,t,b,s,s,w,o,u,p
x,y,g,f,c,b,e,b,k,k,w,o,g,p
x,y,y,f,c,b,e,b,k,k,w,o,p,p
f,f,g,f,c,b,e,b,k,k,w,o,p,p
f,y,g,f,c,b,e,b,k,k,w,o,d,p
f,f,y,f,c,b,e,b,k,k,w,o,d,p
f,y,g,f,c,b,e,b,k,k,w,o,g,p
x,y,g,f,c,b,e,b,k,k,w,o,g,p
x,s,e,t,c,b,e,,s,s,w,t,w,e
f,f,g,f,c,b,e,b,k,k,w,o,d,p
f,f,y,f,c,b,e,b,k,k,w,o,d,p
f,y,g,f,c,b,e,b,k,k,w,o,d,p
x,y,y,f,c,b,e,b,k,k,w,o,p,p
f,y,g,f,c,b,e,b,k,k,w,o,d,p
x,f,y,f,c,b,e,b,k,k,w,o,g,p
b,y,w,t,w,n,e,b,s,s,w,o,l,p
f,s,b,t,c,b,t,b,s,s,w,o,u,p
x,y,y,f,c,b,e,b,k,k,w,o,p,p
f,y,g,f,c,b,e,b,k,k,w,o,d,p
f,y,g,f,c,b,e,b,k,k,w,o,p,p
f,y,y,f,c,b,e,b,k,k,w,o,p,p
f,f,g,f,c,b,e,b,k,k,w,o,d,p
x,y,y,f,c,b,e,b,k,k,w,o,d,p
x,f,y,f,c,b,e,b,k,k,w,o,g,p
f,f,g,f,c,b,e,b,k,k,w,o,g,p
x,s,w,t,c,b,t,b,f,f,w,o,u,p
f,y,g,t,c,b,t,b,s,s,w,o,d,e
x,y,n,f,c,n,t,,s,k,w,o,d,p
f,y,g,f,c,b,e,b,k,k,w,o,d,p
f,f,g,f,c,b,e,b,k,k,w,o,g,p
f,y,e,t,c,b,t,b,s,s,w,o,d,e
x,y,b,t,c,b,e,,s,s,w,t,w,e
x,y,y,f,c,b,e,b,k,k,w,o,g,p
x,y,y,f,c,b,e,b,k,k,w,o,d,p
x,y,y,f,c,b,e,b,k,k,w,o,p,p
x,y,y,f,c,b,e,b,k,k,w,o,g,p
f,f,y,f,c,b,e,b,k,k,w,o,g,p
f,y,g,f,c,b,e,b,k,k,w,o,g,p
x,f,g,f,c,b,e,b,k,k,w,o,g,p
f,y,y,f,c,b,e,b,k,k,w,o,g,p
x,y,g,f,c,b,e,b,k,k,w,o,g,p
x,y,y,f,c,b,e,b,k,k,w,o,g,p
f,y,g,f,c,b,e,b,k,k,w,o,p,p
f,y,y,f,c,b,e,b,k,k,w,o,g,p
x,y,g,f,c,b,e,b,k,k,w,o,d,p
f,y,g,f,c,b,e,b,k,k,w,o,d,p
f,y,g,f,c,b,e,b,k,k,w,o,p,p
x,y,u,f,c,n,e,,s,f,w,o,d,e
x,f,g,f,c,b,e,b,k,k,w,o,g,p
f,f,y,f,c,b,e,b,k,k,w,o,g,p
f,f,y,f,c,b,e,b,k,k,w,o,g,p
x,f,y,f,c,b,e,b,k,k,w,o,g,p
f,f,y,f,c,b,e,b,k,k,w,o,g,p
f,f,g,f,c,b,e,b,k,k,w,o,g,p
f,y,g,f,c,b,e,b,k,k,w,o,d,p
f,f,g,f,c,b,e,b,k,k,w,o,g,p
f,f,y,f,c,b,e,b,k,k,w,o,d,p
f,y,y,f,c,b,e,b,k,k,w,o,p,p
f,f,g,f,c,b,e,b,k,k,w,o,p,p
f,y,g,f,c,b,e,b,k,k,w,o,g,p
f,f,y,f,c,b,e,b,k,k,w,o,d,p
f,f,e,t,c,b,t,b,s,s,w,o,d,e
f,s,b,t,c,b,t,b,s,f,w,o,u,p
f,y,g,f,c,b,e,b,k,k,w,o,d,p
f,f,g,f,c,b,e,b,k,k,w,o,p,p
x,y,y,f,c,b,e,b,k,k,w,o,g,p
f,f,y,f,c,b,e,b,k,k,w,o,p,p
f,y,y,f,c,b,e,b,k,k,w,o,d,p
f,y,n,t,c,b,t,b,s,s,w,o,d,e
f,y,y,f,c,b,e,b,k,k,w,o,g,p
x,s,b,t,c,b,e,,s,s,w,t,w,e
x,y,y,f,c,b,e,b,k,k,w,o,g,p
x,f,y,f,c,b,e,b,k,k,w,o,d,p
x,y,y,f,c,b,e,b,k,k,w,o,g,p
f,y,g,f,c,b,e,b,k,k,w,o,p,p
f,f,e,t,c,b,t,b,s,s,w,o,d,e
f,f,y,f,c,b,e,b,k,k,w,o,d,p
f,f,y,f,c,b,e,b,k,k,w,o,g,p
x,y,y,f,c,b,e,b,k,k,w,o,d,p
x,f,y,f,c,b,e,b,k,k,w,o,g,p
x,y,n,f,c,n,t,,k,s,w,o,d,p
f,f,y,f,c,b,e,b,k,k,w,o,p,p
x,y,y,f,c,b,e,b,k,k,w,o,g,p
f,f,y,f,c,b,e,b,k,k,w,o,p,p
f,f,y,f,c,b,e,b,k,k,w,o,d,p
f,y,g,f,c,b,e,b,k,k,w,o,p,p
f,y,g,f,c,b,e,b,k,k,w,o,g,p
f,y,g,f,c,b,e,b,k,k,w,o,d,p
f,f,g,f,c,b,e,b,k,k,w,o,g,p
x,s,g,f,c,n,e,b,s,s,w,o,d,p
x,y,y,f,c,b,e,b,k,k,w,o,g,p
f,s,g,t,c,b,t,b,f,f,w,o,u,p
x,y,g,f,c,b,e,b,k,k,w,o,g,p
x,y,y,f,c,b,e,b,k,k,w,o,p,p
x,y,y,f,c,b,e,b,k,k,w,o,d,p
f,y,g,t,c,b,t,b,s,s,w,o,d,e
f,f,g,f,c,b,e,b,k,k,w,o,d,p
f,y,y,f,c,b,e,b,k,k,w,o,g,p
f,y,g,f,c,b,e,b,k,k,w,o,p,p
x,y,y,f,c,b,e,b,k,k,w,o,g,p
x,y,g,f,c,b,e,b,k,k,w,o,d,p
x,f,y,f,c,b,e,b,k,k,w,o,p,p
f,y,n,t,c,b,t,b,s,s,w,o,d,e
x,y,g,f,c,b,e,b,k,k,w,o,g,p
f,f,y,f,c,b,e,b,k,k,w,o,g,p
x,y,g,f,c,b,e,b,k,k,w,o,p,p
x,y,y,f,c,b,e,b,k,k,w,o,g,p
f,f,g,f,c,b,e,b,k,k,w,o,p,p
f,f,g,f,c,b,e,b,k,k,w,o,g,p
x,y,y,f,c,b,e,b,k,k,w,o,g,p
k,y,b,t,c,b,e,,s,s,w,t,w,e
x,y,y,f,c,b,e,b,k,k,w,o,p,p
x,y,n,f,c,n,t,,s,k,w,o,d,p
f,y,g,f,c,b,e,b,k,k,w,o,p,p
x,y,g,f,c,b,e,b,k,k,w,o,p,p
f,y,y,f,c,b,e,b,k,k,w,o,g,p
f,y,g,f,c,b,e,b,k,k,w,o,d,p
f,f,g,f,c,b,e,b,k,k,w,o,g,p
f,y,y,f,c,b,e,b,k,k,w,o,g,p
x,f,y,f,c,b,e,b,k,k,w,o,d,p
x,s,w,t,c,b,t,b,f,f,w,o,u,p
x,y,y,f,c,b,e,b,k,k,w,o,g,p
f,f,y,f,c,b,e,b,k,k,w,o,p,p
x,f,y,f,c,b,e,b,k,k,w,o,g,p
x,y,y,f,c,b,e,b,k,k,w,o,p,p
f,y,y,f,c,b,e,b,k,k,w,o,g,p
x,y,y,f,c,b,e,b,k,k,w,o,g,p
x,y,y,f,c,b,e,b,k,k,w,o,p,p
f,y,g,f,c,b,e,b,k,k,w,o,p,p
f,f,y,f,c,b,e,b,k,k,w,o,p,p
f,f,g,f,c,b,e,b,k,k,w,o,p,p
f,y,n,t,c,b,t,b,s,s,w,o,d,e
x,y,y,f,c,b,e,b,k,k,w,o,d,p
x,y,g,f,c,b,e,b,k,k,w,o,p,p
f,y,g,f,c,b,e,b,k,k,w,o,g,p
f,y,g,f,c,b,e,b,k,k,w,o,g,p
x,y,y,f,c,b,e,b,k,k,w,o,d,p
f,f,g,f,c,b,e,b,k,k,w,o,p,p
x,y,g,f,c,b,e,b,k,k,w,o,d,p
x,y,y,f,c,b,e,b,k,k,w,o,d,p
x,f,y,f,c,b,e,b,k,k,w,o,d,p
f,f,y,f,c,b,e,b,k,k,w,o,d,p
f,f,c,f,w,n,e,b,s,f,w,o,l,e
f,y,g,f,c,b,e,b,k,k,w,o,g,p
x,y,g,f,c,b,e,b,k,k,w,o,p,p
f,f,y,f,c,n,e,,k,y,w,o,d,p
f,f,y,f,c,b,e,b,k,k,w,o,p,p
x,s,g,t,c,b,t,b,f,s,w,o,g,p
f,s,n,t,c,b,e,,s,s,w,t,w,e
x,y,n,f,c,n,t,,s,k,w,o,p,p
x,s,g,f,w,n,e,b,s,s,w,o,d,p
x,f,y,f,c,b,e,b,k,k,w,o,d,p
f,y,g,f,c,b,e,b,k,k,w,o,g,p
f,y,g,f,c,b,e,b,k,k,w,o,d,p
x,y,y,f,c,b,e,b,k,k,w,o,g,p
x,y,y,f,c,b,e,b,k,k,w,o,g,p
x,y,g,f,c,b,e,b,k,k,w,o,d,p
f,y,g,f,c,b,e,b,k,k,w,o,d,p
f,y,g,f,c,b,e,b,k,k,w,o,g,p
f,f,y,f,c,b,e,b,k,k,w,o,g,p
x,f,y,f,c,b,e,b,k,k,w,o,d,p
f,f,y,f,c,b,e,b,k,k,w,o,p,p
f,f,g,f,c,b,e,b,k,k,w,o,p,p
f,f,y,f,c,b,e,b,k,k,w,o,p,p
f,y,y,f,c,b,e,b,k,k,w,o,d,p
f,f,y,f,c,b,e,b,k,k,w,o,p,p
f,f,y,f,c,b,e,b,k,k,w,o,d,p
x,y,g,f,c,b,e,b,k,k,w,o,g,p
x,y,g,f,c,b,e,b,k,k,w,o,g,p
x,y,g,f,c,b,e,b,k,k,w,o,d,p
x,s,b,t,c,b,e,,s,s,w,t,w,e
f,f,g,f,c,b,e,b,k,k,w,o,d,p
x,f,y,f,c,b,e,b,k,k,w,o,d,p
x,y,n,f,c,n,t,,s,s,w,o,l,p
x,y,g,f,c,b,e,b,k,k,w,o,d,p
f,y,g,f,c,b,e,b,k,k,w,o,p,p
f,y,g,f,c,b,e,b,k,k,w,o,d,p
f,f,y,f,c,b,e,b,k,k,w,o,g,p
x,y,y,f,c,b,e,b,k,k,w,o,d,p
x,f,y,f,c,b,e,b,k,k,w,o,g,p
f,f,g,f,c,b,e,b,k,k,w,o,p,p
x,y,g,f,c,b,e,b,k,k,w,o,p,p
f,f,y,f,c,b,e,b,k,k,w,o,g,p
x,f,y,f,c,b,e,b,k,k,w,o,g,p
x,y,u,f,c,n,e,,s,f,w,o,d,e
f,y,b,t,c,b,e,,s,s,w,t,w,e
f,y,y,f,c,b,e,b,k,k,w,o,d,p
x,y,y,f,c,b,e,b,k,k,w,o,p,p
x,y,g,f,c,b,e,b,k,k,w,o,g,p
f,f,g,f,c,b,e,b,k,k,w,o,d,p
f,y,g,f,c,b,e,b,k,k,w,o,g,p
f,f,g,f,c,b,e,b,k,k,w,o,g,p
f,y,g,f,c,b,e,b,k,k,w,o,g,p
x,f,y,f,c,b,e,b,k,k,w,o,g,p
f,f,y,f,c,b,e,b,k,k,w,o,d,p
f,f,g,f,c,b,e,b,k,k,w,o,d,p
f,y,y,f,c,b,e,b,k,k,w,o,g,p
f,y,y,f,c,b,e,b,k,k,w,o,g,p
f,f,g,f,c,b,e,b,k,k,w,o,g,p
f,s,b,t,c,b,t,b,s,f,w,o,g,p
f,s,w,t,c,b,e,b,s,s,w,t,m,p
x,y,y,f,c,b,e,b,k,k,w,o,p,p
f,f,y,f,c,b,e,b,k,k,w,o,p,p
f,y,g,f,c,b,e,b,k,k,w,o,g,p
x,y,y,f,c,b,e,b,k,k,w,o,d,p
x,f,y,f,c,b,e,b,k,k,w,o,p,p
x,f,y,f,c,b,e,b,k,k,w,o,d,p
f,f,g,t,c,b,t,b,s,s,w,o,d,e
x,y,u,f,c,n,e,,s,f,w,o,d,e
x,y,g,f,c,b,e,b,k,k,w,o,d,p
f,f,y,f,c,b,e,b,k,k,w,o,g,p
x,y,y,f,c,b,e,b,k,k,w,o,d,p
f,y,g,f,c,b,e,b,k,k,w,o,d,p
x,y,y,f,c,b,e,b,k,k,w,o,p,p
x,f,y,f,c,b,e,b,k,k,w,o,d,p
x,y,y,f,c,b,e,b,k,k,w,o,p,p
f,f,y,f,c,b,e,b,k,k,w,o,g,p
x,y,g,f,c,b,e,b,k,k,w,o,p,p
f,y,g,f,c,b,e,b,k,k,w,o,g,p
f,y,g,f,c,b,e,b,k,k,w,o,p,p
x,f,y,f,c,b,e,b,k,k,w,o,p,p
f,f,e,t,c,b,t,b,s,s,w,o,d,e
x,y,y,f,c,b,e,b,k,k,w,o,d,p
f,f,g,f,c,b,e,b,k,k,w,o,d,p
x,y,g,f,c,b,e,b,k,k,w,o,p,p
f,y,g,f,c,b,e,b,k,k,w,o,p,p
f,f,g,f,c,b,e,b,k,k,w,o,p,p
f,f,g,f,c,b,e,b,k,k,w,o,d,p
f,f,g,f,c,b,e,b,k,k,w,o,g,p
f,y,g,f,c,b,e,b,k,k,w,o,d,p
f,f,y,f,c,b,e,b,k,k,w,o,d,p
x,f,y,f,c,b,e,b,k,k,w,o,d,p
x,y,g,f,c,b,e,b,k,k,w,o,p,p
x,y,g,f,c,b,e,b,k,k,w,o,p,p
x,f,w,f,c,n,e,b,s,s,w,o,d,p
f,f,g,f,c,b,e,b,k,k,w,o,d,p
x,f,y,f,c,b,e,b,k,k,w,o,p,p
f,y,g,f,c,b,e,b,k,k,w,o,d,p
x,f,y,f,c,b,e,b,k,k,w,o,g,p
f,y,g,f,c,b,e,b,k,k,w,o,d,p
f,y,g,f,c,b,e,b,k,k,w,o,d,p
f,f,y,f,c,b,e,b,k,k,w,o,p,p
x,y,g,f,c,b,e,b,k,k,w,o,g,p
f,y,y,f,c,b,e,b,k,k,w,o,g,p
f,f,y,f,c,b,e,b,k,k,w,o,p,p
x,f,y,f,c,b,e,b,k,k,w,o,d,p
f,f,y,f,c,b,e,b,k,k,w,o,g,p
x,y,y,f,c,b,e,b,k,k,w,o,p,p
f,f,y,f,c,b,e,b,k,k,w,o,d,p
x,f,y,f,c,b,e,b,k,k,w,o,g,p
f,y,g,f,c,b,e,b,k,k,w,o,d,p
f,f,g,f,c,b,e,b,k,k,w,o,d,p
f,f,y,f,c,b,e,b,k,k,w,o,g,p
f,f,g,f,c,b,e,b,k,k,w,o,d,p
f,f,g,f,c,b,e,b,k,k,w,o,g,p
f,f,y,f,c,b,e,b,k,k,w,o,d,p
x,y,y,f,c,b,e,b,k,k,w,o,d,p
x,y,y,f,c,b,e,b,k,k,w,o,d,p
f,f,y,f,c,b,e,b,k,k,w,o,d,p
x,y,y,f,c,b,e,b,k,k,w,o,d,p
x,y,y,f,c,b,e,b,k,k,w,o,g,p
x,y,n,f,c,n,t,,s,s,w,o,d,p
f,y,b,t,c,b,e,,s,s,w,t,w,e
x,f,y,f,c,b,e,b,k,k,w,o,g,p
x,y,y,f,c,b,e,b,k,k,w,o,d,p
f,y,g,f,c,b,e,b,k,k,w,o,d,p
x,y,y,f,c,b,e,b,k,k,w,o,d,p
f,y,g,f,c,b,e,b,k,k,w,o,p,p
f,y,g,f,c,b,e,b,k,k,w,o,d,p
f,f,g,f,c,b,e,b,k,k,w,o,p,p
x,f,y,f,c,b,e,b,k,k,w,o,p,p
f,f,y,f,c,b,e,b,k,k,w,o,g,p
f,f,y,f,c,b,e,b,k,k,w,o,d,p
f,y,g,f,c,b,e,b,k,k,w,o,p,p
f,y,g,f,c,b,e,b,k,k,w,o,g,p
f,f,g,f,c,b,e,b,k,k,w,o,g,p
f,y,g,f,c,b,e,b,k,k,w,o,d,p
f,f,g,f,c,b,e,b,k,k,w,o,d,p
f,y,g,f,c,b,e,b,k,k,w,o,p,p
x,f,g,f,c,n,e,b,s,s,w,o,d,p
f,s,b,t,c,b,t,b,f,f,w,o,g,p
f,f,e,t,c,b,t,b,s,s,w,o,d,e
x,y,y,f,c,b,e,b,k,k,w,o,p,p
x,y,g,f,c,b,e,b,k,k,w,o,d,p
f,y,g,f,c,b,e,b,k,k,w,o,g,p
f,f,g,t,c,b,t,b,s,s,w,o,d,e
x,y,y,f,c,b,e,b,k,k,w,o,d,p
x,y,y,f,c,b,e,b,k,k,w,o,p,p
f,f,y,f,c,b,e,b,k,k,w,o,p,p
x,f,y,f,c,b,e,b,k,k,w,o,p,p
x,f,y,f,c,b,e,b,k,k,w,o,d,p
x,y,g,f,c,b,e,b,k,k,w,o,g,p
f,s,w,t,c,b,t,b,s,f,w,o,u,p
x,y,g,f,c,b,e,b,k,k,w,o,d,p
x,f,y,f,c,b,e,b,k,k,w,o,g,p
f,y,g,f,c,b,e,b,k,k,w,o,p,p
x,y,g,f,c,b,e,b,k,k,w,o,p,p
x,f,y,f,c,b,e,b,k,k,w,o,d,p
f,y,u,f,c,n,e,,s,f,w,o,d,e
f,f,y,f,c,b,e,b,k,k,w,o,d,p
f,y,g,f,c,b,e,b,k,k,w,o,g,p
x,y,y,f,c,b,e,b,k,k,w,o,g,p
f,f,g,f,c,b,e,b,k,k,w,o,g,p
f,y,n,t,c,b,t,b,s,s,w,o,d,e
x,f,y,f,c,b,e,b,k,k,w,o,p,p
f,f,g,f,c,b,e,b,k,k,w,o,d,p
x,y,g,f,c,b,e,b,k,k,w,o,p,p
f,f,y,f,c,b,e,b,k,k,w,o,g,p
x,f,y,f,c,b,e,b,k,k,w,o,d,p
x,y,y,f,c,b,e,b,k,k,w,o,p,p
x,f,y,f,c,b,e,b,k,k,w,o,p,p
f,y,g,f,c,b,e,b,k,k,w,o,g,p
x,s,w,t,c,b,t,b,f,f,w,o,u,p
f,y,e,t,c,b,e,,s,s,w,t,w,e
x,y,u,f,c,n,e,,s,f,w,o,d,e
x,y,y,f,c,b,e,b,k,k,w,o,g,p
x,y,g,f,c,b,e,b,k,k,w,o,d,p
x,f,y,f,c,b,e,b,k,k,w,o,p,p
f,f,g,f,c,b,e,b,k,k,w,o,d,p
x,y,g,f,c,b,e,b,k,k,w,o,p,p
f,f,g,f,c,b,e,b,k,k,w,o,g,p
f,f,y,f,c,b,e,b,k,k,w,o,g,p
x,y,g,f,c,b,e,b,k,k,w,o,p,p
f,y,g,f,c,b,e,b,k,k,w,o,p,p
f,s,p,t,c,b,e,,s,s,w,t,w,e
f,f,g,f,c,b,e,b,k,k,w,o,p,p
x,y,y,f,c,b,e,b,k,k,w,o,p,p
x,y,g,f,c,b,e,b,k,k,w,o,p,p
f,f,y,f,c,b,e,b,k,k,w,o,g,p
x,f,y,f,c,b,e,b,k,k,w,o,d,p
f,y,g,f,c,b,e,b,k,k,w,o,d,p
f,y,y,f,c,b,e,b,k,k,w,o,p,p
x,y,g,f,c,b,e,b,k,k,w,o,g,p
x,y,g,f,c,b,e,b,k,k,w,o,d,p
f,f,y,f,c,b,e,b,k,k,w,o,p,p
f,f,g,f,c,b,e,b,k,k,w,o,d,p
x,y,g,f,c,b,e,b,k,k,w,o,p,p
f,f,y,f,c,b,e,b,k,k,w,o,p,p
f,y,g,f,c,b,e,b,k,k,w,o,d,p
x,y,g,f,c,b,e,b,k,k,w,o,g,p
f,f,g,f,c,b,e,b,k,k,w,o,d,p
x,y,g,f,c,b,e,b,k,k,w,o,g,p
f,f,g,f,c,b,e,b,k,k,w,o,d,p
x,y,y,f,c,b,e,b,k,k,w,o,p,p
x,f,y,f,c,b,e,b,k,k,w,o,g,p
x,y,g,f,c,b,e,b,k,k,w,o,p,p
f,f,y,f,c,b,e,b,k,k,w,o,p,p
f,y,n,t,c,b,t,b,s,s,w,o,d,e
f,f,g,f,c,b,e,b,k,k,w,o,d,p
x,y,y,f,c,b,e,b,k,k,w,o,p,p
x,s,g,t,c,b,t,b,f,f,w,o,g,p
f,y,y,f,c,b,e,b,k,k,w,o,p,p
x,y,y,f,c,b,e,b,k,k,w,o,p,p
x,f,w,f,c,n,e,b,s,s,w,o,d,p
x,f,y,f,c,b,e,b,k,k,w,o,d,p
f,s,b,t,c,b,t,b,f,s,w,o,u,p
x,y,y,f,c,b,e,b,k,k,w,o,g,p
x,y,g,f,c,b,e,b,k,k,w,o,d,p
f,f,y,f,c,b,e,b,k,k,w,o,g,p
f,s,p,t,c,b,e,b,s,s,w,t,g,p
f,s,b,t,c,b,t,b,f,f,w,o,u,p
x,y,g,f,c,b,e,b,k,k,w,o,g,p
x,y,g,f,c,b,e,b,k,k,w,o,g,p
x,y,g,f,c,b,e,b,k,k,w,o,g,p
f,f,g,f,c,b,e,b,k,k,w,o,p,p
f,f,g,f,c,b,e,b,k,k,w,o,p,p
x,f,y,f,c,b,e,b,k,k,w,o,p,p
f,f,y,f,c,b,e,b,k,k,w,o,p,p
f,y,u,f,c,n,e,,s,f,w,o,d,e
x,f,y,f,c,b,e,b,k,k,w,o,g,p
f,f,e,t,c,b,t,b,s,s,w,o,d,e
f,f,y,f,c,b,e,b,k,k,w,o,g,p
x,f,y,f,c,b,e,b,k,k,w,o,g,p
x,y,n,f,c,n,t,,k,s,w,o,l,p
x,y,g,f,c,b,e,b,k,k,w,o,g,p
x,f,y,f,c,b,e,b,k,k,w,o,d,p
f,f,g,f,c,b,e,b,k,k,w,o,g,p
x,y,g,f,c,b,e,b,k,k,w,o,p,p
x,y,g,f,c,b,e,b,k,k,w,o,g,p
x,f,y,f,c,b,e,b,k,k,w,o,d,p
f,f,y,f,c,b,e,b,k,k,w,o,g,p
f,y,g,f,c,b,e,b,k,k,w,o,p,p
f,y,g,f,c,b,e,b,k,k,w,o,g,p
f,y,n,t,c,b,t,b,s,s,w,o,d,e
x,y,y,f,c,b,e,b,k,k,w,o,g,p
f,f,e,t,c,b,t,b,s,s,w,o,d,e
x,f,y,f,c,b,e,b,k,k,w,o,d,p
x,y,g,f,c,b,e,b,k,k,w,o,p,p
f,y,g,f,c,b,e,b,k,k,w,o,p,p
x,f,y,f,c,b,e,b,k,k,w,o,p,p
f,f,g,f,c,b,e,b,k,k,w,o,d,p
f,f,g,f,c,b,e,b,k,k,w,o,d,p
f,y,g,f,c,b,e,b,k,k,w,o,p,p
f,y,g,f,c,b,e,b,k,k,w,o,g,p
x,f,y,f,c,b,e,b,k,k,w,o,d,p
x,y,y,f,c,b,e,b,k,k,w,o,p,p
f,f,y,f,c,b,e,b,k,k,w,o,d,p
x,y,g,f,c,b,e,b,k,k,w,o,d,p
f,f,y,f,c,b,e,b,k,k,w,o,p,p
f,y,g,f,c,b,e,b,k,k,w,o,d,p
x,f,p,f,w,n,e,b,s,s,w,o,d,p
f,f,y,f,c,b,e,b,k,k,w,o,d,p
x,y,g,f,c,b,e,b,k,k,w,o,d,p
x,y,y,f,c,b,e,b,k,k,w,o,g,p
x,y,g,f,c,b,e,b,k,k,w,o,d,p
f,y,y,f,c,b,e,b,k,k,w,o,p,p
x,y,g,f,c,b,e,b,k,k,w,o,p,p
x,f,y,f,c,b,e,b,k,k,w,o,d,p
f,y,g,f,c,b,e,b,k,k,w,o,d,p
f,y,g,f,c,b,e,b,k,k,w,o,g,p
x,y,y,f,c,b,e,b,k,k,w,o,d,p
f,f,y,f,c,b,e,b,k,k,w,o,d,p
x,y,g,f,c,b,e,b,k,k,w,o,d,p
x,y,y,f,c,b,e,b,k,k,w,o,d,p
x,y,g,f,c,b,e,b,k,k,w,o,d,p
x,y,g,f,c,b,e,b,k,k,w,o,g,p
x,f,y,f,c,b,e,b,k,k,w,o,g,p
x,y,g,f,c,b,e,b,k,k,w,o,d,p
f,f,g,f,c,b,e,b,k,k,w,o,p,p
f,f,g,f,c,b,e,b,k,k,w,o,g,p
x,y,g,f,c,b,e,b,k,k,w,o,p,p
x,f,y,f,c,b,e,b,k,k,w,o,d,p
x,y,g,f,c,b,e,b,k,k,w,o,d,p
f,f,g,f,c,b,e,b,k,k,w,o,p,p
x,y,y,f,c,b,e,b,k,k,w,o,p,p
x,f,y,f,c,b,e,b,k,k,w,o,d,p
f,y,g,f,c,b,e,b,k,k,w,o,d,p
f,f,g,f,c,b,e,b,k,k,w,o,p,p
x,s,p,t,c,b,e,,s,s,w,t,w,e
f,f,y,f,c,b,e,b,k,k,w,o,d,p
x,s,p,f,w,n,e,b,s,s,w,o,d,p
x,f,y,f,c,b,e,b,k,k,w,o,g,p
f,f,g,f,c,b,e,b,k,k,w,o,p,p
x,f,y,f,c,b,e,b,k,k,w,o,g,p
f,f,e,t,c,b,t,b,s,s,w,o,d,e
x,y,y,f,c,b,e,b,k,k,w,o,d,p
x,f,y,f,c,b,e,b,k,k,w,o,g,p
f,y,g,f,c,b,e,b,k,k,w,o,g,p
f,f,y,f,c,b,e,b,k,k,w,o,g,p
f,y,n,t,c,b,t,b,s,s,w,o,d,e
x,y,y,f,c,b,e,b,k,k,w,o,p,p
f,f,g,f,c,b,e,b,k,k,w,o,p,p
x,y,y,f,c,b,e,b,k,k,w,o,p,p
f,f,y,f,c,b,e,b,k,k,w,o,d,p
f,y,y,f,c,b,e,b,k,k,w,o,d,p
f,y,g,f,c,b,e,b,k,k,w,o,g,p
f,f,g,f,c,b,e,b,k,k,w,o,g,p
x,y,y,f,c,b,e,b,k,k,w,o,g,p
f,y,g,f,c,b,e,b,k,k,w,o,p,p
x,y,y,f,c,b,e,b,k,k,w,o,g,p
f,f,g,t,c,b,t,b,s,s,w,o,d,e
x,s,g,t,c,b,t,b,f,s,w,o,g,p
x,y,n,f,c,n,t,,s,k,w,o,p,p
f,s,g,t,c,b,t,b,s,f,w,o,g,p
f,y,g,f,c,b,e,b,k,k,w,o,g,p
f,y,y,f,c,b,e,b,k,k,w,o,g,p
f,y,g,f,c,b,e,b,k,k,w,o,d,p
f,y,e,t,c,b,e,,s,s,w,t,w,e
f,y,g,f,c,b,e,b,k,k,w,o,p,p
x,f,y,f,c,b,e,b,k,k,w,o,g,p
f,f,g,f,c,b,e,b,k,k,w,o,d,p
x,y,y,f,c,b,e,b,k,k,w,o,d,p
f,f,y,f,c,b,e,b,k,k,w,o,g,p
f,y,n,t,c,b,e,,s,s,w,t,w,e
f,y,g,f,c,b,e,b,k,k,w,o,g,p
k,f,n,f,c,n,e,,k,y,w,o,d,p
f,f,g,f,c,b,e,b,k,k,w,o,d,p
f,f,y,f,c,b,e,b,k,k,w,o,p,p
x,y,n,f,c,n,t,,s,k,w,o,p,p
f,f,g,f,c,b,e,b,k,k,w,o,d,p
f,f,g,f,c,b,e,b,k,k,w,o,p,p
f,s,w,t,c,b,t,b,f,f,w,o,g,p
f,f,y,f,c,b,e,b,k,k,w,o,d,p
x,y,g,f,c,b,e,b,k,k,w,o,g,p
x,f,y,f,c,b,e,b,k,k,w,o,g,p
x,y,e,t,c,b,e,,s,s,w,t,w,e
f,y,y,f,c,b,e,b,k,k,w,o,d,p
b,f,y,f,c,n,e,,k,y,w,o,d,p
f,y,y,f,c,b,e,b,k,k,w,o,d,p
x,s,g,t,c,b,t,b,f,f,w,o,u,p
f,y,y,f,c,b,e,b,k,k,w,o,d,p
f,f,y,f,c,b,e,b,k,k,w,o,g,p
k,y,e,t,c,b,e,,s,s,w,t,w,e
f,f,y,f,c,b,e,b,k,k,w,o,p,p
f,f,y,f,c,b,e,b,k,k,w,o,p,p
k,y,n,f,w,n,e,b,f,s,w,o,l,e
x,s,w,f,c,n,e,b,s,s,w,o,d,p
x,f,y,f,c,b,e,b,k,k,w,o,g,p
x,f,y,f,c,b,e,b,k,k,w,o,p,p
x,f,y,f,c,b,e,b,k,k,w,o,d,p
f,y,y,f,c,b,e,b,k,k,w,o,p,p
b,s,b,t,c,b,e,b,s,s,w,t,g,p
x,s,w,t,c,b,t,b,f,f,w,o,g,p
f,y,e,t,c,b,t,b,s,s,w,o,d,e
b,s,w,t,c,b,e,b,s,s,w,t,m,p
f,y,p,t,c,b,e,,s,s,w,t,w,e
x,s,w,t,c,b,t,b,f,f,w,o,g,p
k,y,n,t,c,b,e,,s,s,w,t,w,e
x,y,y,f,c,b,e,b,k,k,w,o,p,p
f,s,b,t,c,b,t,b,f,s,w,o,u,p
f,y,g,f,c,b,e,b,k,k,w,o,d,p
x,y,y,f,c,b,e,b,k,k,w,o,d,p
x,y,g,f,c,b,e,b,k,k,w,o,d,p
x,f,y,f,c,b,e,b,k,k,w,o,p,p
x,y,y,f,c,b,e,b,k,k,w,o,d,p
x,y,y,f,c,b,e,b,k,k,w,o,d,p
x,f,y,f,c,b,e,b,k,k,w,o,p,p
x,y,g,f,c,b,e,b,k,k,w,o,p,p
f,f,g,f,c,b,e,b,k,k,w,o,p,p
k,s,e,t,c,b,e,,s,s,w,t,w,e
f,y,n,t,c,b,e,,s,s,w,t,w,e
f,s,b,t,c,b,e,,s,s,w,t,w,e
x,y,y,f,c,b,e,b,k,k,w,o,d,p
f,f,g,t,c,b,t,b,s,s,w,o,d,e
f,f,y,f,c,b,e,b,k,k,w,o,p,p
f,y,g,f,c,b,e,b,k,k,w,o,g,p
x,s,g,t,c,b,t,b,f,f,w,o,g,p
f,f,g,f,c,b,e,b,k,k,w,o,p,p
x,f,y,f,c,b,e,b,k,k,w,o,d,p
f,f,y,f,c,b,e,b,k,k,w,o,g,p
x,y,n,f,c,n,t,,k,k,w,o,l,p
f,f,g,f,c,b,e,b,k,k,w,o,p,p
f,y,n,t,c,b,e,,s,s,w,t,w,e
f,y,e,t,c,b,t,b,s,s,w,o,d,e
f,y,g,f,c,b,e,b,k,k,w,o,g,p
x,y,y,f,c,b,e,b,k,k,w,o,p,p
f,f,g,f,c,b,e,b,k,k,w,o,d,p
f,f,e,t,c,b,t,b,s,s,w,o,d,e
x,y,y,f,c,b,e,b,k,k,w,o,p,p
f,f,y,f,c,b,e,b,k,k,w,o,p,p
f,f,g,f,c,b,e,b,k,k,w,o,p,p
f,y,y,f,c,b,e,b,k,k,w,o,d,p
x,y,g,f,c,b,e,b,k,k,w,o,d,p
b,y,w,t,c,b,e,b,s,s,w,t,m,p
f,f,y,f,c,b,e,b,k,k,w,o,p,p
x,y,n,f,c,n,t,,k,s,w,o,d,p
f,f,g,f,c,b,e,b,k,k,w,o,g,p
x,y,y,f,c,b,e,b,k,k,w,o,g,p
f,y,y,f,c,b,e,b,k,k,w,o,p,p
f,y,p,t,c,b,e,,s,s,w,t,w,e
x,s,w,t,c,b,t,b,s,s,w,o,g,p
f,y,g,f,c,b,e,b,k,k,w,o,g,p
x,y,g,f,c,b,e,b,k,k,w,o,p,p
x,f,y,f,c,b,e,b,k,k,w,o,g,p
f,s,b,t,c,b,t,b,f,s,w,o,u,p
x,f,g,f,c,n,e,b,s,s,w,o,d,p
x,f,y,f,c,b,e,b,k,k,w,o,p,p
f,y,g,f,c,b,e,b,k,k,w,o,g,p
f,y,y,f,c,b,e,b,k,k,w,o,p,p
x,y,r,f,c,n,e,,s,f,w,o,d,e
f,y,w,f,c,n,e,,s,f,w,o,d,e
x,f,y,f,c,b,e,b,k,k,w,o,d,p
f,y,y,f,c,b,e,b,k,k,w,o,p,p
f,y,y,f,c,b,e,b,k,k,w,o,g,p
x,y,e,f,c,n,t,,k,k,w,o,p,p
x,y,e,f,c,n,t,,k,k,w,o,l,p
x,y,g,f,c,b,e,b,k,k,w,o,d,p
x,y,y,f,c,b,e,b,k,k,w,o,g,p
f,f,g,f,c,b,e,b,k,k,w,o,d,p
x,y,g,f,c,b,e,b,k,k,w,o,g,p
x,y,y,f,c,b,e,b,k,k,w,o,d,p
f,f,y,f,c,b,e,b,k,k,w,o,p,p
f,s,e,t,c,b,e,,s,s,w,t,w,e
f,f,y,f,c,b,e,b,k,k,w,o,p,p
x,y,y,f,c,b,e,b,k,k,w,o,p,p
f,s,g,t,c,b,t,b,f,s,w,o,g,p
f,f,y,f,c,b,e,b,k,k,w,o,g,p
x,y,y,f,c,b,e,b,k,k,w,o,d,p
x,f,y,f,c,b,e,b,k,k,w,o,p,p
x,s,g,t,c,b,t,b,f,f,w,o,u,p
f,y,g,f,c,b,e,b,k,k,w,o,g,p
f,f,g,f,c,b,e,b,k,k,w,o,g,p
x,s,w,f,c,n,e,b,s,s,w,o,d,p
f,y,g,f,c,b,e,b,k,k,w,o,p,p
f,y,e,t,c,b,t,b,s,s,w,o,d,e
x,f,y,f,c,b,e,b,k,k,w,o,g,p
x,y,y,f,c,b,e,b,k,k,w,o,p,p
k,s,b,t,c,b,e,,s,s,w,t,w,e
f,f,y,f,c,b,e,b,k,k,w,o,g,p
f,f,y,f,c,b,e,b,k,k,w,o,d,p
x,y,y,f,c,b,e,b,k,k,w,o,g,p
x,f,n,f,w,n,e,b,s,f,w,o,l,e
x,y,e,t,c,b,e,,s,s,w,t,w,e
x,y,g,f,c,b,e,b,k,k,w,o,p,p
x,f,y,f,c,b,e,b,k,k,w,o,g,p
f,s,g,t,c,b,t,b,f,f,w,o,g,p
x,y,y,f,c,b,e,b,k,k,w,o,g,p
f,y,g,f,c,b,e,b,k,k,w,o,p,p
x,y,g,f,c,b,e,b,k,k,w,o,g,p
x,y,n,f,c,n,t,,s,k,w,o,p,p
k,s,b,t,c,b,e,,s,s,w,t,w,e
f,f,y,f,c,b,e,b,k,k,w,o,d,p
x,f,g,f,c,b,e,b,k,k,w,o,p,p
f,y,g,f,c,b,e,b,k,k,w,o,p,p
x,f,y,f,c,b,e,b,k,k,w,o,d,p
f,y,y,f,c,b,e,b,k,k,w,o,g,p
k,s,p,t,c,b,e,,s,s,w,t,w,e
f,y,n,f,c,n,e,,k,y,w,o,d,p
x,y,g,f,c,b,e,b,k,k,w,o,d,p
x,f,y,f,c,b,e,b,k,k,w,o,d,p
x,y,g,f,c,b,e,b,k,k,w,o,p,p
f,s,b,t,c,b,t,b,f,f,w,o,u,p
f,s,b,t,c,b,e,,s,s,w,t,w,e
f,s,w,t,c,b,t,b,f,f,w,o,u,p
f,y,g,f,c,b,e,b,k,k,w,o,p,p
x,f,y,f,c,b,e,b,k,k,w,o,p,p
f,y,g,f,c,b,e,b,k,k,w,o,p,p
f,y,y,f,c,b,e,b,k,k,w,o,g,p
f,f,y,f,c,b,e,b,k,k,w,o,d,p
x,s,b,t,c,b,t,b,s,s,w,o,u,p
f,f,g,f,c,b,e,b,k,k,w,o,p,p
x,y,g,f,c,b,e,b,k,k,w,o,d,p
f,f,y,f,c,b,e,b,k,k,w,o,g,p
f,y,y,f,c,b,e,b,k,k,w,o,d,p
f,s,g,t,c,b,t,b,s,f,w,o,u,p
f,s,b,t,c,b,e,,s,s,w,t,w,e
x,s,p,t,c,b,e,,s,s,w,t,w,e
k,s,n,t,c,b,e,,s,s,w,t,w,e
f,y,p,t,c,b,e,b,s,s,w,t,g,p
f,y,g,f,c,b,e,b,k,k,w,o,p,p
x,y,y,f,c,b,e,b,k,k,w,o,p,p
f,f,g,f,c,b,e,b,k,k,w,o,g,p
f,f,g,f,c,b,e,b,k,k,w,o,d,p
x,f,y,f,c,b,e,b,k,k,w,o,p,p
f,f,g,f,c,b,e,b,k,k,w,o,d,p
f,y,g,f,c,b,e,b,k,k,w,o,d,p
f,y,y,f,c,b,e,b,k,k,w,o,d,p
f,f,y,f,c,b,e,b,k,k,w,o,g,p
f,y,y,f,c,b,e,b,k,k,w,o,g,p
x,y,y,f,c,b,e,b,k,k,w,o,d,p
x,y,y,f,c,b,e,b,k,k,w,o,p,p
f,y,g,f,c,b,e,b,k,k,w,o,g,p
f,f,g,f,c,b,e,b,k,k,w,o,d,p
x,y,y,f,c,b,e,b,k,k,w,o,p,p
x,y,y,f,c,b,e,b,k,k,w,o,p,p
f,y,u,f,c,n,e,,s,f,w,o,d,e
f,f,g,f,c,b,e,b,k,k,w,o,g,p
x,y,n,f,c,n,t,,s,s,w,o,l,p
x,y,y,f,c,b,e,b,k,k,w,o,g,p
x,y,y,f,c,b,e,b,k,k,w,o,p,p
x,y,g,f,c,b,e,b,k,k,w,o,g,p
f,f,y,f,c,b,e,b,k,k,w,o,d,p
x,f,y,f,c,b,e,b,k,k,w,o,d,p
x,y,g,f,c,b,e,b,k,k,w,o,p,p
f,s,b,t,c,b,e,,s,s,w,t,w,e
f,f,g,f,c,b,e,b,k,k,w,o,p,p
f,y,y,f,c,b,e,b,k,k,w,o,d,p
x,s,n,t,c,b,e,,s,s,w,t,w,e
f,f,g,f,c,b,e,b,k,k,w,o,p,p
x,y,g,f,c,b,e,b,k,k,w,o,d,p
x,y,n,f,c,n,t,,k,k,w,o,p,p
f,f,y,f,c,b,e,b,k,k,w,o,d,p
x,y,n,f,c,n,e,,k,y,w,o,d,p
b,s,b,t,c,b,e,b,s,s,w,t,g,p
f,f,y,f,c,b,e,b,k,k,w,o,d,p
f,y,g,f,c,b,e,b,k,k,w,o,d,p
f,y,u,f,c,n,e,,s,f,w,o,d,e
x,f,y,f,c,b,e,b,k,k,w,o,g,p
f,y,y,f,c,b,e,b,k,k,w,o,g,p
f,f,y,f,c,b,e,b,k,k,w,o,g,p
x,y,y,f,c,b,e,b,k,k,w,o,d,p
x,y,e,t,c,b,e,,s,s,w,t,w,e
f,f,g,f,c,b,e,b,k,k,w,o,g,p
x,y,y,f,c,b,e,b,k,k,w,o,g,p
x,y,y,f,c,b,e,b,k,k,w,o,p,p
f,y,g,f,c,b,e,b,k,k,w,o,p,p
k,s,b,t,c,b,e,,s,s,w,t,w,e
f,y,y,f,c,b,e,b,k,k,w,o,d,p
x,y,g,f,c,b,e,b,k,k,w,o,p,p
x,f,y,f,c,b,e,b,k,k,w,o,d,p
f,f,y,f,c,b,e,b,k,k,w,o,p,p
f,s,w,t,c,b,t,b,s,f,w,o,u,p
x,s,g,f,c,n,e,b,s,s,w,o,d,p
f,y,y,f,c,b,e,b,k,k,w,o,d,p
f,y,u,f,c,n,e,,s,f,w,o,d,e
x,f,y,f,c,b,e,b,k,k,w,o,d,p
f,y,g,f,c,b,e,b,k,k,w,o,d,p
x,f,y,f,c,b,e,b,k,k,w,o,g,p
x,f,y,f,c,b,e,b,k,k,w,o,p,p
x,s,g,t,c,b,t,b,f,s,w,o,u,p
f,y,g,f,c,b,e,b,k,k,w,o,d,p
f,f,y,f,c,b,e,b,k,k,w,o,p,p
f,f,y,f,c,b,e,b,k,k,w,o,d,p
x,y,g,f,c,b,e,b,k,k,w,o,d,p
x,y,g,f,c,b,e,b,k,k,w,o,g,p
x,y,g,f,c,b,e,b,k,k,w,o,d,p
x,f,g,f,c,b,e,b,k,k,w,o,g,p
x,y,y,f,c,b,e,b,k,k,w,o,p,p
f,f,g,f,c,b,e,b,k,k,w,o,g,p
f,f,y,f,c,b,e,b,k,k,w,o,d,p
x,y,g,f,c,b,e,b,k,k,w,o,p,p
f,f,y,f,c,b,e,b,k,k,w,o,p,p
x,y,n,f,c,n,t,,k,k,w,o,l,p
x,f,y,f,c,b,e,b,k,k,w,o,p,p
x,y,y,f,c,b,e,b,k,k,w,o,p,p
f,s,b,t,c,b,t,b,f,s,w,o,g,p
f,f,g,f,c,b,e,b,k,k,w,o,d,p
f,y,y,f,c,b,e,b,k,k,w,o,p,p
x,f,y,f,c,b,e,b,k,k,w,o,p,p
f,f,g,f,c,b,e,b,k,k,w,o,d,p
x,y,y,f,c,b,e,b,k,k,w,o,d,p
x,y,g,f,c,b,e,b,k,k,w,o,d,p
x,y,e,f,c,n,t,,k,k,w,o,l,p
k,y,b,t,c,b,e,,s,s,w,t,w,e
f,y,b,t,c,b,e,,s,s,w,t,w,e
x,y,g,f,c,b,e,b,k,k,w,o,d,p
f,f,y,f,c,b,e,b,k,k,w,o,p,p
x,y,g,f,c,b,e,b,k,k,w,o,g,p
f,y,g,f,c,b,e,b,k,k,w,o,g,p
x,s,b,t,c,b,t,b,s,f,w,o,u,p
f,y,y,f,c,b,e,b,k,k,w,o,p,p
x,s,w,t,c,b,t,b,f,f,w,o,u,p
x,f,y,f,c,b,e,b,k,k,w,o,p,p
x,y,g,f,c,b,e,b,k,k,w,o,p,p
x,s,w,t,c,b,t,b,s,f,w,o,u,p
f,s,b,t,c,b,t,b,f,f,w,o,g,p
x,s,w,t,c,b,t,b,f,s,w,o,u,p
f,f,y,f,c,b,e,b,k,k,w,o,d,p
f,y,g,f,c,b,e,b,k,k,w,o,p,p
x,f,y,f,c,b,e,b,k,k,w,o,g,p
f,f,g,f,c,b,e,b,k,k,w,o,p,p
x,y,w,f,c,n,e,,s,f,w,o,d,e
x,s,e,t,c,b,e,,s,s,w,t,w,e
x,y,g,f,c,b,e,b,k,k,w,o,g,p
f,f,g,f,c,b,e,b,k,k,w,o,g,p
x,y,n,f,c,n,t,,k,s,w,o,l,p
x,y,g,f,c,b,e,b,k,k,w,o,p,p
f,f,g,f,c,b,e,b,k,k,w,o,p,p
f,f,y,f,c,b,e,b,k,k,w,o,p,p
f,f,y,f,c,b,e,b,k,k,w,o,d,p
f,f,e,t,c,b,t,b,s,s,w,o,d,e
x,y,y,f,c,b,e,b,k,k,w,o,g,p
f,y,y,f,c,b,e,b,k,k,w,o,d,p
f,f,g,f,c,b,e,b,k,k,w,o,p,p
x,y,y,f,c,b,e,b,k,k,w,o,g,p
x,f,y,f,c,b,e,b,k,k,w,o,p,p
k,f,y,f,c,n,e,,k,y,w,o,d,p
f,f,y,f,c,b,e,b,k,k,w,o,g,p
k,f,c,f,w,n,e,b,f,s,w,o,l,e
f,f,g,f,c,b,e,b,k,k,w,o,p,p
f,y,y,f,c,b,e,b,k,k,w,o,p,p
x,y,g,f,c,b,e,b,k,k,w,o,d,p
x,y,g,f,c,b,e,b,k,k,w,o,p,p
f,f,y,f,c,b,e,b,k,k,w,o,g,p
f,y,y,f,c,b,e,b,k,k,w,o,d,p
x,f,y,f,c,b,e,b,k,k,w,o,d,p
f,f,y,f,c,b,e,b,k,k,w,o,p,p
x,y,y,f,c,b,e,b,k,k,w,o,d,p
b,y,p,t,c,b,e,b,s,s,w,t,g,p
k,y,p,t,c,b,e,,s,s,w,t,w,e
x,y,y,f,c,b,e,b,k,k,w,o,p,p
x,f,y,f,c,b,e,b,k,k,w,o,g,p
k,y,b,t,c,b,e,,s,s,w,t,w,e
f,y,y,f,c,b,e,b,k,k,w,o,d,p
x,s,w,t,c,b,t,b,s,s,w,o,u,p
x,y,n,f,c,n,t,,k,k,w,o,p,p
x,y,n,f,c,n,t,,s,k,w,o,d,p
x,y,e,f,c,n,t,,k,k,w,o,p,p
f,g,w,t,w,n,e,b,s,s,w,o,l,p
x,s,g,t,c,b,t,b,f,s,w,o,u,p
f,y,c,f,w,n,e,b,f,s,w,o,l,e
x,y,g,f,c,b,e,b,k,k,w,o,g,p
f,y,y,f,c,b,e,b,k,k,w,o,d,p
f,y,y,f,c,b,e,b,k,k,w,o,p,p
f,y,p,t,c,b,e,,s,s,w,t,w,e
x,s,b,t,c,b,t,b,f,s,w,o,g,p
x,s,g,t,c,b,t,b,s,f,w,o,g,p
x,y,e,f,c,n,t,,k,s,w,o,p,p
k,y,c,f,w,n,e,b,s,f,w,o,l,e
x,s,w,t,c,b,t,b,s,f,w,o,u,p
x,s,w,t,c,b,t,b,s,f,w,o,g,p
f,s,b,t,c,b,t,b,s,f,w,o,u,p
f,s,b,t,c,b,t,b,s,s,w,o,g,p
k,y,c,f,w,n,e,b,f,s,w,o,l,e
x,y,g,f,c,b,e,b,k,k,w,o,d,p
f,s,w,t,c,b,t,b,f,f,w,o,g,p
f,s,g,t,c,b,t,b,s,s,w,o,u,p
c,g,w,t,w,n,e,b,s,s,w,o,l,p
x,s,g,t,c,b,t,b,s,f,w,o,u,p
b,g,w,t,w,n,e,b,s,s,w,o,l,p
x,s,b,t,c,b,t,b,s,s,w,o,g,p
f,s,w,t,c,b,t,b,f,f,w,o,u,p
b,f,y,f,c,n,e,,k,y,w,o,d,p
x,y,n,f,c,n,t,,s,s,w,o,d,p
x,y,n,f,c,n,t,,k,s,w,o,d,p
k,s,n,t,c,b,e,,s,s,w,t,w,e
k,y,b,t,c,b,e,,s,s,w,t,w,e
f,s,w,t,c,b,t,b,s,s,w,o,g,p
f,s,b,t,c,b,e,b,s,s,w,t,m,p
f,y,y,f,c,b,e,b,k,k,w,o,p,p
x,y,g,f,c,b,e,b,k,k,w,o,g,p
f,s,b,t,c,b,e,b,s,s,w,t,g,p
x,y,n,f,c,n,t,,k,s,w,o,p,p
x,y,e,f,c,n,t,,k,k,w,o,p,p
f,f,g,f,c,b,e,b,k,k,w,o,d,p
x,s,e,t,c,b,e,,s,s,w,t,w,e
x,y,n,f,c,n,t,,k,k,w,o,l,p
x,f,y,f,c,b,e,b,k,k,w,o,g,p
x,y,n,f,c,n,t,,k,s,w,o,d,p
f,f,n,f,w,n,e,b,s,f,w,o,l,e
x,y,n,f,c,n,t,,s,k,w,o,p,p
x,s,b,t,c,b,e,,s,s,w,t,w,e
f,y,n,t,c,b,e,,s,s,w,t,w,e
f,y,y,f,c,b,e,b,k,k,w,o,p,p
f,y,b,t,c,b,e,b,s,s,w,t,m,p
x,y,n,f,c,n,e,,k,y,w,o,d,p
x,y,n,f,c,n,t,,s,k,w,o,l,p
x,s,b,t,c,b,t,b,s,s,w,o,g,p
x,s,b,t,c,b,t,b,f,s,w,o,g,p
f,y,y,f,c,b,e,b,k,k,w,o,p,p
f,s,g,t,c,b,t,b,s,f,w,o,g,p
x,y,n,f,c,n,t,,s,k,w,o,l,p
x,s,b,t,c,b,t,b,f,s,w,o,g,p
f,f,n,f,c,n,e,,k,y,w,o,d,p
x,y,e,t,c,b,e,,s,s,w,t,w,e
f,s,b,t,c,b,t,b,f,f,w,o,g,p
f,s,w,t,c,b,t,b,f,s,w,o,g,p
k,y,e,t,c,b,e,,s,s,w,t,w,e
x,f,y,f,c,b,e,b,k,k,w,o,p,p
x,f,n,f,c,n,e,,k,y,w,o,d,p
x,y,n,t,c,b,e,,s,s,w,t,w,e
x,y,g,f,c,b,e,b,k,k,w,o,g,p
f,s,b,t,c,b,t,b,f,s,w,o,g,p
f,s,b,t,c,b,t,b,f,s,w,o,g,p
f,y,y,f,c,b,e,b,k,k,w,o,g,p
f,y,y,f,c,b,e,b,k,k,w,o,d,p
x,s,p,t,c,b,e,,s,s,w,t,w,e
f,s,p,t,c,b,e,,s,s,w,t,w,e
b,y,w,t,c,b,e,b,s,s,w,t,g,p
x,y,c,f,w,n,e,b,f,f,w,o,l,e
f,s,n,t,c,b,e,,s,s,w,t,w,e
x,s,b,t,c,b,t,b,f,s,w,o,u,p
x,s,g,t,c,b,t,b,f,s,w,o,g,p
f,y,y,f,c,b,e,b,k,k,w,o,d,p
x,s,b,t,c,b,t,b,f,s,w,o,u,p
x,s,w,t,c,b,t,b,s,s,w,o,g,p
f,y,c,f,w,n,e,b,s,f,w,o,l,e
x,y,e,f,c,n,t,,k,s,w,o,d,p
f,f,y,f,c,b,e,b,k,k,w,o,d,p
x,y,w,f,c,n,e,,s,f,w,o,d,e
x,y,y,f,c,b,e,b,k,k,w,o,p,p
f,y,p,t,c,b,e,b,s,s,w,t,g,p
f,s,g,t,c,b,t,b,f,s,w,o,u,p
x,y,n,f,c,n,t,,s,s,w,o,d,p
k,s,p,t,c,b,e,,s,s,w,t,w,e
x,y,n,f,c,n,t,,k,k,w,o,l,p
x,y,g,f,c,b,e,b,k,k,w,o,p,p
f,s,b,t,c,b,t,b,f,f,w,o,u,p
k,y,p,t,c,b,e,,s,s,w,t,w,e
x,f,y,f,c,b,e,b,k,k,w,o,p,p
f,y,g,f,c,b,e,b,k,k,w,o,g,p
f,f,g,f,c,b,e,b,k,k,w,o,d,p
x,s,b,t,c,b,t,b,s,f,w,o,g,p
x,y,n,f,c,n,t,,s,s,w,o,p,p
x,y,y,f,c,b,e,b,k,k,w,o,d,p
f,f,y,f,c,b,e,b,k,k,w,o,d,p
f,f,n,f,c,n,e,,k,y,w,o,d,p
k,s,b,t,c,b,e,,s,s,w,t,w,e
f,y,y,f,c,b,e,b,k,k,w,o,g,p
x,y,e,f,c,n,t,,k,s,w,o,l,p
x,s,g,t,c,b,t,b,f,f,w,o,u,p
f,s,n,t,c,b,e,,s,s,w,t,w,e
x,y,g,f,c,b,e,b,k,k,w,o,p,p
x,y,n,f,c,n,t,,s,s,w,o,d,p
x,s,g,t,c,b,t,b,s,s,w,o,u,p
x,s,g,t,c,b,t,b,f,s,w,o,g,p
f,y,p,t,c,b,e,b,s,s,w,t,m,p
k,y,b,t,c,b,e,,s,s,w,t,w,e
x,s,w,t,c,b,t,b,s,s,w,o,u,p
x,y,n,f,c,n,t,,s,s,w,o,d,p
k,y,n,t,c,b,e,,s,s,w,t,w,e
f,y,y,f,c,b,e,b,k,k,w,o,d,p
x,y,p,t,c,b,e,,s,s,w,t,w,e
f,s,g,t,c,b,t,b,f,f,w,o,u,p
x,s,p,t,c,b,e,,s,s,w,t,w,e
b,y,n,f,c,n,e,,k,y,w,o,d,p
f,s,b,t,c,b,t,b,f,f,w,o,g,p
x,y,n,f,c,n,t,,k,s,w,o,p,p
x,y,n,f,c,n,t,,k,k,w,o,d,p
x,s,b,t,c,b,t,b,s,s,w,o,u,p
x,y,n,f,c,n,t,,s,s,w,o,l,p
k,y,p,t,c,b,e,,s,s,w,t,w,e
k,f,c,f,w,n,e,b,f,f,w,o,l,e
x,y,y,f,c,b,e,b,k,k,w,o,g,p
x,s,n,t,c,b,e,,s,s,w,t,w,e
f,f,g,f,c,b,e,b,k,k,w,o,p,p
f,y,y,f,c,b,e,b,k,k,w,o,d,p
f,s,g,t,c,b,t,b,s,f,w,o,u,p
k,y,w,t,w,n,e,b,s,s,w,o,l,p
k,f,n,f,w,n,e,b,f,f,w,o,l,e
k,f,y,f,c,n,e,,k,y,w,o,d,p
f,s,w,t,c,b,t,b,f,f,w,o,g,p
f,y,y,f,c,n,e,,k,y,w,o,d,p
f,y,y,f,c,b,e,b,k,k,w,o,d,p
k,s,b,t,c,b,e,,s,s,w,t,w,e
f,y,y,f,c,b,e,b,k,k,w,o,p,p
x,y,n,f,c,n,t,,s,s,w,o,p,p
x,y,y,f,c,b,e,b,k,k,w,o,d,p
x,y,y,f,c,b,e,b,k,k,w,o,p,p
b,y,w,t,c,b,e,b,s,s,w,t,g,p
f,y,y,f,c,b,e,b,k,k,w,o,g,p
x,s,w,t,c,b,t,b,s,f,w,o,g,p
x,s,b,t,c,b,t,b,s,s,w,o,g,p
k,y,b,t,c,b,e,,s,s,w,t,w,e
f,y,y,f,c,b,e,b,k,k,w,o,p,p
x,s,b,t,c,b,t,b,f,f,w,o,g,p
b,y,b,t,c,b,e,b,s,s,w,t,m,p
x,s,w,t,c,b,t,b,s,f,w,o,g,p
k,s,n,t,c,b,e,,s,s,w,t,w,e
f,s,g,t,c,b,t,b,f,s,w,o,u,p
x,f,y,f,c,n,e,,k,y,w,o,d,p
f,s,g,t,c,b,t,b,s,s,w,o,g,p
f,y,y,f,c,b,e,b,k,k,w,o,d,p
k,y,n,f,c,n,e,,k,y,w,o,d,p
f,s,b,t,c,b,t,b,s,f,w,o,u,p
f,s,e,t,c,b,e,,s,s,w,t,w,e
x,y,n,f,c,n,t,,s,s,w,o,d,p
x,y,n,f,c,n,t,,s,s,w,o,d,p
x,y,n,f,c,n,t,,s,s,w,o,l,p
x,s,w,t,c,b,t,b,f,s,w,o,u,p
k,s,n,t,c,b,e,,s,s,w,t,w,e
f,y,g,f,c,b,e,b,k,k,w,o,g,p
x,s,b,t,c,b,e,,s,s,w,t,w,e
f,s,w,t,c,b,t,b,f,s,w,o,u,p
k,f,n,f,w,n,e,b,s,s,w,o,l,e
x,y,n,f,c,n,t,,k,s,w,o,l,p
f,s,w,t,c,b,t,b,f,s,w,o,g,p
x,s,g,t,c,b,t,b,s,s,w,o,u,p
k,y,y,f,c,n,e,,k,y,w,o,d,p
f,s,w,t,c,b,e,b,s,s,w,t,m,p
f,f,y,f,c,b,e,b,k,k,w,o,p,p
k,y,p,t,c,b,e,,s,s,w,t,w,e
f,y,w,t,w,n,e,b,s,s,w,o,l,p
f,s,b,t,c,b,t,b,f,s,w,o,u,p
f,y,w,f,c,n,e,,s,f,w,o,d,e
x,y,r,f,c,n,e,,s,f,w,o,d,e
x,s,b,t,c,b,e,,s,s,w,t,w,e
f,s,g,t,c,b,t,b,s,s,w,o,g,p
x,y,e,f,c,n,t,,s,k,w,o,d,p
f,y,y,f,c,b,e,b,k,k,w,o,p,p
f,s,g,t,c,b,t,b,s,s,w,o,g,p
f,s,b,t,c,b,t,b,s,s,w,o,g,p
f,s,e,t,c,b,e,,s,s,w,t,w,e
x,y,e,f,c,n,t,,k,k,w,o,d,p
f,f,g,f,c,b,e,b,k,k,w,o,g,p
f,y,y,f,c,b,e,b,k,k,w,o,d,p
x,s,n,t,c,b,e,,s,s,w,t,w,e
f,s,g,t,c,b,t,b,f,f,w,o,g,p
x,y,n,f,c,n,t,,s,s,w,o,l,p
f,s,w,t,c,b,t,b,s,s,w,o,g,p
x,f,c,f,w,n,e,b,s,s,w,o,l,e
f,s,g,t,c,b,t,b,f,s,w,o,g,p
f,f,g,f,c,b,e,b,k,k,w,o,p,p
x,y,r,f,c,n,e,,s,f,w,o,d,e
x,f,y,f,c,b,e,b,k,k,w,o,p,p
x,y,n,f,c,n,t,,s,k,w,o,l,p
x,y,n,f,c,n,t,,s,s,w,o,l,p
f,y,e,t,c,b,e,,s,s,w,t,w,e
x,s,g,t,c,b,t,b,s,f,w,o,u,p
k,y,n,t,c,b,e,,s,s,w,t,w,e
f,y,e,t,c,b,e,,s,s,w,t,w,e
x,y,n,f,c,n,t,,s,k,w,o,p,p
b,y,n,f,c,n,e,,k,y,w,o,d,p
x,y,n,f,c,n,t,,s,s,w,o,p,p
f,y,b,t,c,b,e,,s,s,w,t,w,e
x,s,w,t,c,b,t,b,f,s,w,o,g,p
f,y,y,f,c,b,e,b,k,k,w,o,g,p
f,y,n,t,c,b,e,,s,s,w,t,w,e
b,y,w,t,c,b,e,b,s,s,w,t,m,p
x,y,n,f,w,n,e,b,s,f,w,o,l,e
f,y,y,f,c,b,e,b,k,k,w,o,p,p
x,s,b,t,c,b,t,b,f,s,w,o,g,p
x,y,n,f,c,n,t,,s,s,w,o,l,p
x,s,g,t,c,b,t,b,s,s,w,o,u,p
f,s,g,t,c,b,t,b,s,f,w,o,u,p
x,y,n,f,c,n,t,,k,s,w,o,p,p
f,y,w,f,c,n,e,,s,f,w,o,d,e
x,y,n,f,c,n,t,,k,s,w,o,l,p
f,f,g,f,c,b,e,b,k,k,w,o,g,p
x,y,e,f,c,n,t,,k,s,w,o,l,p
x,s,w,t,c,b,t,b,s,s,w,o,g,p
f,y,g,f,c,b,e,b,k,k,w,o,d,p
x,s,w,t,c,b,t,b,s,f,w,o,u,p
k,y,y,f,c,n,e,,k,y,w,o,d,p
f,s,w,t,c,b,t,b,s,f,w,o,u,p
f,s,g,t,c,b,t,b,f,f,w,o,u,p
x,y,c,f,w,n,e,b,f,s,w,o,l,e
x,s,w,t,c,b,t,b,s,s,w,o,u,p
x,y,n,f,c,n,t,,k,k,w,o,p,p
f,y,p,t,c,b,e,b,s,s,w,t,g,p
f,y,y,f,c,b,e,b,k,k,w,o,p,p
x,s,p,t,c,b,e,,s,s,w,t,w,e
f,y,b,t,c,b,e,b,s,s,w,t,g,p
x,f,y,f,c,n,e,,k,y,w,o,d,p
f,y,y,f,c,b,e,b,k,k,w,o,p,p
f,f,n,f,w,n,e,b,f,f,w,o,l,e
x,f,n,f,w,n,e,b,f,s,w,o,l,e
x,y,n,f,c,n,t,,s,k,w,o,l,p
f,s,g,t,c,b,t,b,f,s,w,o,u,p
x,s,b,t,c,b,t,b,f,f,w,o,u,p
f,s,g,t,c,b,t,b,s,s,w,o,g,p
x,s,b,t,c,b,t,b,f,f,w,o,g,p
x,y,r,f,c,n,e,,s,f,w,o,d,e
f,y,y,f,c,b,e,b,k,k,w,o,d,p
f,s,g,t,c,b,t,b,f,s,w,o,u,p
x,y,n,f,c,n,t,,s,s,w,o,p,p
f,y,y,f,c,b,e,b,k,k,w,o,g,p
f,s,w,t,c,b,t,b,f,f,w,o,u,p
x,s,w,t,c,b,t,b,f,s,w,o,u,p
f,y,g,f,c,b,e,b,k,k,w,o,p,p
f,y,y,f,c,b,e,b,k,k,w,o,p,p
x,y,n,f,c,n,t,,s,s,w,o,d,p
x,y,y,f,c,n,e,,k,y,w,o,d,p
f,s,n,t,c,b,e,,s,s,w,t,w,e
f,y,y,f,c,b,e,b,k,k,w,o,d,p
f,s,g,t,c,b,t,b,s,f,w,o,u,p
x,y,n,f,c,n,t,,k,s,w,o,l,p
f,y,y,f,c,b,e,b,k,k,w,o,d,p
f,y,y,f,c,b,e,b,k,k,w,o,d,p
f,s,w,t,c,b,t,b,s,s,w,o,u,p
f,s,p,t,c,b,e,b,s,s,w,t,m,p
f,y,y,f,c,b,e,b,k,k,w,o,g,p
k,s,p,t,c,b,e,,s,s,w,t,w,e
x,s,b,t,c,b,t,b,s,s,w,o,g,p
x,s,w,t,c,b,t,b,f,s,w,o,g,p
x,s,w,t,c,b,t,b,f,f,w,o,g,p
x,y,n,f,c,n,t,,s,s,w,o,d,p
b,y,p,t,c,b,e,b,s,s,w,t,m,p
x,s,b,t,c,b,t,b,f,s,w,o,u,p
x,y,p,t,c,b,e,,s,s,w,t,w,e
x,y,n,f,c,n,t,,s,k,w,o,p,p
x,y,y,f,c,b,e,b,k,k,w,o,p,p
x,s,w,t,c,b,t,b,s,f,w,o,u,p
f,y,b,t,c,b,e,,s,s,w,t,w,e
f,s,b,t,c,b,t,b,f,s,w,o,u,p
x,f,c,f,w,n,e,b,f,f,w,o,l,e
f,s,p,t,c,b,e,,s,s,w,t,w,e
x,y,n,f,w,n,e,b,f,f,w,o,l,e
f,s,p,t,c,b,e,,s,s,w,t,w,e
f,s,g,t,c,b,t,b,s,s,w,o,u,p
k,s,e,t,c,b,e,,s,s,w,t,w,e
k,y,e,t,c,b,e,,s,s,w,t,w,e
f,s,w,t,c,b,t,b,s,f,w,o,g,p
k,s,b,t,c,b,e,,s,s,w,t,w,e
x,s,b,t,c,b,t,b,f,f,w,o,g,p
b,y,y,f,c,n,e,,k,y,w,o,d,p
x,s,w,t,c,b,t,b,s,s,w,o,u,p
x,f,y,f,c,b,e,b,k,k,w,o,g,p
f,y,y,f,c,b,e,b,k,k,w,o,p,p
b,f,n,f,c,n,e,,k,y,w,o,d,p
f,y,y,f,c,b,e,b,k,k,w,o,p,p
f,y,y,f,c,b,e,b,k,k,w,o,p,p
f,y,c,f,w,n,e,b,s,s,w,o,l,e
x,y,e,f,c,n,t,,k,k,w,o,d,p
f,s,w,t,c,b,t,b,s,s,w,o,g,p
x,y,n,f,c,n,t,,k,k,w,o,p,p
b,y,p,t,c,b,e,b,s,s,w,t,g,p
f,y,y,f,c,b,e,b,k,k,w,o,d,p
x,s,b,t,c,b,t,b,s,f,w,o,g,p
f,y,y,f,c,b,e,b,k,k,w,o,p,p
f,s,b,t,c,b,t,b,f,s,w,o,g,p
f,s,b,t,c,b,t,b,s,s,w,o,u,p
x,y,n,f,c,n,t,,k,k,w,o,p,p
f,y,y,f,c,b,e,b,k,k,w,o,p,p
x,s,n,t,c,b,e,,s,s,w,t,w,e
f,y,y,f,c,b,e,b,k,k,w,o,g,p
f,s,b,t,c,b,e,,s,s,w,t,w,e
f,s,e,t,c,b,e,,s,s,w,t,w,e
x,s,n,t,c,b,e,,s,s,w,t,w,e
f,s,w,t,c,b,t,b,f,s,w,o,u,p
f,y,y,f,c,b,e,b,k,k,w,o,d,p
f,s,p,t,c,b,e,,s,s,w,t,w,e
x,s,e,t,c,b,e,,s,s,w,t,w,e
f,y,y,f,c,b,e,b,k,k,w,o,d,p
b,y,b,t,c,b,e,b,s,s,w,t,m,p
f,s,b,t,c,b,t,b,s,f,w,o,u,p
f,s,g,t,c,b,t,b,f,s,w,o,g,p
x,s,b,t,c,b,t,b,s,s,w,o,g,p
x,f,y,f,c,b,e,b,k,k,w,o,p,p
f,s,w,t,c,b,t,b,s,s,w,o,g,p
x,s,g,t,c,b,t,b,f,s,w,o,u,p
f,y,r,f,c,n,e,,s,f,w,o,d,e
f,y,y,f,c,b,e,b,k,k,w,o,g,p
x,y,n,f,c,n,t,,s,k,w,o,d,p
x,s,b,t,c,b,t,b,f,s,w,o,g,p
x,f,c,f,w,n,e,b,f,s,w,o,l,e
x,s,g,t,c,b,t,b,f,s,w,o,u,p
x,y,u,f,c,n,e,,s,f,w,o,d,e
x,f,y,f,c,b,e,b,k,k,w,o,p,p
f,f,g,f,c,b,e,b,k,k,w,o,g,p
f,y,w,t,c,b,e,b,s,s,w,t,m,p
x,y,n,f,c,n,t,,k,k,w,o,d,p
x,y,n,f,c,n,t,,k,k,w,o,l,p
x,y,g,f,c,b,e,b,k,k,w,o,p,p
x,y,p,t,c,b,e,,s,s,w,t,w,e
f,s,g,t,c,b,t,b,f,f,w,o,g,p
x,s,b,t,c,b,t,b,s,f,w,o,g,p
x,y,n,f,c,n,t,,k,s,w,o,p,p
x,s,g,t,c,b,t,b,f,s,w,o,u,p
x,y,n,f,c,n,t,,k,s,w,o,p,p
f,s,w,t,c,b,t,b,f,f,w,o,g,p
x,s,g,t,c,b,t,b,s,s,w,o,u,p
x,s,g,t,c,b,t,b,s,f,w,o,g,p
f,y,y,f,c,b,e,b,k,k,w,o,p,p
f,y,y,f,c,b,e,b,k,k,w,o,p,p
f,y,g,f,c,b,e,b,k,k,w,o,g,p
x,y,y,f,c,b,e,b,k,k,w,o,g,p
x,s,g,t,c,b,t,b,f,f,w,o,u,p
f,s,b,t,c,b,t,b,f,f,w,o,u,p
f,s,w,t,c,b,t,b,f,s,w,o,u,p
f,f,g,f,c,b,e,b,k,k,w,o,g,p
f,s,b,t,c,b,t,b,f,f,w,o,g,p
x,y,n,f,c,n,t,,s,k,w,o,d,p
x,s,w,t,c,b,t,b,s,s,w,o,g,p
k,s,e,t,c,b,e,,s,s,w,t,w,e
f,y,b,t,c,b,e,b,s,s,w,t,m,p
x,y,n,f,c,n,t,,s,s,w,o,p,p
k,y,n,t,c,b,e,,s,s,w,t,w,e
f,s,w,t,c,b,t,b,s,s,w,o,u,p
f,s,w,t,c,b,t,b,s,s,w,o,u,p
x,y,n,f,c,n,t,,k,k,w,o,d,p
x,s,w,t,c,b,t,b,f,s,w,o,g,p
x,y,n,f,c,n,t,,s,s,w,o,l,p
b,s,p,t,c,b,e,b,s,s,w,t,g,p
x,y,e,f,c,n,t,,k,s,w,o,d,p
f,y,g,f,c,b,e,b,k,k,w,o,p,p
x,y,y,f,c,b,e,b,k,k,w,o,d,p
x,y,g,f,c,b,e,b,k,k,w,o,g,p
f,y,w,t,c,b,e,b,s,s,w,t,m,p
f,s,g,t,c,b,t,b,f,f,w,o,g,p
k,y,p,t,c,b,e,,s,s,w,t,w,e
x,s,w,t,c,b,t,b,f,s,w,o,g,p
k,s,p,t,c,b,e,,s,s,w,t,w,e
f,s,w,t,c,b,t,b,s,f,w,o,u,p
x,y,n,f,c,n,t,,k,s,w,o,p,p
x,f,y,f,c,b,e,b,k,k,w,o,d,p
f,y,g,f,c,b,e,b,k,k,w,o,p,p
x,y,g,f,c,b,e,b,k,k,w,o,p,p
x,y,e,t,c,b,e,,s,s,w,t,w,e
f,y,y,f,c,b,e,b,k,k,w,o,p,p
x,y,n,f,c,n,t,,k,k,w,o,d,p
x,s,b,t,c,b,t,b,f,f,w,o,g,p
f,y,y,f,c,b,e,b,k,k,w,o,d,p
k,y,e,t,c,b,e,,s,s,w,t,w,e
f,y,p,t,c,b,e,b,s,s,w,t,m,p
f,y,w,t,c,b,e,b,s,s,w,t,m,p
f,y,y,f,c,b,e,b,k,k,w,o,p,p
f,y,y,f,c,b,e,b,k,k,w,o,g,p
f,y,r,f,c,n,e,,s,f,w,o,d,e
x,s,w,t,c,b,t,b,s,f,w,o,g,p
x,s,w,t,c,b,t,b,f,f,w,o,g,p
x,s,b,t,c,b,t,b,f,s,w,o,u,p
x,y,n,f,c,n,t,,s,k,w,o,p,p
k,y,e,t,c,b,e,,s,s,w,t,w,e
k,s,p,t,c,b,e,,s,s,w,t,w,e
x,y,b,t,c,b,e,,s,s,w,t,w,e
x,s,g,t,c,b,t,b,s,s,w,o,g,p
f,y,y,f,c,b,e,b,k,k,w,o,g,p
x,y,n,f,c,n,t,,s,k,w,o,l,p
c,y,w,t,w,n,e,b,s,s,w,o,l,p
f,s,w,t,c,b,t,b,f,f,w,o,g,p
f,s,g,t,c,b,t,b,s,f,w,o,g,p
x,y,e,f,c,n,t,,k,k,w,o,l,p
x,s,g,t,c,b,t,b,s,s,w,o,g,p
x,y,n,f,c,n,t,,k,s,w,o,d,p
x,y,p,t,c,b,e,,s,s,w,t,w,e
f,y,w,f,c,n,e,,s,f,w,o,d,e
f,y,y,f,c,b,e,b,k,k,w,o,g,p
x,y,n,f,c,n,t,,s,k,w,o,d,p
x,f,y,f,c,b,e,b,k,k,w,o,d,p
x,y,n,f,c,n,t,,k,s,w,o,l,p
x,s,g,t,c,b,t,b,s,f,w,o,u,p
x,y,n,f,c,n,t,,k,k,w,o,d,p
k,f,n,f,w,n,e,b,s,f,w,o,l,e
x,s,w,t,c,b,t,b,f,s,w,o,u,p
f,y,y,f,c,b,e,b,k,k,w,o,p,p
x,y,p,t,c,b,e,,s,s,w,t,w,e
b,y,b,t,c,b,e,b,s,s,w,t,m,p
f,y,g,f,c,b,e,b,k,k,w,o,p,p
f,y,r,f,c,n,e,,s,f,w,o,d,e
x,y,n,f,c,n,t,,s,s,w,o,l,p
x,y,n,f,c,n,t,,k,k,w,o,p,p
f,s,b,t,c,b,t,b,f,f,w,o,g,p
f,y,y,f,c,b,e,b,k,k,w,o,d,p
x,y,n,f,c,n,t,,s,s,w,o,d,p
f,y,n,t,c,b,e,,s,s,w,t,w,e
x,y,n,f,c,n,t,,k,k,w,o,l,p
f,y,e,t,c,b,e,,s,s,w,t,w,e
x,y,b,t,c,b,e,,s,s,w,t,w,e
x,s,n,t,c,b,e,,s,s,w,t,w,e
f,s,w,t,c,b,t,b,s,f,w,o,g,p
x,y,b,t,c,b,e,,s,s,w,t,w,e
x,f,y,f,c,b,e,b,k,k,w,o,g,p
f,y,y,f,c,b,e,b,k,k,w,o,d,p
f,y,y,f,c,b,e,b,k,k,w,o,g,p
k,y,e,t,c,b,e,,s,s,w,t,w,e
f,s,w,t,c,b,t,b,s,f,w,o,u,p
k,y,c,f,w,n,e,b,s,s,w,o,l,e
k,y,n,f,w,n,e,b,s,s,w,o,l,e
b,s,p,t,c,b,e,b,s,s,w,t,m,p
x,y,n,f,c,n,t,,k,k,w,o,p,p
x,s,b,t,c,b,t,b,s,f,w,o,u,p
f,y,r,f,c,n,e,,s,f,w,o,d,e
x,s,b,t,c,b,t,b,f,f,w,o,g,p
f,y,u,f,c,n,e,,s,f,w,o,d,e
x,y,n,f,c,n,t,,s,k,w,o,p,p
x,s,w,t,c,b,t,b,s,s,w,o,u,p
x,s,e,t,c,b,e,,s,s,w,t,w,e
f,y,p,t,c,b,e,,s,s,w,t,w,e
x,y,n,f,c,n,t,,s,s,w,o,p,p
x,y,n,f,c,n,t,,s,k,w,o,p,p
x,s,w,t,c,b,t,b,s,s,w,o,g,p
f,y,y,f,c,b,e,b,k,k,w,o,p,p
x,y,n,t,c,b,e,,s,s,w,t,w,e
x,y,e,t,c,b,e,,s,s,w,t,w,e
x,s,w,t,c,b,t,b,s,f,w,o,u,p
x,y,y,f,c,b,e,b,k,k,w,o,g,p
f,s,b,t,c,b,e,b,s,s,w,t,m,p
f,f,y,f,c,b,e,b,k,k,w,o,p,p
x,s,g,t,c,b,t,b,s,f,w,o,g,p
f,s,p,t,c,b,e,,s,s,w,t,w,e
x,y,n,t,c,b,e,,s,s,w,t,w,e
b,y,w,t,c,b,e,b,s,s,w,t,m,p
f,y,y,f,c,b,e,b,k,k,w,o,d,p
x,y,e,f,c,n,t,,k,k,w,o,d,p
x,s,b,t,c,b,t,b,s,f,w,o,g,p
x,s,b,t,c,b,t,b,s,s,w,o,g,p
x,y,n,f,c,n,t,,k,s,w,o,p,p
b,y,p,t,c,b,e,b,s,s,w,t,g,p
x,y,c,f,w,n,e,b,s,s,w,o,l,e
x,y,n,f,c,n,t,,k,s,w,o,d,p
x,s,w,t,c,b,t,b,s,s,w,o,u,p
x,y,n,f,c,n,t,,k,k,w,o,d,p
f,y,n,f,w,n,e,b,f,s,w,o,l,e
x,y,n,f,c,n,t,,s,k,w,o,p,p
f,s,g,t,c,b,t,b,s,s,w,o,u,p
x,y,e,f,c,n,t,,k,s,w,o,d,p
x,y,r,f,c,n,e,,s,f,w,o,d,e
b,y,p,t,c,b,e,b,s,s,w,t,m,p
x,s,p,t,c,b,e,,s,s,w,t,w,e
x,y,n,f,c,n,t,,k,k,w,o,l,p
x,y,n,f,c,n,t,,k,k,w,o,p,p
f,s,g,t,c,b,t,b,f,f,w,o,g,p
f,y,y,f,c,b,e,b,k,k,w,o,p,p
f,y,p,t,c,b,e,b,s,s,w,t,m,p
x,y,n,f,c,n,t,,k,k,w,o,p,p
x,y,n,f,c,n,t,,k,s,w,o,d,p
f,s,b,t,c,b,e,,s,s,w,t,w,e
f,s,b,t,c,b,t,b,s,s,w,o,u,p
x,y,c,f,w,n,e,b,s,f,w,o,l,e
x,y,w,f,c,n,e,,s,f,w,o,d,e
x,y,n,f,c,n,t,,k,k,w,o,l,p
f,y,n,f,w,n,e,b,s,s,w,o,l,e
x,y,n,f,c,n,t,,k,s,w,o,d,p
x,y,n,f,c,n,t,,s,s,w,o,d,p
k,y,p,t,c,b,e,,s,s,w,t,w,e
f,s,w,t,c,b,e,b,s,s,w,t,m,p
x,y,n,f,c,n,t,,k,s,w,o,l,p
f,y,y,f,c,b,e,b,k,k,w,o,g,p
k,y,n,f,w,n,e,b,s,f,w,o,l,e
f,s,g,t,c,b,t,b,f,s,w,o,g,p
f,s,w,t,c,b,e,b,s,s,w,t,g,p
f,f,g,f,c,b,e,b,k,k,w,o,g,p
f,s,n,t,c,b,e,,s,s,w,t,w,e
x,f,y,f,c,b,e,b,k,k,w,o,d,p
x,y,n,f,c,n,t,,k,s,w,o,l,p
x,y,e,f,c,n,t,,s,k,w,o,p,p
f,y,y,f,c,b,e,b,k,k,w,o,g,p
b,s,w,t,c,b,e,b,s,s,w,t,g,p
x,s,b,t,c,b,t,b,s,f,w,o,u,p
f,y,b,t,c,b,e,,s,s,w,t,w,e
x,f,c,f,w,n,e,b,s,f,w,o,l,e
f,s,w,t,c,b,t,b,f,s,w,o,u,p
k,s,p,t,c,b,e,,s,s,w,t,w,e
k,y,n,t,c,b,e,,s,s,w,t,w,e
x,y,b,t,c,b,e,,s,s,w,t,w,e
x,f,y,f,c,b,e,b,k,k,w,o,g,p
f,s,g,t,c,b,t,b,f,s,w,o,g,p
f,y,y,f,c,b,e,b,k,k,w,o,p,p
x,y,e,t,c,b,e,,s,s,w,t,w,e
f,s,b,t,c,b,t,b,f,s,w,o,g,p
x,y,n,f,w,n,e,b,s,s,w,o,l,e
f,y,y,f,c,b,e,b,k,k,w,o,d,p
f,f,g,f,c,b,e,b,k,k,w,o,d,p
b,y,b,t,c,b,e,b,s,s,w,t,g,p
x,y,e,f,c,n,t,,k,s,w,o,p,p
f,y,y,f,c,b,e,b,k,k,w,o,p,p
f,f,y,f,c,b,e,b,k,k,w,o,p,p
f,y,w,t,c,b,e,b,s,s,w,t,g,p
k,s,e,t,c,b,e,,s,s,w,t,w,e
f,y,y,f,c,b,e,b,k,k,w,o,p,p
k,s,n,t,c,b,e,,s,s,w,t,w,e
f,y,y,f,c,n,e,,k,y,w,o,d,p
f,y,g,f,c,b,e,b,k,k,w,o,p,p
f,y,y,f,c,b,e,b,k,k,w,o,g,p
x,y,e,f,c,n,t,,k,s,w,o,p,p
f,s,b,t,c,b,e,,s,s,w,t,w,e
f,s,w,t,c,b,t,b,f,s,w,o,u,p
x,s,w,t,c,b,t,b,f,f,w,o,g,p
f,y,g,f,c,b,e,b,k,k,w,o,d,p
f,y,p,t,c,b,e,,s,s,w,t,w,e
f,y,y,f,c,b,e,b,k,k,w,o,g,p
f,y,y,f,c,b,e,b,k,k,w,o,p,p
k,s,e,t,c,b,e,,s,s,w,t,w,e
x,y,n,t,c,b,e,,s,s,w,t,w,e
x,y,y,f,c,b,e,b,k,k,w,o,g,p
f,s,b,t,c,b,t,b,s,f,w,o,g,p
x,y,g,f,c,b,e,b,k,k,w,o,d,p
f,s,g,t,c,b,t,b,f,f,w,o,u,p
x,s,w,t,c,b,t,b,f,s,w,o,g,p
x,f,n,f,c,n,e,,k,y,w,o,d,p
f,s,b,t,c,b,t,b,s,f,w,o,g,p
f,y,e,t,c,b,e,,s,s,w,t,w,e
f,y,y,f,c,b,e,b,k,k,w,o,g,p
x,s,b,t,c,b,t,b,s,f,w,o,u,p
k,f,n,f,w,n,e,b,f,s,w,o,l,e
f,y,y,f,c,b,e,b,k,k,w,o,g,p
k,y,c,f,w,n,e,b,f,f,w,o,l,e
x,f,g,f,c,b,e,b,k,k,w,o,p,p
x,y,n,f,c,n,t,,k,k,w,o,p,p
f,y,p,t,c,b,e,,s,s,w,t,w,e
x,s,b,t,c,b,t,b,f,f,w,o,g,p
x,y,g,f,c,b,e,b,k,k,w,o,d,p
f,y,y,f,c,b,e,b,k,k,w,o,g,p
x,y,e,f,c,n,t,,s,k,w,o,d,p
f,y,r,f,c,n,e,,s,f,w,o,d,e
f,y,y,f,c,b,e,b,k,k,w,o,p,p
x,s,g,t,c,b,t,b,f,f,w,o,g,p
x,s,w,t,c,b,t,b,f,f,w,o,g,p
f,s,b,t,c,b,t,b,f,s,w,o,g,p
x,y,n,t,c,b,e,,s,s,w,t,w,e
f,f,y,f,c,n,e,,k,y,w,o,d,p
f,y,u,f,c,n,e,,s,f,w,o,d,e
x,y,n,f,c,n,t,,s,s,w,o,l,p
x,s,n,t,c,b,e,,s,s,w,t,w,e
x,s,w,t,c,b,t,b,f,s,w,o,u,p
f,y,y,f,c,b,e,b,k,k,w,o,d,p
f,s,b,t,c,b,e,,s,s,w,t,w,e
k,f,c,f,w,n,e,b,s,s,w,o,l,e
x,s,g,t,c,b,t,b,s,f,w,o,u,p
f,y,g,f,c,b,e,b,k,k,w,o,p,p
x,y,e,f,c,n,t,,s,k,w,o,l,p
f,y,p,t,c,b,e,,s,s,w,t,w,e
k,y,p,t,c,b,e,,s,s,w,t,w,e
x,y,y,f,c,b,e,b,k,k,w,o,g,p
x,y,n,f,c,n,t,,k,k,w,o,d,p
f,s,n,t,c,b,e,,s,s,w,t,w,e
f,y,y,f,c,b,e,b,k,k,w,o,g,p
x,y,n,f,c,n,t,,s,s,w,o,d,p
f,s,n,t,c,b,e,,s,s,w,t,w,e
f,y,y,f,c,b,e,b,k,k,w,o,d,p
f,y,y,f,c,b,e,b,k,k,w,o,p,p
f,y,y,f,c,b,e,b,k,k,w,o,p,p
f,f,c,f,w,n,e,b,f,s,w,o,l,e
b,y,b,t,c,b,e,b,s,s,w,t,g,p
k,y,e,t,c,b,e,,s,s,w,t,w,e
x,s,b,t,c,b,t,b,f,f,w,o,u,p
x,s,g,t,c,b,t,b,s,s,w,o,g,p
f,y,y,f,c,b,e,b,k,k,w,o,g,p
x,s,g,t,c,b,t,b,s,s,w,o,u,p
x,y,e,f,c,n,t,,s,k,w,o,p,p
f,s,w,t,c,b,t,b,f,f,w,o,u,p
f,s,p,t,c,b,e,,s,s,w,t,w,e
f,s,b,t,c,b,t,b,s,s,w,o,g,p
x,y,e,f,c,n,t,,k,k,w,o,p,p
f,y,w,f,c,n,e,,s,f,w,o,d,e
x,y,p,t,c,b,e,,s,s,w,t,w,e
x,s,b,t,c,b,t,b,s,s,w,o,u,p
k,g,w,t,w,n,e,b,s,s,w,o,l,p
f,s,g,t,c,b,t,b,s,s,w,o,g,p
x,y,n,f,c,n,t,,s,s,w,o,p,p
k,s,e,t,c,b,e,,s,s,w,t,w,e
x,y,n,f,c,n,t,,k,s,w,o,d,p
x,y,n,f,c,n,t,,s,s,w,o,p,p
f,s,w,t,c,b,t,b,f,f,w,o,g,p
f,s,e,t,c,b,e,,s,s,w,t,w,e
f,s,b,t,c,b,t,b,s,s,w,o,g,p
b,s,w,t,c,b,e,b,s,s,w,t,m,p
f,f,n,f,w,n,e,b,f,s,w,o,l,e
f,s,g,t,c,b,t,b,s,s,w,o,u,p
x,s,w,t,c,b,t,b,s,s,w,o,g,p
f,y,y,f,c,b,e,b,k,k,w,o,g,p
x,s,b,t,c,b,e,,s,s,w,t,w,e
f,y,n,t,c,b,e,,s,s,w,t,w,e
x,y,r,f,c,n,e,,s,f,w,o,d,e
k,s,b,t,c,b,e,,s,s,w,t,w,e
x,s,w,t,c,b,t,b,s,f,w,o,u,p
x,y,n,f,c,n,t,,s,k,w,o,d,p
x,y,b,t,c,b,e,,s,s,w,t,w,e
f,y,w,t,c,b,e,b,s,s,w,t,g,p
f,s,b,t,c,b,t,b,s,f,w,o,u,p
x,s,g,t,c,b,t,b,s,s,w,o,g,p
k,s,n,t,c,b,e,,s,s,w,t,w,e
f,s,g,t,c,b,t,b,s,f,w,o,g,p
k,y,p,t,c,b,e,,s,s,w,t,w,e
f,y,b,t,c,b,e,b,s,s,w,t,m,p
x,y,n,f,c,n,t,,k,s,w,o,d,p
f,y,y,f,c,b,e,b,k,k,w,o,p,p
x,s,b,t,c,b,t,b,f,f,w,o,u,p
k,f,c,f,w,n,e,b,s,f,w,o,l,e
f,s,g,t,c,b,t,b,s,f,w,o,u,p
f,s,w,t,c,b,t,b,f,s,w,o,g,p
b,s,b,t,c,b,e,b,s,s,w,t,m,p
b,s,p,t,c,b,e,b,s,s,w,t,g,p
f,s,w,t,c,b,t,b,s,f,w,o,g,p
x,y,n,t,c,b,e,,s,s,w,t,w,e
x,y,n,f,c,n,t,,s,k,w,o,l,p
x,y,g,f,c,b,e,b,k,k,w,o,g,p
x,s,b,t,c,b,e,,s,s,w,t,w,e
x,y,n,f,c,n,t,,k,s,w,o,l,p
x,s,b,t,c,b,t,b,s,s,w,o,u,p
f,s,p,t,c,b,e,b,s,s,w,t,g,p
x,y,n,f,c,n,t,,k,s,w,o,l,p
x,s,w,t,c,b,t,b,f,f,w,o,u,p
f,s,w,t,c,b,t,b,s,s,w,o,u,p
f,y,r,f,c,n,e,,s,f,w,o,d,e
f,s,w,t,c,b,t,b,f,s,w,o,g,p
f,s,w,t,c,b,t,b,f,s,w,o,u,p
x,y,w,f,c,n,e,,s,f,w,o,d,e
x,y,n,f,c,n,t,,s,k,w,o,d,p
k,y,b,t,c,b,e,,s,s,w,t,w,e
x,y,n,f,c,n,t,,k,k,w,o,d,p
x,y,n,f,c,n,t,,k,k,w,o,l,p
x,s,b,t,c,b,t,b,f,f,w,o,u,p
f,y,r,f,c,n,e,,s,f,w,o,d,e
b,s,p,t,c,b,e,b,s,s,w,t,g,p
x,s,b,t,c,b,t,b,f,f,w,o,u,p
f,y,c,f,w,n,e,b,f,f,w,o,l,e
x,y,u,f,c,n,e,,s,f,w,o,d,e
x,s,b,t,c,b,t,b,s,f,w,o,u,p
x,y,w,f,c,n,e,,s,f,w,o,d,e
x,y,n,f,c,n,t,,k,k,w,o,l,p
x,s,p,t,c,b,e,,s,s,w,t,w,e
f,s,p,t,c,b,e,b,s,s,w,t,m,p
f,y,n,f,c,n,e,,k,y,w,o,d,p
f,y,y,f,c,b,e,b,k,k,w,o,p,p
f,s,w,t,c,b,t,b,s,f,w,o,g,p
x,y,g,f,c,b,e,b,k,k,w,o,g,p
f,y,e,t,c,b,e,,s,s,w,t,w,e
f,s,b,t,c,b,e,b,s,s,w,t,g,p
b,s,p,t,c,b,e,b,s,s,w,t,m,p
x,y,n,f,c,n,t,,s,k,w,o,l,p
x,s,b,t,c,b,t,b,f,s,w,o,u,p
x,y,y,f,c,b,e,b,k,k,w,o,p,p
b,y,w,t,c,b,e,b,s,s,w,t,g,p
f,y,n,f,w,n,e,b,s,f,w,o,l,e
f,f,y,f,c,b,e,b,k,k,w,o,g,p
f,y,y,f,c,b,e,b,k,k,w,o,p,p
f,y,y,f,c,b,e,b,k,k,w,o,g,p
x,s,g,t,c,b,t,b,s,f,w,o,u,p
x,y,e,f,c,n,t,,s,k,w,o,l,p
x,y,y,f,c,n,e,,k,y,w,o,d,p
x,y,n,f,c,n,t,,k,k,w,o,p,p
f,s,w,t,c,b,t,b,s,f,w,o,g,p
f,f,g,f,c,b,e,b,k,k,w,o,g,p
f,f,n,f,w,n,e,b,s,s,w,o,l,e
x,s,g,t,c,b,t,b,f,s,w,o,g,p
f,s,b,t,c,b,t,b,f,f,w,o,u,p
f,s,e,t,c,b,e,,s,s,w,t,w,e
x,s,b,t,c,b,t,b,s,s,w,o,u,p
f,y,y,f,c,b,e,b,k,k,w,o,d,p
x,y,n,f,c,n,t,,s,k,w,o,d,p
f,s,w,t,c,b,t,b,s,s,w,o,g,p
f,s,g,t,c,b,t,b,s,s,w,o,g,p
f,y,y,f,c,b,e,b,k,k,w,o,g,p
f,f,c,f,w,n,e,b,s,s,w,o,l,e
x,y,n,f,c,n,t,,k,k,w,o,l,p
k,y,e,t,c,b,e,,s,s,w,t,w,e
x,y,n,f,c,n,t,,k,s,w,o,l,p
f,s,w,t,c,b,t,b,s,f,w,o,g,p
x,y,e,f,c,n,t,,s,k,w,o,l,p
x,s,n,t,c,b,e,,s,s,w,t,w,e
f,y,g,f,c,b,e,b,k,k,w,o,p,p
x,s,w,t,c,b,t,b,f,f,w,o,u,p
f,s,e,t,c,b,e,,s,s,w,t,w,e
f,y,y,f,c,b,e,b,k,k,w,o,d,p
f,y,y,f,c,b,e,b,k,k,w,o,d,p
f,y,e,t,c,b,e,,s,s,w,t,w,e
f,s,g,t,c,b,t,b,f,f,w,o,g,p
k,s,n,t,c,b,e,,s,s,w,t,w,e
f,y,y,f,c,b,e,b,k,k,w,o,d,p
x,s,w,t,c,b,t,b,s,f,w,o,g,p
x,y,n,f,c,n,t,,s,k,w,o,p,p
f,y,y,f,c,b,e,b,k,k,w,o,g,p
f,y,w,t,c,b,e,b,s,s,w,t,g,p
x,y,n,f,c,n,t,,k,s,w,o,d,p
f,y,w,f,c,n,e,,s,f,w,o,d,e
x,y,w,f,c,n,e,,s,f,w,o,d,e
x,y,n,f,c,n,t,,s,s,w,o,p,p
f,s,g,t,c,b,t,b,f,s,w,o,u,p
x,y,u,f,c,n,e,,s,f,w,o,d,e
f,s,w,t,c,b,e,b,s,s,w,t,g,p
x,y,y,f,c,b,e,b,k,k,w,o,d,p
f,s,g,t,c,b,t,b,s,f,w,o,g,p
f,y,y,f,c,b,e,b,k,k,w,o,p,p
x,f,y,f,c,b,e,b,k,k,w,o,g,p
f,y,y,f,c,b,e,b,k,k,w,o,d,p
x,s,g,t,c,b,t,b,f,f,w,o,g,p
f,y,r,f,c,n,e,,s,f,w,o,d,e
f,s,w,t,c,b,t,b,f,s,w,o,g,p
k,s,n,t,c,b,e,,s,s,w,t,w,e
x,y,n,f,c,n,t,,k,k,w,o,d,p
x,s,g,t,c,b,t,b,f,f,w,o,g,p
f,y,y,f,c,b,e,b,k,k,w,o,g,p
b,s,w,t,c,b,e,b,s,s,w,t,m,p
x,y,n,f,c,n,t,,s,k,w,o,d,p
b,s,b,t,c,b,e,b,s,s,w,t,m,p
f,f,y,f,c,b,e,b,k,k,w,o,g,p
x,y,g,f,c,b,e,b,k,k,w,o,d,p
x,y,e,t,c,b,e,,s,s,w,t,w,e
k,s,b,t,c,b,e,,s,s,w,t,w,e
x,y,n,f,c,n,t,,k,s,w,o,l,p
x,s,e,t,c,b,e,,s,s,w,t,w,e
f,s,b,t,c,b,e,b,s,s,w,t,m,p
f,s,n,t,c,b,e,,s,s,w,t,w,e
x,y,e,f,c,n,t,,s,k,w,o,p,p
f,y,b,t,c,b,e,,s,s,w,t,w,e
x,s,g,t,c,b,t,b,s,s,w,o,u,p
f,s,b,t,c,b,e,b,s,s,w,t,g,p
x,y,n,f,c,n,t,,s,k,w,o,l,p
x,y,e,f,c,n,t,,k,s,w,o,l,p
f,y,y,f,c,b,e,b,k,k,w,o,g,p
x,y,n,f,c,n,t,,s,k,w,o,l,p
x,y,n,f,c,n,t,,k,k,w,o,d,p
f,s,g,t,c,b,t,b,f,s,w,o,u,p
x,y,p,t,c,b,e,,s,s,w,t,w,e
x,y,u,f,c,n,e,,s,f,w,o,d,e
f,y,y,f,c,b,e,b,k,k,w,o,p,p
x,s,g,t,c,b,t,b,s,f,w,o,g,p
x,y,n,f,c,n,t,,s,k,w,o,l,p
f,s,g,t,c,b,t,b,s,f,w,o,u,p
x,s,b,t,c,b,t,b,s,f,w,o,g,p
x,f,y,f,c,b,e,b,k,k,w,o,g,p
b,s,w,t,c,b,e,b,s,s,w,t,g,p
k,y,n,t,c,b,e,,s,s,w,t,w,e
x,y,e,f,c,n,t,,k,k,w,o,d,p
f,y,y,f,c,b,e,b,k,k,w,o,p,p
x,y,b,t,c,b,e,,s,s,w,t,w,e
x,s,b,t,c,b,t,b,s,f,w,o,g,p
f,s,g,t,c,b,t,b,f,f,w,o,u,p
f,s,b,t,c,b,t,b,s,s,w,o,u,p
f,y,y,f,c,b,e,b,k,k,w,o,d,p
x,y,n,f,c,n,t,,s,s,w,o,p,p
f,s,w,t,c,b,t,b,f,f,w,o,u,p
k,y,n,t,c,b,e,,s,s,w,t,w,e
x,s,e,t,c,b,e,,s,s,w,t,w,e
x,y,w,f,c,n,e,,s,f,w,o,d,e
f,s,b,t,c,b,t,b,f,s,w,o,u,p
f,s,g,t,c,b,t,b,s,s,w,o,u,p
f,s,e,t,c,b,e,,s,s,w,t,w,e
f,y,y,f,c,b,e,b,k,k,w,o,g,p
x,y,n,f,c,n,t,,k,k,w,o,l,p
f,s,w,t,c,b,e,b,s,s,w,t,g,p
f,y,g,f,c,b,e,b,k,k,w,o,d,p
x,f,n,f,w,n,e,b,s,s,w,o,l,e
f,y,y,f,c,b,e,b,k,k,w,o,d,p
x,s,w,t,c,b,t,b,f,s,w,o,u,p
x,s,b,t,c,b,e,,s,s,w,t,w,e
x,s,p,t,c,b,e,,s,s,w,t,w,e
x,s,g,t,c,b,t,b,f,f,w,o,g,p
f,f,g,f,c,b,e,b,k,k,w,o,p,p
x,s,w,t,c,b,t,b,s,f,w,o,g,p
x,f,y,f,c,b,e,b,k,k,w,o,p,p
f,s,w,t,c,b,t,b,s,s,w,o,u,p
k,y,n,t,c,b,e,,s,s,w,t,w,e
x,y,p,t,c,b,e,,s,s,w,t,w,e
f,y,y,f,c,b,e,b,k,k,w,o,g,p
f,y,b,t,c,b,e,,s,s,w,t,w,e
x,s,e,t,c,b,e,,s,s,w,t,w,e
x,s,g,t,c,b,t,b,f,f,w,o,u,p
f,s,b,t,c,b,t,b,s,s,w,o,u,p
f,y,y,f,c,b,e,b,k,k,w,o,p,p
x,s,b,t,c,b,t,b,s,f,w,o,u,p
f,s,w,t,c,b,t,b,s,s,w,o,g,p
f,y,y,f,c,b,e,b,k,k,w,o,g,p
f,y,y,f,c,b,e,b,k,k,w,o,d,p
f,y,g,f,c,b,e,b,k,k,w,o,p,p
f,f,g,f,c,b,e,b,k,k,w,o,p,p
b,s,p,t,c,b,e,b,s,s,w,t,m,p
x,y,n,f,c,n,t,,s,s,w,o,l,p
b,s,w,t,c,b,e,b,s,s,w,t,g,p
x,y,n,t,c,b,e,,s,s,w,t,w,e
x,y,n,f,c,n,t,,s,s,w,o,p,p
x,y,n,f,c,n,t,,s,s,w,o,p,p
x,y,n,f,c,n,t,,k,s,w,o,p,p
f,s,b,t,c,b,t,b,s,s,w,o,g,p
b,y,y,f,c,n,e,,k,y,w,o,d,p
x,s,g,t,c,b,t,b,f,f,w,o,u,p
f,y,p,t,c,b,e,,s,s,w,t,w,e
k,s,p,t,c,b,e,,s,s,w,t,w,e
f,y,n,t,c,b,e,,s,s,w,t,w,e
b,y,p,t,c,b,e,b,s,s,w,t,m,p
x,s,g,t,c,b,t,b,s,f,w,o,g,p
x,s,g,t,c,b,t,b,s,s,w,o,g,p
x,f,y,f,c,b,e,b,k,k,w,o,g,p
x,y,n,f,c,n,t,,k,s,w,o,p,p
f,y,b,t,c,b,e,b,s,s,w,t,g,p
x,s,b,t,c,b,t,b,f,f,w,o,u,p
b,s,b,t,c,b,e,b,s,s,w,t,g,p
f,y,w,f,c,n,e,,s,f,w,o,d,e
x,y,n,f,w,n,e,b,f,s,w,o,l,e
x,f,y,f,c,b,e,b,k,k,w,o,p,p
f,s,b,t,c,b,t,b,s,f,w,o,g,p
f,y,y,f,c,b,e,b,k,k,w,o,g,p
k,s,e,t,c,b,e,,s,s,w,t,w,e
f,f,y,f,c,b,e,b,k,k,w,o,p,p
b,f,n,f,c,n,e,,k,y,w,o,d,p
x,y,n,f,c,n,t,,k,s,w,o,p,p
f,y,y,f,c,b,e,b,k,k,w,o,d,p
x,y,y,f,c,b,e,b,k,k,w,o,g,p
x,s,g,t,c,b,t,b,f,s,w,o,g,p
x,y,n,f,c,n,t,,s,k,w,o,d,p
x,y,n,t,c,b,e,,s,s,w,t,w,e
f,y,n,f,w,n,e,b,f,f,w,o,l,e
f,y,b,t,c,b,e,b,s,s,w,t,g,p
k,f,n,f,c,n,e,,k,y,w,o,d,p
f,y,g,f,c,b,e,b,k,k,w,o,g,p
x,y,n,f,c,n,t,,k,k,w,o,p,p
f,f,g,f,c,b,e,b,k,k,w,o,d,p
f,f,g,f,c,b,e,b,k,k,w,o,d,p
x,s,g,t,c,b,t,b,s,f,w,o,g,p
x,y,r,f,c,n,e,,s,f,w,o,d,e
x,y,n,f,c,n,t,,k,s,w,o,p,p
f,s,p,t,c,b,e,b,s,s,w,t,m,p
x,y,e,f,c,n,t,,k,k,w,o,l,p
f,s,b,t,c,b,t,b,s,s,w,o,g,p
x,s,b,t,c,b,t,b,s,s,w,o,u,p
k,s,e,t,c,b,e,,s,s,w,t,w,e
f,s,b,t,c,b,t,b,s,f,w,o,g,p
x,f,n,f,w,n,e,b,f,f,w,o,l,e
f,y,y,f,c,b,e,b,k,k,w,o,d,p
f,y,w,f,c,n,e,,s,f,w,o,d,e
f,s,w,t,c,b,t,b,s,s,w,o,u,p
f,s,p,t,c,b,e,b,s,s,w,t,g,p
f,y,y,f,c,b,e,b,k,k,w,o,d,p
f,s,g,t,c,b,t,b,s,f,w,o,g,p
x,y,n,f,c,n,t,,s,k,w,o,l,p
f,y,y,f,c,b,e,b,k,k,w,o,g,p
f,s,g,t,c,b,t,b,f,s,w,o,g,p
f,s,w,t,c,b,t,b,s,f,w,o,u,p
x,y,n,f,c,n,t,,s,k,w,o,d,p
f,f,y,f,c,b,e,b,k,k,w,o,d,p
x,y,n,f,c,n,t,,k,k,w,o,d,p
b,y,b,t,c,b,e,b,s,s,w,t,g,p
f,y,y,f,c,b,e,b,k,k,w,o,g,p
x,y,e,f,c,n,t,,k,s,w,o,l,p
x,y,n,f,c,n,t,,k,s,w,o,d,p
k,y,b,t,c,b,e,,s,s,w,t,w,e
x,y,w,f,c,n,e,,s,f,w,o,d,e
f,s,b,t,c,b,t,b,s,f,w,o,u,p
f,y,y,f,c,b,e,b,k,k,w,o,g,p
x,y,e,f,c,n,t,,k,s,w,o,p,p
f,s,e,f,c,n,t,,k,s,w,o,d,p
x,y,e,f,c,n,t,,s,s,w,o,d,p
x,s,n,f,c,n,t,,k,k,w,o,p,p
f,y,n,f,c,n,t,,k,s,w,o,p,p
f,y,e,f,c,n,t,,s,k,w,o,d,p
k,y,n,f,c,n,t,,k,s,w,o,l,p
f,y,e,f,c,n,t,,s,s,w,o,p,p
x,s,e,f,c,n,t,,s,k,w,o,l,p
f,y,n,f,c,n,t,,s,k,w,o,p,p
f,y,e,f,c,n,t,,k,k,w,o,d,p
x,s,e,f,c,n,t,,s,s,w,o,l,p
x,s,n,f,c,n,t,,k,k,w,o,l,p
f,s,e,f,c,n,t,,k,s,w,o,d,p
f,s,e,f,c,n,t,,k,k,w,o,l,p
f,y,e,f,c,n,t,,s,k,w,o,p,p
f,y,n,f,c,n,t,,s,k,w,o,p,p
f,y,n,f,c,n,t,,k,s,w,o,p,p
x,y,e,f,c,n,t,,k,s,w,o,d,p
k,s,n,f,c,n,t,,s,k,w,o,p,p
x,s,n,f,c,n,t,,s,s,w,o,l,p
f,s,e,f,c,n,t,,k,k,w,o,d,p
f,y,e,f,c,n,t,,k,k,w,o,l,p
k,s,e,f,c,n,t,,s,s,w,o,p,p
f,y,e,f,c,n,t,,k,s,w,o,d,p
x,s,n,f,c,n,t,,k,k,w,o,p,p
f,s,e,f,c,n,t,,k,k,w,o,d,p
f,s,n,f,c,n,t,,k,k,w,o,l,p
f,y,e,f,c,n,t,,k,s,w,o,d,p
f,s,e,f,c,n,t,,s,s,w,o,l,p
f,s,n,f,c,n,t,,k,k,w,o,p,p
f,y,e,f,c,n,t,,s,k,w,o,p,p
x,s,e,f,c,n,t,,k,k,w,o,l,p
f,s,e,f,c,n,t,,s,k,w,o,p,p
x,s,n,f,c,n,t,,k,k,w,o,d,p
f,y,n,f,c,n,t,,s,k,w,o,p,p
x,y,e,f,c,n,t,,k,s,w,o,l,p
f,y,n,f,c,n,t,,k,s,w,o,l,p
b,s,n,f,c,b,e,,s,s,n,o,l,e
f,s,n,f,c,n,t,,k,k,w,o,d,p
x,s,n,f,c,b,e,,s,s,n,o,l,e
f,y,e,f,c,n,t,,s,s,w,o,d,p
f,y,n,f,c,n,t,,k,s,w,o,l,p
f,y,e,f,c,n,t,,s,k,w,o,p,p
f,s,n,f,c,n,t,,k,s,w,o,l,p
x,y,e,f,c,n,t,,s,k,w,o,l,p
x,s,n,f,c,n,t,,s,s,w,o,d,p
f,s,n,f,c,n,t,,s,k,w,o,d,p
f,y,e,f,c,n,t,,s,k,w,o,d,p
f,s,n,f,c,n,t,,k,k,w,o,d,p
f,s,n,f,c,n,t,,s,k,w,o,p,p
f,s,n,f,c,n,t,,s,k,w,o,l,p
f,y,e,f,c,n,t,,k,s,w,o,d,p
f,s,e,f,c,n,t,,s,k,w,o,l,p
x,y,e,f,c,n,t,,s,k,w,o,l,p
x,s,e,f,c,n,t,,k,s,w,o,d,p
f,s,e,f,c,n,t,,s,s,w,o,d,p
f,y,n,f,c,n,t,,k,s,w,o,p,p
x,y,e,f,c,n,t,,k,s,w,o,d,p
k,s,e,f,c,n,t,,s,s,w,o,l,p
k,s,n,f,c,n,t,,k,k,w,o,l,p
f,y,n,f,c,n,t,,s,s,w,o,d,p
x,s,e,f,c,n,t,,s,s,w,o,l,p
x,y,e,f,c,n,t,,k,k,w,o,l,p
f,y,e,f,c,n,t,,s,s,w,o,p,p
f,y,n,f,c,n,t,,s,s,w,o,l,p
f,s,e,f,c,n,t,,s,k,w,o,p,p
x,s,n,f,c,n,t,,s,k,w,o,p,p
x,f,w,f,w,b,e,,k,k,w,t,g,e
f,y,n,f,c,n,t,,s,k,w,o,p,p
x,s,n,f,c,n,t,,s,k,w,o,d,p
x,s,e,f,c,n,t,,s,s,w,o,d,p
f,s,n,f,c,n,t,,s,s,w,o,l,p
f,s,n,f,c,n,t,,s,k,w,o,l,p
x,y,e,f,c,n,t,,k,k,w,o,l,p
x,s,e,f,c,n,t,,k,s,w,o,d,p
f,s,n,f,c,n,t,,s,k,w,o,l,p
k,s,n,f,c,n,t,,k,k,w,o,p,p
f,y,n,f,c,n,t,,k,s,w,o,p,p
x,s,n,f,c,n,t,,k,s,w,o,l,p
f,y,e,f,c,n,t,,k,s,w,o,l,p
x,s,e,f,c,n,t,,k,k,w,o,d,p
f,s,n,f,c,n,t,,k,k,w,o,l,p
f,y,n,f,c,n,t,,s,s,w,o,p,p
k,y,n,f,c,n,t,,k,s,w,o,l,p
f,y,n,f,c,n,t,,k,s,w,o,d,p
f,s,n,f,c,n,t,,k,s,w,o,d,p
x,s,e,f,c,n,t,,s,s,w,o,l,p
f,s,n,f,c,n,t,,s,s,w,o,l,p
f,s,n,f,c,n,t,,s,k,w,o,d,p
f,s,e,f,c,n,t,,s,k,w,o,l,p
f,y,n,f,c,n,t,,s,k,w,o,l,p
f,s,n,f,c,n,t,,k,k,w,o,d,p
f,y,n,f,c,n,t,,s,k,w,o,l,p
f,s,e,f,c,n,t,,s,k,w,o,l,p
f,s,e,f,c,n,t,,s,s,w,o,l,p
x,y,e,f,c,n,t,,s,k,w,o,p,p
f,s,n,f,c,n,t,,s,k,w,o,p,p
x,y,e,f,c,n,t,,s,k,w,o,d,p
f,y,e,f,c,n,t,,k,s,w,o,l,p
x,s,n,f,c,n,t,,s,k,w,o,p,p
f,y,n,f,c,n,t,,s,s,w,o,p,p
f,y,e,f,c,n,t,,s,s,w,o,d,p
x,y,e,f,c,n,t,,k,s,w,o,l,p
f,y,n,f,c,n,t,,s,k,w,o,d,p
f,y,n,f,c,n,t,,s,k,w,o,l,p
x,y,e,f,c,n,t,,s,k,w,o,l,p
f,y,n,f,c,n,t,,k,k,w,o,l,p
f,s,n,f,c,n,t,,k,s,w,o,l,p
x,s,n,f,c,n,t,,s,s,w,o,p,p
f,y,e,f,c,n,t,,k,k,w,o,p,p
x,y,e,f,c,n,t,,k,k,w,o,l,p
x,s,e,f,c,n,t,,k,k,w,o,p,p
f,s,e,f,c,n,t,,s,s,w,o,l,p
f,y,e,f,c,n,t,,k,s,w,o,d,p
x,y,e,f,c,n,t,,s,k,w,o,l,p
x,y,e,f,c,n,t,,s,k,w,o,l,p
x,s,n,f,c,n,t,,s,s,w,o,l,p
x,s,e,f,c,n,t,,s,s,w,o,l,p
k,s,e,f,c,n,t,,k,k,w,o,p,p
x,s,c,t,c,b,e,b,s,s,w,t,p,e
x,s,e,f,c,n,t,,s,k,w,o,p,p
f,s,n,f,c,n,t,,s,s,w,o,d,p
x,s,n,f,c,n,t,,s,k,w,o,l,p
f,y,n,f,c,n,t,,s,k,w,o,p,p
f,y,e,f,c,n,t,,s,k,w,o,l,p
f,s,e,f,c,n,t,,s,s,w,o,l,p
x,y,e,f,c,n,t,,k,k,w,o,l,p
x,s,e,f,c,n,t,,k,s,w,o,l,p
x,s,n,f,c,n,t,,k,k,w,o,d,p
x,y,e,f,c,n,t,,k,s,w,o,d,p
f,s,e,f,c,n,t,,k,s,w,o,p,p
f,s,n,f,c,n,t,,s,k,w,o,l,p
f,y,e,f,c,n,t,,k,s,w,o,p,p
x,y,e,f,c,n,t,,k,s,w,o,l,p
k,s,e,f,c,n,t,,s,s,w,o,p,p
f,y,n,f,c,n,t,,s,s,w,o,d,p
f,s,n,f,c,n,t,,s,k,w,o,d,p
x,s,e,f,c,n,t,,k,k,w,o,p,p
f,s,n,f,c,n,t,,s,s,w,o,l,p
f,s,e,f,c,n,t,,k,k,w,o,p,p
f,y,e,f,c,n,t,,s,s,w,o,l,p
b,f,w,f,w,b,e,,s,s,w,t,g,e
x,y,e,f,c,n,t,,s,s,w,o,l,p
x,y,e,f,c,n,t,,k,k,w,o,p,p
f,y,e,f,c,n,t,,k,s,w,o,l,p
f,y,e,f,c,n,t,,s,k,w,o,l,p
k,f,w,f,w,b,e,,k,s,w,t,g,e
x,s,n,f,c,n,t,,k,k,w,o,p,p
f,s,n,f,c,n,t,,k,s,w,o,p,p
x,s,n,f,c,n,t,,s,s,w,o,d,p
f,s,e,f,c,n,t,,k,k,w,o,d,p
x,s,n,f,c,n,t,,s,k,w,o,p,p
x,s,n,f,c,n,t,,k,k,w,o,p,p
x,s,e,f,c,n,t,,k,k,w,o,p,p
k,s,n,f,c,n,t,,s,s,w,o,d,p
x,y,e,f,c,n,t,,s,s,w,o,d,p
x,s,e,f,c,n,t,,s,s,w,o,d,p
x,y,e,f,c,n,t,,k,k,w,o,d,p
x,s,e,f,c,n,t,,s,s,w,o,d,p
x,s,e,f,c,n,t,,s,s,w,o,d,p
x,s,e,f,c,n,t,,k,k,w,o,l,p
x,s,e,f,c,n,t,,s,s,w,o,d,p
f,y,e,f,c,n,t,,s,k,w,o,d,p
x,s,n,f,c,n,t,,s,s,w,o,d,p
f,s,n,f,c,n,t,,s,s,w,o,d,p
x,s,e,f,c,n,t,,k,k,w,o,d,p
f,s,e,f,c,n,t,,s,k,w,o,p,p
x,s,n,f,c,n,t,,s,k,w,o,l,p
f,y,e,f,c,n,t,,s,s,w,o,d,p
x,s,n,f,c,n,t,,k,s,w,o,l,p
k,s,n,f,c,n,t,,k,k,w,o,p,p
f,s,e,f,c,n,t,,s,s,w,o,l,p
f,s,e,f,c,n,t,,k,s,w,o,l,p
f,y,e,f,c,n,t,,s,s,w,o,p,p
k,s,n,f,c,n,t,,s,k,w,o,p,p
f,y,n,f,c,n,t,,k,s,w,o,l,p
f,s,e,f,c,n,t,,s,s,w,o,p,p
x,y,e,f,c,n,t,,k,s,w,o,d,p
f,s,e,f,c,n,t,,s,s,w,o,l,p
f,y,e,f,c,n,t,,s,s,w,o,l,p
f,s,n,f,c,n,t,,k,k,w,o,d,p
f,s,n,f,c,n,t,,k,s,w,o,d,p
x,y,e,f,c,n,t,,k,k,w,o,p,p
x,y,e,f,c,n,t,,k,k,w,o,l,p
f,s,e,f,c,n,t,,k,k,w,o,p,p
k,y,e,f,c,n,t,,k,k,w,o,d,p
f,y,e,f,c,n,t,,k,k,w,o,p,p
k,y,n,f,c,n,t,,s,k,w,o,d,p
x,s,e,f,c,n,t,,k,s,w,o,l,p
x,y,e,f,c,n,t,,s,k,w,o,p,p
x,s,n,f,c,n,t,,s,k,w,o,l,p
f,y,n,f,c,n,t,,s,s,w,o,l,p
x,s,e,f,c,n,t,,k,k,w,o,p,p
b,s,g,f,w,b,e,,s,k,w,t,g,e
x,y,e,f,c,n,t,,k,k,w,o,p,p
x,s,e,f,c,n,t,,k,s,w,o,d,p
f,y,e,f,c,n,t,,s,s,w,o,l,p
x,s,e,f,c,n,t,,k,s,w,o,p,p
f,y,e,f,c,n,t,,s,k,w,o,d,p
f,y,e,f,c,n,t,,k,k,w,o,l,p
x,s,n,f,c,n,t,,k,k,w,o,d,p
f,y,n,f,c,n,t,,k,s,w,o,p,p
k,s,w,f,w,b,e,,k,s,w,t,g,e
f,y,e,f,c,n,t,,k,k,w,o,p,p
x,s,e,f,c,n,t,,s,s,w,o,p,p
f,y,n,f,c,n,t,,k,s,w,o,l,p
f,y,n,f,c,n,t,,k,k,w,o,l,p
x,s,e,f,c,n,t,,k,k,w,o,l,p
f,y,e,f,c,n,t,,k,k,w,o,d,p
f,y,e,f,c,n,t,,k,k,w,o,p,p
f,s,n,f,c,n,t,,s,k,w,o,p,p
x,y,e,f,c,n,t,,s,k,w,o,p,p
f,y,e,f,c,n,t,,s,k,w,o,d,p
b,f,g,f,w,b,e,,k,s,w,t,g,e
k,y,e,f,c,n,t,,s,k,w,o,l,p
x,y,e,f,c,n,t,,s,s,w,o,l,p
k,s,e,f,c,n,t,,s,k,w,o,l,p
x,s,n,f,c,n,t,,s,k,w,o,p,p
k,s,w,f,w,b,e,,s,k,w,t,g,e
f,s,e,f,c,n,t,,s,s,w,o,d,p
x,s,n,f,c,n,t,,k,s,w,o,p,p
k,s,e,f,c,n,t,,s,k,w,o,p,p
k,y,n,f,c,n,t,,k,k,w,o,l,p
k,y,e,f,c,n,t,,k,s,w,o,p,p
x,s,e,f,c,n,t,,k,s,w,o,d,p
f,s,e,f,c,n,t,,s,k,w,o,p,p
f,y,e,f,c,n,t,,k,k,w,o,p,p
x,y,e,f,c,n,t,,s,k,w,o,d,p
f,y,n,f,c,n,t,,s,s,w,o,d,p
x,y,e,f,c,n,t,,s,s,w,o,d,p
f,y,n,f,c,n,t,,s,s,w,o,l,p
x,y,e,f,c,n,t,,s,s,w,o,l,p
k,y,n,f,c,n,t,,k,k,w,o,l,p
f,s,e,f,c,n,t,,s,k,w,o,l,p
x,s,n,f,c,n,t,,k,s,w,o,p,p
f,y,n,f,c,n,t,,k,s,w,o,d,p
f,s,e,f,c,n,t,,s,k,w,o,d,p
x,s,e,f,c,n,t,,k,k,w,o,d,p
f,s,n,f,c,n,t,,s,k,w,o,d,p
f,y,n,f,c,n,t,,s,k,w,o,l,p
x,y,e,f,c,n,t,,s,s,w,o,d,p
x,s,e,f,c,n,t,,s,k,w,o,d,p
f,y,e,f,c,n,t,,s,s,w,o,l,p
f,s,e,f,c,n,t,,k,s,w,o,l,p
f,y,e,f,c,n,t,,k,s,w,o,d,p
x,s,n,f,c,n,t,,s,s,w,o,l,p
f,s,n,f,c,n,t,,s,k,w,o,d,p
x,s,n,f,c,n,t,,k,k,w,o,l,p
f,y,n,f,c,n,t,,k,k,w,o,p,p
k,y,n,f,c,n,t,,k,k,w,o,d,p
x,s,e,f,c,n,t,,s,k,w,o,p,p
f,y,n,f,c,n,t,,k,s,w,o,d,p
x,y,e,f,c,n,t,,s,k,w,o,p,p
f,y,e,f,c,n,t,,k,k,w,o,d,p
x,y,e,f,c,n,t,,s,k,w,o,d,p
f,y,e,f,c,n,t,,k,s,w,o,l,p
f,y,e,f,c,n,t,,s,s,w,o,d,p
f,s,e,f,c,n,t,,s,k,w,o,l,p
k,y,e,f,c,n,t,,k,k,w,o,l,p
x,s,e,f,c,n,t,,s,k,w,o,p,p
k,s,g,f,w,b,e,,k,s,w,t,g,e
x,s,n,f,c,n,t,,k,s,w,o,l,p
f,s,e,f,c,n,t,,s,k,w,o,d,p
f,s,n,f,c,n,t,,s,k,w,o,d,p
f,s,e,f,c,n,t,,k,k,w,o,l,p
f,y,n,f,c,n,t,,k,s,w,o,p,p
x,s,e,f,c,n,t,,s,s,w,o,p,p
x,s,e,f,c,n,t,,s,k,w,o,p,p
x,s,e,f,c,n,t,,s,s,w,o,d,p
x,s,e,f,c,n,t,,k,s,w,o,p,p
f,s,e,f,c,n,t,,s,s,w,o,d,p
x,s,e,f,c,n,t,,s,k,w,o,p,p
x,s,n,f,c,n,t,,s,k,w,o,l,p
f,s,n,f,c,n,t,,s,k,w,o,l,p
k,y,n,f,c,n,t,,k,s,w,o,d,p
x,y,e,f,c,n,t,,k,s,w,o,p,p
x,s,n,f,c,n,t,,k,s,w,o,l,p
x,s,e,f,c,n,t,,k,k,w,o,p,p
b,s,w,f,w,b,e,,k,k,w,t,g,e
f,s,e,f,c,n,t,,k,k,w,o,p,p
x,s,e,f,c,n,t,,s,s,w,o,l,p
x,y,e,f,c,n,t,,s,k,w,o,d,p
f,y,n,f,c,n,t,,s,s,w,o,p,p
f,s,e,f,c,n,t,,k,s,w,o,l,p
f,y,n,f,c,n,t,,s,k,w,o,d,p
f,y,e,f,c,n,t,,k,k,w,o,d,p
f,s,n,f,c,n,t,,s,s,w,o,d,p
x,y,e,f,c,n,t,,s,s,w,o,l,p
f,s,n,f,c,n,t,,k,s,w,o,d,p
x,s,n,f,c,n,t,,k,s,w,o,l,p
f,s,e,f,c,n,t,,k,s,w,o,p,p
x,s,n,f,c,n,t,,s,s,w,o,d,p
f,s,e,f,c,n,t,,k,s,w,o,l,p
x,y,e,f,c,n,t,,s,s,w,o,p,p
f,y,n,f,c,n,t,,s,k,w,o,p,p
x,y,e,f,c,n,t,,k,s,w,o,l,p
f,s,n,f,c,n,t,,k,k,w,o,p,p
f,s,n,f,c,n,t,,k,s,w,o,p,p
x,s,n,f,c,n,t,,k,k,w,o,p,p
f,s,e,f,c,n,t,,s,s,w,o,d,p
k,y,n,f,c,n,t,,k,s,w,o,p,p
x,y,e,f,c,n,t,,s,k,w,o,l,p
x,y,e,f,c,n,t,,s,k,w,o,d,p
k,s,n,f,c,n,t,,k,k,w,o,d,p
x,s,e,f,c,n,t,,k,s,w,o,p,p
x,s,e,f,c,n,t,,s,s,w,o,p,p
f,y,n,f,c,n,t,,s,k,w,o,l,p
f,s,e,f,c,n,t,,s,s,w,o,d,p
f,s,e,f,c,n,t,,s,s,w,o,p,p
f,s,n,f,c,n,t,,k,s,w,o,l,p
f,y,e,f,c,n,t,,s,s,w,o,p,p
f,y,e,f,c,n,t,,s,k,w,o,l,p
k,s,e,f,c,n,t,,k,s,w,o,d,p
x,s,n,f,c,n,t,,k,s,w,o,d,p
f,y,n,f,c,n,t,,k,s,w,o,d,p
f,s,e,f,c,n,t,,k,k,w,o,p,p
k,s,n,f,c,n,t,,s,s,w,o,d,p
f,y,n,f,c,n,t,,s,s,w,o,p,p
x,y,e,f,c,n,t,,s,s,w,o,l,p
x,y,e,f,c,n,t,,k,k,w,o,p,p
x,s,e,f,c,n,t,,k,s,w,o,p,p
f,y,n,f,c,n,t,,k,k,w,o,l,p
f,y,n,f,c,n,t,,k,s,w,o,p,p
f,y,e,f,c,n,t,,k,s,w,o,p,p
k,y,n,f,c,n,t,,k,s,w,o,l,p
x,s,n,f,c,n,t,,k,k,w,o,d,p
x,s,e,f,c,n,t,,s,s,w,o,l,p
x,s,n,f,c,n,t,,s,s,w,o,l,p
f,y,e,f,c,n,t,,s,k,w,o,p,p
k,y,e,f,c,n,t,,s,k,w,o,d,p
x,f,g,f,w,b,e,,s,k,w,t,g,e
f,y,e,f,c,n,t,,s,s,w,o,l,p
x,s,e,f,c,n,t,,k,s,w,o,l,p
x,s,e,f,c,n,t,,k,s,w,o,l,p
x,y,e,f,c,n,t,,k,k,w,o,d,p
f,y,n,f,c,n,t,,k,k,w,o,p,p
f,y,n,f,c,n,t,,s,s,w,o,l,p
x,s,n,f,c,n,t,,k,s,w,o,p,p
x,s,e,f,c,n,t,,k,k,w,o,l,p
f,y,e,f,c,n,t,,s,k,w,o,d,p
f,s,n,f,c,n,t,,k,k,w,o,l,p
f,y,n,f,c,n,t,,k,s,w,o,l,p
f,y,n,f,c,n,t,,k,k,w,o,d,p
x,y,e,f,c,n,t,,k,s,w,o,l,p
x,s,e,f,c,n,t,,s,k,w,o,p,p
f,s,n,f,c,n,t,,s,s,w,o,l,p
f,s,n,f,c,n,t,,k,s,w,o,d,p
x,s,e,f,c,n,t,,s,k,w,o,d,p
f,s,n,f,c,n,t,,k,k,w,o,l,p
f,s,n,f,c,n,t,,k,k,w,o,p,p
f,y,n,f,c,n,t,,s,s,w,o,p,p
x,s,n,f,c,n,t,,k,k,w,o,l,p
f,s,n,f,c,n,t,,k,s,w,o,l,p
f,s,n,f,c,n,t,,k,k,w,o,p,p
x,s,n,f,c,n,t,,s,s,w,o,p,p
f,y,n,f,c,n,t,,k,k,w,o,p,p
x,s,n,f,c,n,t,,k,s,w,o,p,p
x,s,n,f,c,n,t,,s,s,w,o,p,p
f,s,n,f,c,n,t,,k,k,w,o,p,p
f,y,n,f,c,n,t,,s,s,w,o,d,p
x,y,e,f,c,n,t,,s,s,w,o,d,p
f,s,e,f,c,n,t,,s,k,w,o,l,p
f,y,n,f,c,n,t,,s,k,w,o,d,p
f,s,e,f,c,n,t,,s,k,w,o,l,p
x,s,n,f,c,n,t,,k,k,w,o,p,p
k,f,w,f,w,b,e,,k,k,w,t,g,e
x,s,n,f,c,n,t,,s,s,w,o,p,p
f,s,n,f,c,n,t,,k,s,w,o,d,p
f,y,n,f,c,n,t,,k,k,w,o,p,p
f,s,n,f,c,n,t,,k,s,w,o,d,p
f,y,n,f,c,n,t,,k,s,w,o,d,p
f,y,n,f,c,n,t,,s,s,w,o,l,p
f,s,n,f,c,n,t,,s,k,w,o,d,p
f,y,e,f,c,n,t,,k,s,w,o,p,p
b,s,n,f,c,b,e,,s,s,o,o,l,e
f,s,e,f,c,n,t,,k,s,w,o,d,p
f,s,e,f,c,n,t,,k,k,w,o,p,p
x,s,e,f,c,n,t,,k,k,w,o,l,p
f,y,n,f,c,n,t,,s,k,w,o,l,p
f,y,e,f,c,n,t,,k,s,w,o,p,p
f,s,n,f,c,n,t,,k,s,w,o,l,p
f,y,e,f,c,n,t,,k,k,w,o,l,p
f,s,n,f,c,n,t,,k,s,w,o,p,p
k,y,n,f,c,n,t,,k,s,w,o,p,p
f,y,e,f,c,n,t,,k,s,w,o,l,p
f,s,e,f,c,n,t,,k,k,w,o,d,p
x,y,e,f,c,n,t,,k,s,w,o,p,p
f,s,n,f,c,n,t,,k,k,w,o,l,p
x,s,e,f,c,n,t,,k,s,w,o,p,p
k,y,n,f,c,n,t,,k,k,w,o,p,p
x,s,n,f,c,n,t,,k,k,w,o,p,p
x,y,e,f,c,n,t,,k,k,w,o,d,p
f,y,n,f,c,n,t,,k,s,w,o,d,p
f,s,e,f,c,n,t,,s,k,w,o,d,p
f,s,n,f,c,n,t,,s,s,w,o,p,p
x,s,w,f,w,b,e,,k,s,w,t,g,e
f,y,n,f,c,n,t,,s,s,w,o,d,p
f,s,n,f,c,n,t,,s,k,w,o,l,p
x,y,e,f,c,n,t,,s,s,w,o,l,p
f,s,e,f,c,n,t,,s,k,w,o,l,p
x,s,n,f,c,n,t,,s,s,w,o,p,p
x,y,e,f,c,n,t,,s,k,w,o,l,p
k,f,g,f,w,b,e,,k,k,w,t,g,e
f,s,e,f,c,n,t,,k,s,w,o,l,p
f,y,e,f,c,n,t,,s,k,w,o,p,p
b,f,w,f,w,b,e,,s,k,w,t,g,e
f,s,n,f,c,n,t,,s,k,w,o,l,p
x,y,e,f,c,n,t,,k,s,w,o,l,p
x,y,e,f,c,n,t,,s,k,w,o,d,p
f,s,n,f,c,n,t,,k,s,w,o,p,p
x,s,n,f,c,n,t,,k,k,w,o,d,p
f,s,e,f,c,n,t,,k,k,w,o,p,p
f,s,e,f,c,n,t,,s,k,w,o,l,p
f,s,e,f,c,n,t,,s,s,w,o,l,p
x,y,e,f,c,b,e,c,k,y,w,n,d,p
f,y,n,f,c,n,t,,s,k,w,o,d,p
f,y,e,f,c,n,t,,s,s,w,o,d,p
x,s,e,f,c,n,t,,k,k,w,o,p,p
f,s,e,f,c,n,t,,s,s,w,o,p,p
f,y,e,f,c,n,t,,k,k,w,o,p,p
f,y,e,f,c,n,t,,s,s,w,o,l,p
x,s,e,f,c,n,t,,k,k,w,o,l,p
f,s,e,f,c,n,t,,s,k,w,o,p,p
x,s,n,f,c,b,e,,s,s,n,o,l,e
f,y,n,f,c,n,t,,s,k,w,o,d,p
f,y,e,f,c,n,t,,s,s,w,o,l,p
f,y,e,f,c,n,t,,s,s,w,o,l,p
x,s,n,f,c,n,t,,k,s,w,o,p,p
x,s,e,f,c,n,t,,k,s,w,o,d,p
x,y,e,f,c,n,t,,k,k,w,o,d,p
x,s,e,f,c,n,t,,s,k,w,o,p,p
x,y,e,f,c,n,t,,s,s,w,o,p,p
f,y,e,f,c,n,t,,s,k,w,o,p,p
x,s,n,f,c,b,e,,s,s,n,o,l,e
f,s,n,f,c,n,t,,k,k,w,o,p,p
x,y,e,f,c,n,t,,s,s,w,o,p,p
f,s,n,f,c,n,t,,s,s,w,o,d,p
f,y,e,f,c,n,t,,k,k,w,o,p,p
x,y,e,f,c,n,t,,k,s,w,o,d,p
x,s,n,f,c,n,t,,k,s,w,o,d,p
x,s,n,f,c,n,t,,s,k,w,o,l,p
x,s,n,f,c,n,t,,s,s,w,o,l,p
x,y,e,f,c,n,t,,s,s,w,o,d,p
f,s,n,f,c,n,t,,k,s,w,o,l,p
f,s,n,f,c,n,t,,s,s,w,o,l,p
k,y,e,f,c,n,t,,s,s,w,o,l,p
x,s,n,f,c,n,t,,k,s,w,o,d,p
f,y,n,f,c,n,t,,s,k,w,o,p,p
k,s,w,f,w,b,e,,s,k,w,t,g,e
f,s,e,f,c,n,t,,s,k,w,o,l,p
x,s,e,f,c,n,t,,s,k,w,o,l,p
f,y,n,f,c,n,t,,s,s,w,o,d,p
f,y,n,f,c,n,t,,k,k,w,o,p,p
f,y,e,f,c,n,t,,k,k,w,o,d,p
x,s,n,f,c,n,t,,k,k,w,o,p,p
f,y,n,f,c,n,t,,k,k,w,o,l,p
x,s,n,f,c,n,t,,s,k,w,o,l,p
k,y,n,f,c,n,t,,k,k,w,o,l,p
f,s,e,f,c,n,t,,k,s,w,o,d,p
f,y,e,f,c,n,t,,k,k,w,o,l,p
f,y,e,f,c,n,t,,s,s,w,o,l,p
f,y,e,f,c,n,t,,k,k,w,o,p,p
f,y,n,f,c,n,t,,s,s,w,o,p,p
f,y,n,f,c,n,t,,s,s,w,o,l,p
k,y,n,f,c,n,t,,k,s,w,o,l,p
k,y,n,f,c,n,t,,k,s,w,o,p,p
f,s,e,f,c,n,t,,k,s,w,o,p,p
x,s,e,f,c,n,t,,k,k,w,o,d,p
k,s,n,f,c,n,t,,k,s,w,o,l,p
x,s,e,f,c,n,t,,s,s,w,o,p,p
f,s,n,f,c,n,t,,k,k,w,o,d,p
x,s,e,f,c,n,t,,s,k,w,o,l,p
f,s,n,f,c,n,t,,s,k,w,o,p,p
x,s,n,f,c,n,t,,k,k,w,o,l,p
f,y,e,f,c,n,t,,s,k,w,o,d,p
x,s,n,f,c,n,t,,k,s,w,o,l,p
x,s,e,f,c,n,t,,s,s,w,o,p,p
x,s,e,f,c,n,t,,s,k,w,o,d,p
x,s,n,f,c,n,t,,k,k,w,o,p,p
x,y,e,f,c,n,t,,s,s,w,o,d,p
f,y,e,f,c,n,t,,s,k,w,o,p,p
f,s,e,f,c,n,t,,k,s,w,o,d,p
x,s,e,f,c,n,t,,k,k,w,o,d,p
f,y,e,f,c,n,t,,k,k,w,o,l,p
f,s,e,f,c,n,t,,k,s,w,o,p,p
f,s,e,f,c,n,t,,s,k,w,o,l,p
f,y,n,f,c,n,t,,k,k,w,o,d,p
f,s,n,f,c,n,t,,s,k,w,o,p,p
x,s,e,f,c,n,t,,s,k,w,o,p,p
f,y,n,f,c,n,t,,k,k,w,o,l,p
f,s,n,f,c,n,t,,s,k,w,o,d,p
f,y,n,f,c,n,t,,k,s,w,o,l,p
f,s,e,f,c,n,t,,k,k,w,o,l,p
f,y,e,f,c,n,t,,s,k,w,o,p,p
f,y,n,f,c,n,t,,k,s,w,o,d,p
f,s,e,f,c,n,t,,k,k,w,o,d,p
f,s,e,f,c,n,t,,s,k,w,o,d,p
f,y,n,f,c,n,t,,k,k,w,o,d,p
f,s,e,f,c,n,t,,k,s,w,o,d,p
f,s,n,f,c,n,t,,k,s,w,o,d,p
k,y,e,f,c,n,t,,s,s,w,o,d,p
f,y,e,f,c,n,t,,s,k,w,o,d,p
f,s,e,f,c,n,t,,k,k,w,o,d,p
f,y,e,f,c,n,t,,s,s,w,o,d,p
f,y,n,f,c,n,t,,k,s,w,o,l,p
f,y,e,f,c,n,t,,s,s,w,o,p,p
f,s,n,f,c,n,t,,s,k,w,o,p,p
x,y,e,f,c,n,t,,s,s,w,o,d,p
x,f,w,f,w,b,e,,k,s,w,t,g,e
x,s,e,f,c,n,t,,k,s,w,o,d,p
x,s,e,f,c,n,t,,s,s,w,o,l,p
f,y,n,f,c,n,t,,k,k,w,o,l,p
x,s,e,f,c,n,t,,s,s,w,o,d,p
x,s,n,f,c,n,t,,s,k,w,o,d,p
x,s,n,f,c,n,t,,k,s,w,o,p,p
x,s,n,f,c,n,t,,k,k,w,o,l,p
x,f,g,f,w,b,e,,s,k,w,t,g,e
f,y,e,f,c,n,t,,k,s,w,o,l,p
f,y,e,f,c,n,t,,s,k,w,o,l,p
x,y,e,f,c,n,t,,s,s,w,o,p,p
x,s,n,f,c,n,t,,k,k,w,o,p,p
k,s,e,f,c,n,t,,k,s,w,o,p,p
k,y,e,f,c,n,t,,k,s,w,o,d,p
f,y,e,f,c,n,t,,k,k,w,o,d,p
x,s,n,f,c,n,t,,k,k,w,o,l,p
f,s,n,f,c,n,t,,k,s,w,o,l,p
x,s,e,f,c,n,t,,k,s,w,o,p,p
f,y,n,f,c,n,t,,k,k,w,o,d,p
x,s,n,f,c,n,t,,k,s,w,o,p,p
k,f,w,f,w,b,e,,s,k,w,t,g,e
k,y,n,f,c,n,t,,s,k,w,o,d,p
f,s,e,f,c,n,t,,s,k,w,o,d,p
x,y,e,f,c,n,t,,k,s,w,o,d,p
x,s,n,f,c,n,t,,s,s,w,o,l,p
x,s,n,f,c,n,t,,s,s,w,o,d,p
f,y,e,f,c,n,t,,k,s,w,o,l,p
f,y,n,f,c,n,t,,s,s,w,o,l,p
x,y,e,f,c,n,t,,s,s,w,o,l,p
f,s,e,f,c,n,t,,s,k,w,o,p,p
x,s,e,f,c,n,t,,s,k,w,o,d,p
x,s,n,f,c,n,t,,k,s,w,o,p,p
f,y,n,f,c,n,t,,k,k,w,o,l,p
f,y,e,f,c,n,t,,s,k,w,o,l,p
f,y,n,f,c,n,t,,k,s,w,o,l,p
f,y,n,f,c,n,t,,s,s,w,o,d,p
f,s,n,f,c,n,t,,s,k,w,o,p,p
f,y,e,f,c,n,t,,k,s,w,o,p,p
f,y,e,f,c,n,t,,k,s,w,o,l,p
x,y,e,f,c,n,t,,k,s,w,o,p,p
k,s,e,f,c,n,t,,s,k,w,o,p,p
f,y,e,f,c,n,t,,s,s,w,o,p,p
f,y,n,f,c,n,t,,s,s,w,o,p,p
f,s,n,f,c,n,t,,k,k,w,o,d,p
f,s,e,f,c,n,t,,s,k,w,o,p,p
k,s,e,f,c,n,t,,s,k,w,o,p,p
f,y,e,f,c,n,t,,s,s,w,o,p,p
f,s,n,f,c,n,t,,k,k,w,o,p,p
x,s,n,f,c,b,e,,s,s,o,o,l,e
x,s,n,f,c,n,t,,s,s,w,o,l,p
k,s,n,f,c,n,t,,s,s,w,o,l,p
f,s,n,f,c,n,t,,s,k,w,o,d,p
f,s,n,f,c,n,t,,k,s,w,o,d,p
x,s,n,f,c,n,t,,s,s,w,o,p,p
f,s,n,f,c,n,t,,k,k,w,o,d,p
f,y,e,f,c,n,t,,k,s,w,o,p,p
f,y,e,f,c,n,t,,s,k,w,o,d,p
f,s,n,f,c,n,t,,s,s,w,o,l,p
x,s,e,f,c,n,t,,s,k,w,o,l,p
x,s,n,f,c,n,t,,s,k,w,o,p,p
x,s,e,f,c,n,t,,s,s,w,o,p,p
x,s,e,f,c,n,t,,k,k,w,o,d,p
f,y,e,f,c,n,t,,k,s,w,o,l,p
x,s,e,f,c,n,t,,k,k,w,o,p,p
k,s,e,f,c,n,t,,k,s,w,o,l,p
x,y,e,f,c,n,t,,s,s,w,o,p,p
f,s,n,f,c,n,t,,s,s,w,o,p,p
f,s,n,f,c,n,t,,s,k,w,o,l,p
x,s,n,f,c,n,t,,s,s,w,o,d,p
k,y,e,f,c,n,t,,s,k,w,o,p,p
x,s,e,f,c,n,t,,k,k,w,o,l,p
f,y,n,f,c,n,t,,s,s,w,o,d,p
f,y,e,f,c,n,t,,k,s,w,o,d,p
f,y,n,f,c,n,t,,s,s,w,o,p,p
f,s,n,f,c,n,t,,k,k,w,o,l,p
f,s,e,f,c,n,t,,s,s,w,o,p,p
k,y,n,f,c,n,t,,k,k,w,o,p,p
f,y,e,f,c,n,t,,s,k,w,o,l,p
f,s,e,f,c,n,t,,s,s,w,o,p,p
f,s,n,f,c,n,t,,s,s,w,o,d,p
x,s,n,f,c,n,t,,s,s,w,o,l,p
f,y,n,f,c,n,t,,k,s,w,o,d,p
f,y,e,f,c,n,t,,k,k,w,o,d,p
x,y,e,f,c,n,t,,k,k,w,o,d,p
f,s,e,f,c,n,t,,k,s,w,o,p,p
x,s,n,f,c,n,t,,k,k,w,o,l,p
f,s,n,f,c,n,t,,k,k,w,o,p,p
f,s,n,f,c,n,t,,s,k,w,o,l,p
f,s,e,f,c,n,t,,s,s,w,o,p,p
x,s,g,f,w,b,e,,s,k,w,t,g,e
k,y,n,f,c,n,t,,k,k,w,o,p,p
x,y,e,f,c,n,t,,k,s,w,o,p,p
x,s,n,f,c,n,t,,s,s,w,o,p,p
x,s,n,f,c,n,t,,s,s,w,o,d,p
f,y,e,f,c,n,t,,k,k,w,o,l,p
k,y,n,f,c,n,t,,s,s,w,o,l,p
x,s,e,f,c,n,t,,k,s,w,o,d,p
x,s,n,f,c,n,t,,s,k,w,o,d,p
k,y,n,f,c,n,t,,k,s,w,o,d,p
x,y,e,f,c,n,t,,k,k,w,o,l,p
k,s,n,f,c,n,t,,k,s,w,o,p,p
x,s,n,f,c,n,t,,s,k,w,o,p,p
x,y,e,f,c,n,t,,s,k,w,o,d,p
f,s,e,f,c,n,t,,s,k,w,o,d,p
f,s,n,f,c,n,t,,s,k,w,o,l,p
f,s,n,f,c,n,t,,k,s,w,o,p,p
f,s,e,f,c,n,t,,k,s,w,o,p,p
x,y,e,f,c,n,t,,k,s,w,o,l,p
x,s,e,f,c,n,t,,k,s,w,o,l,p
f,s,n,f,c,n,t,,s,s,w,o,p,p
f,y,e,f,c,n,t,,s,s,w,o,d,p
x,s,n,f,c,n,t,,k,s,w,o,d,p
x,s,e,f,c,n,t,,k,k,w,o,d,p
x,s,e,f,c,n,t,,k,k,w,o,l,p
f,s,e,f,c,n,t,,k,s,w,o,p,p
x,y,e,f,c,n,t,,s,k,w,o,p,p
x,s,n,f,c,n,t,,s,k,w,o,d,p
x,s,e,f,c,n,t,,s,k,w,o,l,p
x,s,e,f,c,n,t,,s,k,w,o,l,p
x,s,n,f,c,n,t,,s,k,w,o,d,p
x,s,n,f,c,n,t,,k,s,w,o,l,p
f,s,e,f,c,n,t,,s,s,w,o,d,p
f,y,e,f,c,n,t,,k,s,w,o,d,p
x,s,n,f,c,n,t,,k,s,w,o,d,p
x,s,e,f,c,n,t,,k,k,w,o,l,p
f,s,n,f,c,n,t,,k,s,w,o,l,p
x,s,n,f,c,n,t,,s,k,w,o,d,p
f,s,e,f,c,n,t,,k,s,w,o,d,p
k,y,n,f,c,n,t,,s,k,w,o,p,p
x,s,n,f,c,n,t,,s,k,w,o,l,p
f,y,n,f,c,n,t,,k,s,w,o,p,p
k,y,n,f,c,n,t,,k,s,w,o,p,p
f,s,e,f,c,n,t,,k,s,w,o,d,p
f,s,n,f,c,n,t,,k,k,w,o,p,p
x,s,e,f,c,n,t,,s,k,w,o,d,p
x,s,n,f,c,n,t,,s,s,w,o,l,p
f,y,n,f,c,n,t,,k,s,w,o,p,p
f,y,n,f,c,n,t,,s,k,w,o,p,p
x,s,e,f,c,n,t,,s,s,w,o,l,p
f,y,n,f,c,n,t,,k,s,w,o,l,p
x,y,e,f,c,n,t,,s,s,w,o,p,p
f,y,n,f,c,n,t,,k,k,w,o,l,p
f,y,e,f,c,n,t,,k,s,w,o,p,p
x,y,e,f,c,n,t,,k,s,w,o,l,p
f,s,e,f,c,n,t,,s,s,w,o,l,p
k,s,n,f,c,n,t,,s,k,w,o,d,p
x,y,e,f,c,n,t,,s,s,w,o,p,p
x,s,n,f,c,n,t,,k,s,w,o,l,p
f,s,e,f,c,n,t,,k,s,w,o,p,p
f,s,e,f,c,n,t,,s,s,w,o,p,p
b,f,g,f,w,b,e,,s,k,w,t,g,e
x,s,n,f,c,n,t,,k,s,w,o,p,p
k,s,n,f,c,n,t,,k,s,w,o,p,p
b,s,n,f,c,b,e,,s,s,n,o,l,e
f,s,n,f,c,n,t,,s,s,w,o,d,p
f,y,n,f,c,n,t,,k,k,w,o,d,p
x,y,e,f,c,n,t,,s,k,w,o,d,p
x,s,e,f,c,n,t,,k,s,w,o,d,p
k,y,c,f,c,b,e,c,k,y,w,n,d,p
x,s,e,f,c,n,t,,s,s,w,o,l,p
f,s,n,f,c,n,t,,k,k,w,o,p,p
x,s,n,f,c,n,t,,k,k,w,o,l,p
x,y,e,f,c,n,t,,s,k,w,o,d,p
x,s,e,f,c,n,t,,k,k,w,o,d,p
f,s,e,f,c,n,t,,s,s,w,o,l,p
f,s,n,f,c,n,t,,s,k,w,o,d,p
f,s,n,f,c,n,t,,k,k,w,o,d,p
f,y,e,f,c,n,t,,k,s,w,o,p,p
x,s,e,f,c,n,t,,s,k,w,o,l,p
f,y,e,f,c,n,t,,s,k,w,o,d,p
f,y,n,f,c,n,t,,s,k,w,o,l,p
x,y,e,f,c,n,t,,k,k,w,o,l,p
f,y,e,f,c,n,t,,k,s,w,o,p,p
f,s,e,f,c,n,t,,k,k,w,o,l,p
f,s,e,f,c,n,t,,k,s,w,o,p,p
x,s,e,f,c,n,t,,k,k,w,o,p,p
x,s,e,f,c,n,t,,k,k,w,o,d,p
k,y,e,f,c,n,t,,s,s,w,o,p,p
x,y,e,f,c,n,t,,s,s,w,o,l,p
x,s,e,f,c,n,t,,s,s,w,o,d,p
x,s,n,f,c,n,t,,k,k,w,o,d,p
x,s,n,f,c,n,t,,s,s,w,o,l,p
f,s,n,f,c,n,t,,s,k,w,o,d,p
f,y,n,f,c,n,t,,k,k,w,o,p,p
x,s,e,f,c,n,t,,s,k,w,o,d,p
k,s,n,f,c,n,t,,s,k,w,o,p,p
f,s,n,f,c,n,t,,s,s,w,o,d,p
f,y,n,f,c,n,t,,k,k,w,o,d,p
f,y,e,f,c,n,t,,s,k,w,o,p,p
f,y,e,f,c,n,t,,s,k,w,o,l,p
f,y,n,f,c,n,t,,k,s,w,o,d,p
x,s,e,f,c,n,t,,k,s,w,o,l,p
f,y,n,f,c,n,t,,s,k,w,o,d,p
f,s,n,f,c,n,t,,k,s,w,o,d,p
f,s,e,f,c,n,t,,s,k,w,o,p,p
x,s,n,f,c,n,t,,s,s,w,o,d,p
f,y,e,f,c,n,t,,s,s,w,o,d,p
k,y,n,f,c,n,t,,k,k,w,o,l,p
f,s,n,f,c,n,t,,k,s,w,o,p,p
f,y,n,f,c,n,t,,s,k,w,o,p,p
f,s,e,f,c,n,t,,k,k,w,o,l,p
x,s,n,f,c,n,t,,s,k,w,o,l,p
f,s,e,f,c,n,t,,s,k,w,o,p,p
x,s,e,f,c,n,t,,s,k,w,o,d,p
f,y,e,f,c,n,t,,s,s,w,o,d,p
x,s,e,f,c,n,t,,k,k,w,o,p,p
f,s,e,f,c,n,t,,s,k,w,o,p,p
f,s,n,f,c,n,t,,k,s,w,o,p,p
x,s,n,f,c,n,t,,s,k,w,o,p,p
x,s,e,f,c,n,t,,s,s,w,o,d,p
f,s,e,f,c,n,t,,s,k,w,o,d,p
x,s,e,f,c,n,t,,s,k,w,o,l,p
x,s,n,f,c,n,t,,k,s,w,o,l,p
f,s,e,f,c,n,t,,k,k,w,o,d,p
x,y,e,f,c,n,t,,s,k,w,o,l,p
x,s,n,f,c,n,t,,s,k,w,o,p,p
x,y,e,f,c,n,t,,s,s,w,o,p,p
f,s,e,f,c,n,t,,k,k,w,o,l,p
x,s,e,f,c,n,t,,k,s,w,o,d,p
f,y,n,f,c,n,t,,s,s,w,o,l,p
x,s,e,f,c,n,t,,k,s,w,o,l,p
x,s,n,f,c,n,t,,k,s,w,o,l,p
f,s,e,f,c,n,t,,k,s,w,o,d,p
x,s,e,f,c,n,t,,s,k,w,o,d,p
f,s,n,f,c,n,t,,k,k,w,o,l,p
x,y,e,f,c,n,t,,k,k,w,o,p,p
f,y,e,f,c,n,t,,k,k,w,o,d,p
x,y,e,f,c,n,t,,k,k,w,o,p,p
k,y,n,f,c,n,t,,k,k,w,o,l,p
f,y,n,f,c,n,t,,s,s,w,o,l,p
x,y,e,f,c,n,t,,s,s,w,o,l,p
f,s,n,f,c,n,t,,s,s,w,o,p,p
x,s,e,f,c,n,t,,k,k,w,o,d,p
f,s,e,f,c,n,t,,k,s,w,o,d,p
x,f,g,f,w,b,e,,k,k,w,t,g,e
x,s,e,f,c,n,t,,s,k,w,o,p,p
f,s,n,f,c,n,t,,s,k,w,o,l,p
f,s,n,f,c,n,t,,s,s,w,o,p,p
x,s,e,f,c,n,t,,s,k,w,o,l,p
x,s,e,f,c,n,t,,k,s,w,o,l,p
x,s,e,f,c,n,t,,k,s,w,o,l,p
f,y,e,f,c,n,t,,k,s,w,o,d,p
b,f,g,f,w,b,e,,s,s,w,t,g,e
f,y,n,f,c,n,t,,k,s,w,o,d,p
f,y,e,f,c,n,t,,s,k,w,o,d,p
f,y,n,f,c,n,t,,s,s,w,o,d,p
f,s,n,f,c,n,t,,s,k,w,o,l,p
f,y,n,f,c,n,t,,s,k,w,o,d,p
x,y,e,f,c,n,t,,k,s,w,o,d,p
f,y,n,f,c,n,t,,s,s,w,o,l,p
x,s,n,f,c,n,t,,s,k,w,o,d,p
f,y,e,f,c,n,t,,s,s,w,o,d,p
k,f,g,f,w,b,e,,k,s,w,t,g,e
b,s,n,f,c,b,e,,s,s,n,o,l,e
f,s,n,f,c,n,t,,s,s,w,o,l,p
x,s,n,f,c,n,t,,s,s,w,o,p,p
f,y,n,f,c,n,t,,s,s,w,o,l,p
f,s,e,f,c,n,t,,k,s,w,o,l,p
f,y,n,f,c,n,t,,s,s,w,o,l,p
f,s,n,f,c,n,t,,s,s,w,o,d,p
f,y,e,f,c,n,t,,s,s,w,o,p,p
f,y,e,f,c,n,t,,k,k,w,o,l,p
f,s,n,f,c,n,t,,k,k,w,o,l,p
x,s,e,f,c,n,t,,s,k,w,o,d,p
x,f,w,f,w,b,e,,s,k,w,t,g,e
f,s,n,f,c,n,t,,s,s,w,o,p,p
x,s,e,f,c,n,t,,k,s,w,o,l,p
x,s,n,f,c,n,t,,k,s,w,o,d,p
x,s,n,f,c,n,t,,k,s,w,o,l,p
x,s,n,f,c,n,t,,k,k,w,o,d,p
k,y,n,f,c,n,t,,k,k,w,o,d,p
f,s,n,f,c,n,t,,k,k,w,o,p,p
x,y,e,f,c,n,t,,s,s,w,o,p,p
f,s,n,f,c,n,t,,s,s,w,o,p,p
f,s,n,f,c,n,t,,s,k,w,o,d,p
x,s,n,f,c,n,t,,s,k,w,o,l,p
x,s,n,f,c,n,t,,s,s,w,o,d,p
x,y,e,f,c,n,t,,s,s,w,o,l,p
f,s,e,f,c,n,t,,s,s,w,o,d,p
f,s,e,f,c,n,t,,k,k,w,o,l,p
f,y,n,f,c,n,t,,s,k,w,o,p,p
x,s,e,f,c,n,t,,s,k,w,o,l,p
f,s,e,f,c,n,t,,s,s,w,o,l,p
f,y,e,f,c,n,t,,s,s,w,o,d,p
f,y,e,f,c,n,t,,k,k,w,o,l,p
x,y,e,f,c,n,t,,k,k,w,o,l,p
f,y,n,f,c,n,t,,k,k,w,o,l,p
f,s,n,f,c,n,t,,s,s,w,o,l,p
f,s,n,f,c,n,t,,k,s,w,o,p,p
k,y,e,f,c,n,t,,k,k,w,o,l,p
f,s,e,f,c,n,t,,s,s,w,o,l,p
x,s,e,f,c,n,t,,k,s,w,o,p,p
x,y,e,f,c,n,t,,s,k,w,o,p,p
f,y,e,f,c,n,t,,s,k,w,o,l,p
x,y,e,f,c,n,t,,k,k,w,o,d,p
f,y,e,f,c,n,t,,s,s,w,o,l,p
f,y,n,f,c,n,t,,k,k,w,o,d,p
f,y,e,f,c,n,t,,s,k,w,o,l,p
x,y,e,f,c,n,t,,s,s,w,o,p,p
x,s,e,f,c,n,t,,s,k,w,o,d,p
f,s,e,f,c,n,t,,k,s,w,o,l,p
f,s,e,f,c,n,t,,k,k,w,o,p,p
x,s,e,f,c,n,t,,s,s,w,o,p,p
f,s,e,f,c,n,t,,k,k,w,o,p,p
f,s,e,f,c,n,t,,s,s,w,o,p,p
f,s,n,f,c,n,t,,k,k,w,o,l,p
f,y,e,f,c,n,t,,k,k,w,o,d,p
f,y,n,f,c,n,t,,k,k,w,o,p,p
k,s,e,f,c,n,t,,k,k,w,o,l,p
f,s,n,f,c,n,t,,k,k,w,o,d,p
f,y,n,f,c,n,t,,s,s,w,o,p,p
f,s,e,f,c,n,t,,k,s,w,o,l,p
f,y,e,f,c,n,t,,s,s,w,o,l,p
x,s,n,f,c,n,t,,s,s,w,o,p,p
k,y,n,f,c,n,t,,k,k,w,o,p,p
x,y,e,f,c,n,t,,k,k,w,o,d,p
x,s,e,f,c,n,t,,s,s,w,o,l,p
x,s,g,f,w,b,e,,k,s,w,t,g,e
k,y,n,f,c,n,t,,k,s,w,o,d,p
x,s,n,f,c,n,t,,k,s,w,o,p,p
f,s,n,f,c,n,t,,s,k,w,o,p,p
f,s,n,f,c,n,t,,s,s,w,o,p,p
x,s,e,f,c,n,t,,k,k,w,o,p,p
f,s,e,f,c,n,t,,s,k,w,o,l,p
f,y,e,f,c,n,t,,k,k,w,o,l,p
f,y,e,f,c,n,t,,k,k,w,o,p,p
f,s,n,f,c,n,t,,k,s,w,o,l,p
f,s,e,f,c,n,t,,s,s,w,o,p,p
x,s,n,f,c,n,t,,k,s,w,o,p,p
f,s,e,f,c,n,t,,k,k,w,o,l,p
x,s,e,f,c,n,t,,s,s,w,o,p,p
f,s,e,f,c,n,t,,s,s,w,o,d,p
f,y,e,f,c,n,t,,k,s,w,o,p,p
k,y,e,f,c,n,t,,s,s,w,o,p,p
f,s,n,f,c,n,t,,s,s,w,o,p,p
k,y,e,f,c,n,t,,k,s,w,o,d,p
f,s,e,f,c,n,t,,k,k,w,o,l,p
f,y,e,f,c,n,t,,s,k,w,o,l,p
f,s,e,f,c,n,t,,k,k,w,o,l,p
b,s,n,f,c,b,e,,s,s,o,o,l,e
x,s,n,f,c,n,t,,s,k,w,o,d,p
f,y,e,f,c,n,t,,k,s,w,o,l,p
f,y,n,f,c,n,t,,k,k,w,o,d,p
f,s,e,f,c,n,t,,k,k,w,o,d,p
f,y,n,f,c,n,t,,k,k,w,o,p,p
k,y,n,f,c,b,e,c,k,y,w,n,d,p
x,s,e,f,c,n,t,,k,k,w,o,p,p
f,s,e,f,c,n,t,,k,k,w,o,l,p
k,y,n,f,c,n,t,,k,s,w,o,d,p
f,s,e,f,c,n,t,,s,s,w,o,p,p
k,s,w,f,w,b,e,,k,k,w,t,g,e
f,y,n,f,c,n,t,,k,s,w,o,l,p
f,y,n,f,c,n,t,,s,k,w,o,d,p
f,y,n,f,c,n,t,,s,s,w,o,p,p
f,s,n,f,c,n,t,,k,k,w,o,d,p
f,s,n,f,c,n,t,,s,s,w,o,l,p
f,y,e,f,c,n,t,,k,k,w,o,p,p
x,s,e,f,c,n,t,,k,s,w,o,d,p
f,y,n,f,c,n,t,,k,s,w,o,p,p
x,s,n,f,c,n,t,,s,k,w,o,p,p
x,s,e,f,c,n,t,,s,k,w,o,l,p
x,s,e,f,c,n,t,,s,k,w,o,l,p
f,y,e,f,c,n,t,,k,k,w,o,d,p
x,s,n,f,c,n,t,,k,s,w,o,d,p
x,s,e,f,c,n,t,,s,s,w,o,p,p
f,s,n,f,c,n,t,,k,s,w,o,l,p
x,s,n,f,c,n,t,,k,k,w,o,l,p
f,y,e,f,c,n,t,,k,s,w,o,d,p
x,s,n,f,c,n,t,,k,k,w,o,d,p
f,y,e,f,c,n,t,,k,k,w,o,l,p
f,s,e,f,c,n,t,,k,s,w,o,p,p
f,y,n,f,c,n,t,,k,k,w,o,l,p
f,y,n,f,c,n,t,,s,s,w,o,d,p
x,y,e,f,c,n,t,,k,k,w,o,d,p
k,f,g,f,w,b,e,,k,k,w,t,g,e
x,s,e,f,c,n,t,,s,k,w,o,d,p
k,y,n,f,c,n,t,,s,k,w,o,d,p
k,y,n,f,c,n,t,,s,k,w,o,d,p
x,y,e,f,c,n,t,,s,s,w,o,p,p
f,s,e,f,c,n,t,,k,s,w,o,l,p
f,s,n,f,c,n,t,,k,s,w,o,l,p
f,s,e,f,c,n,t,,s,k,w,o,p,p
x,s,e,f,c,n,t,,k,s,w,o,p,p
f,s,n,f,c,n,t,,s,s,w,o,d,p
f,y,e,f,c,n,t,,s,k,w,o,p,p
x,s,n,f,c,n,t,,s,k,w,o,l,p
x,y,e,f,c,n,t,,s,k,w,o,p,p
f,s,e,f,c,n,t,,k,s,w,o,p,p
x,s,n,f,c,n,t,,k,k,w,o,d,p
f,s,n,f,c,n,t,,k,s,w,o,p,p
x,s,n,f,c,b,e,,s,s,o,o,l,e
k,s,n,f,c,n,t,,k,k,w,o,p,p
f,s,n,f,c,n,t,,s,s,w,o,l,p
k,y,e,f,c,n,t,,k,s,w,o,p,p
x,y,c,t,c,b,e,b,s,s,w,t,p,e
b,s,n,f,c,b,e,,s,s,n,o,l,e
k,s,g,f,w,b,e,,s,k,w,t,g,e
x,f,g,f,w,b,e,,s,k,w,t,g,e
x,s,n,f,c,n,t,,s,k,w,o,d,p
k,y,e,f,c,n,t,,s,s,w,o,p,p
x,s,n,f,c,b,e,,s,s,n,o,l,e
k,s,e,f,c,n,t,,k,k,w,o,d,p
b,y,y,f,w,n,e,c,y,y,y,o,l,p
x,s,e,f,c,n,t,,k,s,w,o,d,p
b,s,g,f,w,b,e,,k,k,w,t,g,e
k,y,e,f,c,n,t,,s,k,w,o,p,p
k,s,e,f,c,n,t,,s,k,w,o,p,p
f,s,e,f,c,n,t,,k,k,w,o,d,p
f,y,n,f,c,n,t,,k,s,w,o,p,p
f,s,e,f,c,n,t,,k,k,w,o,d,p
k,f,g,f,w,b,e,,s,k,w,t,g,e
k,s,n,f,c,n,t,,s,s,w,o,p,p
k,s,e,f,c,n,t,,k,s,w,o,d,p
f,s,e,f,c,n,t,,k,s,w,o,l,p
b,f,g,f,w,b,e,,k,k,w,t,g,e
f,y,n,f,c,n,t,,k,k,w,o,d,p
f,s,n,f,c,n,t,,s,s,w,o,p,p
f,s,n,f,c,b,e,,s,s,n,o,l,e
x,y,p,t,c,b,e,b,s,s,w,t,p,e
f,s,n,f,c,n,t,,k,k,w,o,d,p
k,y,e,f,c,n,t,,k,k,w,o,l,p
f,s,n,f,c,n,t,,s,s,w,o,l,p
b,s,w,f,w,b,e,,s,k,w,t,g,e
x,y,e,f,c,n,t,,k,k,w,o,p,p
f,y,e,f,c,n,t,,k,s,w,o,l,p
f,s,e,f,c,n,t,,k,s,w,o,l,p
k,y,n,f,c,n,t,,s,s,w,o,d,p
x,f,w,f,w,b,e,,s,s,w,t,g,e
b,s,w,f,w,b,e,,s,s,w,t,g,e
k,s,e,f,c,n,t,,k,k,w,o,l,p
f,y,n,f,c,n,t,,s,k,w,o,l,p
f,y,n,t,c,b,e,b,s,s,w,t,p,e
k,s,n,f,c,n,t,,s,s,w,o,d,p
k,s,n,f,c,n,t,,s,k,w,o,l,p
f,y,n,f,c,n,t,,s,k,w,o,l,p
f,y,e,f,c,b,e,c,k,y,w,n,d,p
x,s,e,f,c,n,t,,s,k,w,o,d,p
k,y,e,f,c,n,t,,s,s,w,o,p,p
x,s,n,f,c,n,t,,s,k,w,o,l,p
k,s,e,f,c,n,t,,k,k,w,o,l,p
k,y,n,f,c,n,t,,s,k,w,o,l,p
f,y,e,f,c,n,t,,s,s,w,o,p,p
x,f,w,f,w,b,e,,s,s,w,t,g,e
k,s,n,f,c,n,t,,k,s,w,o,d,p
f,s,n,f,c,n,t,,s,k,w,o,p,p
k,s,e,f,c,n,t,,s,k,w,o,d,p
k,s,e,f,c,n,t,,k,k,w,o,l,p
k,y,n,f,c,n,t,,s,s,w,o,l,p
k,f,w,f,w,b,e,,s,s,w,t,g,e
k,s,n,f,c,n,t,,s,s,w,o,p,p
k,y,n,f,c,n,t,,k,s,w,o,l,p
k,s,n,f,c,n,t,,k,k,w,o,l,p
k,s,e,f,c,n,t,,s,s,w,o,d,p
x,s,n,f,c,n,t,,k,k,w,o,l,p
x,y,e,f,c,n,t,,s,s,w,o,l,p
f,s,e,f,c,n,t,,k,k,w,o,p,p
k,y,n,f,c,n,t,,s,s,w,o,d,p
b,s,n,f,c,b,e,b,y,y,w,t,d,e
f,s,n,f,c,n,t,,s,s,w,o,p,p
k,y,e,f,c,n,t,,k,k,w,o,d,p
x,s,n,f,c,b,e,b,y,y,w,t,d,e
f,s,n,f,c,n,t,,k,k,w,o,d,p
k,s,n,f,c,n,t,,s,s,w,o,l,p
f,y,n,f,c,n,t,,k,k,w,o,p,p
x,s,n,f,c,n,t,,s,s,w,o,p,p
k,f,w,f,w,b,e,,s,s,w,t,g,e
f,y,e,f,c,n,t,,k,k,w,o,d,p
x,s,e,f,c,n,t,,s,k,w,o,p,p
x,s,n,f,c,n,t,,k,s,w,o,l,p
f,s,n,f,c,n,t,,k,s,w,o,p,p
k,s,n,f,c,n,t,,k,k,w,o,l,p
k,s,e,f,c,n,t,,k,s,w,o,p,p
k,s,e,f,c,n,t,,k,s,w,o,l,p
x,s,e,f,c,n,t,,k,k,w,o,d,p
b,s,n,f,c,b,e,b,y,y,w,t,p,e
k,s,e,f,c,n,t,,k,s,w,o,p,p
x,s,n,f,c,n,t,,s,s,w,o,p,p
x,y,e,f,c,n,t,,k,k,w,o,p,p
f,s,e,f,c,n,t,,s,s,w,o,l,p
b,s,n,f,c,b,e,,s,s,n,o,l,e
k,s,g,f,w,b,e,,k,k,w,t,g,e
k,y,e,f,c,b,e,c,k,y,w,n,d,p
k,y,e,f,c,n,t,,k,s,w,o,l,p
f,s,e,f,c,n,t,,k,k,w,o,d,p
k,s,n,f,c,b,e,,s,s,o,o,l,e
f,y,e,f,c,n,t,,k,s,w,o,d,p
k,y,e,f,c,n,t,,s,k,w,o,d,p
k,f,w,f,w,b,e,,k,s,w,t,g,e
x,s,g,f,w,b,e,,s,k,w,t,g,e
k,s,n,f,c,b,e,,s,s,o,o,l,e
k,y,e,f,c,n,t,,s,s,w,o,d,p
k,y,n,f,c,n,t,,k,s,w,o,l,p
k,s,e,f,c,n,t,,k,s,w,o,p,p
x,s,w,f,w,b,e,,k,k,w,t,g,e
k,s,w,f,w,b,e,,k,k,w,t,g,e
k,s,w,f,w,b,e,,k,s,w,t,g,e
k,s,e,f,c,n,t,,k,s,w,o,l,p
x,s,e,f,c,n,t,,s,s,w,o,p,p
k,s,g,f,w,b,e,,s,k,w,t,g,e
x,f,w,f,w,b,e,,s,k,w,t,g,e
k,y,e,f,c,n,t,,s,k,w,o,d,p
b,s,w,f,w,b,e,,s,s,w,t,g,e
k,s,e,f,c,n,t,,s,s,w,o,p,p
f,s,n,f,c,n,t,,s,k,w,o,p,p
f,y,n,f,c,n,t,,s,k,w,o,d,p
k,s,g,f,w,b,e,,s,k,w,t,g,e
x,s,w,f,w,b,e,,s,s,w,t,g,e
f,y,e,f,c,n,t,,s,s,w,o,p,p
x,s,e,f,c,n,t,,s,s,w,o,d,p
x,f,w,f,w,b,e,,k,k,w,t,g,e
k,f,w,f,w,b,e,,k,k,w,t,g,e
f,s,e,f,c,n,t,,k,k,w,o,d,p
f,s,g,t,c,b,e,b,s,s,w,t,p,e
k,s,e,f,c,n,t,,k,s,w,o,d,p
x,s,n,f,c,n,t,,s,k,w,o,p,p
k,s,n,f,c,b,e,,s,s,n,o,l,e
x,s,n,f,c,b,e,,s,s,o,o,l,e
k,y,e,f,c,n,t,,k,s,w,o,l,p
x,s,e,f,c,n,t,,k,s,w,o,d,p
x,s,n,f,c,n,t,,k,s,w,o,d,p
k,s,e,f,c,n,t,,k,k,w,o,d,p
x,s,n,f,c,n,t,,s,k,w,o,l,p
k,f,w,f,w,b,e,,k,s,w,t,g,e
k,s,n,f,c,b,e,,s,s,n,o,l,e
k,y,c,f,c,b,e,c,k,y,w,n,d,p
x,f,g,f,w,b,e,,s,s,w,t,g,e
x,s,n,f,c,b,e,,s,s,o,o,l,e
x,s,n,f,c,b,e,,s,s,o,o,l,e
k,y,e,f,c,n,t,,k,s,w,o,p,p
k,f,w,f,w,b,e,,s,s,w,t,g,e
x,f,g,f,w,b,e,,k,s,w,t,g,e
f,s,n,f,c,b,e,,s,s,o,o,l,e
k,y,n,f,c,n,t,,k,k,w,o,d,p
k,y,n,f,c,n,t,,k,s,w,o,l,p
f,y,n,f,c,n,t,,k,s,w,o,d,p
f,y,e,f,c,n,t,,k,s,w,o,p,p
k,f,g,f,w,b,e,,s,k,w,t,g,e
f,y,e,f,c,n,t,,k,k,w,o,d,p
f,y,n,f,c,n,t,,k,s,w,o,p,p
k,s,e,f,c,n,t,,k,s,w,o,l,p
k,s,g,f,w,b,e,,k,k,w,t,g,e
b,s,n,f,c,b,e,,s,s,n,o,l,e
k,y,n,f,c,n,t,,k,k,w,o,l,p
x,s,n,f,c,n,t,,k,s,w,o,p,p
b,s,n,f,c,b,e,,s,s,n,o,l,e
k,s,n,f,c,n,t,,k,s,w,o,d,p
k,s,n,f,c,n,t,,k,k,w,o,p,p
k,s,e,f,c,n,t,,s,k,w,o,l,p
f,s,e,f,c,n,t,,s,s,w,o,p,p
x,s,e,f,c,n,t,,s,s,w,o,p,p
x,s,e,f,c,n,t,,s,s,w,o,d,p
x,s,n,f,c,n,t,,s,s,w,o,d,p
k,y,n,f,c,n,t,,s,k,w,o,d,p
x,s,p,t,c,b,e,b,s,s,w,t,p,e
f,s,e,f,c,n,t,,s,k,w,o,d,p
x,y,n,f,c,b,e,c,k,y,w,n,d,p
k,s,n,f,c,n,t,,s,s,w,o,l,p
k,s,g,f,w,b,e,,k,k,w,t,g,e
k,s,n,f,c,n,t,,k,s,w,o,d,p
f,y,n,f,c,n,t,,k,k,w,o,p,p
k,s,n,f,c,n,t,,s,k,w,o,p,p
k,y,e,f,c,n,t,,s,k,w,o,d,p
f,y,e,f,c,n,t,,k,s,w,o,d,p
f,s,c,t,c,b,e,b,s,s,w,t,p,e
f,y,n,f,c,n,t,,s,k,w,o,l,p
k,s,e,f,c,n,t,,s,k,w,o,d,p
x,s,e,f,c,n,t,,k,s,w,o,l,p
f,y,e,f,c,n,t,,k,k,w,o,l,p
x,s,n,f,c,n,t,,s,s,w,o,p,p
f,s,n,f,c,b,e,,s,s,n,o,l,e
f,s,e,f,c,n,t,,s,k,w,o,d,p
x,y,e,f,c,n,t,,s,k,w,o,p,p
x,y,e,f,c,n,t,,s,k,w,o,d,p
x,s,e,f,c,n,t,,k,k,w,o,p,p
k,s,e,f,c,n,t,,k,k,w,o,l,p
x,s,e,f,c,n,t,,s,s,w,o,l,p
b,f,g,f,w,b,e,,k,s,w,t,g,e
k,y,e,f,c,n,t,,k,s,w,o,p,p
k,s,e,f,c,n,t,,s,k,w,o,l,p
k,f,g,f,w,b,e,,s,s,w,t,g,e
f,s,n,f,c,b,e,,s,s,n,o,l,e
f,y,n,f,c,b,e,c,k,y,w,n,d,p
k,s,e,f,c,n,t,,s,k,w,o,d,p
f,s,n,f,c,n,t,,k,k,w,o,l,p
k,y,n,f,c,n,t,,k,k,w,o,p,p
k,s,e,f,c,n,t,,s,s,w,o,l,p
k,y,n,f,c,n,t,,s,s,w,o,p,p
k,y,n,f,c,n,t,,s,k,w,o,l,p
x,f,g,f,w,b,e,,k,k,w,t,g,e
k,y,e,f,c,n,t,,k,k,w,o,p,p
x,y,c,f,c,b,e,c,k,y,w,n,d,p
k,y,e,f,c,n,t,,k,k,w,o,p,p
k,y,e,f,c,n,t,,k,k,w,o,l,p
b,s,w,f,w,b,e,,s,k,w,t,g,e
k,s,n,f,c,n,t,,k,k,w,o,d,p
x,s,e,f,c,n,t,,s,k,w,o,p,p
f,y,n,f,c,n,t,,k,s,w,o,l,p
f,s,e,f,c,n,t,,k,k,w,o,p,p
k,y,e,f,c,n,t,,s,k,w,o,d,p
k,y,e,f,c,n,t,,k,s,w,o,d,p
b,f,w,f,w,b,e,,s,s,w,t,g,e
k,y,n,f,c,b,e,c,k,y,w,n,d,p
f,y,e,f,c,n,t,,k,s,w,o,d,p
k,s,n,f,c,n,t,,s,k,w,o,p,p
k,y,n,f,c,n,t,,k,s,w,o,p,p
x,s,e,f,c,n,t,,k,k,w,o,l,p
x,y,g,t,c,b,e,b,s,s,w,t,p,e
f,s,n,f,c,n,t,,k,s,w,o,d,p
k,y,e,f,c,n,t,,k,s,w,o,p,p
k,f,w,f,w,b,e,,k,k,w,t,g,e
x,s,n,f,c,n,t,,k,s,w,o,d,p
k,y,n,f,c,n,t,,s,s,w,o,d,p
x,s,e,f,c,n,t,,s,s,w,o,d,p
k,s,w,f,w,b,e,,s,k,w,t,g,e
f,y,n,f,c,n,t,,s,s,w,o,p,p
k,s,e,f,c,n,t,,k,k,w,o,p,p
k,s,e,f,c,n,t,,k,k,w,o,p,p
f,y,e,f,c,n,t,,s,k,w,o,l,p
f,s,n,f,c,b,e,,s,s,n,o,l,e
f,y,n,f,c,n,t,,k,k,w,o,d,p
k,y,e,f,c,n,t,,s,s,w,o,d,p
k,s,e,f,c,n,t,,s,k,w,o,d,p
k,s,e,f,c,n,t,,s,k,w,o,l,p
b,s,n,f,c,b,e,,s,s,o,o,l,e
k,s,g,f,w,b,e,,k,k,w,t,g,e
x,s,n,f,c,b,e,,s,s,o,o,l,e
x,f,g,f,w,b,e,,k,k,w,t,g,e
k,s,e,f,c,n,t,,s,s,w,o,d,p
f,y,e,f,c,n,t,,s,k,w,o,d,p
k,s,n,f,c,n,t,,k,k,w,o,d,p
k,s,n,f,c,n,t,,k,s,w,o,p,p
b,s,w,f,w,b,e,,k,s,w,t,g,e
f,s,n,f,c,n,t,,s,s,w,o,d,p
b,f,g,f,w,b,e,,s,k,w,t,g,e
x,s,n,f,c,n,t,,k,s,w,o,d,p
x,y,e,f,c,n,t,,s,k,w,o,l,p
f,y,c,f,c,b,e,c,k,y,w,n,d,p
f,s,n,f,c,n,t,,s,s,w,o,d,p
x,y,e,f,c,n,t,,s,s,w,o,l,p
f,s,n,f,c,n,t,,k,k,w,o,l,p
f,y,e,f,c,n,t,,k,s,w,o,p,p
f,s,e,f,c,n,t,,k,k,w,o,l,p
x,s,e,f,c,n,t,,k,k,w,o,d,p
k,s,g,f,w,b,e,,k,s,w,t,g,e
x,s,e,f,c,n,t,,s,s,w,o,p,p
k,s,n,f,c,n,t,,k,s,w,o,l,p
k,y,e,f,c,n,t,,k,s,w,o,l,p
x,s,n,f,c,n,t,,k,k,w,o,p,p
b,s,g,f,w,b,e,,s,k,w,t,g,e
x,s,n,f,c,n,t,,s,s,w,o,l,p
f,s,e,f,c,n,t,,s,s,w,o,d,p
k,s,n,f,c,n,t,,s,s,w,o,d,p
b,s,g,f,w,b,e,,s,s,w,t,g,e
x,s,n,f,c,n,t,,k,k,w,o,p,p
f,y,e,f,c,n,t,,s,k,w,o,p,p
f,s,e,f,c,n,t,,s,k,w,o,d,p
f,y,n,f,c,b,e,c,k,y,w,n,d,p
b,f,g,f,w,b,e,,k,s,w,t,g,e
f,s,e,f,c,n,t,,k,k,w,o,p,p
k,s,n,f,c,n,t,,s,k,w,o,l,p
k,s,g,f,w,b,e,,s,k,w,t,g,e
k,y,n,f,c,n,t,,k,k,w,o,l,p
x,s,e,f,c,n,t,,k,k,w,o,l,p
b,s,n,f,c,b,e,,s,s,o,o,l,e
k,y,n,f,c,n,t,,s,k,w,o,l,p
f,y,n,f,c,n,t,,k,k,w,o,l,p
x,s,n,f,c,b,e,,s,s,n,o,l,e
k,s,n,f,c,n,t,,k,k,w,o,l,p
k,s,n,f,c,n,t,,k,k,w,o,d,p
k,s,n,f,c,n,t,,k,s,w,o,p,p
k,s,n,f,c,n,t,,s,s,w,o,p,p
f,y,c,t,c,b,e,b,s,s,w,t,p,e
f,s,n,f,c,b,e,,s,s,n,o,l,e
b,s,w,f,w,b,e,,k,k,w,t,g,e
k,s,e,f,c,n,t,,s,s,w,o,p,p
b,s,g,f,w,b,e,,s,s,w,t,g,e
k,y,e,f,c,n,t,,k,k,w,o,p,p
k,y,n,f,c,n,t,,s,s,w,o,d,p
x,s,n,f,c,b,e,,s,s,o,o,l,e
x,s,e,f,c,n,t,,k,s,w,o,p,p
x,s,n,f,c,n,t,,k,s,w,o,d,p
f,s,e,f,c,n,t,,k,s,w,o,l,p
f,y,e,f,c,n,t,,s,s,w,o,p,p
x,y,e,f,c,n,t,,k,s,w,o,p,p
k,s,e,f,c,n,t,,k,k,w,o,d,p
k,y,n,f,c,b,e,b,y,y,w,t,d,e
f,s,e,f,c,n,t,,s,s,w,o,d,p
k,s,n,f,c,n,t,,k,k,w,o,p,p
f,y,n,f,c,n,t,,s,s,w,o,p,p
f,s,e,f,c,n,t,,k,s,w,o,d,p
k,f,g,f,w,b,e,,s,s,w,t,g,e
k,s,n,f,c,n,t,,s,k,w,o,d,p
b,f,w,f,w,b,e,,k,s,w,t,g,e
k,s,e,f,c,n,t,,k,k,w,o,l,p
x,s,g,f,w,b,e,,k,k,w,t,g,e
k,s,n,f,c,b,e,,s,s,o,o,l,e
k,s,e,f,c,n,t,,k,s,w,o,p,p
k,y,n,f,c,n,t,,s,s,w,o,l,p
k,f,g,f,w,b,e,,k,k,w,t,g,e
x,s,n,f,c,n,t,,s,s,w,o,l,p
k,y,n,f,c,n,t,,s,s,w,o,l,p
x,f,w,f,w,b,e,,k,s,w,t,g,e
k,y,e,f,c,n,t,,k,s,w,o,p,p
k,s,e,f,c,n,t,,k,s,w,o,l,p
k,s,e,f,c,n,t,,k,k,w,o,l,p
k,y,e,f,c,n,t,,k,s,w,o,p,p
k,y,n,f,c,n,t,,s,s,w,o,p,p
k,s,g,f,w,b,e,,k,k,w,t,g,e
k,y,n,f,c,n,t,,k,k,w,o,p,p
k,s,e,f,c,n,t,,s,s,w,o,l,p
x,s,g,f,w,b,e,,s,k,w,t,g,e
f,s,n,f,c,b,e,,s,s,o,o,l,e
k,s,g,f,w,b,e,,k,s,w,t,g,e
x,s,e,f,c,n,t,,k,s,w,o,p,p
k,s,n,f,c,n,t,,s,s,w,o,d,p
k,s,n,f,c,n,t,,s,k,w,o,p,p
x,s,g,f,w,b,e,,k,s,w,t,g,e
k,y,e,f,c,n,t,,k,k,w,o,p,p
f,s,n,f,c,b,e,,s,s,o,o,l,e
k,s,w,f,w,b,e,,k,k,w,t,g,e
f,y,e,f,c,b,e,c,k,y,w,n,d,p
b,s,g,f,w,b,e,,k,k,w,t,g,e
f,y,n,f,c,n,t,,s,k,w,o,p,p
b,s,n,f,c,b,e,,s,s,n,o,l,e
b,s,g,f,w,b,e,,k,s,w,t,g,e
k,s,n,f,c,b,e,,s,s,o,o,l,e
b,s,g,f,w,b,e,,k,k,w,t,g,e
k,s,n,f,c,n,t,,k,s,w,o,l,p
k,y,n,f,c,n,t,,s,k,w,o,p,p
f,s,n,f,c,b,e,,s,s,n,o,l,e
k,s,e,f,c,n,t,,k,k,w,o,p,p
f,s,e,f,c,n,t,,s,k,w,o,p,p
k,s,n,f,c,n,t,,s,k,w,o,l,p
k,s,n,f,c,n,t,,s,k,w,o,l,p
b,s,n,f,c,b,e,,s,s,o,o,l,e
k,f,g,f,w,b,e,,k,k,w,t,g,e
b,s,n,f,c,b,e,,s,s,o,o,l,e
k,s,n,f,c,n,t,,k,s,w,o,l,p
k,y,e,f,c,n,t,,s,k,w,o,l,p
k,y,e,f,c,n,t,,k,s,w,o,p,p
k,s,n,f,c,n,t,,s,s,w,o,l,p
f,s,n,f,c,b,e,,s,s,o,o,l,e
k,s,e,f,c,n,t,,s,s,w,o,d,p
x,s,n,f,c,b,e,,s,s,o,o,l,e
k,s,n,f,c,n,t,,k,k,w,o,d,p
k,s,w,f,w,b,e,,s,s,w,t,g,e
k,y,e,f,c,n,t,,s,s,w,o,d,p
k,y,n,f,c,n,t,,k,k,w,o,d,p
k,f,g,f,w,b,e,,s,s,w,t,g,e
f,s,n,f,c,n,t,,k,s,w,o,p,p
x,s,g,f,w,b,e,,s,s,w,t,g,e
k,y,n,f,c,n,t,,s,k,w,o,p,p
f,s,e,f,c,n,t,,s,k,w,o,d,p
x,f,w,f,w,b,e,,k,k,w,t,g,e
k,y,n,f,c,n,t,,k,s,w,o,l,p
f,y,n,f,c,b,e,c,k,y,w,n,d,p
b,f,g,f,w,b,e,,s,s,w,t,g,e
k,y,e,f,c,n,t,,k,k,w,o,p,p
x,y,e,f,c,n,t,,k,s,w,o,d,p
k,s,e,f,c,n,t,,k,k,w,o,l,p
k,f,g,f,w,b,e,,s,k,w,t,g,e
k,f,w,f,w,b,e,,s,s,w,t,g,e
k,y,e,f,c,n,t,,s,k,w,o,d,p
k,s,g,f,w,b,e,,s,s,w,t,g,e
k,s,n,f,c,n,t,,s,k,w,o,d,p
k,y,n,f,c,n,t,,s,s,w,o,l,p
k,s,w,f,w,b,e,,k,s,w,t,g,e
k,y,e,f,c,n,t,,k,k,w,o,l,p
b,s,w,f,w,b,e,,k,s,w,t,g,e
k,s,n,f,c,n,t,,s,k,w,o,d,p
x,s,w,f,w,b,e,,s,k,w,t,g,e
b,s,n,f,c,b,e,,s,s,o,o,l,e
k,s,n,f,c,n,t,,k,s,w,o,d,p
k,y,e,f,c,n,t,,s,k,w,o,p,p
x,f,w,f,w,b,e,,s,s,w,t,g,e
x,y,e,f,c,b,e,c,k,y,w,n,d,p
k,s,e,f,c,n,t,,k,k,w,o,p,p
k,s,n,f,c,n,t,,k,k,w,o,l,p
k,y,n,f,c,n,t,,s,s,w,o,p,p
k,s,e,f,c,n,t,,s,k,w,o,d,p
k,s,n,f,c,b,e,,s,s,n,o,l,e
k,y,n,f,c,n,t,,k,s,w,o,l,p
f,y,n,f,c,b,e,b,y,y,w,t,d,e
k,s,g,f,w,b,e,,s,s,w,t,g,e
f,y,e,f,c,n,t,,k,k,w,o,l,p
k,y,y,f,w,n,e,c,y,y,y,o,l,p
k,y,e,f,c,n,t,,s,s,w,o,p,p
k,s,e,f,c,n,t,,k,k,w,o,l,p
k,y,e,f,c,n,t,,s,k,w,o,l,p
b,s,n,f,c,b,e,,s,s,n,o,l,e
x,s,g,t,c,b,e,b,s,s,w,t,p,e
k,s,g,f,w,b,e,,k,s,w,t,g,e
f,y,e,f,c,n,t,,s,k,w,o,p,p
k,s,e,f,c,n,t,,k,k,w,o,p,p
k,y,e,f,c,n,t,,s,s,w,o,l,p
b,f,w,f,w,b,e,,k,k,w,t,g,e
f,s,n,f,c,b,e,,s,s,o,o,l,e
k,s,n,f,c,n,t,,k,k,w,o,p,p
k,s,e,f,c,n,t,,s,s,w,o,d,p
x,f,w,f,w,b,e,,k,s,w,t,g,e
k,y,e,f,c,n,t,,s,k,w,o,l,p
x,f,w,f,w,b,e,,s,s,w,t,g,e
k,y,e,f,c,n,t,,s,s,w,o,l,p
k,y,n,f,c,n,t,,s,k,w,o,p,p
x,s,g,f,w,b,e,,k,s,w,t,g,e
x,s,w,f,w,b,e,,s,k,w,t,g,e
k,y,n,f,c,n,t,,k,k,w,o,d,p
k,s,n,f,c,n,t,,k,s,w,o,l,p
k,s,e,f,c,n,t,,k,s,w,o,d,p
b,f,w,f,w,b,e,,k,k,w,t,g,e
f,s,n,f,c,n,t,,s,k,w,o,p,p
k,s,e,f,c,n,t,,k,k,w,o,d,p
k,s,n,f,c,n,t,,s,s,w,o,l,p
x,y,n,f,c,b,e,c,k,y,w,n,d,p
k,y,n,f,c,n,t,,k,s,w,o,l,p
f,s,n,f,c,b,e,,s,s,n,o,l,e
x,y,e,f,c,n,t,,s,s,w,o,d,p
f,s,n,f,c,b,e,,s,s,n,o,l,e
b,s,w,f,w,b,e,,s,s,w,t,g,e
b,s,g,f,w,b,e,,s,s,w,t,g,e
k,y,e,f,c,n,t,,k,k,w,o,l,p
k,s,n,f,c,n,t,,k,k,w,o,d,p
k,s,e,f,c,n,t,,s,s,w,o,p,p
k,s,e,f,c,n,t,,k,k,w,o,d,p
b,f,w,f,w,b,e,,s,s,w,t,g,e
k,s,g,f,w,b,e,,s,s,w,t,g,e
f,y,e,f,c,b,e,c,k,y,w,n,d,p
k,y,n,f,c,n,t,,s,s,w,o,d,p
k,y,n,f,c,n,t,,s,k,w,o,p,p
f,s,e,f,c,n,t,,s,s,w,o,d,p
x,s,n,f,c,n,t,,s,k,w,o,d,p
k,y,n,f,c,n,t,,k,k,w,o,p,p
k,y,c,f,c,b,e,c,k,y,w,n,d,p
k,y,n,f,c,n,t,,s,k,w,o,d,p
k,s,w,f,w,b,e,,s,s,w,t,g,e
f,y,n,f,c,n,t,,k,k,w,o,l,p
b,f,g,f,w,b,e,,s,s,w,t,g,e
f,s,e,f,c,n,t,,s,k,w,o,d,p
k,s,e,f,c,n,t,,k,k,w,o,l,p
k,s,g,f,w,b,e,,k,s,w,t,g,e
x,s,g,f,w,b,e,,s,s,w,t,g,e
k,s,e,f,c,n,t,,k,s,w,o,l,p
k,s,n,f,c,b,e,,s,s,n,o,l,e
f,y,p,t,c,b,e,b,s,s,w,t,p,e
b,s,w,f,w,b,e,,s,k,w,t,g,e
f,y,n,f,c,n,t,,s,k,w,o,l,p
f,s,e,f,c,n,t,,k,k,w,o,p,p
k,s,e,f,c,n,t,,s,s,w,o,l,p
k,f,g,f,w,b,e,,s,s,w,t,g,e
x,f,w,f,w,b,e,,k,k,w,t,g,e
x,s,c,t,c,b,e,b,s,s,w,t,p,e
k,f,g,f,w,b,e,,s,s,w,t,g,e
k,s,e,f,c,n,t,,s,s,w,o,l,p
k,y,e,f,c,n,t,,s,s,w,o,p,p
k,s,n,f,c,n,t,,s,s,w,o,p,p
x,y,e,f,c,n,t,,s,k,w,o,p,p
k,s,n,f,c,b,e,,s,s,o,o,l,e
f,y,y,f,w,n,e,c,y,y,y,o,l,p
x,y,c,f,c,b,e,c,k,y,w,n,d,p
x,s,n,f,c,n,t,,s,s,w,o,d,p
x,y,p,t,c,b,e,b,s,s,w,t,p,e
k,y,n,f,c,n,t,,s,k,w,o,p,p
k,s,g,f,w,b,e,,s,k,w,t,g,e
b,s,g,f,w,b,e,,s,k,w,t,g,e
k,s,e,f,c,n,t,,k,s,w,o,p,p
x,s,n,f,c,b,e,,s,s,n,o,l,e
b,s,n,f,c,b,e,,s,s,n,o,l,e
f,s,n,t,c,b,e,b,s,s,w,t,p,e
k,s,g,f,w,b,e,,s,s,w,t,g,e
f,s,n,f,c,n,t,,k,s,w,o,d,p
k,s,n,f,c,n,t,,s,s,w,o,d,p
f,y,n,f,c,n,t,,k,s,w,o,l,p
k,y,e,f,c,n,t,,k,s,w,o,d,p
k,s,n,f,c,n,t,,k,s,w,o,l,p
k,s,e,f,c,n,t,,k,s,w,o,p,p
b,s,w,f,w,b,e,,k,s,w,t,g,e
k,y,n,f,c,b,e,c,k,y,w,n,d,p
k,y,e,f,c,n,t,,s,s,w,o,d,p
k,s,n,f,c,b,e,,s,s,o,o,l,e
k,s,e,f,c,n,t,,s,k,w,o,p,p
b,s,w,f,w,b,e,,k,k,w,t,g,e
x,s,g,f,w,b,e,,k,k,w,t,g,e
k,s,n,f,c,n,t,,s,k,w,o,l,p
k,y,n,f,c,n,t,,s,s,w,o,p,p
k,s,n,f,c,n,t,,s,k,w,o,d,p
k,y,e,f,c,n,t,,s,s,w,o,p,p
k,s,e,f,c,n,t,,k,k,w,o,l,p
k,y,n,f,c,n,t,,s,k,w,o,p,p
b,s,g,f,w,b,e,,k,k,w,t,g,e
k,y,e,f,c,n,t,,s,k,w,o,p,p
b,f,w,f,w,b,e,,s,k,w,t,g,e
c,y,y,f,w,n,e,c,y,y,y,o,l,p
x,s,n,f,c,n,t,,s,k,w,o,p,p
k,y,e,f,c,n,t,,k,k,w,o,l,p
x,s,g,f,w,b,e,,s,s,w,t,g,e
b,s,n,f,c,b,e,,s,s,n,o,l,e
k,y,e,f,c,n,t,,s,k,w,o,l,p
b,s,n,f,c,b,e,,s,s,o,o,l,e
k,y,e,f,c,n,t,,s,s,w,o,l,p
k,y,e,f,c,n,t,,k,k,w,o,l,p
k,s,e,f,c,n,t,,s,s,w,o,p,p
b,s,g,f,w,b,e,,s,s,w,t,g,e
k,s,n,f,c,b,e,,s,s,o,o,l,e
b,s,n,f,c,b,e,,s,s,n,o,l,e
x,s,n,f,c,n,t,,s,k,w,o,d,p
x,s,g,t,c,b,e,b,s,s,w,t,p,e
x,f,g,f,w,b,e,,k,s,w,t,g,e
k,s,n,f,c,n,t,,k,s,w,o,l,p
k,f,g,f,w,b,e,,k,s,w,t,g,e
k,s,n,f,c,n,t,,k,s,w,o,p,p
k,y,e,f,c,n,t,,s,s,w,o,d,p
k,y,n,f,c,n,t,,s,s,w,o,d,p
f,s,p,t,c,b,e,b,s,s,w,t,p,e
k,y,n,f,c,n,t,,k,s,w,o,d,p
k,y,e,f,c,n,t,,s,s,w,o,p,p
f,s,n,f,c,b,e,,s,s,n,o,l,e
k,y,e,f,c,n,t,,k,k,w,o,l,p
k,y,n,f,c,n,t,,k,k,w,o,d,p
k,y,n,f,c,n,t,,k,k,w,o,d,p
f,y,n,f,c,n,t,,s,k,w,o,p,p
k,s,e,f,c,n,t,,k,k,w,o,p,p
k,y,e,f,c,n,t,,k,k,w,o,l,p
x,s,n,f,c,b,e,,s,s,o,o,l,e
f,s,e,f,c,n,t,,k,s,w,o,p,p
k,s,g,f,w,b,e,,s,s,w,t,g,e
k,s,e,f,c,n,t,,s,s,w,o,l,p
k,s,e,f,c,n,t,,s,k,w,o,l,p
f,s,n,f,c,b,e,,s,s,o,o,l,e
k,s,n,f,c,n,t,,s,k,w,o,l,p
x,f,g,f,w,b,e,,s,k,w,t,g,e
k,s,n,f,c,b,e,,s,s,o,o,l,e
f,s,e,f,c,n,t,,s,s,w,o,p,p
k,s,n,f,c,n,t,,s,s,w,o,d,p
f,y,n,t,c,b,e,b,s,s,w,t,p,e
x,f,g,f,w,b,e,,s,k,w,t,g,e
k,s,w,f,w,b,e,,k,s,w,t,g,e
b,s,n,f,c,b,e,,s,s,n,o,l,e
k,y,e,f,c,n,t,,k,k,w,o,p,p
k,y,e,f,c,n,t,,s,s,w,o,l,p
k,y,n,f,c,b,e,b,y,y,w,t,p,e
x,f,g,f,w,b,e,,k,k,w,t,g,e
k,s,n,f,c,n,t,,k,k,w,o,p,p
k,y,e,f,c,n,t,,s,k,w,o,l,p
k,y,n,f,c,n,t,,s,k,w,o,d,p
f,y,n,f,c,n,t,,s,k,w,o,l,p
f,s,n,f,c,b,e,,s,s,n,o,l,e
f,y,e,f,c,n,t,,s,s,w,o,d,p
k,s,n,f,c,n,t,,s,k,w,o,p,p
k,s,n,f,c,n,t,,s,k,w,o,l,p
b,s,n,f,c,b,e,,s,s,o,o,l,e
x,f,g,f,w,b,e,,k,s,w,t,g,e
k,s,n,f,c,n,t,,s,k,w,o,p,p
k,y,n,f,c,n,t,,s,s,w,o,p,p
x,s,g,f,w,b,e,,s,s,w,t,g,e
k,y,n,f,c,n,t,,k,k,w,o,d,p
k,s,e,f,c,n,t,,k,s,w,o,d,p
k,y,e,f,c,n,t,,s,k,w,o,l,p
b,s,n,f,c,b,e,,s,s,n,o,l,e
b,s,g,f,w,b,e,,s,k,w,t,g,e
x,y,e,f,c,b,e,c,k,y,w,n,d,p
k,s,n,f,c,n,t,,k,s,w,o,p,p
k,y,e,f,c,n,t,,k,s,w,o,d,p
k,y,e,f,c,n,t,,s,k,w,o,d,p
k,s,n,f,c,n,t,,k,k,w,o,d,p
k,y,e,f,c,n,t,,k,s,w,o,l,p
k,s,e,f,c,n,t,,s,s,w,o,d,p
x,s,e,f,c,n,t,,k,s,w,o,p,p
k,s,e,f,c,n,t,,s,s,w,o,d,p
k,s,n,f,c,n,t,,s,s,w,o,d,p
b,f,g,f,w,b,e,,k,k,w,t,g,e
k,y,n,f,c,b,e,c,k,y,w,n,d,p
f,s,n,t,c,b,e,b,s,s,w,t,p,e
k,s,n,f,c,n,t,,k,k,w,o,p,p
f,y,y,f,w,n,e,c,y,y,y,o,l,p
k,s,n,f,c,n,t,,k,s,w,o,l,p
f,y,e,f,c,b,e,c,k,y,w,n,d,p
x,f,g,f,w,b,e,,s,s,w,t,g,e
k,y,n,f,c,n,t,,s,k,w,o,d,p
k,s,n,f,c,n,t,,k,s,w,o,l,p
f,y,n,f,c,n,t,,s,s,w,o,d,p
f,s,n,f,c,b,e,,s,s,o,o,l,e
k,y,n,f,c,n,t,,s,s,w,o,d,p
f,y,n,f,c,n,t,,k,k,w,o,d,p
k,s,n,f,c,n,t,,k,k,w,o,p,p
f,y,e,f,c,n,t,,s,k,w,o,l,p
k,s,n,f,c,n,t,,k,k,w,o,p,p
x,y,e,f,c,n,t,,s,s,w,o,d,p
k,y,n,f,c,n,t,,s,k,w,o,p,p
x,s,w,f,w,b,e,,k,s,w,t,g,e
x,s,g,f,w,b,e,,s,k,w,t,g,e
x,f,w,f,w,b,e,,k,k,w,t,g,e
k,s,n,f,c,n,t,,k,s,w,o,d,p
k,s,e,f,c,n,t,,k,k,w,o,d,p
k,y,e,f,c,n,t,,s,k,w,o,p,p
k,s,e,f,c,n,t,,s,s,w,o,d,p
k,s,n,f,c,n,t,,k,s,w,o,p,p
k,y,n,f,c,n,t,,k,k,w,o,l,p
k,y,e,f,c,n,t,,s,s,w,o,p,p
k,s,n,f,c,n,t,,s,k,w,o,d,p
k,s,e,f,c,n,t,,s,k,w,o,d,p
f,s,n,f,c,b,e,,s,s,n,o,l,e
f,s,n,f,c,n,t,,s,s,w,o,d,p
k,s,n,f,c,n,t,,k,k,w,o,l,p
x,s,g,f,w,b,e,,k,s,w,t,g,e
x,f,w,f,w,b,e,,s,s,w,t,g,e
k,y,n,f,c,n,t,,s,s,w,o,d,p
x,s,n,f,c,b,e,,s,s,n,o,l,e
k,y,n,f,c,n,t,,k,k,w,o,l,p
k,y,n,f,c,n,t,,s,s,w,o,l,p
k,y,n,f,c,n,t,,s,s,w,o,p,p
k,y,e,f,c,n,t,,k,s,w,o,l,p
k,s,n,f,c,n,t,,k,k,w,o,l,p
b,s,n,f,c,b,e,,s,s,n,o,l,e
f,s,n,f,c,b,e,,s,s,o,o,l,e
b,s,w,f,w,b,e,,k,k,w,t,g,e
k,s,n,f,c,n,t,,k,k,w,o,l,p
x,s,n,f,c,b,e,,s,s,n,o,l,e
k,y,n,f,c,n,t,,k,s,w,o,d,p
b,f,g,f,w,b,e,,k,k,w,t,g,e
b,s,g,f,w,b,e,,k,s,w,t,g,e
x,s,n,f,c,n,t,,k,k,w,o,d,p
x,s,n,f,c,b,e,,s,s,o,o,l,e
x,s,w,f,w,b,e,,s,k,w,t,g,e
x,s,n,f,c,b,e,b,y,y,w,t,p,e
k,s,g,f,w,b,e,,s,k,w,t,g,e
x,s,w,f,w,b,e,,k,k,w,t,g,e
f,y,c,f,c,b,e,c,k,y,w,n,d,p
x,s,n,f,c,b,e,,s,s,o,o,l,e
k,s,e,f,c,n,t,,s,k,w,o,l,p
k,y,e,f,c,n,t,,s,k,w,o,l,p
x,s,w,f,w,b,e,,k,s,w,t,g,e
k,f,w,f,w,b,e,,k,k,w,t,g,e
b,f,g,f,w,b,e,,k,s,w,t,g,e
k,s,n,f,c,b,e,,s,s,o,o,l,e
k,y,n,f,c,n,t,,s,s,w,o,p,p
f,y,e,f,c,n,t,,k,k,w,o,p,p
k,s,e,f,c,n,t,,s,k,w,o,l,p
k,s,n,f,c,b,e,,s,s,n,o,l,e
f,s,p,t,c,b,e,b,s,s,w,t,p,e
k,y,n,f,c,n,t,,k,k,w,o,p,p
b,s,w,f,w,b,e,,k,s,w,t,g,e
k,s,e,f,c,n,t,,s,s,w,o,p,p
k,s,w,f,w,b,e,,k,k,w,t,g,e
k,y,n,f,c,n,t,,s,k,w,o,l,p
k,s,n,f,c,n,t,,s,s,w,o,l,p
f,s,n,f,c,b,e,,s,s,o,o,l,e
k,s,n,f,c,n,t,,k,k,w,o,l,p
k,y,e,f,c,n,t,,k,k,w,o,d,p
x,s,n,f,c,b,e,,s,s,n,o,l,e
x,f,w,f,w,b,e,,k,k,w,t,g,e
x,f,g,f,w,b,e,,k,s,w,t,g,e
x,s,n,f,c,b,e,,s,s,n,o,l,e
k,s,n,f,c,n,t,,s,s,w,o,p,p
k,y,e,f,c,n,t,,k,k,w,o,p,p
x,s,w,f,w,b,e,,s,s,w,t,g,e
k,y,e,f,c,n,t,,k,s,w,o,d,p
x,f,g,f,w,b,e,,s,s,w,t,g,e
k,s,n,f,c,n,t,,k,k,w,o,l,p
f,y,n,f,c,n,t,,s,k,w,o,d,p
k,s,e,f,c,n,t,,k,s,w,o,d,p
k,s,n,f,c,b,e,b,y,y,w,t,p,e
k,s,e,f,c,n,t,,k,s,w,o,l,p
k,s,n,f,c,n,t,,k,s,w,o,p,p
b,s,g,f,w,b,e,,s,s,w,t,g,e
k,y,n,f,c,n,t,,k,k,w,o,l,p
k,s,n,f,c,n,t,,k,s,w,o,p,p
k,f,g,f,w,b,e,,k,s,w,t,g,e
k,y,n,f,c,n,t,,s,k,w,o,l,p
k,s,e,f,c,n,t,,s,k,w,o,l,p
k,y,n,f,c,n,t,,k,s,w,o,p,p
k,s,e,f,c,n,t,,s,s,w,o,d,p
k,f,w,f,w,b,e,,s,k,w,t,g,e
k,y,e,f,c,n,t,,k,s,w,o,d,p
k,y,e,f,c,n,t,,k,k,w,o,d,p
b,f,w,f,w,b,e,,k,s,w,t,g,e
x,s,g,f,w,b,e,,s,s,w,t,g,e
b,s,g,f,w,b,e,,k,s,w,t,g,e
k,y,e,f,c,n,t,,s,k,w,o,p,p
k,s,n,f,c,n,t,,s,k,w,o,p,p
k,y,e,f,c,n,t,,k,k,w,o,d,p
b,s,w,f,w,b,e,,s,k,w,t,g,e
f,s,e,f,c,n,t,,s,s,w,o,d,p
k,s,n,f,c,n,t,,k,k,w,o,d,p
k,s,w,f,w,b,e,,s,k,w,t,g,e
k,y,e,f,c,n,t,,s,k,w,o,d,p
k,s,e,f,c,n,t,,k,s,w,o,l,p
k,s,n,f,c,n,t,,s,k,w,o,d,p
x,s,n,t,c,b,e,b,s,s,w,t,p,e
k,s,n,f,c,n,t,,k,k,w,o,p,p
k,y,e,f,c,n,t,,k,k,w,o,p,p
b,y,y,f,w,n,e,c,y,y,y,o,l,p
k,y,e,f,c,n,t,,k,k,w,o,l,p
x,s,n,t,c,b,e,b,s,s,w,t,p,e
k,s,e,f,c,n,t,,s,s,w,o,p,p
k,f,g,f,w,b,e,,k,k,w,t,g,e
k,s,e,f,c,n,t,,s,s,w,o,d,p
k,s,e,f,c,n,t,,k,k,w,o,d,p
k,s,n,f,c,n,t,,s,s,w,o,l,p
k,y,n,f,c,n,t,,s,s,w,o,l,p
x,f,g,f,w,b,e,,k,s,w,t,g,e
b,s,w,f,w,b,e,,k,s,w,t,g,e
k,y,e,f,c,n,t,,k,s,w,o,d,p
b,s,n,f,c,b,e,,s,s,o,o,l,e
k,y,e,f,c,n,t,,k,k,w,o,p,p
k,s,e,f,c,n,t,,s,k,w,o,p,p
b,s,g,f,w,b,e,,k,s,w,t,g,e
k,s,e,f,c,n,t,,s,s,w,o,p,p
b,s,n,f,c,b,e,,s,s,n,o,l,e
f,s,n,f,c,n,t,,s,s,w,o,p,p
k,s,e,f,c,n,t,,k,s,w,o,d,p
k,s,n,f,c,n,t,,k,s,w,o,l,p
k,y,n,f,c,n,t,,s,s,w,o,l,p
b,f,g,f,w,b,e,,s,s,w,t,g,e
k,s,w,f,w,b,e,,s,s,w,t,g,e
k,s,n,f,c,n,t,,s,k,w,o,l,p
f,y,n,f,c,n,t,,k,k,w,o,d,p
x,s,w,f,w,b,e,,k,k,w,t,g,e
x,s,n,f,c,b,e,,s,s,o,o,l,e
k,s,n,f,c,n,t,,k,s,w,o,p,p
k,y,n,f,c,n,t,,s,s,w,o,l,p
k,s,n,f,c,b,e,,s,s,o,o,l,e
b,f,w,f,w,b,e,,k,k,w,t,g,e
x,s,w,f,w,b,e,,k,k,w,t,g,e
f,y,e,f,c,n,t,,s,s,w,o,p,p
k,y,e,f,c,n,t,,s,s,w,o,l,p
x,y,e,f,c,b,e,c,k,y,w,n,d,p
f,s,n,f,c,b,e,,s,s,n,o,l,e
k,s,n,f,c,n,t,,s,k,w,o,d,p
x,s,n,f,c,n,t,,k,k,w,o,d,p
k,y,e,f,c,n,t,,s,k,w,o,d,p
b,s,w,f,w,b,e,,s,s,w,t,g,e
b,s,g,f,w,b,e,,k,s,w,t,g,e
k,f,g,f,w,b,e,,k,s,w,t,g,e
k,f,g,f,w,b,e,,k,k,w,t,g,e
x,f,w,f,w,b,e,,k,s,w,t,g,e
k,y,e,f,c,n,t,,k,s,w,o,p,p
f,y,e,f,c,n,t,,k,s,w,o,l,p
k,y,e,f,c,n,t,,s,s,w,o,l,p
f,s,n,f,c,n,t,,k,k,w,o,l,p
b,s,w,f,w,b,e,,k,s,w,t,g,e
k,s,w,f,w,b,e,,k,k,w,t,g,e
b,f,w,f,w,b,e,,s,s,w,t,g,e
f,s,n,f,c,b,e,,s,s,n,o,l,e
k,y,e,f,c,n,t,,s,s,w,o,d,p
k,s,n,f,c,n,t,,s,s,w,o,p,p
k,s,n,f,c,n,t,,s,k,w,o,p,p
f,y,n,f,c,n,t,,s,k,w,o,d,p
x,s,e,f,c,n,t,,k,k,w,o,l,p
f,s,n,f,c,b,e,,s,s,o,o,l,e
k,f,w,f,w,b,e,,s,k,w,t,g,e
k,s,n,f,c,n,t,,k,s,w,o,d,p
x,s,n,f,c,n,t,,k,s,w,o,d,p
b,f,g,f,w,b,e,,s,k,w,t,g,e
k,y,n,f,c,n,t,,k,k,w,o,d,p
b,s,n,f,c,b,e,,s,s,o,o,l,e
f,s,n,f,c,b,e,,s,s,o,o,l,e
k,y,e,f,c,n,t,,k,k,w,o,p,p
k,s,e,f,c,n,t,,k,k,w,o,d,p
k,y,n,f,c,n,t,,k,s,w,o,p,p
k,y,e,f,c,n,t,,s,k,w,o,p,p
k,y,n,f,c,n,t,,k,k,w,o,d,p
x,s,g,f,w,b,e,,k,k,w,t,g,e
k,y,n,f,c,n,t,,s,s,w,o,d,p
f,y,c,t,c,b,e,b,s,s,w,t,p,e
b,s,n,f,c,b,e,,s,s,n,o,l,e
k,s,e,f,c,n,t,,s,k,w,o,l,p
k,s,n,f,c,n,t,,s,s,w,o,d,p
k,y,n,f,c,n,t,,s,s,w,o,p,p
b,f,g,f,w,b,e,,s,k,w,t,g,e
k,y,n,f,c,n,t,,k,k,w,o,p,p
b,f,w,f,w,b,e,,k,k,w,t,g,e
k,s,e,f,c,n,t,,s,k,w,o,l,p
x,s,w,f,w,b,e,,s,k,w,t,g,e
k,y,e,f,c,n,t,,s,k,w,o,l,p
k,y,e,f,c,n,t,,s,k,w,o,d,p
x,s,w,f,w,b,e,,k,s,w,t,g,e
k,y,e,f,c,n,t,,s,s,w,o,d,p
k,y,n,f,c,n,t,,s,k,w,o,p,p
k,s,n,f,c,b,e,,s,s,n,o,l,e
k,s,n,f,c,b,e,,s,s,n,o,l,e
k,s,e,f,c,n,t,,k,s,w,o,l,p
k,s,e,f,c,n,t,,k,s,w,o,p,p
k,s,n,f,c,b,e,,s,s,n,o,l,e
k,s,n,f,c,n,t,,s,k,w,o,d,p
k,s,e,f,c,n,t,,s,s,w,o,d,p
k,y,e,f,c,n,t,,k,k,w,o,d,p
k,y,e,f,c,n,t,,s,s,w,o,d,p
k,y,e,f,c,n,t,,s,k,w,o,l,p
k,f,w,f,w,b,e,,s,k,w,t,g,e
b,s,n,f,c,b,e,,s,s,o,o,l,e
k,s,e,f,c,n,t,,k,k,w,o,d,p
f,s,n,f,c,b,e,,s,s,o,o,l,e
f,y,n,f,c,b,e,b,y,y,w,t,p,e
k,y,e,f,c,n,t,,k,s,w,o,l,p
f,s,g,t,c,b,e,b,s,s,w,t,p,e
x,s,p,t,c,b,e,b,s,s,w,t,p,e
c,y,y,f,w,n,e,c,y,y,y,o,l,p
k,s,e,f,c,n,t,,k,s,w,o,p,p
k,y,e,f,c,n,t,,s,k,w,o,d,p
k,y,e,f,c,b,e,c,k,y,w,n,d,p
b,s,n,f,c,b,e,,s,s,n,o,l,e
k,s,n,f,c,n,t,,s,k,w,o,l,p
x,s,w,f,w,b,e,,s,k,w,t,g,e
x,s,e,f,c,n,t,,s,s,w,o,l,p
x,y,c,f,c,b,e,c,k,y,w,n,d,p
f,s,n,f,c,n,t,,s,s,w,o,l,p
k,s,n,f,c,b,e,,s,s,o,o,l,e
b,y,n,f,c,b,e,b,y,y,w,t,d,e
f,s,n,f,c,n,t,,k,s,w,o,d,p
k,s,n,f,c,n,t,,s,s,w,o,p,p
b,s,g,f,w,b,e,,k,k,w,t,g,e
x,y,n,t,c,b,e,b,s,s,w,t,p,e
f,s,n,f,c,n,t,,k,s,w,o,p,p
k,s,n,f,c,b,e,,s,s,n,o,l,e
b,f,w,f,w,b,e,,k,s,w,t,g,e
x,f,w,f,w,b,e,,s,s,w,t,g,e
k,s,n,f,c,n,t,,k,s,w,o,d,p
x,y,n,f,c,b,e,c,k,y,w,n,d,p
k,y,e,f,c,n,t,,s,s,w,o,p,p
x,s,n,f,c,b,e,,s,s,n,o,l,e
k,s,e,f,c,n,t,,s,s,w,o,p,p
x,s,e,f,c,n,t,,k,s,w,o,l,p
k,s,n,f,c,n,t,,k,s,w,o,l,p
k,y,e,f,c,n,t,,k,k,w,o,d,p
k,y,n,f,c,n,t,,k,k,w,o,l,p
k,s,e,f,c,n,t,,s,k,w,o,d,p
b,f,g,f,w,b,e,,s,s,w,t,g,e
k,s,n,f,c,b,e,,s,s,n,o,l,e
k,y,n,f,c,n,t,,k,k,w,o,p,p
k,y,y,f,w,n,e,c,y,y,y,o,l,p
k,s,w,f,w,b,e,,k,s,w,t,g,e
x,s,n,f,c,b,e,,s,s,o,o,l,e
k,s,n,f,c,n,t,,k,s,w,o,p,p
k,f,g,f,w,b,e,,s,k,w,t,g,e
k,f,w,f,w,b,e,,s,s,w,t,g,e
f,s,n,f,c,b,e,,s,s,n,o,l,e
x,s,w,f,w,b,e,,k,k,w,t,g,e
b,s,g,f,w,b,e,,k,k,w,t,g,e
x,f,w,f,w,b,e,,s,k,w,t,g,e
k,f,w,f,w,b,e,,k,s,w,t,g,e
k,s,n,f,c,n,t,,s,s,w,o,d,p
k,y,e,f,c,n,t,,s,s,w,o,d,p
k,f,g,f,w,b,e,,s,s,w,t,g,e
x,s,w,f,w,b,e,,s,s,w,t,g,e
k,s,n,f,c,n,t,,s,s,w,o,p,p
k,y,n,f,c,n,t,,k,s,w,o,d,p
k,y,n,f,c,n,t,,k,k,w,o,p,p
k,s,e,f,c,n,t,,k,k,w,o,p,p
k,s,e,f,c,n,t,,k,s,w,o,l,p
b,s,n,f,c,b,e,,s,s,o,o,l,e
k,s,e,f,c,n,t,,s,k,w,o,p,p
x,s,g,f,w,b,e,,s,s,w,t,g,e
x,s,n,f,c,b,e,,s,s,o,o,l,e
b,s,w,f,w,b,e,,k,k,w,t,g,e
k,s,e,f,c,n,t,,k,s,w,o,p,p
x,s,n,f,c,b,e,,s,s,o,o,l,e
k,s,n,f,c,n,t,,k,k,w,o,d,p
k,s,e,f,c,n,t,,k,s,w,o,d,p
k,y,e,f,c,n,t,,s,k,w,o,p,p
b,f,w,f,w,b,e,,s,s,w,t,g,e
k,y,n,f,c,n,t,,k,s,w,o,d,p
k,s,e,f,c,n,t,,k,k,w,o,d,p
b,s,g,f,w,b,e,,s,k,w,t,g,e
k,s,n,f,c,n,t,,k,k,w,o,d,p
x,s,n,f,c,n,t,,s,k,w,o,p,p
k,y,e,f,c,n,t,,k,s,w,o,l,p
x,s,w,f,w,b,e,,s,s,w,t,g,e
x,s,w,f,w,b,e,,k,k,w,t,g,e
k,y,n,f,c,n,t,,k,s,w,o,p,p
k,s,n,f,c,b,e,b,y,y,w,t,d,e
k,s,e,f,c,n,t,,s,k,w,o,d,p
k,y,e,f,c,n,t,,s,s,w,o,l,p
b,s,n,f,c,b,e,,s,s,o,o,l,e
b,f,g,f,w,b,e,,s,k,w,t,g,e
k,s,e,f,c,n,t,,s,s,w,o,l,p
k,s,n,f,c,n,t,,s,s,w,o,l,p
f,y,n,f,c,n,t,,k,k,w,o,p,p
f,y,n,f,c,n,t,,s,k,w,o,d,p
f,s,n,f,c,b,e,,s,s,o,o,l,e
k,y,n,f,c,n,t,,s,s,w,o,d,p
k,s,w,f,w,b,e,,s,s,w,t,g,e
b,s,n,f,c,b,e,,s,s,o,o,l,e
k,y,n,f,c,n,t,,k,k,w,o,p,p
k,s,n,f,c,n,t,,k,s,w,o,p,p
k,s,e,f,c,n,t,,s,k,w,o,d,p
k,s,w,f,w,b,e,,s,k,w,t,g,e
k,y,e,f,c,n,t,,k,s,w,o,l,p
x,s,w,f,w,b,e,,s,s,w,t,g,e
k,y,e,f,c,n,t,,k,s,w,o,d,p
k,y,e,f,c,n,t,,k,k,w,o,d,p
k,y,n,f,c,n,t,,k,s,w,o,d,p
f,y,c,f,c,b,e,c,k,y,w,n,d,p
x,s,n,f,c,n,t,,s,k,w,o,d,p
k,f,g,f,w,b,e,,k,s,w,t,g,e
k,s,e,f,c,n,t,,s,s,w,o,l,p
x,y,n,f,c,b,e,c,k,y,w,n,d,p
f,y,e,f,c,n,t,,s,s,w,o,l,p
k,s,n,f,c,b,e,,s,s,n,o,l,e
k,s,n,f,c,n,t,,s,s,w,o,p,p
b,f,g,f,w,b,e,,s,k,w,t,g,e
b,f,w,f,w,b,e,,s,k,w,t,g,e
x,s,n,f,c,b,e,,s,s,o,o,l,e
k,y,n,f,c,n,t,,s,k,w,o,l,p
f,s,n,f,c,b,e,,s,s,n,o,l,e
x,s,w,f,w,b,e,,s,s,w,t,g,e
k,s,e,f,c,n,t,,s,s,w,o,l,p
k,s,e,f,c,n,t,,k,k,w,o,p,p
x,s,g,f,w,b,e,,k,k,w,t,g,e
b,s,g,f,w,b,e,,s,s,w,t,g,e
k,y,n,f,c,n,t,,s,k,w,o,d,p
k,y,e,f,c,b,e,c,k,y,w,n,d,p
k,y,e,f,c,n,t,,s,s,w,o,p,p
k,y,n,f,c,n,t,,s,k,w,o,p,p
x,f,w,f,w,b,e,,k,s,w,t,g,e
k,y,e,f,c,n,t,,k,s,w,o,l,p
b,s,n,f,c,b,e,,s,s,n,o,l,e
k,y,n,f,c,n,t,,k,k,w,o,d,p
k,s,n,f,c,n,t,,s,s,w,o,p,p
b,s,n,f,c,b,e,,s,s,n,o,l,e
f,s,n,f,c,b,e,,s,s,n,o,l,e
k,s,g,f,w,b,e,,k,k,w,t,g,e
f,s,n,f,c,b,e,,s,s,o,o,l,e
k,y,e,f,c,n,t,,s,k,w,o,l,p
b,s,n,f,c,b,e,,s,s,n,o,l,e
k,s,n,f,c,b,e,,s,s,o,o,l,e
k,y,e,f,c,n,t,,s,k,w,o,d,p
f,s,n,f,c,b,e,,s,s,o,o,l,e
k,s,e,f,c,n,t,,k,s,w,o,d,p
b,f,g,f,w,b,e,,k,k,w,t,g,e
k,y,n,f,c,n,t,,s,s,w,o,d,p
f,s,n,f,c,b,e,,s,s,o,o,l,e
k,s,n,f,c,n,t,,k,k,w,o,l,p
x,s,g,f,w,b,e,,k,s,w,t,g,e
x,s,g,f,w,b,e,,k,k,w,t,g,e
k,s,n,f,c,b,e,,s,s,n,o,l,e
x,s,n,f,c,b,e,,s,s,n,o,l,e
k,y,e,f,c,n,t,,s,s,w,o,d,p
x,f,g,f,w,b,e,,k,k,w,t,g,e
k,s,n,f,c,n,t,,k,s,w,o,d,p
k,y,e,f,c,n,t,,k,s,w,o,d,p
k,y,n,f,c,n,t,,s,s,w,o,p,p
k,s,e,f,c,n,t,,k,s,w,o,d,p
k,y,n,f,c,n,t,,s,k,w,o,l,p
k,y,e,f,c,n,t,,s,s,w,o,l,p
x,s,w,f,w,b,e,,k,s,w,t,g,e
k,s,n,f,c,n,t,,s,s,w,o,l,p
k,s,e,f,c,n,t,,k,s,w,o,p,p
k,s,e,f,c,n,t,,s,s,w,o,p,p
x,f,g,f,w,b,e,,s,s,w,t,g,e
x,s,n,f,c,b,e,,s,s,o,o,l,e
b,s,w,f,w,b,e,,k,k,w,t,g,e
k,s,n,f,c,n,t,,s,k,w,o,l,p
k,y,n,f,c,n,t,,s,s,w,o,l,p
k,s,n,f,c,n,t,,s,s,w,o,d,p
x,y,e,f,c,n,t,,k,s,w,o,p,p
k,y,e,f,c,n,t,,k,s,w,o,d,p
x,s,n,f,c,b,e,,s,s,o,o,l,e
x,s,g,f,w,b,e,,k,s,w,t,g,e
k,s,e,f,c,n,t,,k,s,w,o,l,p
k,y,e,f,c,n,t,,k,s,w,o,l,p
k,s,w,f,w,b,e,,k,s,w,t,g,e
b,s,n,f,c,b,e,,s,s,o,o,l,e
k,s,w,f,w,b,e,,k,k,w,t,g,e
k,s,e,f,c,n,t,,s,k,w,o,d,p
k,y,n,f,c,n,t,,s,k,w,o,p,p
k,s,e,f,c,n,t,,s,s,w,o,l,p
k,s,n,f,c,n,t,,k,s,w,o,d,p
x,s,n,f,c,n,t,,k,k,w,o,l,p
k,s,n,f,c,b,e,,s,s,o,o,l,e
k,s,n,f,c,n,t,,k,s,w,o,d,p
k,s,n,f,c,n,t,,k,k,w,o,d,p
k,y,e,f,c,n,t,,s,k,w,o,l,p
x,f,w,f,w,b,e,,s,k,w,t,g,e
f,s,e,f,c,n,t,,k,s,w,o,d,p
k,s,n,f,c,n,t,,k,s,w,o,l,p
k,s,e,f,c,n,t,,s,s,w,o,d,p
f,s,n,f,c,b,e,,s,s,o,o,l,e
x,y,n,f,c,b,e,b,y,y,w,t,d,e
k,y,n,f,c,n,t,,k,s,w,o,d,p
k,s,e,f,c,n,t,,k,k,w,o,l,p
b,s,w,f,w,b,e,,s,k,w,t,g,e
k,y,n,f,c,n,t,,s,s,w,o,p,p
k,s,n,f,c,n,t,,s,s,w,o,p,p
x,s,n,f,c,b,e,,s,s,o,o,l,e
x,s,g,f,w,b,e,,s,k,w,t,g,e
x,s,g,f,w,b,e,,k,k,w,t,g,e
f,y,n,f,c,n,t,,k,k,w,o,p,p
f,y,n,f,c,n,t,,s,s,w,o,d,p
f,y,g,t,c,b,e,b,s,s,w,t,p,e
k,s,e,f,c,n,t,,s,s,w,o,d,p
x,f,w,f,w,b,e,,k,s,w,t,g,e
k,y,n,f,c,n,t,,s,k,w,o,p,p
k,s,n,f,c,n,t,,s,k,w,o,p,p
x,s,e,f,c,n,t,,s,k,w,o,p,p
x,f,g,f,w,b,e,,k,s,w,t,g,e
f,s,n,f,c,b,e,,s,s,o,o,l,e
x,y,e,f,c,n,t,,k,s,w,o,p,p
b,f,w,f,w,b,e,,s,s,w,t,g,e
k,s,e,f,c,n,t,,s,s,w,o,l,p
x,f,g,f,w,b,e,,s,s,w,t,g,e
f,y,n,f,c,b,e,c,k,y,w,n,d,p
x,s,n,f,c,b,e,,s,s,n,o,l,e
b,s,g,f,w,b,e,,s,k,w,t,g,e
b,s,n,f,c,b,e,,s,s,o,o,l,e
k,s,e,f,c,n,t,,k,k,w,o,d,p
f,s,n,f,c,b,e,,s,s,o,o,l,e
x,f,g,f,w,b,e,,s,k,w,t,g,e
k,s,n,f,c,n,t,,s,k,w,o,p,p
x,f,w,f,w,b,e,,s,k,w,t,g,e
f,y,p,t,c,b,e,b,s,s,w,t,p,e
k,y,e,f,c,n,t,,s,s,w,o,l,p
k,f,g,f,w,b,e,,s,k,w,t,g,e
k,s,n,f,c,b,e,,s,s,o,o,l,e
k,s,n,f,c,n,t,,k,k,w,o,d,p
k,s,n,f,c,n,t,,s,k,w,o,l,p
k,s,e,f,c,n,t,,s,k,w,o,p,p
k,y,n,f,c,n,t,,s,k,w,o,d,p
k,s,n,f,c,b,e,,s,s,n,o,l,e
k,y,n,f,c,n,t,,k,s,w,o,p,p
k,f,w,f,w,b,e,,s,k,w,t,g,e
k,y,e,f,c,n,t,,k,k,w,o,p,p
f,s,n,f,c,b,e,b,y,y,w,t,p,e
k,s,e,f,c,n,t,,s,k,w,o,p,p
x,f,g,f,w,b,e,,k,k,w,t,g,e
k,y,e,f,c,n,t,,s,s,w,o,d,p
k,y,e,f,c,n,t,,k,s,w,o,d,p
k,s,n,f,c,n,t,,s,s,w,o,l,p
b,s,n,f,c,b,e,,s,s,n,o,l,e
k,s,w,f,w,b,e,,s,s,w,t,g,e
b,s,n,f,c,b,e,,s,s,o,o,l,e
f,y,g,t,c,b,e,b,s,s,w,t,p,e
k,y,e,f,c,b,e,c,k,y,w,n,d,p
x,y,e,f,c,n,t,,s,s,w,o,d,p
k,y,n,f,c,n,t,,k,s,w,o,p,p
k,s,n,f,c,b,e,,s,s,o,o,l,e
k,s,n,f,c,b,e,,s,s,o,o,l,e
x,y,c,t,c,b,e,b,s,s,w,t,p,e
k,s,e,f,c,n,t,,k,s,w,o,l,p
k,y,n,f,c,n,t,,s,k,w,o,l,p
k,s,e,f,c,n,t,,s,s,w,o,l,p
k,y,n,f,c,n,t,,s,k,w,o,d,p
k,y,e,f,c,n,t,,k,s,w,o,p,p
f,s,c,t,c,b,e,b,s,s,w,t,p,e
x,s,n,f,c,b,e,,s,s,n,o,l,e
b,f,w,f,w,b,e,,s,k,w,t,g,e
k,f,g,f,w,b,e,,s,k,w,t,g,e
f,s,n,f,c,b,e,,s,s,o,o,l,e
k,s,n,f,c,b,e,,s,s,n,o,l,e
k,f,w,f,w,b,e,,s,s,w,t,g,e
k,y,e,f,c,n,t,,k,s,w,o,l,p
b,f,w,f,w,b,e,,k,k,w,t,g,e
k,y,n,f,c,n,t,,s,s,w,o,p,p
k,y,e,f,c,n,t,,k,k,w,o,d,p
k,y,n,f,c,n,t,,s,k,w,o,d,p
x,s,n,f,c,b,e,,s,s,n,o,l,e
x,y,n,t,c,b,e,b,s,s,w,t,p,e
b,s,w,f,w,b,e,,s,k,w,t,g,e
f,y,n,f,c,n,t,,k,s,w,o,d,p
k,s,n,f,c,n,t,,s,k,w,o,l,p
k,s,e,f,c,n,t,,s,k,w,o,p,p
x,s,n,f,c,b,e,,s,s,n,o,l,e
x,s,n,f,c,b,e,,s,s,n,o,l,e
b,s,w,f,w,b,e,,s,s,w,t,g,e
x,y,e,f,c,n,t,,s,s,w,o,p,p
b,f,w,f,w,b,e,,k,s,w,t,g,e
b,f,w,f,w,b,e,,s,k,w,t,g,e
b,f,w,f,w,b,e,,k,s,w,t,g,e
k,s,n,f,c,b,e,,s,s,o,o,l,e
k,y,e,f,c,n,t,,s,k,w,o,p,p
k,s,n,f,c,b,e,,s,s,n,o,l,e
k,s,e,f,c,n,t,,k,s,w,o,d,p
k,y,c,f,c,b,e,c,k,y,w,n,d,p
k,s,n,f,c,n,t,,s,s,w,o,d,p
x,s,g,f,w,b,e,,s,k,w,t,g,e
f,s,n,f,c,b,e,b,y,y,w,t,d,e
k,s,n,f,c,b,e,,s,s,n,o,l,e
b,y,n,f,c,b,e,b,y,y,w,t,p,e
x,s,n,f,c,n,t,,k,k,w,o,l,p
b,s,n,f,c,b,e,,s,s,o,o,l,e
f,s,n,f,c,n,t,,k,k,w,o,p,p
k,y,n,f,c,n,t,,k,s,w,o,p,p
k,s,g,f,w,b,e,,k,s,w,t,g,e
k,y,n,f,c,n,t,,s,k,w,o,l,p
k,f,g,f,w,b,e,,k,s,w,t,g,e
x,s,n,f,c,b,e,,s,s,n,o,l,e
k,s,e,f,c,n,t,,s,k,w,o,p,p
f,s,n,f,c,b,e,,s,s,n,o,l,e
k,s,n,f,c,n,t,,k,k,w,o,l,p
k,y,n,f,c,n,t,,s,s,w,o,p,p
k,s,n,f,c,b,e,,s,s,n,o,l,e
b,s,n,f,c,b,e,,s,s,o,o,l,e
x,y,n,f,c,b,e,b,y,y,w,t,p,e
x,s,w,f,w,b,e,,k,s,w,t,g,e
f,s,n,f,c,b,e,,s,s,n,o,l,e
f,s,n,f,c,n,t,,s,k,w,o,p,p
x,y,e,f,c,n,t,,s,s,w,o,d,p
k,y,e,f,c,n,t,,s,k,w,o,p,p
k,s,e,f,c,n,t,,s,k,w,o,d,p
k,s,e,f,c,n,t,,k,k,w,o,p,p
b,s,n,f,c,b,e,,s,s,n,o,l,e
x,s,n,f,c,b,e,,s,s,n,o,l,e
f,s,n,f,c,b,e,,s,s,o,o,l,e
k,s,n,f,c,n,t,,s,s,w,o,l,p
b,s,n,f,c,b,e,,s,s,o,o,l,e
k,s,g,f,w,b,e,,s,s,w,t,g,e
k,f,w,f,w,b,e,,k,k,w,t,g,e
k,s,e,f,c,n,t,,k,s,w,o,p,p
b,f,w,f,w,b,e,,k,k,w,t,g,e
x,s,w,f,w,b,e,,s,k,w,t,g,e
b,f,w,f,w,b,e,,s,k,w,t,g,e
k,y,n,f,c,n,t,,s,s,w,o,d,p
f,s,n,f,c,n,t,,k,s,w,o,l,p
f,y,e,f,c,n,t,,k,k,w,o,p,p
k,s,e,f,c,n,t,,s,k,w,o,p,p
k,y,n,f,c,n,t,,k,s,w,o,d,p
x,s,n,f,c,b,e,,s,s,n,o,l,e
f,s,n,f,c,b,e,,s,s,n,o,l,e
k,y,n,f,c,n,t,,k,s,w,o,l,p
k,s,n,f,c,n,t,,s,s,w,o,l,p
x,f,g,f,w,b,e,,s,s,w,t,g,e
k,s,w,f,w,b,e,,s,k,w,t,g,e
k,y,e,f,c,n,t,,s,k,w,o,p,p
x,s,n,f,c,n,t,,s,s,w,o,d,p
k,y,n,f,c,n,t,,s,s,w,o,l,p
k,s,n,f,c,b,e,,s,s,o,o,l,e
b,f,w,f,w,b,e,,k,s,w,t,g,e
k,s,n,f,c,b,e,,s,s,n,o,l,e
k,y,e,f,c,n,t,,k,k,w,o,d,p
x,y,g,t,c,b,e,b,s,s,w,t,p,e
k,s,e,f,c,n,t,,s,k,w,o,l,p
b,s,n,f,c,b,e,,s,s,o,o,l,e
k,y,e,f,c,n,t,,k,s,w,o,p,p
x,s,n,f,c,b,e,,s,s,o,o,l,e
f,s,n,f,c,b,e,,s,s,n,o,l,e
f,s,n,f,c,b,e,,s,s,n,o,l,e
k,y,e,f,c,n,t,,k,s,w,o,p,p
b,f,g,f,w,b,e,,k,s,w,t,g,e
k,s,e,f,c,n,t,,s,k,w,o,d,p
k,s,n,f,c,n,t,,s,k,w,o,d,p
k,y,n,f,c,n,t,,k,s,w,o,l,p
k,s,n,f,c,n,t,,s,k,w,o,d,p
x,f,w,f,w,b,e,,s,k,w,t,g,e
f,s,n,f,c,b,e,,s,s,n,o,l,e
k,y,n,f,c,n,t,,k,k,w,o,d,p
x,s,n,f,c,b,e,,s,s,n,o,l,e
b,f,g,f,w,b,e,,k,s,w,t,g,e
b,s,n,f,c,b,e,,s,s,o,o,l,e
x,s,n,f,c,b,e,,s,s,n,o,l,e
k,s,e,f,c,n,t,,s,k,w,o,l,p
k,s,n,f,c,n,t,,s,s,w,o,p,p
k,s,n,f,c,n,t,,k,s,w,o,d,p
k,s,n,f,c,n,t,,k,k,w,o,p,p
k,y,n,f,c,n,t,,s,k,w,o,l,p
k,f,w,f,w,b,e,,k,s,w,t,g,e
k,y,e,f,c,n,t,,s,s,w,o,l,p
k,s,n,f,c,b,e,,s,s,o,o,l,e
k,s,e,f,c,n,t,,k,k,w,o,p,p
b,s,n,f,c,b,e,,s,s,o,o,l,e
f,s,n,f,c,b,e,,s,s,o,o,l,e
k,s,n,f,c,b,e,,s,s,n,o,l,e
k,y,e,f,c,n,t,,k,k,w,o,l,p
k,s,n,f,c,b,e,,s,s,o,o,l,e
k,y,e,f,c,n,t,,k,k,w,o,p,p
k,s,n,f,c,b,e,,s,s,n,o,l,e
b,f,g,f,w,b,e,,k,k,w,t,g,e
f,s,n,f,c,b,e,,s,s,o,o,l,e
b,s,n,f,c,b,e,,s,s,n,o,l,e
f,s,n,f,c,b,e,,s,s,n,o,l,e
b,f,g,f,w,b,e,,s,s,w,t,g,e
k,y,e,f,c,n,t,,s,s,w,o,l,p
k,s,n,f,c,n,t,,s,k,w,o,d,p
k,y,n,f,c,n,t,,k,s,w,o,p,p
k,s,e,f,c,n,t,,k,k,w,o,p,p
k,y,n,f,c,n,t,,s,s,w,o,l,p
b,f,g,f,w,b,e,,k,k,w,t,g,e
k,f,w,f,w,b,e,,s,k,w,t,g,e
k,s,n,f,c,b,e,,s,s,n,o,l,e
x,s,e,f,c,n,t,,k,s,w,o,p,p
k,s,n,f,c,b,e,,s,s,o,o,l,e
k,y,e,f,c,n,t,,k,k,w,o,d,p
k,s,n,f,c,n,t,,k,s,w,o,d,p
k,y,e,f,c,n,t,,s,k,w,o,p,p
k,y,e,f,c,n,t,,s,s,w,o,p,p
x,s,n,f,c,n,t,,k,k,w,o,d,p
b,s,g,f,w,b,e,,k,s,w,t,g,e
x,y,c,f,c,b,e,c,k,y,w,n,d,p
k,f,w,f,w,b,e,,k,s,w,t,g,e
k,y,n,f,c,n,t,,k,k,w,o,l,p
k,s,e,f,c,n,t,,k,k,w,o,d,p
k,f,w,f,w,b,e,,k,k,w,t,g,e
f,s,n,f,c,b,e,,s,s,n,o,l,e
k,s,e,f,c,n,t,,s,s,w,o,p,p
x,s,n,f,c,b,e,,s,s,n,o,l,e
k,s,n,f,c,b,e,,s,s,n,o,l,e
k,s,n,f,c,b,e,,s,s,o,o,l,e
k,s,n,f,c,b,e,,s,s,n,o,l,e
k,s,n,f,c,b,e,,s,s,o,o,l,e
x,s,n,f,c,b,e,,s,s,o,o,l,e
k,y,e,f,c,n,t,,k,s,w,o,l,p
b,s,w,f,w,b,e,,s,s,w,t,g,e
x,s,n,f,c,b,e,,s,s,o,o,l,e
k,s,w,f,w,b,e,,s,s,w,t,g,e
k,s,n,f,c,b,e,,s,s,n,o,l,e
k,y,e,f,c,n,t,,k,k,w,o,d,p
f,y,c,f,c,b,e,c,k,y,w,n,d,p
x,s,n,f,c,b,e,,s,s,o,o,l,e
k,y,n,f,c,n,t,,s,k,w,o,l,p
k,s,e,f,c,n,t,,k,s,w,o,d,p
k,y,n,f,c,n,t,,k,s,w,o,d,p
k,s,n,f,c,b,e,,s,s,o,o,l,e
x,s,n,f,c,b,e,,s,s,n,o,l,e
f,s,n,f,c,b,e,,s,s,o,o,l,e
k,y,n,f,c,n,t,,s,k,w,o,l,p
x,s,n,f,c,b,e,,s,s,o,o,l,e
