class,recall,precision,threshold,average_precision,generated_by,version,generated_on
Doctors_0_1,1.0,0.24029574861367836,0.0027508303539663607,0.4654403023753498,AVISTA,1.0.7,2026-09-19T19:08:58
Doctors_0_1,1.0,0.24074074074074073,0.003810019374736969,0.4654403023753498,AVISTA,1.0.7,2026-09-19T19:08:58
Doctors_0_1,1.0,0.24118738404452691,0.005713043536148193,0.4654403023753498,AVISTA,1.0.7,2026-09-19T19:08:58
Doctors_0_1,1.0,0.241635687732342,0.00920056549159827,0.4654403023753498,AVISTA,1.0.7,2026-09-19T19:08:58
Doctors_0_1,1.0,0.24208566108007448,0.011815055916268838,0.4654403023753498,AVISTA,1.0.7,2026-09-19T19:08:58
Doctors_0_1,1.0,0.24253731343283583,0.011905084298414548,0.4654403023753498,AVISTA,1.0.7,2026-09-19T19:08:58
Doctors_0_1,1.0,0.24299065420560748,0.02323213110456412,0.4654403023753498,AVISTA,1.0.7,2026-09-19T19:08:58
Doctors_0_1,1.0,0.24344569288389514,0.0259964980426379,0.4654403023753498,AVISTA,1.0.7,2026-09-19T19:08:58
Doctors_0_1,1.0,0.24390243902439024,0.028797526195648245,0.4654403023753498,AVISTA,1.0.7,2026-09-19T19:08:58
Doctors_0_1,1.0,0.24436090225563908,0.028903442897431797,0.4654403023753498,AVISTA,1.0.7,2026-09-19T19:08:58
Doctors_0_1,1.0,0.2448210922787194,0.03149838977253823,0.4654403023753498,AVISTA,1.0.7,2026-09-19T19:08:58
Doctors_0_1,1.0,0.24528301886792453,0.03505798714610936,0.4654403023753498,AVISTA,1.0.7,2026-09-19T19:08:58
Doctors_0_1,1.0,0.24574669187145556,0.03556364644119061,0.4654403023753498,AVISTA,1.0.7,2026-09-19T19:08:58
Doctors_0_1,1.0,0.24621212121212122,0.03646774201628289,0.4654403023753498,AVISTA,1.0.7,2026-09-19T19:08:58
Doctors_0_1,1.0,0.24667931688804554,0.04292495889311092,0.4654403023753498,AVISTA,1.0.7,2026-09-19T19:08:58
Doctors_0_1,1.0,0.24714828897338403,0.04589614413924459,0.4654403023753498,AVISTA,1.0.7,2026-09-19T19:08:58
Doctors_0_1,1.0,0.24761904761904763,0.04620172851510297,0.4654403023753498,AVISTA,1.0.7,2026-09-19T19:08:58
Doctors_0_1,1.0,0.2480916030534351,0.051187563919130444,0.4654403023753498,AVISTA,1.0.7,2026-09-19T19:08:58
Doctors_0_1,1.0,0.248565965583174,0.051668677033118095,0.4654403023753498,AVISTA,1.0.7,2026-09-19T19:08:58
Doctors_0_1,1.0,0.24904214559386972,0.05219989437312677,0.4654403023753498,AVISTA,1.0.7,2026-09-19T19:08:58
Doctors_0_1,1.0,0.2495201535508637,0.05240111380286535,0.4654403023753498,AVISTA,1.0.7,2026-09-19T19:08:58
Doctors_0_1,1.0,0.25,0.05300069054749923,0.4654403023753498,AVISTA,1.0.7,2026-09-19T19:08:58
Doctors_0_1,1.0,0.2504816955684008,0.05503333516153217,0.4654403023753498,AVISTA,1.0.7,2026-09-19T19:08:58
Doctors_0_1,1.0,0.25096525096525096,0.05677982132467953,0.4654403023753498,AVISTA,1.0.7,2026-09-19T19:08:58
Doctors_0_1,0.9923076923076923,0.2495164410058027,0.05705012410926859,0.4654403023753498,AVISTA,1.0.7,2026-09-19T19:08:58
Doctors_0_1,0.9923076923076923,0.25,0.05759708692968588,0.4654403023753498,AVISTA,1.0.7,2026-09-19T19:08:58
Doctors_0_1,0.9923076923076923,0.2504854368932039,0.06033962974838459,0.4654403023753498,AVISTA,1.0.7,2026-09-19T19:08:58
Doctors_0_1,0.9923076923076923,0.2509727626459144,0.06326924541249643,0.4654403023753498,AVISTA,1.0.7,2026-09-19T19:08:58
Doctors_0_1,0.9846153846153847,0.24951267056530213,0.07095671600850996,0.4654403023753498,AVISTA,1.0.7,2026-09-19T19:08:58
Doctors_0_1,0.9846153846153847,0.25,0.07176705929873699,0.4654403023753498,AVISTA,1.0.7,2026-09-19T19:08:58
Doctors_0_1,0.9846153846153847,0.25048923679060664,0.07230485801580885,0.4654403023753498,AVISTA,1.0.7,2026-09-19T19:08:58
Doctors_0_1,0.9846153846153847,0.25098039215686274,0.07236177968952671,0.4654403023753498,AVISTA,1.0.7,2026-09-19T19:08:58
Doctors_0_1,0.9846153846153847,0.25147347740667975,0.07237667621242386,0.4654403023753498,AVISTA,1.0.7,2026-09-19T19:08:58
Doctors_0_1,0.9846153846153847,0.25196850393700787,0.07480876952598442,0.4654403023753498,AVISTA,1.0.7,2026-09-19T19:08:58
Doctors_0_1,0.9846153846153847,0.252465483234714,0.07484612374340649,0.4654403023753498,AVISTA,1.0.7,2026-09-19T19:08:58
Doctors_0_1,0.9846153846153847,0.25296442687747034,0.07864377740750518,0.4654403023753498,AVISTA,1.0.7,2026-09-19T19:08:58
Doctors_0_1,0.9846153846153847,0.25346534653465347,0.07974349845135159,0.4654403023753498,AVISTA,1.0.7,2026-09-19T19:08:58
Doctors_0_1,0.9846153846153847,0.25396825396825395,0.08004177575385152,0.4654403023753498,AVISTA,1.0.7,2026-09-19T19:08:58
Doctors_0_1,0.9846153846153847,0.2544731610337972,0.08350330309499611,0.4654403023753498,AVISTA,1.0.7,2026-09-19T19:08:58
Doctors_0_1,0.9846153846153847,0.2549800796812749,0.08490050797190561,0.4654403023753498,AVISTA,1.0.7,2026-09-19T19:08:58
Doctors_0_1,0.9846153846153847,0.2554890219560878,0.08833052219299657,0.4654403023753498,AVISTA,1.0.7,2026-09-19T19:08:58
Doctors_0_1,0.9846153846153847,0.256,0.08961747427423385,0.4654403023753498,AVISTA,1.0.7,2026-09-19T19:08:58
Doctors_0_1,0.9769230769230769,0.2545090180360721,0.09003793426388125,0.4654403023753498,AVISTA,1.0.7,2026-09-19T19:08:58
Doctors_0_1,0.9769230769230769,0.25502008032128515,0.09191200504196434,0.4654403023753498,AVISTA,1.0.7,2026-09-19T19:08:58
Doctors_0_1,0.9769230769230769,0.25553319919517103,0.0934771553551532,0.4654403023753498,AVISTA,1.0.7,2026-09-19T19:08:58
Doctors_0_1,0.9769230769230769,0.2560483870967742,0.09397626574210018,0.4654403023753498,AVISTA,1.0.7,2026-09-19T19:08:58
Doctors_0_1,0.9769230769230769,0.25656565656565655,0.09398907936679841,0.4654403023753498,AVISTA,1.0.7,2026-09-19T19:08:58
Doctors_0_1,0.9769230769230769,0.25708502024291496,0.09455463302160383,0.4654403023753498,AVISTA,1.0.7,2026-09-19T19:08:58
Doctors_0_1,0.9769230769230769,0.25760649087221094,0.09753501706769813,0.4654403023753498,AVISTA,1.0.7,2026-09-19T19:08:58
Doctors_0_1,0.9769230769230769,0.258130081300813,0.09880396671207413,0.4654403023753498,AVISTA,1.0.7,2026-09-19T19:08:58
Doctors_0_1,0.9769230769230769,0.25865580448065173,0.09938539471112924,0.4654403023753498,AVISTA,1.0.7,2026-09-19T19:08:58
Doctors_0_1,0.9692307692307692,0.2571428571428571,0.10057436404872985,0.4654403023753498,AVISTA,1.0.7,2026-09-19T19:08:58
Doctors_0_1,0.9692307692307692,0.25766871165644173,0.1012067642603332,0.4654403023753498,AVISTA,1.0.7,2026-09-19T19:08:58
Doctors_0_1,0.9692307692307692,0.2581967213114754,0.10278759320123781,0.4654403023753498,AVISTA,1.0.7,2026-09-19T19:08:58
Doctors_0_1,0.9692307692307692,0.2587268993839836,0.10510650549349423,0.4654403023753498,AVISTA,1.0.7,2026-09-19T19:08:58
Doctors_0_1,0.9692307692307692,0.25925925925925924,0.10567595659250281,0.4654403023753498,AVISTA,1.0.7,2026-09-19T19:08:58
Doctors_0_1,0.9692307692307692,0.2597938144329897,0.10761433627223217,0.4654403023753498,AVISTA,1.0.7,2026-09-19T19:08:58
Doctors_0_1,0.9692307692307692,0.2603305785123967,0.10783196449734159,0.4654403023753498,AVISTA,1.0.7,2026-09-19T19:08:58
Doctors_0_1,0.9692307692307692,0.2608695652173913,0.10788405545096236,0.4654403023753498,AVISTA,1.0.7,2026-09-19T19:08:58
Doctors_0_1,0.9692307692307692,0.26141078838174275,0.11103483295421394,0.4654403023753498,AVISTA,1.0.7,2026-09-19T19:08:58
Doctors_0_1,0.9692307692307692,0.26195426195426197,0.11175884577074123,0.4654403023753498,AVISTA,1.0.7,2026-09-19T19:08:58
Doctors_0_1,0.9692307692307692,0.2625,0.1117711276111995,0.4654403023753498,AVISTA,1.0.7,2026-09-19T19:08:58
Doctors_0_1,0.9615384615384616,0.2609603340292276,0.11266222654596798,0.4654403023753498,AVISTA,1.0.7,2026-09-19T19:08:58
Doctors_0_1,0.9615384615384616,0.2615062761506276,0.11275152572732834,0.4654403023753498,AVISTA,1.0.7,2026-09-19T19:08:58
Doctors_0_1,0.9615384615384616,0.2620545073375262,0.11358552221697445,0.4654403023753498,AVISTA,1.0.7,2026-09-19T19:08:58
Doctors_0_1,0.9615384615384616,0.26260504201680673,0.11548939475424438,0.4654403023753498,AVISTA,1.0.7,2026-09-19T19:08:58
Doctors_0_1,0.9615384615384616,0.2631578947368421,0.11633282843377798,0.4654403023753498,AVISTA,1.0.7,2026-09-19T19:08:58
Doctors_0_1,0.9615384615384616,0.26371308016877637,0.11730565043139665,0.4654403023753498,AVISTA,1.0.7,2026-09-19T19:08:58
Doctors_0_1,0.9615384615384616,0.2648305084745763,0.1179742827600873,0.4654403023753498,AVISTA,1.0.7,2026-09-19T19:08:58
Doctors_0_1,0.9615384615384616,0.2653927813163482,0.11996671600960017,0.4654403023753498,AVISTA,1.0.7,2026-09-19T19:08:58
Doctors_0_1,0.9615384615384616,0.26595744680851063,0.1210900790046615,0.4654403023753498,AVISTA,1.0.7,2026-09-19T19:08:58
Doctors_0_1,0.9615384615384616,0.26652452025586354,0.1212363388742126,0.4654403023753498,AVISTA,1.0.7,2026-09-19T19:08:58
Doctors_0_1,0.9615384615384616,0.2670940170940171,0.12130148875418405,0.4654403023753498,AVISTA,1.0.7,2026-09-19T19:08:58
Doctors_0_1,0.9615384615384616,0.2676659528907923,0.12231338880670936,0.4654403023753498,AVISTA,1.0.7,2026-09-19T19:08:58
Doctors_0_1,0.9615384615384616,0.26824034334763946,0.12339941452529905,0.4654403023753498,AVISTA,1.0.7,2026-09-19T19:08:58
Doctors_0_1,0.9615384615384616,0.26881720430107525,0.12477988987654696,0.4654403023753498,AVISTA,1.0.7,2026-09-19T19:08:58
Doctors_0_1,0.9615384615384616,0.26939655172413796,0.12530561055485814,0.4654403023753498,AVISTA,1.0.7,2026-09-19T19:08:58
Doctors_0_1,0.9615384615384616,0.26997840172786175,0.12597776677511724,0.4654403023753498,AVISTA,1.0.7,2026-09-19T19:08:58
Doctors_0_1,0.9615384615384616,0.27056277056277056,0.12651089672723018,0.4654403023753498,AVISTA,1.0.7,2026-09-19T19:08:58
Doctors_0_1,0.9615384615384616,0.27114967462039047,0.1267363291670324,0.4654403023753498,AVISTA,1.0.7,2026-09-19T19:08:58
Doctors_0_1,0.9615384615384616,0.2717391304347826,0.12697158193219896,0.4654403023753498,AVISTA,1.0.7,2026-09-19T19:08:58
Doctors_0_1,0.9615384615384616,0.27233115468409586,0.12850908427045482,0.4654403023753498,AVISTA,1.0.7,2026-09-19T19:08:58
Doctors_0_1,0.9615384615384616,0.27292576419213976,0.13054481250787334,0.4654403023753498,AVISTA,1.0.7,2026-09-19T19:08:58
Doctors_0_1,0.9615384615384616,0.2735229759299781,0.1310539658188116,0.4654403023753498,AVISTA,1.0.7,2026-09-19T19:08:58
Doctors_0_1,0.9615384615384616,0.2741228070175439,0.13376631321494692,0.4654403023753498,AVISTA,1.0.7,2026-09-19T19:08:58
Doctors_0_1,0.9615384615384616,0.27472527472527475,0.13412476335328632,0.4654403023753498,AVISTA,1.0.7,2026-09-19T19:08:58
Doctors_0_1,0.9615384615384616,0.2753303964757709,0.1363956294338098,0.4654403023753498,AVISTA,1.0.7,2026-09-19T19:08:58
Doctors_0_1,0.9615384615384616,0.27593818984547464,0.13659514166113948,0.4654403023753498,AVISTA,1.0.7,2026-09-19T19:08:58
Doctors_0_1,0.9615384615384616,0.27654867256637167,0.1369297378007429,0.4654403023753498,AVISTA,1.0.7,2026-09-19T19:08:58
Doctors_0_1,0.9615384615384616,0.2771618625277162,0.13748210437594102,0.4654403023753498,AVISTA,1.0.7,2026-09-19T19:08:58
Doctors_0_1,0.9615384615384616,0.2777777777777778,0.13957637125988184,0.4654403023753498,AVISTA,1.0.7,2026-09-19T19:08:58
Doctors_0_1,0.9615384615384616,0.27839643652561247,0.1410953078420202,0.4654403023753498,AVISTA,1.0.7,2026-09-19T19:08:58
Doctors_0_1,0.9615384615384616,0.27901785714285715,0.1415343785264063,0.4654403023753498,AVISTA,1.0.7,2026-09-19T19:08:58
Doctors_0_1,0.9615384615384616,0.2796420581655481,0.14327039424279217,0.4654403023753498,AVISTA,1.0.7,2026-09-19T19:08:58
Doctors_0_1,0.9615384615384616,0.2802690582959641,0.14413959373323026,0.4654403023753498,AVISTA,1.0.7,2026-09-19T19:08:58
Doctors_0_1,0.9615384615384616,0.2808988764044944,0.14527837185979423,0.4654403023753498,AVISTA,1.0.7,2026-09-19T19:08:58
Doctors_0_1,0.9615384615384616,0.28153153153153154,0.14590715323791104,0.4654403023753498,AVISTA,1.0.7,2026-09-19T19:08:58
Doctors_0_1,0.9615384615384616,0.28216704288939054,0.1459661903026669,0.4654403023753498,AVISTA,1.0.7,2026-09-19T19:08:58
Doctors_0_1,0.9615384615384616,0.2828054298642534,0.14647255409108476,0.4654403023753498,AVISTA,1.0.7,2026-09-19T19:08:58
Doctors_0_1,0.9615384615384616,0.2834467120181406,0.14697977393150313,0.4654403023753498,AVISTA,1.0.7,2026-09-19T19:08:58
Doctors_0_1,0.9615384615384616,0.2840909090909091,0.14790630725154785,0.4654403023753498,AVISTA,1.0.7,2026-09-19T19:08:58
Doctors_0_1,0.9615384615384616,0.2847380410022779,0.14900318962684778,0.4654403023753498,AVISTA,1.0.7,2026-09-19T19:08:58
Doctors_0_1,0.9615384615384616,0.2853881278538813,0.14995238926333077,0.4654403023753498,AVISTA,1.0.7,2026-09-19T19:08:58
Doctors_0_1,0.9615384615384616,0.28604118993135014,0.1510208183328771,0.4654403023753498,AVISTA,1.0.7,2026-09-19T19:08:58
Doctors_0_1,0.9615384615384616,0.286697247706422,0.15153495642866086,0.4654403023753498,AVISTA,1.0.7,2026-09-19T19:08:58
Doctors_0_1,0.9615384615384616,0.28735632183908044,0.15554617364438897,0.4654403023753498,AVISTA,1.0.7,2026-09-19T19:08:58
Doctors_0_1,0.9615384615384616,0.2880184331797235,0.15689954138671766,0.4654403023753498,AVISTA,1.0.7,2026-09-19T19:08:58
Doctors_0_1,0.9615384615384616,0.28868360277136257,0.15929759029740093,0.4654403023753498,AVISTA,1.0.7,2026-09-19T19:08:58
Doctors_0_1,0.9615384615384616,0.28935185185185186,0.16026554348313626,0.4654403023753498,AVISTA,1.0.7,2026-09-19T19:08:58
Doctors_0_1,0.9538461538461539,0.2877030162412993,0.161794961951415,0.4654403023753498,AVISTA,1.0.7,2026-09-19T19:08:58
Doctors_0_1,0.9538461538461539,0.28837209302325584,0.1647315320332749,0.4654403023753498,AVISTA,1.0.7,2026-09-19T19:08:58
Doctors_0_1,0.9538461538461539,0.289044289044289,0.165140627614814,0.4654403023753498,AVISTA,1.0.7,2026-09-19T19:08:58
Doctors_0_1,0.9538461538461539,0.2897196261682243,0.16624064565393362,0.4654403023753498,AVISTA,1.0.7,2026-09-19T19:08:58
Doctors_0_1,0.9538461538461539,0.2903981264637002,0.166894771626313,0.4654403023753498,AVISTA,1.0.7,2026-09-19T19:08:58
Doctors_0_1,0.9538461538461539,0.29107981220657275,0.16721255014032957,0.4654403023753498,AVISTA,1.0.7,2026-09-19T19:08:58
Doctors_0_1,0.9461538461538461,0.28941176470588237,0.16767708737435008,0.4654403023753498,AVISTA,1.0.7,2026-09-19T19:08:58
Doctors_0_1,0.9461538461538461,0.29009433962264153,0.16846161866794634,0.4654403023753498,AVISTA,1.0.7,2026-09-19T19:08:58
Doctors_0_1,0.9461538461538461,0.2907801418439716,0.1703660661493005,0.4654403023753498,AVISTA,1.0.7,2026-09-19T19:08:58
Doctors_0_1,0.9461538461538461,0.2914691943127962,0.1704262183124027,0.4654403023753498,AVISTA,1.0.7,2026-09-19T19:08:58
Doctors_0_1,0.9461538461538461,0.2921615201900237,0.17112352520379298,0.4654403023753498,AVISTA,1.0.7,2026-09-19T19:08:58
Doctors_0_1,0.9461538461538461,0.29285714285714287,0.17288640159535468,0.4654403023753498,AVISTA,1.0.7,2026-09-19T19:08:58
Doctors_0_1,0.9461538461538461,0.2935560859188544,0.17762962595277096,0.4654403023753498,AVISTA,1.0.7,2026-09-19T19:08:58
Doctors_0_1,0.9461538461538461,0.2949640287769784,0.17885022773993414,0.4654403023753498,AVISTA,1.0.7,2026-09-19T19:08:58
Doctors_0_1,0.9461538461538461,0.2956730769230769,0.18303584688952595,0.4654403023753498,AVISTA,1.0.7,2026-09-19T19:08:58
Doctors_0_1,0.9461538461538461,0.2963855421686747,0.18497620948460267,0.4654403023753498,AVISTA,1.0.7,2026-09-19T19:08:58
Doctors_0_1,0.9461538461538461,0.2971014492753623,0.18500772645472094,0.4654403023753498,AVISTA,1.0.7,2026-09-19T19:08:58
Doctors_0_1,0.9461538461538461,0.29782082324455206,0.18941394980912027,0.4654403023753498,AVISTA,1.0.7,2026-09-19T19:08:58
Doctors_0_1,0.9461538461538461,0.29854368932038833,0.1897424454437897,0.4654403023753498,AVISTA,1.0.7,2026-09-19T19:08:58
Doctors_0_1,0.9461538461538461,0.29927007299270075,0.1913510325391289,0.4654403023753498,AVISTA,1.0.7,2026-09-19T19:08:58
Doctors_0_1,0.9461538461538461,0.3,0.19316871227028784,0.4654403023753498,AVISTA,1.0.7,2026-09-19T19:08:58
Doctors_0_1,0.9461538461538461,0.30073349633251834,0.1944801129178818,0.4654403023753498,AVISTA,1.0.7,2026-09-19T19:08:58
Doctors_0_1,0.9461538461538461,0.3014705882352941,0.19843524983073715,0.4654403023753498,AVISTA,1.0.7,2026-09-19T19:08:58
Doctors_0_1,0.9461538461538461,0.3022113022113022,0.19885039897737988,0.4654403023753498,AVISTA,1.0.7,2026-09-19T19:08:58
Doctors_0_1,0.9384615384615385,0.30049261083743845,0.19921415797514233,0.4654403023753498,AVISTA,1.0.7,2026-09-19T19:08:58
Doctors_0_1,0.9384615384615385,0.3012345679012346,0.19955880964344963,0.4654403023753498,AVISTA,1.0.7,2026-09-19T19:08:58
Doctors_0_1,0.9384615384615385,0.3027295285359802,0.1997796933015139,0.4654403023753498,AVISTA,1.0.7,2026-09-19T19:08:58
Doctors_0_1,0.9384615384615385,0.3034825870646766,0.20099940368968147,0.4654403023753498,AVISTA,1.0.7,2026-09-19T19:08:58
Doctors_0_1,0.9307692307692308,0.30174563591022446,0.2029235844559268,0.4654403023753498,AVISTA,1.0.7,2026-09-19T19:08:58
Doctors_0_1,0.9230769230769231,0.3,0.20294379543391095,0.4654403023753498,AVISTA,1.0.7,2026-09-19T19:08:58
Doctors_0_1,0.9230769230769231,0.3007518796992481,0.203722998652091,0.4654403023753498,AVISTA,1.0.7,2026-09-19T19:08:58
Doctors_0_1,0.9230769230769231,0.3015075376884422,0.20542856742708945,0.4654403023753498,AVISTA,1.0.7,2026-09-19T19:08:58
Doctors_0_1,0.9153846153846154,0.3005050505050505,0.2056828290886268,0.4654403023753498,AVISTA,1.0.7,2026-09-19T19:08:58
Doctors_0_1,0.9076923076923077,0.30025445292620867,0.20573185430879912,0.4654403023753498,AVISTA,1.0.7,2026-09-19T19:08:58
Doctors_0_1,0.9076923076923077,0.3010204081632653,0.20587299905368586,0.4654403023753498,AVISTA,1.0.7,2026-09-19T19:08:58
Doctors_0_1,0.9076923076923077,0.30179028132992325,0.2060114880204491,0.4654403023753498,AVISTA,1.0.7,2026-09-19T19:08:58
Doctors_0_1,0.9076923076923077,0.30256410256410254,0.21033082714494414,0.4654403023753498,AVISTA,1.0.7,2026-09-19T19:08:58
Doctors_0_1,0.9076923076923077,0.3033419023136247,0.21048836243275473,0.4654403023753498,AVISTA,1.0.7,2026-09-19T19:08:58
Doctors_0_1,0.9076923076923077,0.30412371134020616,0.2115020781063242,0.4654403023753498,AVISTA,1.0.7,2026-09-19T19:08:58
Doctors_0_1,0.9076923076923077,0.3049095607235142,0.21179855341784257,0.4654403023753498,AVISTA,1.0.7,2026-09-19T19:08:58
Doctors_0_1,0.9076923076923077,0.30569948186528495,0.21255597300695447,0.4654403023753498,AVISTA,1.0.7,2026-09-19T19:08:58
Doctors_0_1,0.9076923076923077,0.3064935064935065,0.2129301326634616,0.4654403023753498,AVISTA,1.0.7,2026-09-19T19:08:58
Doctors_0_1,0.9076923076923077,0.3072916666666667,0.2132064485879561,0.4654403023753498,AVISTA,1.0.7,2026-09-19T19:08:58
Doctors_0_1,0.9076923076923077,0.30809399477806787,0.21335339073180598,0.4654403023753498,AVISTA,1.0.7,2026-09-19T19:08:58
Doctors_0_1,0.9076923076923077,0.3089005235602094,0.21339058017415094,0.4654403023753498,AVISTA,1.0.7,2026-09-19T19:08:58
Doctors_0_1,0.9,0.30708661417322836,0.21713551946968668,0.4654403023753498,AVISTA,1.0.7,2026-09-19T19:08:58
Doctors_0_1,0.9,0.3078947368421053,0.21906385672427317,0.4654403023753498,AVISTA,1.0.7,2026-09-19T19:08:58
Doctors_0_1,0.9,0.3087071240105541,0.22035334203831503,0.4654403023753498,AVISTA,1.0.7,2026-09-19T19:08:58
Doctors_0_1,0.8923076923076924,0.3076923076923077,0.2220028548916216,0.4654403023753498,AVISTA,1.0.7,2026-09-19T19:08:58
Doctors_0_1,0.8923076923076924,0.30851063829787234,0.22410233430159168,0.4654403023753498,AVISTA,1.0.7,2026-09-19T19:08:58
Doctors_0_1,0.8923076923076924,0.30933333333333335,0.22635241557564637,0.4654403023753498,AVISTA,1.0.7,2026-09-19T19:08:58
Doctors_0_1,0.8923076923076924,0.31016042780748665,0.22643578414190998,0.4654403023753498,AVISTA,1.0.7,2026-09-19T19:08:58
Doctors_0_1,0.8923076923076924,0.3109919571045576,0.22672925499045887,0.4654403023753498,AVISTA,1.0.7,2026-09-19T19:08:58
Doctors_0_1,0.8923076923076924,0.3118279569892473,0.22864463599492468,0.4654403023753498,AVISTA,1.0.7,2026-09-19T19:08:58
Doctors_0_1,0.8923076923076924,0.31266846361185985,0.23241998740159706,0.4654403023753498,AVISTA,1.0.7,2026-09-19T19:08:58
Doctors_0_1,0.8923076923076924,0.31351351351351353,0.23475620758649351,0.4654403023753498,AVISTA,1.0.7,2026-09-19T19:08:58
Doctors_0_1,0.8923076923076924,0.3143631436314363,0.23477521747040392,0.4654403023753498,AVISTA,1.0.7,2026-09-19T19:08:58
Doctors_0_1,0.8846153846153846,0.3125,0.23620918467495391,0.4654403023753498,AVISTA,1.0.7,2026-09-19T19:08:58
Doctors_0_1,0.8846153846153846,0.3133514986376022,0.23956498339973126,0.4654403023753498,AVISTA,1.0.7,2026-09-19T19:08:58
Doctors_0_1,0.8846153846153846,0.31420765027322406,0.24071795465553342,0.4654403023753498,AVISTA,1.0.7,2026-09-19T19:08:58
Doctors_0_1,0.8846153846153846,0.3150684931506849,0.2407383674906262,0.4654403023753498,AVISTA,1.0.7,2026-09-19T19:08:58
Doctors_0_1,0.8769230769230769,0.3131868131868132,0.24194071313562615,0.4654403023753498,AVISTA,1.0.7,2026-09-19T19:08:58
Doctors_0_1,0.8769230769230769,0.3140495867768595,0.24283042735507646,0.4654403023753498,AVISTA,1.0.7,2026-09-19T19:08:58
Doctors_0_1,0.8769230769230769,0.3149171270718232,0.24430319825563573,0.4654403023753498,AVISTA,1.0.7,2026-09-19T19:08:58
Doctors_0_1,0.8769230769230769,0.3157894736842105,0.24648038983303747,0.4654403023753498,AVISTA,1.0.7,2026-09-19T19:08:58
Doctors_0_1,0.8769230769230769,0.31666666666666665,0.2468426923775246,0.4654403023753498,AVISTA,1.0.7,2026-09-19T19:08:58
Doctors_0_1,0.8769230769230769,0.31754874651810583,0.2469871657011787,0.4654403023753498,AVISTA,1.0.7,2026-09-19T19:08:58
Doctors_0_1,0.8769230769230769,0.31843575418994413,0.24716296437241317,0.4654403023753498,AVISTA,1.0.7,2026-09-19T19:08:58
Doctors_0_1,0.8692307692307693,0.3165266106442577,0.24748515226787293,0.4654403023753498,AVISTA,1.0.7,2026-09-19T19:08:58
Doctors_0_1,0.8692307692307693,0.31741573033707865,0.2475243174951531,0.4654403023753498,AVISTA,1.0.7,2026-09-19T19:08:58
Doctors_0_1,0.8692307692307693,0.3183098591549296,0.24878012200972166,0.4654403023753498,AVISTA,1.0.7,2026-09-19T19:08:58
Doctors_0_1,0.8692307692307693,0.3192090395480226,0.24890962811245898,0.4654403023753498,AVISTA,1.0.7,2026-09-19T19:08:58
Doctors_0_1,0.8615384615384616,0.31728045325779036,0.25223530883241496,0.4654403023753498,AVISTA,1.0.7,2026-09-19T19:08:58
Doctors_0_1,0.8615384615384616,0.3181818181818182,0.2524695300207983,0.4654403023753498,AVISTA,1.0.7,2026-09-19T19:08:58
Doctors_0_1,0.8615384615384616,0.32,0.25329629570415746,0.4654403023753498,AVISTA,1.0.7,2026-09-19T19:08:58
Doctors_0_1,0.8615384615384616,0.3209169054441261,0.25335752153380653,0.4654403023753498,AVISTA,1.0.7,2026-09-19T19:08:58
Doctors_0_1,0.8615384615384616,0.3218390804597701,0.25336930222665177,0.4654403023753498,AVISTA,1.0.7,2026-09-19T19:08:58
Doctors_0_1,0.8615384615384616,0.3227665706051873,0.25355688144339594,0.4654403023753498,AVISTA,1.0.7,2026-09-19T19:08:58
Doctors_0_1,0.8615384615384616,0.3236994219653179,0.2542091028564185,0.4654403023753498,AVISTA,1.0.7,2026-09-19T19:08:58
Doctors_0_1,0.8538461538461538,0.3217391304347826,0.2544077156252075,0.4654403023753498,AVISTA,1.0.7,2026-09-19T19:08:58
Doctors_0_1,0.8538461538461538,0.3226744186046512,0.2555575622586722,0.4654403023753498,AVISTA,1.0.7,2026-09-19T19:08:58
Doctors_0_1,0.8538461538461538,0.3236151603498542,0.2560291698579855,0.4654403023753498,AVISTA,1.0.7,2026-09-19T19:08:58
Doctors_0_1,0.8538461538461538,0.32456140350877194,0.25688991296272284,0.4654403023753498,AVISTA,1.0.7,2026-09-19T19:08:58
Doctors_0_1,0.8538461538461538,0.3255131964809384,0.2571194941709849,0.4654403023753498,AVISTA,1.0.7,2026-09-19T19:08:58
Doctors_0_1,0.8538461538461538,0.3264705882352941,0.2574319147709075,0.4654403023753498,AVISTA,1.0.7,2026-09-19T19:08:58
Doctors_0_1,0.8538461538461538,0.3274336283185841,0.2582107725695397,0.4654403023753498,AVISTA,1.0.7,2026-09-19T19:08:58
Doctors_0_1,0.8538461538461538,0.32840236686390534,0.25913562219422154,0.4654403023753498,AVISTA,1.0.7,2026-09-19T19:08:58
Doctors_0_1,0.8538461538461538,0.3293768545994065,0.26034066810503687,0.4654403023753498,AVISTA,1.0.7,2026-09-19T19:08:58
Doctors_0_1,0.8461538461538461,0.3273809523809524,0.2608658374902071,0.4654403023753498,AVISTA,1.0.7,2026-09-19T19:08:58
Doctors_0_1,0.8384615384615385,0.3253731343283582,0.2615212049356809,0.4654403023753498,AVISTA,1.0.7,2026-09-19T19:08:58
Doctors_0_1,0.8384615384615385,0.3263473053892216,0.2617958414046595,0.4654403023753498,AVISTA,1.0.7,2026-09-19T19:08:58
Doctors_0_1,0.8307692307692308,0.32432432432432434,0.263235518698714,0.4654403023753498,AVISTA,1.0.7,2026-09-19T19:08:58
Doctors_0_1,0.8307692307692308,0.3253012048192771,0.2650679783607757,0.4654403023753498,AVISTA,1.0.7,2026-09-19T19:08:58
Doctors_0_1,0.823076923076923,0.32326283987915405,0.26660276600184524,0.4654403023753498,AVISTA,1.0.7,2026-09-19T19:08:58
Doctors_0_1,0.823076923076923,0.3242424242424242,0.26735252002813914,0.4654403023753498,AVISTA,1.0.7,2026-09-19T19:08:58
Doctors_0_1,0.823076923076923,0.3252279635258359,0.26835463205378673,0.4654403023753498,AVISTA,1.0.7,2026-09-19T19:08:58
Doctors_0_1,0.823076923076923,0.32621951219512196,0.26902665312065227,0.4654403023753498,AVISTA,1.0.7,2026-09-19T19:08:58
Doctors_0_1,0.823076923076923,0.327217125382263,0.27091016763923825,0.4654403023753498,AVISTA,1.0.7,2026-09-19T19:08:58
Doctors_0_1,0.823076923076923,0.3282208588957055,0.27308984522060875,0.4654403023753498,AVISTA,1.0.7,2026-09-19T19:08:58
Doctors_0_1,0.823076923076923,0.3292307692307692,0.27443727766695153,0.4654403023753498,AVISTA,1.0.7,2026-09-19T19:08:58
Doctors_0_1,0.8153846153846154,0.3271604938271605,0.27469178103875885,0.4654403023753498,AVISTA,1.0.7,2026-09-19T19:08:58
Doctors_0_1,0.8153846153846154,0.32919254658385094,0.2748170589201955,0.4654403023753498,AVISTA,1.0.7,2026-09-19T19:08:58
Doctors_0_1,0.8153846153846154,0.3302180685358255,0.2749357471901778,0.4654403023753498,AVISTA,1.0.7,2026-09-19T19:08:58
Doctors_0_1,0.8153846153846154,0.33125,0.2767750932327966,0.4654403023753498,AVISTA,1.0.7,2026-09-19T19:08:58
Doctors_0_1,0.8076923076923077,0.329153605015674,0.2780946897377851,0.4654403023753498,AVISTA,1.0.7,2026-09-19T19:08:58
Doctors_0_1,0.8076923076923077,0.330188679245283,0.2784335433852758,0.4654403023753498,AVISTA,1.0.7,2026-09-19T19:08:58
Doctors_0_1,0.8076923076923077,0.3312302839116719,0.279678898283125,0.4654403023753498,AVISTA,1.0.7,2026-09-19T19:08:58
Doctors_0_1,0.8076923076923077,0.3322784810126582,0.2805629444279383,0.4654403023753498,AVISTA,1.0.7,2026-09-19T19:08:58
Doctors_0_1,0.8076923076923077,0.3333333333333333,0.282740913686107,0.4654403023753498,AVISTA,1.0.7,2026-09-19T19:08:58
Doctors_0_1,0.8,0.33121019108280253,0.28372288821672825,0.4654403023753498,AVISTA,1.0.7,2026-09-19T19:08:58
Doctors_0_1,0.7923076923076923,0.3301282051282051,0.28398870515109087,0.4654403023753498,AVISTA,1.0.7,2026-09-19T19:08:58
Doctors_0_1,0.7923076923076923,0.3311897106109325,0.2880738675159907,0.4654403023753498,AVISTA,1.0.7,2026-09-19T19:08:58
Doctors_0_1,0.7923076923076923,0.3344155844155844,0.289879636524965,0.4654403023753498,AVISTA,1.0.7,2026-09-19T19:08:58
Doctors_0_1,0.7923076923076923,0.3355048859934853,0.2900803992827827,0.4654403023753498,AVISTA,1.0.7,2026-09-19T19:08:58
Doctors_0_1,0.7923076923076923,0.3366013071895425,0.2918186356201016,0.4654403023753498,AVISTA,1.0.7,2026-09-19T19:08:58
Doctors_0_1,0.7923076923076923,0.3377049180327869,0.29197875791973754,0.4654403023753498,AVISTA,1.0.7,2026-09-19T19:08:58
Doctors_0_1,0.7923076923076923,0.34105960264900664,0.2924343926158893,0.4654403023753498,AVISTA,1.0.7,2026-09-19T19:08:58
Doctors_0_1,0.7923076923076923,0.34219269102990035,0.2927336935204305,0.4654403023753498,AVISTA,1.0.7,2026-09-19T19:08:58
Doctors_0_1,0.7923076923076923,0.3433333333333333,0.29281151813096523,0.4654403023753498,AVISTA,1.0.7,2026-09-19T19:08:58
Doctors_0_1,0.7923076923076923,0.34448160535117056,0.29299386241910336,0.4654403023753498,AVISTA,1.0.7,2026-09-19T19:08:58
Doctors_0_1,0.7923076923076923,0.34563758389261745,0.29439959364524504,0.4654403023753498,AVISTA,1.0.7,2026-09-19T19:08:58
Doctors_0_1,0.7923076923076923,0.3468013468013468,0.29503798084574073,0.4654403023753498,AVISTA,1.0.7,2026-09-19T19:08:58
Doctors_0_1,0.7846153846153846,0.3469387755102041,0.29846894725150935,0.4654403023753498,AVISTA,1.0.7,2026-09-19T19:08:58
Doctors_0_1,0.7846153846153846,0.34812286689419797,0.3001240762357994,0.4654403023753498,AVISTA,1.0.7,2026-09-19T19:08:58
Doctors_0_1,0.7846153846153846,0.3493150684931507,0.30188618585039434,0.4654403023753498,AVISTA,1.0.7,2026-09-19T19:08:58
Doctors_0_1,0.7846153846153846,0.3541666666666667,0.3038379909251829,0.4654403023753498,AVISTA,1.0.7,2026-09-19T19:08:58
Doctors_0_1,0.7846153846153846,0.3554006968641115,0.30410136966239343,0.4654403023753498,AVISTA,1.0.7,2026-09-19T19:08:58
Doctors_0_1,0.7846153846153846,0.35664335664335667,0.3064615849417484,0.4654403023753498,AVISTA,1.0.7,2026-09-19T19:08:58
Doctors_0_1,0.7846153846153846,0.35789473684210527,0.30710712470293033,0.4654403023753498,AVISTA,1.0.7,2026-09-19T19:08:58
Doctors_0_1,0.7846153846153846,0.3591549295774648,0.30761723155004495,0.4654403023753498,AVISTA,1.0.7,2026-09-19T19:08:58
Doctors_0_1,0.7846153846153846,0.36042402826855124,0.31010810922845256,0.4654403023753498,AVISTA,1.0.7,2026-09-19T19:08:58
Doctors_0_1,0.7846153846153846,0.3617021276595745,0.3110302986206791,0.4654403023753498,AVISTA,1.0.7,2026-09-19T19:08:58
Doctors_0_1,0.7846153846153846,0.36298932384341637,0.31266136791228843,0.4654403023753498,AVISTA,1.0.7,2026-09-19T19:08:58
Doctors_0_1,0.7846153846153846,0.36428571428571427,0.31306427971111356,0.4654403023753498,AVISTA,1.0.7,2026-09-19T19:08:58
Doctors_0_1,0.7846153846153846,0.3655913978494624,0.3131583687107927,0.4654403023753498,AVISTA,1.0.7,2026-09-19T19:08:58
Doctors_0_1,0.7846153846153846,0.3669064748201439,0.3132078383188197,0.4654403023753498,AVISTA,1.0.7,2026-09-19T19:08:58
Doctors_0_1,0.7846153846153846,0.36823104693140796,0.31331722141064716,0.4654403023753498,AVISTA,1.0.7,2026-09-19T19:08:58
Doctors_0_1,0.7846153846153846,0.3695652173913043,0.31703088951162506,0.4654403023753498,AVISTA,1.0.7,2026-09-19T19:08:58
Doctors_0_1,0.7846153846153846,0.3709090909090909,0.3227353100455605,0.4654403023753498,AVISTA,1.0.7,2026-09-19T19:08:58
Doctors_0_1,0.7846153846153846,0.3722627737226277,0.3237314567879135,0.4654403023753498,AVISTA,1.0.7,2026-09-19T19:08:58
Doctors_0_1,0.7846153846153846,0.37362637362637363,0.3291210328817471,0.4654403023753498,AVISTA,1.0.7,2026-09-19T19:08:58
Doctors_0_1,0.7846153846153846,0.3763837638376384,0.32954913887785553,0.4654403023753498,AVISTA,1.0.7,2026-09-19T19:08:58
Doctors_0_1,0.7846153846153846,0.37777777777777777,0.3317421372968057,0.4654403023753498,AVISTA,1.0.7,2026-09-19T19:08:58
Doctors_0_1,0.7769230769230769,0.3782771535580524,0.33314167975129455,0.4654403023753498,AVISTA,1.0.7,2026-09-19T19:08:58
Doctors_0_1,0.7769230769230769,0.37969924812030076,0.33356221687923665,0.4654403023753498,AVISTA,1.0.7,2026-09-19T19:08:58
Doctors_0_1,0.7769230769230769,0.38113207547169814,0.33395869929034083,0.4654403023753498,AVISTA,1.0.7,2026-09-19T19:08:58
Doctors_0_1,0.7769230769230769,0.3840304182509506,0.3345220626907687,0.4654403023753498,AVISTA,1.0.7,2026-09-19T19:08:58
Doctors_0_1,0.7769230769230769,0.38549618320610685,0.33656058265145766,0.4654403023753498,AVISTA,1.0.7,2026-09-19T19:08:58
Doctors_0_1,0.7769230769230769,0.38697318007662834,0.3368330487999481,0.4654403023753498,AVISTA,1.0.7,2026-09-19T19:08:58
Doctors_0_1,0.7769230769230769,0.38846153846153847,0.3370498417091094,0.4654403023753498,AVISTA,1.0.7,2026-09-19T19:08:58
Doctors_0_1,0.7692307692307693,0.3861003861003861,0.33887435715290604,0.4654403023753498,AVISTA,1.0.7,2026-09-19T19:08:58
Doctors_0_1,0.7692307692307693,0.38910505836575876,0.33969454653690384,0.4654403023753498,AVISTA,1.0.7,2026-09-19T19:08:58
Doctors_0_1,0.7615384615384615,0.38823529411764707,0.3408969057051743,0.4654403023753498,AVISTA,1.0.7,2026-09-19T19:08:58
Doctors_0_1,0.7615384615384615,0.38976377952755903,0.34218618158422764,0.4654403023753498,AVISTA,1.0.7,2026-09-19T19:08:58
Doctors_0_1,0.7538461538461538,0.38735177865612647,0.3423912448499742,0.4654403023753498,AVISTA,1.0.7,2026-09-19T19:08:58
Doctors_0_1,0.7461538461538462,0.38492063492063494,0.3442652982143366,0.4654403023753498,AVISTA,1.0.7,2026-09-19T19:08:58
Doctors_0_1,0.7384615384615385,0.38247011952191234,0.34439734205092154,0.4654403023753498,AVISTA,1.0.7,2026-09-19T19:08:58
Doctors_0_1,0.7384615384615385,0.384,0.3456487383361223,0.4654403023753498,AVISTA,1.0.7,2026-09-19T19:08:58
Doctors_0_1,0.7307692307692307,0.3815261044176707,0.3456890185289793,0.4654403023753498,AVISTA,1.0.7,2026-09-19T19:08:58
Doctors_0_1,0.7307692307692307,0.38306451612903225,0.3475507455772285,0.4654403023753498,AVISTA,1.0.7,2026-09-19T19:08:58
Doctors_0_1,0.7307692307692307,0.38461538461538464,0.3489050969227619,0.4654403023753498,AVISTA,1.0.7,2026-09-19T19:08:58
Doctors_0_1,0.7230769230769231,0.3836734693877551,0.3509221845923148,0.4654403023753498,AVISTA,1.0.7,2026-09-19T19:08:58
Doctors_0_1,0.7230769230769231,0.38524590163934425,0.3523340720457582,0.4654403023753498,AVISTA,1.0.7,2026-09-19T19:08:58
Doctors_0_1,0.7230769230769231,0.3868312757201646,0.35258541927697296,0.4654403023753498,AVISTA,1.0.7,2026-09-19T19:08:58
Doctors_0_1,0.7230769230769231,0.3884297520661157,0.35356256877587383,0.4654403023753498,AVISTA,1.0.7,2026-09-19T19:08:58
Doctors_0_1,0.7230769230769231,0.3900414937759336,0.3542415399122049,0.4654403023753498,AVISTA,1.0.7,2026-09-19T19:08:58
Doctors_0_1,0.7230769230769231,0.39166666666666666,0.3547817011717527,0.4654403023753498,AVISTA,1.0.7,2026-09-19T19:08:58
Doctors_0_1,0.7230769230769231,0.39330543933054396,0.3551647174095463,0.4654403023753498,AVISTA,1.0.7,2026-09-19T19:08:58
Doctors_0_1,0.7230769230769231,0.3949579831932773,0.35725172190978915,0.4654403023753498,AVISTA,1.0.7,2026-09-19T19:08:58
Doctors_0_1,0.7230769230769231,0.4,0.35854704232944823,0.4654403023753498,AVISTA,1.0.7,2026-09-19T19:08:58
Doctors_0_1,0.7153846153846154,0.40086206896551724,0.35881515070711384,0.4654403023753498,AVISTA,1.0.7,2026-09-19T19:08:58
Doctors_0_1,0.7153846153846154,0.4025974025974026,0.3608302750448461,0.4654403023753498,AVISTA,1.0.7,2026-09-19T19:08:58
Doctors_0_1,0.7153846153846154,0.4043478260869565,0.36093977410128353,0.4654403023753498,AVISTA,1.0.7,2026-09-19T19:08:58
Doctors_0_1,0.7153846153846154,0.40611353711790393,0.36231354013803846,0.4654403023753498,AVISTA,1.0.7,2026-09-19T19:08:58
Doctors_0_1,0.7076923076923077,0.40350877192982454,0.3627505464654333,0.4654403023753498,AVISTA,1.0.7,2026-09-19T19:08:58
Doctors_0_1,0.7,0.4008810572687225,0.36304178215909777,0.4654403023753498,AVISTA,1.0.7,2026-09-19T19:08:58
Doctors_0_1,0.7,0.4026548672566372,0.36368371447212217,0.4654403023753498,AVISTA,1.0.7,2026-09-19T19:08:58
Doctors_0_1,0.7,0.40444444444444444,0.36422928726637865,0.4654403023753498,AVISTA,1.0.7,2026-09-19T19:08:58
Doctors_0_1,0.7,0.40625,0.36448864138593967,0.4654403023753498,AVISTA,1.0.7,2026-09-19T19:08:58
Doctors_0_1,0.7,0.4099099099099099,0.3646539583412068,0.4654403023753498,AVISTA,1.0.7,2026-09-19T19:08:58
Doctors_0_1,0.7,0.4117647058823529,0.36515739388645124,0.4654403023753498,AVISTA,1.0.7,2026-09-19T19:08:58
Doctors_0_1,0.6923076923076923,0.4147465437788018,0.3656810927825874,0.4654403023753498,AVISTA,1.0.7,2026-09-19T19:08:58
Doctors_0_1,0.6923076923076923,0.4166666666666667,0.36816631044272885,0.4654403023753498,AVISTA,1.0.7,2026-09-19T19:08:58
Doctors_0_1,0.6846153846153846,0.413953488372093,0.36840832359898146,0.4654403023753498,AVISTA,1.0.7,2026-09-19T19:08:58
Doctors_0_1,0.676923076923077,0.411214953271028,0.369257783781664,0.4654403023753498,AVISTA,1.0.7,2026-09-19T19:08:58
Doctors_0_1,0.6692307692307692,0.4084507042253521,0.3713389550751352,0.4654403023753498,AVISTA,1.0.7,2026-09-19T19:08:58
Doctors_0_1,0.6615384615384615,0.4056603773584906,0.37192627383966487,0.4654403023753498,AVISTA,1.0.7,2026-09-19T19:08:58
Doctors_0_1,0.6615384615384615,0.4075829383886256,0.3745854318877094,0.4654403023753498,AVISTA,1.0.7,2026-09-19T19:08:58
Doctors_0_1,0.6538461538461539,0.40476190476190477,0.37576324543674783,0.4654403023753498,AVISTA,1.0.7,2026-09-19T19:08:58
Doctors_0_1,0.6538461538461539,0.40669856459330145,0.38002953010335605,0.4654403023753498,AVISTA,1.0.7,2026-09-19T19:08:58
Doctors_0_1,0.6538461538461539,0.40865384615384615,0.38026819623244157,0.4654403023753498,AVISTA,1.0.7,2026-09-19T19:08:58
Doctors_0_1,0.6461538461538462,0.4057971014492754,0.38061254863984656,0.4654403023753498,AVISTA,1.0.7,2026-09-19T19:08:58
Doctors_0_1,0.6461538461538462,0.4077669902912621,0.3808692893622585,0.4654403023753498,AVISTA,1.0.7,2026-09-19T19:08:58
Doctors_0_1,0.6461538461538462,0.4097560975609756,0.38126538330706805,0.4654403023753498,AVISTA,1.0.7,2026-09-19T19:08:58
Doctors_0_1,0.6461538461538462,0.4117647058823529,0.3831243662873996,0.4654403023753498,AVISTA,1.0.7,2026-09-19T19:08:58
Doctors_0_1,0.6461538461538462,0.41379310344827586,0.3841830112888177,0.4654403023753498,AVISTA,1.0.7,2026-09-19T19:08:58
Doctors_0_1,0.6384615384615384,0.41089108910891087,0.38510829451463086,0.4654403023753498,AVISTA,1.0.7,2026-09-19T19:08:58
Doctors_0_1,0.6307692307692307,0.4079601990049751,0.3851836745115945,0.4654403023753498,AVISTA,1.0.7,2026-09-19T19:08:58
Doctors_0_1,0.6230769230769231,0.41116751269035534,0.3861963653103443,0.4654403023753498,AVISTA,1.0.7,2026-09-19T19:08:58
Doctors_0_1,0.6230769230769231,0.413265306122449,0.3886243106679514,0.4654403023753498,AVISTA,1.0.7,2026-09-19T19:08:58
Doctors_0_1,0.6230769230769231,0.4153846153846154,0.39071227682304827,0.4654403023753498,AVISTA,1.0.7,2026-09-19T19:08:58
Doctors_0_1,0.6230769230769231,0.4175257731958763,0.39120327276740335,0.4654403023753498,AVISTA,1.0.7,2026-09-19T19:08:58
Doctors_0_1,0.6230769230769231,0.41968911917098445,0.39185409996838105,0.4654403023753498,AVISTA,1.0.7,2026-09-19T19:08:58
Doctors_0_1,0.6153846153846154,0.4166666666666667,0.39578113232604917,0.4654403023753498,AVISTA,1.0.7,2026-09-19T19:08:58
Doctors_0_1,0.6076923076923076,0.41361256544502617,0.3958251245943816,0.4654403023753498,AVISTA,1.0.7,2026-09-19T19:08:58
Doctors_0_1,0.6076923076923076,0.41798941798941797,0.39722869922918225,0.4654403023753498,AVISTA,1.0.7,2026-09-19T19:08:58
Doctors_0_1,0.6076923076923076,0.42021276595744683,0.39790771441585177,0.4654403023753498,AVISTA,1.0.7,2026-09-19T19:08:58
Doctors_0_1,0.6076923076923076,0.42473118279569894,0.3992365596343493,0.4654403023753498,AVISTA,1.0.7,2026-09-19T19:08:58
Doctors_0_1,0.6,0.42162162162162165,0.40282890006849015,0.4654403023753498,AVISTA,1.0.7,2026-09-19T19:08:58
Doctors_0_1,0.6,0.42391304347826086,0.4037596527377202,0.4654403023753498,AVISTA,1.0.7,2026-09-19T19:08:58
Doctors_0_1,0.6,0.4262295081967213,0.40434161890167947,0.4654403023753498,AVISTA,1.0.7,2026-09-19T19:08:58
Doctors_0_1,0.6,0.42857142857142855,0.40461339459748424,0.4654403023753498,AVISTA,1.0.7,2026-09-19T19:08:58
Doctors_0_1,0.6,0.430939226519337,0.40465766778816814,0.4654403023753498,AVISTA,1.0.7,2026-09-19T19:08:58
Doctors_0_1,0.6,0.43333333333333335,0.4050836407942928,0.4654403023753498,AVISTA,1.0.7,2026-09-19T19:08:58
Doctors_0_1,0.6,0.43575418994413406,0.4069132735140867,0.4654403023753498,AVISTA,1.0.7,2026-09-19T19:08:58
Doctors_0_1,0.5923076923076923,0.43258426966292135,0.40747219250124894,0.4654403023753498,AVISTA,1.0.7,2026-09-19T19:08:58
Doctors_0_1,0.5846153846153846,0.4293785310734463,0.4074940826716574,0.4654403023753498,AVISTA,1.0.7,2026-09-19T19:08:58
Doctors_0_1,0.5846153846153846,0.4318181818181818,0.4078325275172887,0.4654403023753498,AVISTA,1.0.7,2026-09-19T19:08:58
Doctors_0_1,0.5692307692307692,0.43023255813953487,0.40846282879203405,0.4654403023753498,AVISTA,1.0.7,2026-09-19T19:08:58
Doctors_0_1,0.5692307692307692,0.4327485380116959,0.4086313698004424,0.4654403023753498,AVISTA,1.0.7,2026-09-19T19:08:58
Doctors_0_1,0.5692307692307692,0.43529411764705883,0.40877827532441163,0.4654403023753498,AVISTA,1.0.7,2026-09-19T19:08:58
Doctors_0_1,0.5615384615384615,0.4319526627218935,0.4106895623219144,0.4654403023753498,AVISTA,1.0.7,2026-09-19T19:08:58
Doctors_0_1,0.5615384615384615,0.43452380952380953,0.41074126467928546,0.4654403023753498,AVISTA,1.0.7,2026-09-19T19:08:58
Doctors_0_1,0.5615384615384615,0.437125748502994,0.4120593044987066,0.4654403023753498,AVISTA,1.0.7,2026-09-19T19:08:58
Doctors_0_1,0.5538461538461539,0.43373493975903615,0.414338858524312,0.4654403023753498,AVISTA,1.0.7,2026-09-19T19:08:58
Doctors_0_1,0.5538461538461539,0.43636363636363634,0.4146682205065671,0.4654403023753498,AVISTA,1.0.7,2026-09-19T19:08:58
Doctors_0_1,0.5538461538461539,0.43902439024390244,0.41525864284027286,0.4654403023753498,AVISTA,1.0.7,2026-09-19T19:08:58
Doctors_0_1,0.5538461538461539,0.44171779141104295,0.4169165682854498,0.4654403023753498,AVISTA,1.0.7,2026-09-19T19:08:58
Doctors_0_1,0.5538461538461539,0.4472049689440994,0.4190219081283748,0.4654403023753498,AVISTA,1.0.7,2026-09-19T19:08:58
Doctors_0_1,0.5461538461538461,0.44375,0.4196012598296651,0.4654403023753498,AVISTA,1.0.7,2026-09-19T19:08:58
Doctors_0_1,0.5461538461538461,0.44654088050314467,0.422554485170803,0.4654403023753498,AVISTA,1.0.7,2026-09-19T19:08:58
Doctors_0_1,0.5384615384615384,0.4430379746835443,0.4230399571000908,0.4654403023753498,AVISTA,1.0.7,2026-09-19T19:08:58
Doctors_0_1,0.5384615384615384,0.445859872611465,0.42314302554059224,0.4654403023753498,AVISTA,1.0.7,2026-09-19T19:08:58
Doctors_0_1,0.5307692307692308,0.4423076923076923,0.4238523971812595,0.4654403023753498,AVISTA,1.0.7,2026-09-19T19:08:58
Doctors_0_1,0.5307692307692308,0.44516129032258067,0.42416906630155676,0.4654403023753498,AVISTA,1.0.7,2026-09-19T19:08:58
Doctors_0_1,0.5230769230769231,0.44155844155844154,0.4243358787804963,0.4654403023753498,AVISTA,1.0.7,2026-09-19T19:08:58
Doctors_0_1,0.5230769230769231,0.4444444444444444,0.4251754889817848,0.4654403023753498,AVISTA,1.0.7,2026-09-19T19:08:58
Doctors_0_1,0.5230769230769231,0.4473684210526316,0.4267165280222836,0.4654403023753498,AVISTA,1.0.7,2026-09-19T19:08:58
Doctors_0_1,0.5153846153846153,0.44666666666666666,0.4276359472279251,0.4654403023753498,AVISTA,1.0.7,2026-09-19T19:08:58
Doctors_0_1,0.5153846153846153,0.44966442953020136,0.42803296590410517,0.4654403023753498,AVISTA,1.0.7,2026-09-19T19:08:58
Doctors_0_1,0.5076923076923077,0.4489795918367347,0.42925895426817134,0.4654403023753498,AVISTA,1.0.7,2026-09-19T19:08:58
Doctors_0_1,0.5,0.4452054794520548,0.43112774009699306,0.4654403023753498,AVISTA,1.0.7,2026-09-19T19:08:58
Doctors_0_1,0.5,0.4482758620689655,0.43210936379527803,0.4654403023753498,AVISTA,1.0.7,2026-09-19T19:08:58
Doctors_0_1,0.5,0.4513888888888889,0.4322412712922996,0.4654403023753498,AVISTA,1.0.7,2026-09-19T19:08:58
Doctors_0_1,0.5,0.45454545454545453,0.4325763476018402,0.4654403023753498,AVISTA,1.0.7,2026-09-19T19:08:58
Doctors_0_1,0.5,0.45774647887323944,0.43347003374716025,0.4654403023753498,AVISTA,1.0.7,2026-09-19T19:08:58
Doctors_0_1,0.5,0.46099290780141844,0.4345194812987756,0.4654403023753498,AVISTA,1.0.7,2026-09-19T19:08:58
Doctors_0_1,0.5,0.4642857142857143,0.43477800781580406,0.4654403023753498,AVISTA,1.0.7,2026-09-19T19:08:58
Doctors_0_1,0.5,0.4676258992805755,0.43697998152480183,0.4654403023753498,AVISTA,1.0.7,2026-09-19T19:08:58
Doctors_0_1,0.5,0.47101449275362317,0.4374239628911726,0.4654403023753498,AVISTA,1.0.7,2026-09-19T19:08:58
Doctors_0_1,0.49230769230769234,0.46715328467153283,0.4385911087302324,0.4654403023753498,AVISTA,1.0.7,2026-09-19T19:08:58
Doctors_0_1,0.49230769230769234,0.47058823529411764,0.4387201322180005,0.4654403023753498,AVISTA,1.0.7,2026-09-19T19:08:58
Doctors_0_1,0.4846153846153846,0.4666666666666667,0.43943165377660737,0.4654403023753498,AVISTA,1.0.7,2026-09-19T19:08:58
Doctors_0_1,0.4846153846153846,0.47368421052631576,0.441037549942678,0.4654403023753498,AVISTA,1.0.7,2026-09-19T19:08:58
Doctors_0_1,0.4846153846153846,0.4772727272727273,0.4413438880912447,0.4654403023753498,AVISTA,1.0.7,2026-09-19T19:08:58
Doctors_0_1,0.4846153846153846,0.48091603053435117,0.44224250686532646,0.4654403023753498,AVISTA,1.0.7,2026-09-19T19:08:58
Doctors_0_1,0.4846153846153846,0.4846153846153846,0.4442465502378321,0.4654403023753498,AVISTA,1.0.7,2026-09-19T19:08:58
Doctors_0_1,0.47692307692307695,0.4806201550387597,0.44430679447530563,0.4654403023753498,AVISTA,1.0.7,2026-09-19T19:08:58
Doctors_0_1,0.47692307692307695,0.484375,0.44518407667250826,0.4654403023753498,AVISTA,1.0.7,2026-09-19T19:08:58
Doctors_0_1,0.47692307692307695,0.4881889763779528,0.4465073731191808,0.4654403023753498,AVISTA,1.0.7,2026-09-19T19:08:58
Doctors_0_1,0.47692307692307695,0.49206349206349204,0.4470851727469445,0.4654403023753498,AVISTA,1.0.7,2026-09-19T19:08:58
Doctors_0_1,0.46923076923076923,0.488,0.4471787039019084,0.4654403023753498,AVISTA,1.0.7,2026-09-19T19:08:58
Doctors_0_1,0.46923076923076923,0.49193548387096775,0.4496067296506297,0.4654403023753498,AVISTA,1.0.7,2026-09-19T19:08:58
Doctors_0_1,0.46153846153846156,0.4878048780487805,0.4499178449761221,0.4654403023753498,AVISTA,1.0.7,2026-09-19T19:08:58
Doctors_0_1,0.46153846153846156,0.4918032786885246,0.45065297977546664,0.4654403023753498,AVISTA,1.0.7,2026-09-19T19:08:58
Doctors_0_1,0.46153846153846156,0.49586776859504134,0.45072158807663004,0.4654403023753498,AVISTA,1.0.7,2026-09-19T19:08:58
Doctors_0_1,0.45384615384615384,0.49166666666666664,0.4512626653994204,0.4654403023753498,AVISTA,1.0.7,2026-09-19T19:08:58
Doctors_0_1,0.4461538461538462,0.48739495798319327,0.4514811528555705,0.4654403023753498,AVISTA,1.0.7,2026-09-19T19:08:58
Doctors_0_1,0.43846153846153846,0.4830508474576271,0.45152512406185086,0.4654403023753498,AVISTA,1.0.7,2026-09-19T19:08:58
Doctors_0_1,0.43846153846153846,0.48717948717948717,0.4520740696132483,0.4654403023753498,AVISTA,1.0.7,2026-09-19T19:08:58
Doctors_0_1,0.4307692307692308,0.4827586206896552,0.45227107712952647,0.4654403023753498,AVISTA,1.0.7,2026-09-19T19:08:58
Doctors_0_1,0.4230769230769231,0.4782608695652174,0.45299216058343694,0.4654403023753498,AVISTA,1.0.7,2026-09-19T19:08:58
Doctors_0_1,0.4230769230769231,0.4824561403508772,0.45333605959588197,0.4654403023753498,AVISTA,1.0.7,2026-09-19T19:08:58
Doctors_0_1,0.4230769230769231,0.48672566371681414,0.45549225220447265,0.4654403023753498,AVISTA,1.0.7,2026-09-19T19:08:58
Doctors_0_1,0.4230769230769231,0.49107142857142855,0.45590144730589605,0.4654403023753498,AVISTA,1.0.7,2026-09-19T19:08:58
Doctors_0_1,0.4230769230769231,0.4954954954954955,0.4560263009404196,0.4654403023753498,AVISTA,1.0.7,2026-09-19T19:08:58
Doctors_0_1,0.4230769230769231,0.5,0.4565122607687375,0.4654403023753498,AVISTA,1.0.7,2026-09-19T19:08:58
Doctors_0_1,0.4230769230769231,0.5045871559633027,0.45800105324326174,0.4654403023753498,AVISTA,1.0.7,2026-09-19T19:08:58
Doctors_0_1,0.4153846153846154,0.5,0.45896290067021356,0.4654403023753498,AVISTA,1.0.7,2026-09-19T19:08:58
Doctors_0_1,0.4076923076923077,0.4953271028037383,0.45941802371333745,0.4654403023753498,AVISTA,1.0.7,2026-09-19T19:08:58
Doctors_0_1,0.4076923076923077,0.5,0.45961957352346056,0.4654403023753498,AVISTA,1.0.7,2026-09-19T19:08:58
Doctors_0_1,0.4076923076923077,0.5047619047619047,0.4633391134247373,0.4654403023753498,AVISTA,1.0.7,2026-09-19T19:08:58
Doctors_0_1,0.4,0.5,0.465232180163765,0.4654403023753498,AVISTA,1.0.7,2026-09-19T19:08:58
Doctors_0_1,0.4,0.5098039215686274,0.46994074978328104,0.4654403023753498,AVISTA,1.0.7,2026-09-19T19:08:58
Doctors_0_1,0.4,0.5148514851485149,0.47084612663402464,0.4654403023753498,AVISTA,1.0.7,2026-09-19T19:08:58
Doctors_0_1,0.3923076923076923,0.51,0.47349266505178056,0.4654403023753498,AVISTA,1.0.7,2026-09-19T19:08:58
Doctors_0_1,0.38461538461538464,0.5050505050505051,0.4743869022977696,0.4654403023753498,AVISTA,1.0.7,2026-09-19T19:08:58
Doctors_0_1,0.3769230769230769,0.5,0.4751517502384453,0.4654403023753498,AVISTA,1.0.7,2026-09-19T19:08:58
Doctors_0_1,0.36923076923076925,0.4948453608247423,0.4753408011324641,0.4654403023753498,AVISTA,1.0.7,2026-09-19T19:08:58
Doctors_0_1,0.36923076923076925,0.5,0.47603089174050606,0.4654403023753498,AVISTA,1.0.7,2026-09-19T19:08:58
Doctors_0_1,0.36153846153846153,0.49473684210526314,0.4780738717400504,0.4654403023753498,AVISTA,1.0.7,2026-09-19T19:08:58
Doctors_0_1,0.36153846153846153,0.5,0.479981658662308,0.4654403023753498,AVISTA,1.0.7,2026-09-19T19:08:58
Doctors_0_1,0.35384615384615387,0.4946236559139785,0.48047713154681343,0.4654403023753498,AVISTA,1.0.7,2026-09-19T19:08:58
Doctors_0_1,0.34615384615384615,0.4891304347826087,0.48105820377915587,0.4654403023753498,AVISTA,1.0.7,2026-09-19T19:08:58
Doctors_0_1,0.34615384615384615,0.4945054945054945,0.48106935230847897,0.4654403023753498,AVISTA,1.0.7,2026-09-19T19:08:58
Doctors_0_1,0.33076923076923076,0.48863636363636365,0.4819037169735172,0.4654403023753498,AVISTA,1.0.7,2026-09-19T19:08:58
Doctors_0_1,0.3230769230769231,0.4827586206896552,0.48337979434487544,0.4654403023753498,AVISTA,1.0.7,2026-09-19T19:08:58
Doctors_0_1,0.3230769230769231,0.4883720930232558,0.4849905617920795,0.4654403023753498,AVISTA,1.0.7,2026-09-19T19:08:58
Doctors_0_1,0.3230769230769231,0.49411764705882355,0.4885813825823035,0.4654403023753498,AVISTA,1.0.7,2026-09-19T19:08:58
Doctors_0_1,0.3230769230769231,0.5,0.49048579164390294,0.4654403023753498,AVISTA,1.0.7,2026-09-19T19:08:58
Doctors_0_1,0.3230769230769231,0.5060240963855421,0.49061112580565075,0.4654403023753498,AVISTA,1.0.7,2026-09-19T19:08:58
Doctors_0_1,0.3230769230769231,0.5121951219512195,0.49367556801509044,0.4654403023753498,AVISTA,1.0.7,2026-09-19T19:08:58
Doctors_0_1,0.3153846153846154,0.5061728395061729,0.4943011683893275,0.4654403023753498,AVISTA,1.0.7,2026-09-19T19:08:58
Doctors_0_1,0.3153846153846154,0.5125,0.49541301738567667,0.4654403023753498,AVISTA,1.0.7,2026-09-19T19:08:58
Doctors_0_1,0.3153846153846154,0.5189873417721519,0.49542178323528496,0.4654403023753498,AVISTA,1.0.7,2026-09-19T19:08:58
Doctors_0_1,0.3076923076923077,0.5128205128205128,0.49904629234467757,0.4654403023753498,AVISTA,1.0.7,2026-09-19T19:08:58
Doctors_0_1,0.3076923076923077,0.5194805194805194,0.5019209417652692,0.4654403023753498,AVISTA,1.0.7,2026-09-19T19:08:58
Doctors_0_1,0.3076923076923077,0.5263157894736842,0.5050599396627276,0.4654403023753498,AVISTA,1.0.7,2026-09-19T19:08:58
Doctors_0_1,0.3,0.52,0.5072006118386742,0.4654403023753498,AVISTA,1.0.7,2026-09-19T19:08:58
Doctors_0_1,0.2923076923076923,0.5135135135135135,0.5077217275654667,0.4654403023753498,AVISTA,1.0.7,2026-09-19T19:08:58
Doctors_0_1,0.2923076923076923,0.5205479452054794,0.5100638877678573,0.4654403023753498,AVISTA,1.0.7,2026-09-19T19:08:58
Doctors_0_1,0.2846153846153846,0.5138888888888888,0.5114173478637412,0.4654403023753498,AVISTA,1.0.7,2026-09-19T19:08:58
Doctors_0_1,0.2846153846153846,0.5211267605633803,0.5150037954068972,0.4654403023753498,AVISTA,1.0.7,2026-09-19T19:08:58
Doctors_0_1,0.2846153846153846,0.5285714285714286,0.5150775963641007,0.4654403023753498,AVISTA,1.0.7,2026-09-19T19:08:58
Doctors_0_1,0.27692307692307694,0.5217391304347826,0.5151048919679284,0.4654403023753498,AVISTA,1.0.7,2026-09-19T19:08:58
Doctors_0_1,0.2692307692307692,0.5147058823529411,0.5174138986901754,0.4654403023753498,AVISTA,1.0.7,2026-09-19T19:08:58
Doctors_0_1,0.26153846153846155,0.5074626865671642,0.5177450473214084,0.4654403023753498,AVISTA,1.0.7,2026-09-19T19:08:58
Doctors_0_1,0.26153846153846155,0.5151515151515151,0.5220189765231728,0.4654403023753498,AVISTA,1.0.7,2026-09-19T19:08:58
Doctors_0_1,0.25384615384615383,0.5076923076923077,0.5245093052746541,0.4654403023753498,AVISTA,1.0.7,2026-09-19T19:08:58
Doctors_0_1,0.25384615384615383,0.515625,0.5250169627395755,0.4654403023753498,AVISTA,1.0.7,2026-09-19T19:08:58
Doctors_0_1,0.24615384615384617,0.5079365079365079,0.5268517552786532,0.4654403023753498,AVISTA,1.0.7,2026-09-19T19:08:58
Doctors_0_1,0.23846153846153847,0.5,0.5275496707178954,0.4654403023753498,AVISTA,1.0.7,2026-09-19T19:08:58
Doctors_0_1,0.23076923076923078,0.4918032786885246,0.5286691235139362,0.4654403023753498,AVISTA,1.0.7,2026-09-19T19:08:58
Doctors_0_1,0.23076923076923078,0.5,0.5291747915867828,0.4654403023753498,AVISTA,1.0.7,2026-09-19T19:08:58
Doctors_0_1,0.23076923076923078,0.5084745762711864,0.5310124439297758,0.4654403023753498,AVISTA,1.0.7,2026-09-19T19:08:58
Doctors_0_1,0.23076923076923078,0.5172413793103449,0.5332935094440235,0.4654403023753498,AVISTA,1.0.7,2026-09-19T19:08:58
Doctors_0_1,0.23076923076923078,0.5263157894736842,0.5336995534825641,0.4654403023753498,AVISTA,1.0.7,2026-09-19T19:08:58
Doctors_0_1,0.23076923076923078,0.5357142857142857,0.5343664189431901,0.4654403023753498,AVISTA,1.0.7,2026-09-19T19:08:58
Doctors_0_1,0.23076923076923078,0.5454545454545454,0.535376410994705,0.4654403023753498,AVISTA,1.0.7,2026-09-19T19:08:58
Doctors_0_1,0.23076923076923078,0.5555555555555556,0.536597580249635,0.4654403023753498,AVISTA,1.0.7,2026-09-19T19:08:58
Doctors_0_1,0.23076923076923078,0.5660377358490566,0.5406515038661744,0.4654403023753498,AVISTA,1.0.7,2026-09-19T19:08:58
Doctors_0_1,0.23076923076923078,0.5769230769230769,0.5447827933057963,0.4654403023753498,AVISTA,1.0.7,2026-09-19T19:08:58
Doctors_0_1,0.2230769230769231,0.5686274509803921,0.5452916001706912,0.4654403023753498,AVISTA,1.0.7,2026-09-19T19:08:58
Doctors_0_1,0.2153846153846154,0.5714285714285714,0.5454157231219678,0.4654403023753498,AVISTA,1.0.7,2026-09-19T19:08:58
Doctors_0_1,0.2076923076923077,0.5625,0.5473325111347375,0.4654403023753498,AVISTA,1.0.7,2026-09-19T19:08:58
Doctors_0_1,0.2,0.5531914893617021,0.5552310045131988,0.4654403023753498,AVISTA,1.0.7,2026-09-19T19:08:58
Doctors_0_1,0.2,0.5652173913043478,0.5577403028832307,0.4654403023753498,AVISTA,1.0.7,2026-09-19T19:08:58
Doctors_0_1,0.2,0.5777777777777777,0.5578751818337102,0.4654403023753498,AVISTA,1.0.7,2026-09-19T19:08:58
Doctors_0_1,0.2,0.5909090909090909,0.5599765467345761,0.4654403023753498,AVISTA,1.0.7,2026-09-19T19:08:58
Doctors_0_1,0.2,0.6046511627906976,0.5629381304756063,0.4654403023753498,AVISTA,1.0.7,2026-09-19T19:08:58
Doctors_0_1,0.2,0.6190476190476191,0.5661268971157551,0.4654403023753498,AVISTA,1.0.7,2026-09-19T19:08:58
Doctors_0_1,0.19230769230769232,0.6097560975609756,0.5731761029366819,0.4654403023753498,AVISTA,1.0.7,2026-09-19T19:08:58
Doctors_0_1,0.18461538461538463,0.6,0.573404595903964,0.4654403023753498,AVISTA,1.0.7,2026-09-19T19:08:58
Doctors_0_1,0.17692307692307693,0.5897435897435898,0.5740673272379668,0.4654403023753498,AVISTA,1.0.7,2026-09-19T19:08:58
Doctors_0_1,0.17692307692307693,0.6052631578947368,0.5758394266916712,0.4654403023753498,AVISTA,1.0.7,2026-09-19T19:08:58
Doctors_0_1,0.16923076923076924,0.5945945945945946,0.5766835523322535,0.4654403023753498,AVISTA,1.0.7,2026-09-19T19:08:58
Doctors_0_1,0.16923076923076924,0.6111111111111112,0.577628290694325,0.4654403023753498,AVISTA,1.0.7,2026-09-19T19:08:58
Doctors_0_1,0.16153846153846155,0.6,0.5821512520585057,0.4654403023753498,AVISTA,1.0.7,2026-09-19T19:08:58
Doctors_0_1,0.16153846153846155,0.6176470588235294,0.5899532868788983,0.4654403023753498,AVISTA,1.0.7,2026-09-19T19:08:58
Doctors_0_1,0.15384615384615385,0.6060606060606061,0.5905138414589376,0.4654403023753498,AVISTA,1.0.7,2026-09-19T19:08:58
Doctors_0_1,0.14615384615384616,0.59375,0.6009695667072531,0.4654403023753498,AVISTA,1.0.7,2026-09-19T19:08:58
Doctors_0_1,0.13846153846153847,0.5806451612903226,0.6015477672201969,0.4654403023753498,AVISTA,1.0.7,2026-09-19T19:08:58
Doctors_0_1,0.13846153846153847,0.6,0.601957814212904,0.4654403023753498,AVISTA,1.0.7,2026-09-19T19:08:58
Doctors_0_1,0.13076923076923078,0.5862068965517241,0.6061514679225938,0.4654403023753498,AVISTA,1.0.7,2026-09-19T19:08:58
Doctors_0_1,0.12307692307692308,0.5714285714285714,0.6090265996962386,0.4654403023753498,AVISTA,1.0.7,2026-09-19T19:08:58
Doctors_0_1,0.11538461538461539,0.5555555555555556,0.6097414952682074,0.4654403023753498,AVISTA,1.0.7,2026-09-19T19:08:58
Doctors_0_1,0.11538461538461539,0.5769230769230769,0.6157202375307127,0.4654403023753498,AVISTA,1.0.7,2026-09-19T19:08:58
Doctors_0_1,0.11538461538461539,0.6,0.6247328388469153,0.4654403023753498,AVISTA,1.0.7,2026-09-19T19:08:58
Doctors_0_1,0.1076923076923077,0.5833333333333334,0.627108121691098,0.4654403023753498,AVISTA,1.0.7,2026-09-19T19:08:58
Doctors_0_1,0.1076923076923077,0.6086956521739131,0.6474782396318542,0.4654403023753498,AVISTA,1.0.7,2026-09-19T19:08:58
Doctors_0_1,0.1076923076923077,0.6363636363636364,0.6577341350105003,0.4654403023753498,AVISTA,1.0.7,2026-09-19T19:08:58
Doctors_0_1,0.1076923076923077,0.6666666666666666,0.6581454898674782,0.4654403023753498,AVISTA,1.0.7,2026-09-19T19:08:58
Doctors_0_1,0.1,0.65,0.6616516809194516,0.4654403023753498,AVISTA,1.0.7,2026-09-19T19:08:58
Doctors_0_1,0.09230769230769231,0.631578947368421,0.6627964078042446,0.4654403023753498,AVISTA,1.0.7,2026-09-19T19:08:58
Doctors_0_1,0.08461538461538462,0.6111111111111112,0.6720544808526189,0.4654403023753498,AVISTA,1.0.7,2026-09-19T19:08:58
Doctors_0_1,0.08461538461538462,0.6470588235294118,0.677441168067675,0.4654403023753498,AVISTA,1.0.7,2026-09-19T19:08:58
Doctors_0_1,0.08461538461538462,0.6875,0.6888980621358167,0.4654403023753498,AVISTA,1.0.7,2026-09-19T19:08:58
Doctors_0_1,0.07692307692307693,0.6666666666666666,0.6946470103221724,0.4654403023753498,AVISTA,1.0.7,2026-09-19T19:08:58
Doctors_0_1,0.06923076923076923,0.6428571428571429,0.6979289638933331,0.4654403023753498,AVISTA,1.0.7,2026-09-19T19:08:58
Doctors_0_1,0.06923076923076923,0.6923076923076923,0.706522359491691,0.4654403023753498,AVISTA,1.0.7,2026-09-19T19:08:58
Doctors_0_1,0.06153846153846154,0.6666666666666666,0.7109172451326691,0.4654403023753498,AVISTA,1.0.7,2026-09-19T19:08:58
Doctors_0_1,0.05384615384615385,0.6363636363636364,0.7170197821376775,0.4654403023753498,AVISTA,1.0.7,2026-09-19T19:08:58
Doctors_0_1,0.046153846153846156,0.6,0.7225016090656476,0.4654403023753498,AVISTA,1.0.7,2026-09-19T19:08:58
Doctors_0_1,0.046153846153846156,0.6666666666666666,0.7272308885819305,0.4654403023753498,AVISTA,1.0.7,2026-09-19T19:08:58
Doctors_0_1,0.046153846153846156,0.75,0.7374747927717283,0.4654403023753498,AVISTA,1.0.7,2026-09-19T19:08:58
Doctors_0_1,0.038461538461538464,0.7142857142857143,0.7497304066528793,0.4654403023753498,AVISTA,1.0.7,2026-09-19T19:08:58
Doctors_0_1,0.03076923076923077,0.6666666666666666,0.7548755437109055,0.4654403023753498,AVISTA,1.0.7,2026-09-19T19:08:58
Doctors_0_1,0.03076923076923077,0.8,0.7696396631976904,0.4654403023753498,AVISTA,1.0.7,2026-09-19T19:08:58
Doctors_0_1,0.023076923076923078,0.75,0.7780177164963722,0.4654403023753498,AVISTA,1.0.7,2026-09-19T19:08:58
Doctors_0_1,0.015384615384615385,0.6666666666666666,0.7794505475962349,0.4654403023753498,AVISTA,1.0.7,2026-09-19T19:08:58
Doctors_0_1,0.007692307692307693,0.5,0.8101251323649951,0.4654403023753498,AVISTA,1.0.7,2026-09-19T19:08:58
Doctors_0_1,0.0,0.0,0.8449762651809561,0.4654403023753498,AVISTA,1.0.7,2026-09-19T19:08:58
Doctors_0_1,0.0,1.0,0.8449762651809561,0.4654403023753498,AVISTA,1.0.7,2026-09-19T19:08:58
Doctors_2_3,1.0,0.4805914972273567,0.058474791345206514,0.6286224026626333,AVISTA,1.0.7,2026-09-19T19:08:58
Doctors_2_3,0.9961538461538462,0.47962962962962963,0.06629322007023344,0.6286224026626333,AVISTA,1.0.7,2026-09-19T19:08:58
Doctors_2_3,0.9961538461538462,0.4805194805194805,0.0816256020238282,0.6286224026626333,AVISTA,1.0.7,2026-09-19T19:08:58
Doctors_2_3,0.9961538461538462,0.48141263940520446,0.08634201351702495,0.6286224026626333,AVISTA,1.0.7,2026-09-19T19:08:58
Doctors_2_3,0.9961538461538462,0.4823091247672253,0.1016137074307339,0.6286224026626333,AVISTA,1.0.7,2026-09-19T19:08:58
Doctors_2_3,0.9961538461538462,0.4832089552238806,0.10312337473153851,0.6286224026626333,AVISTA,1.0.7,2026-09-19T19:08:58
Doctors_2_3,0.9961538461538462,0.48411214953271026,0.10631623130315604,0.6286224026626333,AVISTA,1.0.7,2026-09-19T19:08:58
Doctors_2_3,0.9961538461538462,0.4850187265917603,0.10755132899657083,0.6286224026626333,AVISTA,1.0.7,2026-09-19T19:08:58
Doctors_2_3,0.9961538461538462,0.48592870544090055,0.10854185232816248,0.6286224026626333,AVISTA,1.0.7,2026-09-19T19:08:58
Doctors_2_3,0.9961538461538462,0.4868421052631579,0.10897198306357615,0.6286224026626333,AVISTA,1.0.7,2026-09-19T19:08:58
Doctors_2_3,0.9961538461538462,0.487758945386064,0.134128995530615,0.6286224026626333,AVISTA,1.0.7,2026-09-19T19:08:58
Doctors_2_3,0.9961538461538462,0.48867924528301887,0.13806967199195855,0.6286224026626333,AVISTA,1.0.7,2026-09-19T19:08:58
Doctors_2_3,0.9961538461538462,0.4896030245746692,0.13876093502680473,0.6286224026626333,AVISTA,1.0.7,2026-09-19T19:08:58
Doctors_2_3,0.9961538461538462,0.49053030303030304,0.13940026910091977,0.6286224026626333,AVISTA,1.0.7,2026-09-19T19:08:58
Doctors_2_3,0.9961538461538462,0.49146110056925996,0.15900334756505424,0.6286224026626333,AVISTA,1.0.7,2026-09-19T19:08:58
Doctors_2_3,0.9961538461538462,0.4923954372623574,0.16208770981382276,0.6286224026626333,AVISTA,1.0.7,2026-09-19T19:08:58
Doctors_2_3,0.9961538461538462,0.49333333333333335,0.1638392166386111,0.6286224026626333,AVISTA,1.0.7,2026-09-19T19:08:58
Doctors_2_3,0.9961538461538462,0.49427480916030536,0.16866924436187808,0.6286224026626333,AVISTA,1.0.7,2026-09-19T19:08:58
Doctors_2_3,0.9961538461538462,0.49521988527724664,0.17042519320980687,0.6286224026626333,AVISTA,1.0.7,2026-09-19T19:08:58
Doctors_2_3,0.9961538461538462,0.49616858237547895,0.1714251305605064,0.6286224026626333,AVISTA,1.0.7,2026-09-19T19:08:58
Doctors_2_3,0.9961538461538462,0.4971209213051823,0.18560045020148827,0.6286224026626333,AVISTA,1.0.7,2026-09-19T19:08:58
Doctors_2_3,0.9961538461538462,0.4980769230769231,0.18735521979595304,0.6286224026626333,AVISTA,1.0.7,2026-09-19T19:08:58
Doctors_2_3,0.9961538461538462,0.49903660886319845,0.1907610613629085,0.6286224026626333,AVISTA,1.0.7,2026-09-19T19:08:58
Doctors_2_3,0.9961538461538462,0.5,0.19145367488006262,0.6286224026626333,AVISTA,1.0.7,2026-09-19T19:08:58
Doctors_2_3,0.9923076923076923,0.4990328820116054,0.19171807219186418,0.6286224026626333,AVISTA,1.0.7,2026-09-19T19:08:58
Doctors_2_3,0.9884615384615385,0.49806201550387597,0.19231640743710549,0.6286224026626333,AVISTA,1.0.7,2026-09-19T19:08:58
Doctors_2_3,0.9884615384615385,0.49902912621359224,0.19397380712982631,0.6286224026626333,AVISTA,1.0.7,2026-09-19T19:08:58
Doctors_2_3,0.9846153846153847,0.4980544747081712,0.20172526491233464,0.6286224026626333,AVISTA,1.0.7,2026-09-19T19:08:58
Doctors_2_3,0.9846153846153847,0.49902534113060426,0.20496501225649913,0.6286224026626333,AVISTA,1.0.7,2026-09-19T19:08:58
Doctors_2_3,0.9807692307692307,0.498046875,0.2057669862391272,0.6286224026626333,AVISTA,1.0.7,2026-09-19T19:08:58
Doctors_2_3,0.9807692307692307,0.49902152641878667,0.20613682931994345,0.6286224026626333,AVISTA,1.0.7,2026-09-19T19:08:58
Doctors_2_3,0.9769230769230769,0.4980392156862745,0.20694904829858274,0.6286224026626333,AVISTA,1.0.7,2026-09-19T19:08:58
Doctors_2_3,0.9769230769230769,0.49901768172888017,0.2072734794263565,0.6286224026626333,AVISTA,1.0.7,2026-09-19T19:08:58
Doctors_2_3,0.9730769230769231,0.49803149606299213,0.21275610853525978,0.6286224026626333,AVISTA,1.0.7,2026-09-19T19:08:58
Doctors_2_3,0.9730769230769231,0.4990138067061144,0.21382421571659574,0.6286224026626333,AVISTA,1.0.7,2026-09-19T19:08:58
Doctors_2_3,0.9730769230769231,0.5,0.2157227393465717,0.6286224026626333,AVISTA,1.0.7,2026-09-19T19:08:58
Doctors_2_3,0.9730769230769231,0.500990099009901,0.2171446493234597,0.6286224026626333,AVISTA,1.0.7,2026-09-19T19:08:58
Doctors_2_3,0.9730769230769231,0.501984126984127,0.21758450099641402,0.6286224026626333,AVISTA,1.0.7,2026-09-19T19:08:58
Doctors_2_3,0.9730769230769231,0.5029821073558648,0.21784610231953005,0.6286224026626333,AVISTA,1.0.7,2026-09-19T19:08:58
Doctors_2_3,0.9730769230769231,0.5049900199600799,0.21793177441066733,0.6286224026626333,AVISTA,1.0.7,2026-09-19T19:08:58
Doctors_2_3,0.9730769230769231,0.506,0.219044804762478,0.6286224026626333,AVISTA,1.0.7,2026-09-19T19:08:58
Doctors_2_3,0.9692307692307692,0.5050100200400801,0.2196683247460387,0.6286224026626333,AVISTA,1.0.7,2026-09-19T19:08:58
Doctors_2_3,0.9653846153846154,0.5040160642570282,0.22006411708743845,0.6286224026626333,AVISTA,1.0.7,2026-09-19T19:08:58
Doctors_2_3,0.9615384615384616,0.5030181086519114,0.22057524351842508,0.6286224026626333,AVISTA,1.0.7,2026-09-19T19:08:58
Doctors_2_3,0.9615384615384616,0.5040322580645161,0.22121661254965957,0.6286224026626333,AVISTA,1.0.7,2026-09-19T19:08:58
Doctors_2_3,0.9615384615384616,0.5050505050505051,0.22243461511399196,0.6286224026626333,AVISTA,1.0.7,2026-09-19T19:08:58
Doctors_2_3,0.9615384615384616,0.5060728744939271,0.22298926190273446,0.6286224026626333,AVISTA,1.0.7,2026-09-19T19:08:58
Doctors_2_3,0.9576923076923077,0.5050709939148073,0.22380789552268635,0.6286224026626333,AVISTA,1.0.7,2026-09-19T19:08:58
Doctors_2_3,0.9538461538461539,0.5040650406504065,0.22383360876205657,0.6286224026626333,AVISTA,1.0.7,2026-09-19T19:08:58
Doctors_2_3,0.9538461538461539,0.505091649694501,0.22391109003809184,0.6286224026626333,AVISTA,1.0.7,2026-09-19T19:08:58
Doctors_2_3,0.95,0.5040816326530613,0.22409993468044975,0.6286224026626333,AVISTA,1.0.7,2026-09-19T19:08:58
Doctors_2_3,0.95,0.5051124744376279,0.22436619776239505,0.6286224026626333,AVISTA,1.0.7,2026-09-19T19:08:58
Doctors_2_3,0.9461538461538461,0.5040983606557377,0.2257562199591271,0.6286224026626333,AVISTA,1.0.7,2026-09-19T19:08:58
Doctors_2_3,0.9461538461538461,0.5051334702258727,0.2262297399877716,0.6286224026626333,AVISTA,1.0.7,2026-09-19T19:08:58
Doctors_2_3,0.9423076923076923,0.5041152263374485,0.22723462178507775,0.6286224026626333,AVISTA,1.0.7,2026-09-19T19:08:58
Doctors_2_3,0.9423076923076923,0.5051546391752577,0.22725103515675585,0.6286224026626333,AVISTA,1.0.7,2026-09-19T19:08:58
Doctors_2_3,0.9423076923076923,0.506198347107438,0.22738337231658276,0.6286224026626333,AVISTA,1.0.7,2026-09-19T19:08:58
Doctors_2_3,0.9423076923076923,0.5072463768115942,0.2275179832489927,0.6286224026626333,AVISTA,1.0.7,2026-09-19T19:08:58
Doctors_2_3,0.9423076923076923,0.508298755186722,0.2277798984607691,0.6286224026626333,AVISTA,1.0.7,2026-09-19T19:08:58
Doctors_2_3,0.9423076923076923,0.5093555093555093,0.22953635451657187,0.6286224026626333,AVISTA,1.0.7,2026-09-19T19:08:58
Doctors_2_3,0.9423076923076923,0.5104166666666666,0.23017410778587907,0.6286224026626333,AVISTA,1.0.7,2026-09-19T19:08:58
Doctors_2_3,0.9423076923076923,0.511482254697286,0.23134117756513278,0.6286224026626333,AVISTA,1.0.7,2026-09-19T19:08:58
Doctors_2_3,0.9423076923076923,0.5125523012552301,0.23228978718429247,0.6286224026626333,AVISTA,1.0.7,2026-09-19T19:08:58
Doctors_2_3,0.9384615384615385,0.5115303983228512,0.23232468611479895,0.6286224026626333,AVISTA,1.0.7,2026-09-19T19:08:58
Doctors_2_3,0.9384615384615385,0.5126050420168067,0.23362946771965865,0.6286224026626333,AVISTA,1.0.7,2026-09-19T19:08:58
Doctors_2_3,0.9384615384615385,0.5136842105263157,0.23364686196734002,0.6286224026626333,AVISTA,1.0.7,2026-09-19T19:08:58
Doctors_2_3,0.9307692307692308,0.5116279069767442,0.23373544384614123,0.6286224026626333,AVISTA,1.0.7,2026-09-19T19:08:58
Doctors_2_3,0.9307692307692308,0.5127118644067796,0.2341020530572077,0.6286224026626333,AVISTA,1.0.7,2026-09-19T19:08:58
Doctors_2_3,0.926923076923077,0.5116772823779193,0.23413112170433548,0.6286224026626333,AVISTA,1.0.7,2026-09-19T19:08:58
Doctors_2_3,0.926923076923077,0.5127659574468085,0.23624996287158384,0.6286224026626333,AVISTA,1.0.7,2026-09-19T19:08:58
Doctors_2_3,0.9230769230769231,0.511727078891258,0.23647482932271652,0.6286224026626333,AVISTA,1.0.7,2026-09-19T19:08:58
Doctors_2_3,0.9192307692307692,0.5106837606837606,0.23717349419447636,0.6286224026626333,AVISTA,1.0.7,2026-09-19T19:08:58
Doctors_2_3,0.9192307692307692,0.5117773019271948,0.2378703891997463,0.6286224026626333,AVISTA,1.0.7,2026-09-19T19:08:58
Doctors_2_3,0.9192307692307692,0.5128755364806867,0.23880420601634758,0.6286224026626333,AVISTA,1.0.7,2026-09-19T19:08:58
Doctors_2_3,0.9115384615384615,0.512987012987013,0.23894911852454698,0.6286224026626333,AVISTA,1.0.7,2026-09-19T19:08:58
Doctors_2_3,0.9115384615384615,0.5140997830802603,0.2398257539478416,0.6286224026626333,AVISTA,1.0.7,2026-09-19T19:08:58
Doctors_2_3,0.9115384615384615,0.5152173913043478,0.24014704249706212,0.6286224026626333,AVISTA,1.0.7,2026-09-19T19:08:58
Doctors_2_3,0.9115384615384615,0.5163398692810458,0.24087651999063708,0.6286224026626333,AVISTA,1.0.7,2026-09-19T19:08:58
Doctors_2_3,0.9076923076923077,0.5152838427947598,0.24130169070773805,0.6286224026626333,AVISTA,1.0.7,2026-09-19T19:08:58
Doctors_2_3,0.9038461538461539,0.5142231947483589,0.24217028235902904,0.6286224026626333,AVISTA,1.0.7,2026-09-19T19:08:58
Doctors_2_3,0.9038461538461539,0.5153508771929824,0.2424954879691503,0.6286224026626333,AVISTA,1.0.7,2026-09-19T19:08:58
Doctors_2_3,0.9,0.5154185022026432,0.24292158293048371,0.6286224026626333,AVISTA,1.0.7,2026-09-19T19:08:58
Doctors_2_3,0.9,0.5165562913907285,0.24438079310813168,0.6286224026626333,AVISTA,1.0.7,2026-09-19T19:08:58
Doctors_2_3,0.9,0.5176991150442478,0.24439803203255614,0.6286224026626333,AVISTA,1.0.7,2026-09-19T19:08:58
Doctors_2_3,0.8961538461538462,0.516629711751663,0.2446868715705674,0.6286224026626333,AVISTA,1.0.7,2026-09-19T19:08:58
Doctors_2_3,0.8923076923076924,0.5155555555555555,0.24588323889736605,0.6286224026626333,AVISTA,1.0.7,2026-09-19T19:08:58
Doctors_2_3,0.8923076923076924,0.5167037861915368,0.2466550511633276,0.6286224026626333,AVISTA,1.0.7,2026-09-19T19:08:58
Doctors_2_3,0.8846153846153846,0.5145413870246085,0.24803981052748342,0.6286224026626333,AVISTA,1.0.7,2026-09-19T19:08:58
Doctors_2_3,0.8846153846153846,0.515695067264574,0.24862746139240458,0.6286224026626333,AVISTA,1.0.7,2026-09-19T19:08:58
Doctors_2_3,0.8807692307692307,0.5146067415730337,0.24925149184349774,0.6286224026626333,AVISTA,1.0.7,2026-09-19T19:08:58
Doctors_2_3,0.8807692307692307,0.5157657657657657,0.2493894476500562,0.6286224026626333,AVISTA,1.0.7,2026-09-19T19:08:58
Doctors_2_3,0.8769230769230769,0.5146726862302483,0.24940098302556404,0.6286224026626333,AVISTA,1.0.7,2026-09-19T19:08:58
Doctors_2_3,0.8769230769230769,0.5158371040723982,0.24964070671563182,0.6286224026626333,AVISTA,1.0.7,2026-09-19T19:08:58
Doctors_2_3,0.8730769230769231,0.5147392290249433,0.2506152215551021,0.6286224026626333,AVISTA,1.0.7,2026-09-19T19:08:58
Doctors_2_3,0.8730769230769231,0.5159090909090909,0.25091234327476863,0.6286224026626333,AVISTA,1.0.7,2026-09-19T19:08:58
Doctors_2_3,0.8730769230769231,0.5170842824601367,0.25130215216999763,0.6286224026626333,AVISTA,1.0.7,2026-09-19T19:08:58
Doctors_2_3,0.8692307692307693,0.5159817351598174,0.2515386648362517,0.6286224026626333,AVISTA,1.0.7,2026-09-19T19:08:58
Doctors_2_3,0.8692307692307693,0.517162471395881,0.25189413757825224,0.6286224026626333,AVISTA,1.0.7,2026-09-19T19:08:58
Doctors_2_3,0.8692307692307693,0.518348623853211,0.2529339269601493,0.6286224026626333,AVISTA,1.0.7,2026-09-19T19:08:58
Doctors_2_3,0.8653846153846154,0.5172413793103449,0.2530195603064647,0.6286224026626333,AVISTA,1.0.7,2026-09-19T19:08:58
Doctors_2_3,0.8653846153846154,0.5184331797235023,0.2544849880065749,0.6286224026626333,AVISTA,1.0.7,2026-09-19T19:08:58
Doctors_2_3,0.8615384615384616,0.5173210161662818,0.2556052943459833,0.6286224026626333,AVISTA,1.0.7,2026-09-19T19:08:58
Doctors_2_3,0.8615384615384616,0.5197215777262181,0.2563312648598195,0.6286224026626333,AVISTA,1.0.7,2026-09-19T19:08:58
Doctors_2_3,0.8615384615384616,0.5209302325581395,0.2568218172983298,0.6286224026626333,AVISTA,1.0.7,2026-09-19T19:08:58
Doctors_2_3,0.8576923076923076,0.5198135198135199,0.2575581133221405,0.6286224026626333,AVISTA,1.0.7,2026-09-19T19:08:58
Doctors_2_3,0.8538461538461538,0.5186915887850467,0.2576786817944257,0.6286224026626333,AVISTA,1.0.7,2026-09-19T19:08:58
Doctors_2_3,0.8538461538461538,0.5199063231850117,0.2590534510336682,0.6286224026626333,AVISTA,1.0.7,2026-09-19T19:08:58
Doctors_2_3,0.85,0.5187793427230047,0.2591150517396485,0.6286224026626333,AVISTA,1.0.7,2026-09-19T19:08:58
Doctors_2_3,0.8461538461538461,0.5200945626477541,0.25932998781608424,0.6286224026626333,AVISTA,1.0.7,2026-09-19T19:08:58
Doctors_2_3,0.8461538461538461,0.5213270142180095,0.26000243154822694,0.6286224026626333,AVISTA,1.0.7,2026-09-19T19:08:58
Doctors_2_3,0.8461538461538461,0.5225653206650831,0.26004766865078566,0.6286224026626333,AVISTA,1.0.7,2026-09-19T19:08:58
Doctors_2_3,0.8461538461538461,0.5238095238095238,0.26005184951440913,0.6286224026626333,AVISTA,1.0.7,2026-09-19T19:08:58
Doctors_2_3,0.8461538461538461,0.5250596658711217,0.2602975159409681,0.6286224026626333,AVISTA,1.0.7,2026-09-19T19:08:58
Doctors_2_3,0.8461538461538461,0.5263157894736842,0.26034685981829225,0.6286224026626333,AVISTA,1.0.7,2026-09-19T19:08:58
Doctors_2_3,0.8461538461538461,0.5275779376498801,0.2606080198019327,0.6286224026626333,AVISTA,1.0.7,2026-09-19T19:08:58
Doctors_2_3,0.8423076923076923,0.5264423076923077,0.26114032981008617,0.6286224026626333,AVISTA,1.0.7,2026-09-19T19:08:58
Doctors_2_3,0.8423076923076923,0.5277108433734939,0.26156246940942396,0.6286224026626333,AVISTA,1.0.7,2026-09-19T19:08:58
Doctors_2_3,0.8384615384615385,0.529126213592233,0.2619412398738903,0.6286224026626333,AVISTA,1.0.7,2026-09-19T19:08:58
Doctors_2_3,0.8384615384615385,0.5304136253041363,0.2621134564862639,0.6286224026626333,AVISTA,1.0.7,2026-09-19T19:08:58
Doctors_2_3,0.8384615384615385,0.5317073170731708,0.26217364950365263,0.6286224026626333,AVISTA,1.0.7,2026-09-19T19:08:58
Doctors_2_3,0.8346153846153846,0.530562347188264,0.2627840480459239,0.6286224026626333,AVISTA,1.0.7,2026-09-19T19:08:58
Doctors_2_3,0.8346153846153846,0.5318627450980392,0.26344478573682384,0.6286224026626333,AVISTA,1.0.7,2026-09-19T19:08:58
Doctors_2_3,0.8307692307692308,0.5307125307125307,0.2634725927336605,0.6286224026626333,AVISTA,1.0.7,2026-09-19T19:08:58
Doctors_2_3,0.8269230769230769,0.5295566502463054,0.2639969670120812,0.6286224026626333,AVISTA,1.0.7,2026-09-19T19:08:58
Doctors_2_3,0.8269230769230769,0.5308641975308642,0.26456819126773634,0.6286224026626333,AVISTA,1.0.7,2026-09-19T19:08:58
Doctors_2_3,0.823076923076923,0.5297029702970297,0.2650769066859418,0.6286224026626333,AVISTA,1.0.7,2026-09-19T19:08:58
Doctors_2_3,0.823076923076923,0.5310173697270472,0.2660096725120018,0.6286224026626333,AVISTA,1.0.7,2026-09-19T19:08:58
Doctors_2_3,0.823076923076923,0.5323383084577115,0.26671399002428553,0.6286224026626333,AVISTA,1.0.7,2026-09-19T19:08:58
Doctors_2_3,0.8192307692307692,0.5311720698254364,0.2669180063673359,0.6286224026626333,AVISTA,1.0.7,2026-09-19T19:08:58
Doctors_2_3,0.8153846153846154,0.53,0.2674840076852415,0.6286224026626333,AVISTA,1.0.7,2026-09-19T19:08:58
Doctors_2_3,0.8153846153846154,0.531328320802005,0.26855286345354457,0.6286224026626333,AVISTA,1.0.7,2026-09-19T19:08:58
Doctors_2_3,0.8153846153846154,0.5326633165829145,0.2702426763142536,0.6286224026626333,AVISTA,1.0.7,2026-09-19T19:08:58
Doctors_2_3,0.8153846153846154,0.5340050377833753,0.2703581153860747,0.6286224026626333,AVISTA,1.0.7,2026-09-19T19:08:58
Doctors_2_3,0.8153846153846154,0.5353535353535354,0.2704456315750311,0.6286224026626333,AVISTA,1.0.7,2026-09-19T19:08:58
Doctors_2_3,0.8115384615384615,0.5341772151898734,0.2705665534408777,0.6286224026626333,AVISTA,1.0.7,2026-09-19T19:08:58
Doctors_2_3,0.8076923076923077,0.5329949238578681,0.27310042272505014,0.6286224026626333,AVISTA,1.0.7,2026-09-19T19:08:58
Doctors_2_3,0.8076923076923077,0.5343511450381679,0.2733677143844644,0.6286224026626333,AVISTA,1.0.7,2026-09-19T19:08:58
Doctors_2_3,0.8076923076923077,0.5357142857142857,0.27388015940908567,0.6286224026626333,AVISTA,1.0.7,2026-09-19T19:08:58
Doctors_2_3,0.8038461538461539,0.5345268542199488,0.2742212171656268,0.6286224026626333,AVISTA,1.0.7,2026-09-19T19:08:58
Doctors_2_3,0.8038461538461539,0.5358974358974359,0.2743673736678285,0.6286224026626333,AVISTA,1.0.7,2026-09-19T19:08:58
Doctors_2_3,0.8,0.5347043701799485,0.2750008989375938,0.6286224026626333,AVISTA,1.0.7,2026-09-19T19:08:58
Doctors_2_3,0.8,0.5360824742268041,0.2754955814526508,0.6286224026626333,AVISTA,1.0.7,2026-09-19T19:08:58
Doctors_2_3,0.8,0.537467700258398,0.27592029058420464,0.6286224026626333,AVISTA,1.0.7,2026-09-19T19:08:58
Doctors_2_3,0.8,0.538860103626943,0.27672086830620474,0.6286224026626333,AVISTA,1.0.7,2026-09-19T19:08:58
Doctors_2_3,0.7961538461538461,0.5376623376623376,0.27746403937238673,0.6286224026626333,AVISTA,1.0.7,2026-09-19T19:08:58
Doctors_2_3,0.7923076923076923,0.5364583333333334,0.2780422071195913,0.6286224026626333,AVISTA,1.0.7,2026-09-19T19:08:58
Doctors_2_3,0.7923076923076923,0.5378590078328982,0.2784109380389499,0.6286224026626333,AVISTA,1.0.7,2026-09-19T19:08:58
Doctors_2_3,0.7923076923076923,0.5392670157068062,0.2791113870530939,0.6286224026626333,AVISTA,1.0.7,2026-09-19T19:08:58
Doctors_2_3,0.7846153846153846,0.5368421052631579,0.27966475501723553,0.6286224026626333,AVISTA,1.0.7,2026-09-19T19:08:58
Doctors_2_3,0.7846153846153846,0.5382585751978892,0.2806650855359173,0.6286224026626333,AVISTA,1.0.7,2026-09-19T19:08:58
Doctors_2_3,0.7807692307692308,0.5370370370370371,0.2807989133889894,0.6286224026626333,AVISTA,1.0.7,2026-09-19T19:08:58
Doctors_2_3,0.7769230769230769,0.5358090185676393,0.2827717816592409,0.6286224026626333,AVISTA,1.0.7,2026-09-19T19:08:58
Doctors_2_3,0.7730769230769231,0.5345744680851063,0.28460099204403333,0.6286224026626333,AVISTA,1.0.7,2026-09-19T19:08:58
Doctors_2_3,0.7692307692307693,0.5333333333333333,0.28462359503792456,0.6286224026626333,AVISTA,1.0.7,2026-09-19T19:08:58
Doctors_2_3,0.7692307692307693,0.5347593582887701,0.28471695953161663,0.6286224026626333,AVISTA,1.0.7,2026-09-19T19:08:58
Doctors_2_3,0.7653846153846153,0.5335120643431636,0.28487065835968994,0.6286224026626333,AVISTA,1.0.7,2026-09-19T19:08:58
Doctors_2_3,0.7653846153846153,0.5349462365591398,0.2857274025927018,0.6286224026626333,AVISTA,1.0.7,2026-09-19T19:08:58
Doctors_2_3,0.7653846153846153,0.5363881401617251,0.28596895679499446,0.6286224026626333,AVISTA,1.0.7,2026-09-19T19:08:58
Doctors_2_3,0.7653846153846153,0.5392953929539296,0.2862258612642992,0.6286224026626333,AVISTA,1.0.7,2026-09-19T19:08:58
Doctors_2_3,0.7615384615384615,0.5380434782608695,0.28630405416076693,0.6286224026626333,AVISTA,1.0.7,2026-09-19T19:08:58
Doctors_2_3,0.7576923076923077,0.5367847411444142,0.2867015449564164,0.6286224026626333,AVISTA,1.0.7,2026-09-19T19:08:58
Doctors_2_3,0.7538461538461538,0.5355191256830601,0.28832877060369894,0.6286224026626333,AVISTA,1.0.7,2026-09-19T19:08:58
Doctors_2_3,0.7538461538461538,0.536986301369863,0.28879143951291975,0.6286224026626333,AVISTA,1.0.7,2026-09-19T19:08:58
Doctors_2_3,0.7538461538461538,0.5384615384615384,0.28921047160496943,0.6286224026626333,AVISTA,1.0.7,2026-09-19T19:08:58
Doctors_2_3,0.7538461538461538,0.5399449035812672,0.28935365960739723,0.6286224026626333,AVISTA,1.0.7,2026-09-19T19:08:58
Doctors_2_3,0.7538461538461538,0.5414364640883977,0.2898525848996325,0.6286224026626333,AVISTA,1.0.7,2026-09-19T19:08:58
Doctors_2_3,0.75,0.5401662049861495,0.2899647087092517,0.6286224026626333,AVISTA,1.0.7,2026-09-19T19:08:58
Doctors_2_3,0.7461538461538462,0.5388888888888889,0.2908569836516522,0.6286224026626333,AVISTA,1.0.7,2026-09-19T19:08:58
Doctors_2_3,0.7461538461538462,0.5403899721448467,0.2911686546400215,0.6286224026626333,AVISTA,1.0.7,2026-09-19T19:08:58
Doctors_2_3,0.7423076923076923,0.5391061452513967,0.29250494148602924,0.6286224026626333,AVISTA,1.0.7,2026-09-19T19:08:58
Doctors_2_3,0.7423076923076923,0.5421348314606742,0.2927728541711689,0.6286224026626333,AVISTA,1.0.7,2026-09-19T19:08:58
Doctors_2_3,0.7423076923076923,0.543661971830986,0.2930146292954754,0.6286224026626333,AVISTA,1.0.7,2026-09-19T19:08:58
Doctors_2_3,0.7423076923076923,0.5451977401129944,0.2930510892419189,0.6286224026626333,AVISTA,1.0.7,2026-09-19T19:08:58
Doctors_2_3,0.7423076923076923,0.546742209631728,0.29314075544604534,0.6286224026626333,AVISTA,1.0.7,2026-09-19T19:08:58
Doctors_2_3,0.7384615384615385,0.5454545454545454,0.29370919881184854,0.6286224026626333,AVISTA,1.0.7,2026-09-19T19:08:58
Doctors_2_3,0.7384615384615385,0.5470085470085471,0.29372475699593753,0.6286224026626333,AVISTA,1.0.7,2026-09-19T19:08:58
Doctors_2_3,0.7384615384615385,0.5485714285714286,0.29372654493511735,0.6286224026626333,AVISTA,1.0.7,2026-09-19T19:08:58
Doctors_2_3,0.7346153846153847,0.5472779369627507,0.29374775680774606,0.6286224026626333,AVISTA,1.0.7,2026-09-19T19:08:58
Doctors_2_3,0.7307692307692307,0.5459770114942529,0.2938794655022552,0.6286224026626333,AVISTA,1.0.7,2026-09-19T19:08:58
Doctors_2_3,0.7269230769230769,0.5446685878962536,0.29496597004160413,0.6286224026626333,AVISTA,1.0.7,2026-09-19T19:08:58
Doctors_2_3,0.7269230769230769,0.546242774566474,0.2953654540190411,0.6286224026626333,AVISTA,1.0.7,2026-09-19T19:08:58
Doctors_2_3,0.7230769230769231,0.5449275362318841,0.2959081669692711,0.6286224026626333,AVISTA,1.0.7,2026-09-19T19:08:58
Doctors_2_3,0.7230769230769231,0.5465116279069767,0.2976656766504951,0.6286224026626333,AVISTA,1.0.7,2026-09-19T19:08:58
Doctors_2_3,0.7230769230769231,0.5481049562682215,0.29786390630415743,0.6286224026626333,AVISTA,1.0.7,2026-09-19T19:08:58
Doctors_2_3,0.7192307692307692,0.5467836257309941,0.29791360461152705,0.6286224026626333,AVISTA,1.0.7,2026-09-19T19:08:58
Doctors_2_3,0.7192307692307692,0.5483870967741935,0.29807596845815126,0.6286224026626333,AVISTA,1.0.7,2026-09-19T19:08:58
Doctors_2_3,0.7153846153846154,0.5470588235294118,0.298309274240431,0.6286224026626333,AVISTA,1.0.7,2026-09-19T19:08:58
Doctors_2_3,0.7153846153846154,0.5486725663716814,0.2984509812133531,0.6286224026626333,AVISTA,1.0.7,2026-09-19T19:08:58
Doctors_2_3,0.7115384615384616,0.5489614243323442,0.2986655634141138,0.6286224026626333,AVISTA,1.0.7,2026-09-19T19:08:58
Doctors_2_3,0.7115384615384616,0.5505952380952381,0.29950555362405945,0.6286224026626333,AVISTA,1.0.7,2026-09-19T19:08:58
Doctors_2_3,0.7076923076923077,0.5492537313432836,0.3007024350566067,0.6286224026626333,AVISTA,1.0.7,2026-09-19T19:08:58
Doctors_2_3,0.7038461538461539,0.5512048192771084,0.30268150182948356,0.6286224026626333,AVISTA,1.0.7,2026-09-19T19:08:58
Doctors_2_3,0.7,0.5498489425981873,0.3036346922848955,0.6286224026626333,AVISTA,1.0.7,2026-09-19T19:08:58
Doctors_2_3,0.7,0.5515151515151515,0.30365434886980536,0.6286224026626333,AVISTA,1.0.7,2026-09-19T19:08:58
Doctors_2_3,0.7,0.5531914893617021,0.305704665698096,0.6286224026626333,AVISTA,1.0.7,2026-09-19T19:08:58
Doctors_2_3,0.6961538461538461,0.551829268292683,0.3057349596912222,0.6286224026626333,AVISTA,1.0.7,2026-09-19T19:08:58
Doctors_2_3,0.6923076923076923,0.5504587155963303,0.3075296206340865,0.6286224026626333,AVISTA,1.0.7,2026-09-19T19:08:58
Doctors_2_3,0.6923076923076923,0.5521472392638037,0.3076674917792782,0.6286224026626333,AVISTA,1.0.7,2026-09-19T19:08:58
Doctors_2_3,0.6923076923076923,0.5538461538461539,0.30772354768699045,0.6286224026626333,AVISTA,1.0.7,2026-09-19T19:08:58
Doctors_2_3,0.6923076923076923,0.5555555555555556,0.30920972031258787,0.6286224026626333,AVISTA,1.0.7,2026-09-19T19:08:58
Doctors_2_3,0.6884615384615385,0.5541795665634675,0.3099027441027822,0.6286224026626333,AVISTA,1.0.7,2026-09-19T19:08:58
Doctors_2_3,0.6846153846153846,0.5527950310559007,0.3102908334120847,0.6286224026626333,AVISTA,1.0.7,2026-09-19T19:08:58
Doctors_2_3,0.6846153846153846,0.5545171339563862,0.31053726095277784,0.6286224026626333,AVISTA,1.0.7,2026-09-19T19:08:58
Doctors_2_3,0.6846153846153846,0.55625,0.31078902075265236,0.6286224026626333,AVISTA,1.0.7,2026-09-19T19:08:58
Doctors_2_3,0.6846153846153846,0.5579937304075235,0.3108323635974592,0.6286224026626333,AVISTA,1.0.7,2026-09-19T19:08:58
Doctors_2_3,0.6807692307692308,0.5566037735849056,0.3125976547465157,0.6286224026626333,AVISTA,1.0.7,2026-09-19T19:08:58
Doctors_2_3,0.6807692307692308,0.5583596214511041,0.3135137954568284,0.6286224026626333,AVISTA,1.0.7,2026-09-19T19:08:58
Doctors_2_3,0.6807692307692308,0.560126582278481,0.31414005576054543,0.6286224026626333,AVISTA,1.0.7,2026-09-19T19:08:58
Doctors_2_3,0.676923076923077,0.5587301587301587,0.3142663006106864,0.6286224026626333,AVISTA,1.0.7,2026-09-19T19:08:58
Doctors_2_3,0.6730769230769231,0.5573248407643312,0.3148035998956852,0.6286224026626333,AVISTA,1.0.7,2026-09-19T19:08:58
Doctors_2_3,0.6730769230769231,0.5591054313099042,0.31491658474001594,0.6286224026626333,AVISTA,1.0.7,2026-09-19T19:08:58
Doctors_2_3,0.6692307692307692,0.5576923076923077,0.3152839948783863,0.6286224026626333,AVISTA,1.0.7,2026-09-19T19:08:58
Doctors_2_3,0.6653846153846154,0.5562700964630225,0.316020909212853,0.6286224026626333,AVISTA,1.0.7,2026-09-19T19:08:58
Doctors_2_3,0.6653846153846154,0.5580645161290323,0.3170097927024893,0.6286224026626333,AVISTA,1.0.7,2026-09-19T19:08:58
Doctors_2_3,0.6653846153846154,0.5598705501618123,0.31750114966337517,0.6286224026626333,AVISTA,1.0.7,2026-09-19T19:08:58
Doctors_2_3,0.6615384615384615,0.5602605863192183,0.3175807355082012,0.6286224026626333,AVISTA,1.0.7,2026-09-19T19:08:58
Doctors_2_3,0.6615384615384615,0.5620915032679739,0.31759767230596436,0.6286224026626333,AVISTA,1.0.7,2026-09-19T19:08:58
Doctors_2_3,0.6576923076923077,0.5606557377049181,0.3179535326531227,0.6286224026626333,AVISTA,1.0.7,2026-09-19T19:08:58
Doctors_2_3,0.6576923076923077,0.5625,0.3184521912807426,0.6286224026626333,AVISTA,1.0.7,2026-09-19T19:08:58
Doctors_2_3,0.6576923076923077,0.5643564356435643,0.3185942182410758,0.6286224026626333,AVISTA,1.0.7,2026-09-19T19:08:58
Doctors_2_3,0.6538461538461539,0.5629139072847682,0.3187172955333044,0.6286224026626333,AVISTA,1.0.7,2026-09-19T19:08:58
Doctors_2_3,0.65,0.5614617940199336,0.3188919843953648,0.6286224026626333,AVISTA,1.0.7,2026-09-19T19:08:58
Doctors_2_3,0.65,0.5633333333333334,0.3200871500526034,0.6286224026626333,AVISTA,1.0.7,2026-09-19T19:08:58
Doctors_2_3,0.65,0.5652173913043478,0.32041533764138985,0.6286224026626333,AVISTA,1.0.7,2026-09-19T19:08:58
Doctors_2_3,0.65,0.5671140939597316,0.3214916296694469,0.6286224026626333,AVISTA,1.0.7,2026-09-19T19:08:58
Doctors_2_3,0.65,0.569023569023569,0.3217357232770314,0.6286224026626333,AVISTA,1.0.7,2026-09-19T19:08:58
Doctors_2_3,0.6461538461538462,0.5675675675675675,0.32217657510210235,0.6286224026626333,AVISTA,1.0.7,2026-09-19T19:08:58
Doctors_2_3,0.6461538461538462,0.5694915254237288,0.32244735171447797,0.6286224026626333,AVISTA,1.0.7,2026-09-19T19:08:58
Doctors_2_3,0.6461538461538462,0.5714285714285714,0.3234734027144749,0.6286224026626333,AVISTA,1.0.7,2026-09-19T19:08:58
Doctors_2_3,0.6461538461538462,0.5733788395904437,0.32383127873856105,0.6286224026626333,AVISTA,1.0.7,2026-09-19T19:08:58
Doctors_2_3,0.6423076923076924,0.571917808219178,0.3244708687996099,0.6286224026626333,AVISTA,1.0.7,2026-09-19T19:08:58
Doctors_2_3,0.6346153846153846,0.5689655172413793,0.324796023808904,0.6286224026626333,AVISTA,1.0.7,2026-09-19T19:08:58
Doctors_2_3,0.6346153846153846,0.5709342560553633,0.3252977103714173,0.6286224026626333,AVISTA,1.0.7,2026-09-19T19:08:58
Doctors_2_3,0.6307692307692307,0.5694444444444444,0.3253270737814585,0.6286224026626333,AVISTA,1.0.7,2026-09-19T19:08:58
Doctors_2_3,0.6307692307692307,0.5714285714285714,0.32573236243647025,0.6286224026626333,AVISTA,1.0.7,2026-09-19T19:08:58
Doctors_2_3,0.6307692307692307,0.5734265734265734,0.326312070564475,0.6286224026626333,AVISTA,1.0.7,2026-09-19T19:08:58
Doctors_2_3,0.6307692307692307,0.5754385964912281,0.3265655195666985,0.6286224026626333,AVISTA,1.0.7,2026-09-19T19:08:58
Doctors_2_3,0.6269230769230769,0.573943661971831,0.3267865291591509,0.6286224026626333,AVISTA,1.0.7,2026-09-19T19:08:58
Doctors_2_3,0.6269230769230769,0.5759717314487632,0.3270299677535898,0.6286224026626333,AVISTA,1.0.7,2026-09-19T19:08:58
Doctors_2_3,0.6269230769230769,0.5780141843971631,0.3284843070171645,0.6286224026626333,AVISTA,1.0.7,2026-09-19T19:08:58
Doctors_2_3,0.6269230769230769,0.5800711743772242,0.32910423301449054,0.6286224026626333,AVISTA,1.0.7,2026-09-19T19:08:58
Doctors_2_3,0.6269230769230769,0.5821428571428572,0.32921041216703134,0.6286224026626333,AVISTA,1.0.7,2026-09-19T19:08:58
Doctors_2_3,0.6269230769230769,0.5842293906810035,0.3292906327806276,0.6286224026626333,AVISTA,1.0.7,2026-09-19T19:08:58
Doctors_2_3,0.6269230769230769,0.5863309352517986,0.3293645901047062,0.6286224026626333,AVISTA,1.0.7,2026-09-19T19:08:58
Doctors_2_3,0.6269230769230769,0.5884476534296029,0.330522455966016,0.6286224026626333,AVISTA,1.0.7,2026-09-19T19:08:58
Doctors_2_3,0.6230769230769231,0.5869565217391305,0.33056497844450283,0.6286224026626333,AVISTA,1.0.7,2026-09-19T19:08:58
Doctors_2_3,0.6230769230769231,0.5890909090909091,0.33095394095007413,0.6286224026626333,AVISTA,1.0.7,2026-09-19T19:08:58
Doctors_2_3,0.6230769230769231,0.5912408759124088,0.33104112215186055,0.6286224026626333,AVISTA,1.0.7,2026-09-19T19:08:58
Doctors_2_3,0.6230769230769231,0.5934065934065934,0.334116223110651,0.6286224026626333,AVISTA,1.0.7,2026-09-19T19:08:58
Doctors_2_3,0.6192307692307693,0.5919117647058824,0.33437402330882854,0.6286224026626333,AVISTA,1.0.7,2026-09-19T19:08:58
Doctors_2_3,0.6192307692307693,0.5940959409594095,0.335663747569733,0.6286224026626333,AVISTA,1.0.7,2026-09-19T19:08:58
Doctors_2_3,0.6192307692307693,0.5962962962962963,0.33594507121109507,0.6286224026626333,AVISTA,1.0.7,2026-09-19T19:08:58
Doctors_2_3,0.6153846153846154,0.5947955390334573,0.33600995941538025,0.6286224026626333,AVISTA,1.0.7,2026-09-19T19:08:58
Doctors_2_3,0.6115384615384616,0.5932835820895522,0.3373444797946318,0.6286224026626333,AVISTA,1.0.7,2026-09-19T19:08:58
Doctors_2_3,0.6076923076923076,0.5917602996254682,0.3377881800354772,0.6286224026626333,AVISTA,1.0.7,2026-09-19T19:08:58
Doctors_2_3,0.6038461538461538,0.5902255639097744,0.3398553706682257,0.6286224026626333,AVISTA,1.0.7,2026-09-19T19:08:58
Doctors_2_3,0.6,0.5886792452830188,0.3402052750640127,0.6286224026626333,AVISTA,1.0.7,2026-09-19T19:08:58
Doctors_2_3,0.5961538461538461,0.5871212121212122,0.3410371069408404,0.6286224026626333,AVISTA,1.0.7,2026-09-19T19:08:58
Doctors_2_3,0.5923076923076923,0.5855513307984791,0.3413329753420973,0.6286224026626333,AVISTA,1.0.7,2026-09-19T19:08:58
Doctors_2_3,0.5923076923076923,0.5877862595419847,0.34156898364691285,0.6286224026626333,AVISTA,1.0.7,2026-09-19T19:08:58
Doctors_2_3,0.5923076923076923,0.5900383141762452,0.3428428988428001,0.6286224026626333,AVISTA,1.0.7,2026-09-19T19:08:58
Doctors_2_3,0.5923076923076923,0.5923076923076923,0.3433449500923415,0.6286224026626333,AVISTA,1.0.7,2026-09-19T19:08:58
Doctors_2_3,0.5923076923076923,0.5945945945945946,0.34409135237133404,0.6286224026626333,AVISTA,1.0.7,2026-09-19T19:08:58
Doctors_2_3,0.5884615384615385,0.5930232558139535,0.3442817495655939,0.6286224026626333,AVISTA,1.0.7,2026-09-19T19:08:58
Doctors_2_3,0.5884615384615385,0.5953307392996109,0.34438050872797826,0.6286224026626333,AVISTA,1.0.7,2026-09-19T19:08:58
Doctors_2_3,0.5846153846153846,0.59375,0.3445432156841126,0.6286224026626333,AVISTA,1.0.7,2026-09-19T19:08:58
Doctors_2_3,0.5846153846153846,0.596078431372549,0.3445765906882541,0.6286224026626333,AVISTA,1.0.7,2026-09-19T19:08:58
Doctors_2_3,0.5807692307692308,0.594488188976378,0.34496857050831253,0.6286224026626333,AVISTA,1.0.7,2026-09-19T19:08:58
Doctors_2_3,0.5807692307692308,0.5968379446640316,0.34526560464001477,0.6286224026626333,AVISTA,1.0.7,2026-09-19T19:08:58
Doctors_2_3,0.5807692307692308,0.5992063492063492,0.3454721777693552,0.6286224026626333,AVISTA,1.0.7,2026-09-19T19:08:58
Doctors_2_3,0.5807692307692308,0.601593625498008,0.3457866997100047,0.6286224026626333,AVISTA,1.0.7,2026-09-19T19:08:58
Doctors_2_3,0.5769230769230769,0.6,0.346385255217785,0.6286224026626333,AVISTA,1.0.7,2026-09-19T19:08:58
Doctors_2_3,0.5769230769230769,0.6024096385542169,0.3464116098069979,0.6286224026626333,AVISTA,1.0.7,2026-09-19T19:08:58
Doctors_2_3,0.5769230769230769,0.6048387096774194,0.3466297617683963,0.6286224026626333,AVISTA,1.0.7,2026-09-19T19:08:58
Doctors_2_3,0.573076923076923,0.6032388663967612,0.3472160673902533,0.6286224026626333,AVISTA,1.0.7,2026-09-19T19:08:58
Doctors_2_3,0.5692307692307692,0.6016260162601627,0.3472537805690832,0.6286224026626333,AVISTA,1.0.7,2026-09-19T19:08:58
Doctors_2_3,0.5615384615384615,0.5983606557377049,0.3479023980429043,0.6286224026626333,AVISTA,1.0.7,2026-09-19T19:08:58
Doctors_2_3,0.5615384615384615,0.6008230452674898,0.3483134759660609,0.6286224026626333,AVISTA,1.0.7,2026-09-19T19:08:58
Doctors_2_3,0.5576923076923077,0.5991735537190083,0.34862501566290005,0.6286224026626333,AVISTA,1.0.7,2026-09-19T19:08:58
Doctors_2_3,0.5576923076923077,0.6016597510373444,0.34904516922496753,0.6286224026626333,AVISTA,1.0.7,2026-09-19T19:08:58
Doctors_2_3,0.5576923076923077,0.6041666666666666,0.3493848993775354,0.6286224026626333,AVISTA,1.0.7,2026-09-19T19:08:58
Doctors_2_3,0.5576923076923077,0.606694560669456,0.35127026030256064,0.6286224026626333,AVISTA,1.0.7,2026-09-19T19:08:58
Doctors_2_3,0.5576923076923077,0.6092436974789915,0.3514177641388714,0.6286224026626333,AVISTA,1.0.7,2026-09-19T19:08:58
Doctors_2_3,0.5538461538461539,0.6075949367088608,0.3515899455028819,0.6286224026626333,AVISTA,1.0.7,2026-09-19T19:08:58
Doctors_2_3,0.55,0.6059322033898306,0.35420638096244583,0.6286224026626333,AVISTA,1.0.7,2026-09-19T19:08:58
Doctors_2_3,0.5461538461538461,0.6042553191489362,0.3543410108746401,0.6286224026626333,AVISTA,1.0.7,2026-09-19T19:08:58
Doctors_2_3,0.5423076923076923,0.6103896103896104,0.3549371860705365,0.6286224026626333,AVISTA,1.0.7,2026-09-19T19:08:58
Doctors_2_3,0.5346153846153846,0.6069868995633187,0.3565721824740519,0.6286224026626333,AVISTA,1.0.7,2026-09-19T19:08:58
Doctors_2_3,0.5307692307692308,0.6052631578947368,0.3571472919599859,0.6286224026626333,AVISTA,1.0.7,2026-09-19T19:08:58
Doctors_2_3,0.5307692307692308,0.6079295154185022,0.35780871674223835,0.6286224026626333,AVISTA,1.0.7,2026-09-19T19:08:58
Doctors_2_3,0.5269230769230769,0.6061946902654868,0.3592657286888835,0.6286224026626333,AVISTA,1.0.7,2026-09-19T19:08:58
Doctors_2_3,0.5230769230769231,0.6044444444444445,0.35928231273312433,0.6286224026626333,AVISTA,1.0.7,2026-09-19T19:08:58
Doctors_2_3,0.5230769230769231,0.6071428571428571,0.3595524879754317,0.6286224026626333,AVISTA,1.0.7,2026-09-19T19:08:58
Doctors_2_3,0.5192307692307693,0.6053811659192825,0.3597068083486517,0.6286224026626333,AVISTA,1.0.7,2026-09-19T19:08:58
Doctors_2_3,0.5192307692307693,0.6081081081081081,0.3616334628024756,0.6286224026626333,AVISTA,1.0.7,2026-09-19T19:08:58
Doctors_2_3,0.5192307692307693,0.6108597285067874,0.3616384443555959,0.6286224026626333,AVISTA,1.0.7,2026-09-19T19:08:58
Doctors_2_3,0.5153846153846153,0.6090909090909091,0.3632555740673075,0.6286224026626333,AVISTA,1.0.7,2026-09-19T19:08:58
Doctors_2_3,0.5153846153846153,0.6118721461187214,0.36326280868822575,0.6286224026626333,AVISTA,1.0.7,2026-09-19T19:08:58
Doctors_2_3,0.5153846153846153,0.6146788990825688,0.3636207996665535,0.6286224026626333,AVISTA,1.0.7,2026-09-19T19:08:58
Doctors_2_3,0.5115384615384615,0.6129032258064516,0.3649878125032318,0.6286224026626333,AVISTA,1.0.7,2026-09-19T19:08:58
Doctors_2_3,0.5076923076923077,0.6111111111111112,0.3653728114087968,0.6286224026626333,AVISTA,1.0.7,2026-09-19T19:08:58
Doctors_2_3,0.5076923076923077,0.6139534883720931,0.3653880881226081,0.6286224026626333,AVISTA,1.0.7,2026-09-19T19:08:58
Doctors_2_3,0.5076923076923077,0.616822429906542,0.36541841508172423,0.6286224026626333,AVISTA,1.0.7,2026-09-19T19:08:58
Doctors_2_3,0.5038461538461538,0.6150234741784038,0.3655456954803388,0.6286224026626333,AVISTA,1.0.7,2026-09-19T19:08:58
Doctors_2_3,0.5038461538461538,0.6179245283018868,0.36691500642051,0.6286224026626333,AVISTA,1.0.7,2026-09-19T19:08:58
Doctors_2_3,0.5038461538461538,0.6208530805687204,0.3671826462433414,0.6286224026626333,AVISTA,1.0.7,2026-09-19T19:08:58
Doctors_2_3,0.5038461538461538,0.6238095238095238,0.3672600916880184,0.6286224026626333,AVISTA,1.0.7,2026-09-19T19:08:58
Doctors_2_3,0.5038461538461538,0.6267942583732058,0.3684752538685743,0.6286224026626333,AVISTA,1.0.7,2026-09-19T19:08:58
Doctors_2_3,0.5038461538461538,0.6298076923076923,0.3690284704354334,0.6286224026626333,AVISTA,1.0.7,2026-09-19T19:08:58
Doctors_2_3,0.5,0.6280193236714976,0.36994748971035707,0.6286224026626333,AVISTA,1.0.7,2026-09-19T19:08:58
Doctors_2_3,0.5,0.6310679611650486,0.37119529947278096,0.6286224026626333,AVISTA,1.0.7,2026-09-19T19:08:58
Doctors_2_3,0.5,0.6341463414634146,0.3718255447817028,0.6286224026626333,AVISTA,1.0.7,2026-09-19T19:08:58
Doctors_2_3,0.49615384615384617,0.6323529411764706,0.3734647052297513,0.6286224026626333,AVISTA,1.0.7,2026-09-19T19:08:58
Doctors_2_3,0.49230769230769234,0.6305418719211823,0.37384325072187374,0.6286224026626333,AVISTA,1.0.7,2026-09-19T19:08:58
Doctors_2_3,0.48846153846153845,0.6287128712871287,0.3751118719107334,0.6286224026626333,AVISTA,1.0.7,2026-09-19T19:08:58
Doctors_2_3,0.48846153846153845,0.6318407960199005,0.37541589363854805,0.6286224026626333,AVISTA,1.0.7,2026-09-19T19:08:58
Doctors_2_3,0.48846153846153845,0.635,0.3761465847852039,0.6286224026626333,AVISTA,1.0.7,2026-09-19T19:08:58
Doctors_2_3,0.48846153846153845,0.6381909547738693,0.37660119509631296,0.6286224026626333,AVISTA,1.0.7,2026-09-19T19:08:58
Doctors_2_3,0.4846153846153846,0.6363636363636364,0.37662133167714706,0.6286224026626333,AVISTA,1.0.7,2026-09-19T19:08:58
Doctors_2_3,0.4807692307692308,0.6345177664974619,0.3776137914505322,0.6286224026626333,AVISTA,1.0.7,2026-09-19T19:08:58
Doctors_2_3,0.4807692307692308,0.6377551020408163,0.3780583392129216,0.6286224026626333,AVISTA,1.0.7,2026-09-19T19:08:58
Doctors_2_3,0.47692307692307695,0.6358974358974359,0.37875403806598834,0.6286224026626333,AVISTA,1.0.7,2026-09-19T19:08:58
Doctors_2_3,0.47307692307692306,0.634020618556701,0.37929652395597707,0.6286224026626333,AVISTA,1.0.7,2026-09-19T19:08:58
Doctors_2_3,0.47307692307692306,0.6373056994818653,0.38129039680686544,0.6286224026626333,AVISTA,1.0.7,2026-09-19T19:08:58
Doctors_2_3,0.46923076923076923,0.6354166666666666,0.38159924200359524,0.6286224026626333,AVISTA,1.0.7,2026-09-19T19:08:58
Doctors_2_3,0.46923076923076923,0.6387434554973822,0.381792665632312,0.6286224026626333,AVISTA,1.0.7,2026-09-19T19:08:58
Doctors_2_3,0.4653846153846154,0.6368421052631579,0.3823806099258294,0.6286224026626333,AVISTA,1.0.7,2026-09-19T19:08:58
Doctors_2_3,0.4653846153846154,0.6402116402116402,0.3826683719340294,0.6286224026626333,AVISTA,1.0.7,2026-09-19T19:08:58
Doctors_2_3,0.46153846153846156,0.6382978723404256,0.38320752825023746,0.6286224026626333,AVISTA,1.0.7,2026-09-19T19:08:58
Doctors_2_3,0.4576923076923077,0.6363636363636364,0.3850087598427486,0.6286224026626333,AVISTA,1.0.7,2026-09-19T19:08:58
Doctors_2_3,0.4461538461538462,0.6304347826086957,0.385027918054951,0.6286224026626333,AVISTA,1.0.7,2026-09-19T19:08:58
Doctors_2_3,0.4423076923076923,0.6284153005464481,0.38513177547200067,0.6286224026626333,AVISTA,1.0.7,2026-09-19T19:08:58
Doctors_2_3,0.43846153846153846,0.6263736263736264,0.38528617731643355,0.6286224026626333,AVISTA,1.0.7,2026-09-19T19:08:58
Doctors_2_3,0.4269230769230769,0.6235955056179775,0.38547878690217763,0.6286224026626333,AVISTA,1.0.7,2026-09-19T19:08:58
Doctors_2_3,0.4230769230769231,0.6214689265536724,0.3861765646061037,0.6286224026626333,AVISTA,1.0.7,2026-09-19T19:08:58
Doctors_2_3,0.41923076923076924,0.6193181818181818,0.38689031091601117,0.6286224026626333,AVISTA,1.0.7,2026-09-19T19:08:58
Doctors_2_3,0.4153846153846154,0.6171428571428571,0.3874194257969228,0.6286224026626333,AVISTA,1.0.7,2026-09-19T19:08:58
Doctors_2_3,0.4115384615384615,0.6149425287356322,0.387890583431665,0.6286224026626333,AVISTA,1.0.7,2026-09-19T19:08:58
Doctors_2_3,0.4076923076923077,0.6127167630057804,0.38838092038994465,0.6286224026626333,AVISTA,1.0.7,2026-09-19T19:08:58
Doctors_2_3,0.40384615384615385,0.6104651162790697,0.3886667879777979,0.6286224026626333,AVISTA,1.0.7,2026-09-19T19:08:58
Doctors_2_3,0.4,0.6081871345029239,0.38905078611740807,0.6286224026626333,AVISTA,1.0.7,2026-09-19T19:08:58
Doctors_2_3,0.39615384615384613,0.6058823529411764,0.3890797825970729,0.6286224026626333,AVISTA,1.0.7,2026-09-19T19:08:58
Doctors_2_3,0.39615384615384613,0.6094674556213018,0.38953159217148686,0.6286224026626333,AVISTA,1.0.7,2026-09-19T19:08:58
Doctors_2_3,0.39615384615384613,0.6130952380952381,0.3901742464872135,0.6286224026626333,AVISTA,1.0.7,2026-09-19T19:08:58
Doctors_2_3,0.3923076923076923,0.6107784431137725,0.39077265009665474,0.6286224026626333,AVISTA,1.0.7,2026-09-19T19:08:58
Doctors_2_3,0.38846153846153847,0.608433734939759,0.39310232143909035,0.6286224026626333,AVISTA,1.0.7,2026-09-19T19:08:58
Doctors_2_3,0.38846153846153847,0.6121212121212121,0.39456542540002226,0.6286224026626333,AVISTA,1.0.7,2026-09-19T19:08:58
Doctors_2_3,0.38846153846153847,0.6158536585365854,0.39477504116610185,0.6286224026626333,AVISTA,1.0.7,2026-09-19T19:08:58
Doctors_2_3,0.38461538461538464,0.6134969325153374,0.3949372701938294,0.6286224026626333,AVISTA,1.0.7,2026-09-19T19:08:58
Doctors_2_3,0.38461538461538464,0.6172839506172839,0.3950785594514916,0.6286224026626333,AVISTA,1.0.7,2026-09-19T19:08:58
Doctors_2_3,0.38076923076923075,0.6149068322981367,0.39532351134702626,0.6286224026626333,AVISTA,1.0.7,2026-09-19T19:08:58
Doctors_2_3,0.38076923076923075,0.61875,0.39639607850492575,0.6286224026626333,AVISTA,1.0.7,2026-09-19T19:08:58
Doctors_2_3,0.3769230769230769,0.6163522012578616,0.3964465122559959,0.6286224026626333,AVISTA,1.0.7,2026-09-19T19:08:58
Doctors_2_3,0.3769230769230769,0.620253164556962,0.39668003991097484,0.6286224026626333,AVISTA,1.0.7,2026-09-19T19:08:58
Doctors_2_3,0.3769230769230769,0.6242038216560509,0.39780472763246105,0.6286224026626333,AVISTA,1.0.7,2026-09-19T19:08:58
Doctors_2_3,0.3730769230769231,0.6217948717948718,0.3995127681475327,0.6286224026626333,AVISTA,1.0.7,2026-09-19T19:08:58
Doctors_2_3,0.3730769230769231,0.6258064516129033,0.39968416701196685,0.6286224026626333,AVISTA,1.0.7,2026-09-19T19:08:58
Doctors_2_3,0.36923076923076925,0.6233766233766234,0.40028690818449353,0.6286224026626333,AVISTA,1.0.7,2026-09-19T19:08:58
Doctors_2_3,0.36923076923076925,0.6274509803921569,0.4015235781502817,0.6286224026626333,AVISTA,1.0.7,2026-09-19T19:08:58
Doctors_2_3,0.36538461538461536,0.625,0.40436685025615554,0.6286224026626333,AVISTA,1.0.7,2026-09-19T19:08:58
Doctors_2_3,0.36538461538461536,0.6291390728476821,0.4046628134909514,0.6286224026626333,AVISTA,1.0.7,2026-09-19T19:08:58
Doctors_2_3,0.36538461538461536,0.6333333333333333,0.4068751758112401,0.6286224026626333,AVISTA,1.0.7,2026-09-19T19:08:58
Doctors_2_3,0.36153846153846153,0.6308724832214765,0.4080710098019018,0.6286224026626333,AVISTA,1.0.7,2026-09-19T19:08:58
Doctors_2_3,0.3576923076923077,0.636986301369863,0.40962714024292696,0.6286224026626333,AVISTA,1.0.7,2026-09-19T19:08:58
Doctors_2_3,0.35,0.6319444444444444,0.4104096992487522,0.6286224026626333,AVISTA,1.0.7,2026-09-19T19:08:58
Doctors_2_3,0.35,0.6363636363636364,0.4123009773035428,0.6286224026626333,AVISTA,1.0.7,2026-09-19T19:08:58
Doctors_2_3,0.35,0.6453900709219859,0.41294536708402874,0.6286224026626333,AVISTA,1.0.7,2026-09-19T19:08:58
Doctors_2_3,0.34615384615384615,0.6428571428571429,0.4134879569441556,0.6286224026626333,AVISTA,1.0.7,2026-09-19T19:08:58
Doctors_2_3,0.3423076923076923,0.6402877697841727,0.4137396969591418,0.6286224026626333,AVISTA,1.0.7,2026-09-19T19:08:58
Doctors_2_3,0.3423076923076923,0.644927536231884,0.4139057146703546,0.6286224026626333,AVISTA,1.0.7,2026-09-19T19:08:58
Doctors_2_3,0.3423076923076923,0.6544117647058824,0.41403405992979975,0.6286224026626333,AVISTA,1.0.7,2026-09-19T19:08:58
Doctors_2_3,0.3423076923076923,0.6592592592592592,0.4149173828813942,0.6286224026626333,AVISTA,1.0.7,2026-09-19T19:08:58
Doctors_2_3,0.3384615384615385,0.6567164179104478,0.41669103313658973,0.6286224026626333,AVISTA,1.0.7,2026-09-19T19:08:58
Doctors_2_3,0.3384615384615385,0.6616541353383458,0.41700149434152317,0.6286224026626333,AVISTA,1.0.7,2026-09-19T19:08:58
Doctors_2_3,0.3346153846153846,0.6590909090909091,0.41768113545188784,0.6286224026626333,AVISTA,1.0.7,2026-09-19T19:08:58
Doctors_2_3,0.3346153846153846,0.6641221374045801,0.41813225747421057,0.6286224026626333,AVISTA,1.0.7,2026-09-19T19:08:58
Doctors_2_3,0.3346153846153846,0.6692307692307692,0.4182860673134734,0.6286224026626333,AVISTA,1.0.7,2026-09-19T19:08:58
Doctors_2_3,0.3346153846153846,0.6744186046511628,0.4185685630531617,0.6286224026626333,AVISTA,1.0.7,2026-09-19T19:08:58
Doctors_2_3,0.33076923076923076,0.671875,0.41864276631104363,0.6286224026626333,AVISTA,1.0.7,2026-09-19T19:08:58
Doctors_2_3,0.3269230769230769,0.6692913385826772,0.4199125311453279,0.6286224026626333,AVISTA,1.0.7,2026-09-19T19:08:58
Doctors_2_3,0.3230769230769231,0.6774193548387096,0.4199696789958118,0.6286224026626333,AVISTA,1.0.7,2026-09-19T19:08:58
Doctors_2_3,0.3192307692307692,0.6747967479674797,0.420222872940487,0.6286224026626333,AVISTA,1.0.7,2026-09-19T19:08:58
Doctors_2_3,0.3153846153846154,0.6721311475409836,0.42045142959825793,0.6286224026626333,AVISTA,1.0.7,2026-09-19T19:08:58
Doctors_2_3,0.31153846153846154,0.6694214876033058,0.4210029140152094,0.6286224026626333,AVISTA,1.0.7,2026-09-19T19:08:58
Doctors_2_3,0.31153846153846154,0.675,0.42179055492435913,0.6286224026626333,AVISTA,1.0.7,2026-09-19T19:08:58
Doctors_2_3,0.31153846153846154,0.680672268907563,0.42335001508662146,0.6286224026626333,AVISTA,1.0.7,2026-09-19T19:08:58
Doctors_2_3,0.31153846153846154,0.6864406779661016,0.4239359135993073,0.6286224026626333,AVISTA,1.0.7,2026-09-19T19:08:58
Doctors_2_3,0.3076923076923077,0.6837606837606838,0.42545659669336344,0.6286224026626333,AVISTA,1.0.7,2026-09-19T19:08:58
Doctors_2_3,0.3038461538461538,0.6810344827586207,0.4255794299466843,0.6286224026626333,AVISTA,1.0.7,2026-09-19T19:08:58
Doctors_2_3,0.3,0.6782608695652174,0.4268100533042134,0.6286224026626333,AVISTA,1.0.7,2026-09-19T19:08:58
Doctors_2_3,0.3,0.6842105263157895,0.4283875150086496,0.6286224026626333,AVISTA,1.0.7,2026-09-19T19:08:58
Doctors_2_3,0.3,0.6964285714285714,0.42981202233909666,0.6286224026626333,AVISTA,1.0.7,2026-09-19T19:08:58
Doctors_2_3,0.29615384615384616,0.6936936936936937,0.42987882697641383,0.6286224026626333,AVISTA,1.0.7,2026-09-19T19:08:58
Doctors_2_3,0.2923076923076923,0.6909090909090909,0.43119010823010245,0.6286224026626333,AVISTA,1.0.7,2026-09-19T19:08:58
Doctors_2_3,0.2923076923076923,0.6972477064220184,0.43119683874140435,0.6286224026626333,AVISTA,1.0.7,2026-09-19T19:08:58
Doctors_2_3,0.28846153846153844,0.7009345794392523,0.4325737685715849,0.6286224026626333,AVISTA,1.0.7,2026-09-19T19:08:58
Doctors_2_3,0.2846153846153846,0.6981132075471698,0.4326302019997352,0.6286224026626333,AVISTA,1.0.7,2026-09-19T19:08:58
Doctors_2_3,0.28076923076923077,0.6952380952380952,0.4328911700780203,0.6286224026626333,AVISTA,1.0.7,2026-09-19T19:08:58
Doctors_2_3,0.28076923076923077,0.7019230769230769,0.4329668958132755,0.6286224026626333,AVISTA,1.0.7,2026-09-19T19:08:58
Doctors_2_3,0.28076923076923077,0.7087378640776699,0.43479976742781073,0.6286224026626333,AVISTA,1.0.7,2026-09-19T19:08:58
Doctors_2_3,0.28076923076923077,0.7156862745098039,0.4359793592193837,0.6286224026626333,AVISTA,1.0.7,2026-09-19T19:08:58
Doctors_2_3,0.28076923076923077,0.7227722772277227,0.43667061284797254,0.6286224026626333,AVISTA,1.0.7,2026-09-19T19:08:58
Doctors_2_3,0.27692307692307694,0.72,0.43680315444718576,0.6286224026626333,AVISTA,1.0.7,2026-09-19T19:08:58
Doctors_2_3,0.27307692307692305,0.7171717171717171,0.4370763628316766,0.6286224026626333,AVISTA,1.0.7,2026-09-19T19:08:58
Doctors_2_3,0.27307692307692305,0.7244897959183674,0.43751548645164884,0.6286224026626333,AVISTA,1.0.7,2026-09-19T19:08:58
Doctors_2_3,0.2692307692307692,0.7216494845360825,0.43816428533909163,0.6286224026626333,AVISTA,1.0.7,2026-09-19T19:08:58
Doctors_2_3,0.2692307692307692,0.7291666666666666,0.4382849390259915,0.6286224026626333,AVISTA,1.0.7,2026-09-19T19:08:58
Doctors_2_3,0.26153846153846155,0.7311827956989247,0.4393602998785893,0.6286224026626333,AVISTA,1.0.7,2026-09-19T19:08:58
Doctors_2_3,0.25769230769230766,0.7362637362637363,0.4394785271700398,0.6286224026626333,AVISTA,1.0.7,2026-09-19T19:08:58
Doctors_2_3,0.25,0.7386363636363636,0.44150745730247754,0.6286224026626333,AVISTA,1.0.7,2026-09-19T19:08:58
Doctors_2_3,0.24615384615384617,0.735632183908046,0.44317212749150364,0.6286224026626333,AVISTA,1.0.7,2026-09-19T19:08:58
Doctors_2_3,0.24615384615384617,0.7441860465116279,0.44330484502394546,0.6286224026626333,AVISTA,1.0.7,2026-09-19T19:08:58
Doctors_2_3,0.2423076923076923,0.7411764705882353,0.44386033751093223,0.6286224026626333,AVISTA,1.0.7,2026-09-19T19:08:58
Doctors_2_3,0.2423076923076923,0.75,0.4442158703391164,0.6286224026626333,AVISTA,1.0.7,2026-09-19T19:08:58
Doctors_2_3,0.23846153846153847,0.775,0.44530109432456905,0.6286224026626333,AVISTA,1.0.7,2026-09-19T19:08:58
Doctors_2_3,0.23461538461538461,0.7721518987341772,0.44599749297645563,0.6286224026626333,AVISTA,1.0.7,2026-09-19T19:08:58
Doctors_2_3,0.23461538461538461,0.782051282051282,0.4479261670283085,0.6286224026626333,AVISTA,1.0.7,2026-09-19T19:08:58
Doctors_2_3,0.23461538461538461,0.7922077922077922,0.4485402750402925,0.6286224026626333,AVISTA,1.0.7,2026-09-19T19:08:58
Doctors_2_3,0.23076923076923078,0.7894736842105263,0.4490815052468698,0.6286224026626333,AVISTA,1.0.7,2026-09-19T19:08:58
Doctors_2_3,0.23076923076923078,0.8,0.44940976936038696,0.6286224026626333,AVISTA,1.0.7,2026-09-19T19:08:58
Doctors_2_3,0.22692307692307692,0.7972972972972973,0.4506164220412618,0.6286224026626333,AVISTA,1.0.7,2026-09-19T19:08:58
Doctors_2_3,0.2230769230769231,0.7945205479452054,0.45233573281733935,0.6286224026626333,AVISTA,1.0.7,2026-09-19T19:08:58
Doctors_2_3,0.21923076923076923,0.7916666666666666,0.45297914294679414,0.6286224026626333,AVISTA,1.0.7,2026-09-19T19:08:58
Doctors_2_3,0.2153846153846154,0.7887323943661971,0.4530109734773704,0.6286224026626333,AVISTA,1.0.7,2026-09-19T19:08:58
Doctors_2_3,0.21153846153846154,0.7857142857142857,0.4531236548865395,0.6286224026626333,AVISTA,1.0.7,2026-09-19T19:08:58
Doctors_2_3,0.2076923076923077,0.782608695652174,0.4556921330439768,0.6286224026626333,AVISTA,1.0.7,2026-09-19T19:08:58
Doctors_2_3,0.2076923076923077,0.7941176470588235,0.45658213198689557,0.6286224026626333,AVISTA,1.0.7,2026-09-19T19:08:58
Doctors_2_3,0.20384615384615384,0.7910447761194029,0.45718678256982115,0.6286224026626333,AVISTA,1.0.7,2026-09-19T19:08:58
Doctors_2_3,0.2,0.7878787878787878,0.45741350496739586,0.6286224026626333,AVISTA,1.0.7,2026-09-19T19:08:58
Doctors_2_3,0.19615384615384615,0.7846153846153846,0.4581181518855346,0.6286224026626333,AVISTA,1.0.7,2026-09-19T19:08:58
Doctors_2_3,0.19230769230769232,0.78125,0.4583292609764212,0.6286224026626333,AVISTA,1.0.7,2026-09-19T19:08:58
Doctors_2_3,0.18846153846153846,0.7777777777777778,0.4595153403765759,0.6286224026626333,AVISTA,1.0.7,2026-09-19T19:08:58
Doctors_2_3,0.18461538461538463,0.7741935483870968,0.45956810755295524,0.6286224026626333,AVISTA,1.0.7,2026-09-19T19:08:58
Doctors_2_3,0.18461538461538463,0.7868852459016393,0.4626489707733936,0.6286224026626333,AVISTA,1.0.7,2026-09-19T19:08:58
Doctors_2_3,0.18076923076923077,0.7833333333333333,0.4642958818667506,0.6286224026626333,AVISTA,1.0.7,2026-09-19T19:08:58
Doctors_2_3,0.17692307692307693,0.7796610169491526,0.4664718342018803,0.6286224026626333,AVISTA,1.0.7,2026-09-19T19:08:58
Doctors_2_3,0.16923076923076924,0.7719298245614035,0.46656205626285135,0.6286224026626333,AVISTA,1.0.7,2026-09-19T19:08:58
Doctors_2_3,0.16538461538461538,0.7678571428571429,0.46773265716863116,0.6286224026626333,AVISTA,1.0.7,2026-09-19T19:08:58
Doctors_2_3,0.16538461538461538,0.7818181818181819,0.4680602665949426,0.6286224026626333,AVISTA,1.0.7,2026-09-19T19:08:58
Doctors_2_3,0.16153846153846155,0.7924528301886793,0.4685448904173504,0.6286224026626333,AVISTA,1.0.7,2026-09-19T19:08:58
Doctors_2_3,0.16153846153846155,0.8076923076923077,0.4691532246540665,0.6286224026626333,AVISTA,1.0.7,2026-09-19T19:08:58
Doctors_2_3,0.1576923076923077,0.803921568627451,0.47331250306291034,0.6286224026626333,AVISTA,1.0.7,2026-09-19T19:08:58
Doctors_2_3,0.1576923076923077,0.82,0.4736656230293338,0.6286224026626333,AVISTA,1.0.7,2026-09-19T19:08:58
Doctors_2_3,0.1576923076923077,0.8367346938775511,0.47593368777247935,0.6286224026626333,AVISTA,1.0.7,2026-09-19T19:08:58
Doctors_2_3,0.15384615384615385,0.8333333333333334,0.47748735779822554,0.6286224026626333,AVISTA,1.0.7,2026-09-19T19:08:58
Doctors_2_3,0.15,0.8297872340425532,0.4779577427300547,0.6286224026626333,AVISTA,1.0.7,2026-09-19T19:08:58
Doctors_2_3,0.14615384615384616,0.8260869565217391,0.47922291878857615,0.6286224026626333,AVISTA,1.0.7,2026-09-19T19:08:58
Doctors_2_3,0.1423076923076923,0.8222222222222222,0.4794744792250519,0.6286224026626333,AVISTA,1.0.7,2026-09-19T19:08:58
Doctors_2_3,0.13846153846153847,0.8181818181818182,0.48321974990665584,0.6286224026626333,AVISTA,1.0.7,2026-09-19T19:08:58
Doctors_2_3,0.1346153846153846,0.813953488372093,0.48447649368167967,0.6286224026626333,AVISTA,1.0.7,2026-09-19T19:08:58
Doctors_2_3,0.13076923076923078,0.8095238095238095,0.4864041627208471,0.6286224026626333,AVISTA,1.0.7,2026-09-19T19:08:58
Doctors_2_3,0.12692307692307692,0.8048780487804879,0.48659722454581855,0.6286224026626333,AVISTA,1.0.7,2026-09-19T19:08:58
Doctors_2_3,0.12307692307692308,0.8,0.4885071042496482,0.6286224026626333,AVISTA,1.0.7,2026-09-19T19:08:58
Doctors_2_3,0.11923076923076924,0.7948717948717948,0.4894665779232842,0.6286224026626333,AVISTA,1.0.7,2026-09-19T19:08:58
Doctors_2_3,0.11923076923076924,0.8157894736842105,0.4894698587154905,0.6286224026626333,AVISTA,1.0.7,2026-09-19T19:08:58
Doctors_2_3,0.11923076923076924,0.8378378378378378,0.49149613828878574,0.6286224026626333,AVISTA,1.0.7,2026-09-19T19:08:58
Doctors_2_3,0.11153846153846154,0.8285714285714286,0.49213531104929525,0.6286224026626333,AVISTA,1.0.7,2026-09-19T19:08:58
Doctors_2_3,0.1076923076923077,0.8235294117647058,0.4932495985956135,0.6286224026626333,AVISTA,1.0.7,2026-09-19T19:08:58
Doctors_2_3,0.10384615384615385,0.8181818181818182,0.49325352141924533,0.6286224026626333,AVISTA,1.0.7,2026-09-19T19:08:58
Doctors_2_3,0.1,0.8125,0.4942304521371581,0.6286224026626333,AVISTA,1.0.7,2026-09-19T19:08:58
Doctors_2_3,0.09615384615384616,0.8064516129032258,0.4959204283669882,0.6286224026626333,AVISTA,1.0.7,2026-09-19T19:08:58
Doctors_2_3,0.09230769230769231,0.8,0.496082122889703,0.6286224026626333,AVISTA,1.0.7,2026-09-19T19:08:58
Doctors_2_3,0.08846153846153847,0.7931034482758621,0.4977148851972337,0.6286224026626333,AVISTA,1.0.7,2026-09-19T19:08:58
Doctors_2_3,0.08461538461538462,0.7857142857142857,0.4982081788004808,0.6286224026626333,AVISTA,1.0.7,2026-09-19T19:08:58
Doctors_2_3,0.08076923076923077,0.7777777777777778,0.5000856594912135,0.6286224026626333,AVISTA,1.0.7,2026-09-19T19:08:58
Doctors_2_3,0.07692307692307693,0.7692307692307693,0.5075041395577615,0.6286224026626333,AVISTA,1.0.7,2026-09-19T19:08:58
Doctors_2_3,0.07307692307692308,0.76,0.5115739372326037,0.6286224026626333,AVISTA,1.0.7,2026-09-19T19:08:58
Doctors_2_3,0.06923076923076923,0.75,0.5150749519258064,0.6286224026626333,AVISTA,1.0.7,2026-09-19T19:08:58
Doctors_2_3,0.06538461538461539,0.7391304347826086,0.518643691343715,0.6286224026626333,AVISTA,1.0.7,2026-09-19T19:08:58
Doctors_2_3,0.06538461538461539,0.7727272727272727,0.5216379859392876,0.6286224026626333,AVISTA,1.0.7,2026-09-19T19:08:58
Doctors_2_3,0.06153846153846154,0.7619047619047619,0.5224768514624655,0.6286224026626333,AVISTA,1.0.7,2026-09-19T19:08:58
Doctors_2_3,0.057692307692307696,0.75,0.523188601299443,0.6286224026626333,AVISTA,1.0.7,2026-09-19T19:08:58
Doctors_2_3,0.05384615384615385,0.7368421052631579,0.5274989467208412,0.6286224026626333,AVISTA,1.0.7,2026-09-19T19:08:58
Doctors_2_3,0.05,0.7222222222222222,0.5405056190324761,0.6286224026626333,AVISTA,1.0.7,2026-09-19T19:08:58
Doctors_2_3,0.046153846153846156,0.7058823529411765,0.5459526858980293,0.6286224026626333,AVISTA,1.0.7,2026-09-19T19:08:58
Doctors_2_3,0.04230769230769231,0.6875,0.5459623426046069,0.6286224026626333,AVISTA,1.0.7,2026-09-19T19:08:58
Doctors_2_3,0.038461538461538464,0.6666666666666666,0.5499573436148054,0.6286224026626333,AVISTA,1.0.7,2026-09-19T19:08:58
Doctors_2_3,0.03461538461538462,0.6428571428571429,0.5506048514213903,0.6286224026626333,AVISTA,1.0.7,2026-09-19T19:08:58
Doctors_2_3,0.03076923076923077,0.6153846153846154,0.5565764925348512,0.6286224026626333,AVISTA,1.0.7,2026-09-19T19:08:58
Doctors_2_3,0.026923076923076925,0.5833333333333334,0.5609089159139542,0.6286224026626333,AVISTA,1.0.7,2026-09-19T19:08:58
Doctors_2_3,0.026923076923076925,0.6363636363636364,0.5617820243477288,0.6286224026626333,AVISTA,1.0.7,2026-09-19T19:08:58
Doctors_2_3,0.026923076923076925,0.7,0.5700890800845505,0.6286224026626333,AVISTA,1.0.7,2026-09-19T19:08:58
Doctors_2_3,0.023076923076923078,0.6666666666666666,0.570501774783753,0.6286224026626333,AVISTA,1.0.7,2026-09-19T19:08:58
Doctors_2_3,0.019230769230769232,0.625,0.570543085554571,0.6286224026626333,AVISTA,1.0.7,2026-09-19T19:08:58
Doctors_2_3,0.015384615384615385,0.5714285714285714,0.5931001291240761,0.6286224026626333,AVISTA,1.0.7,2026-09-19T19:08:58
Doctors_2_3,0.015384615384615385,0.6666666666666666,0.603951523588839,0.6286224026626333,AVISTA,1.0.7,2026-09-19T19:08:58
Doctors_2_3,0.011538461538461539,0.6,0.6230901714927035,0.6286224026626333,AVISTA,1.0.7,2026-09-19T19:08:58
Doctors_2_3,0.007692307692307693,0.5,0.6344381993184278,0.6286224026626333,AVISTA,1.0.7,2026-09-19T19:08:58
Doctors_2_3,0.0038461538461538464,0.3333333333333333,0.644669782887591,0.6286224026626333,AVISTA,1.0.7,2026-09-19T19:08:58
Doctors_2_3,0.0038461538461538464,0.5,0.6477516960047063,0.6286224026626333,AVISTA,1.0.7,2026-09-19T19:08:58
Doctors_2_3,0.0,0.0,0.6937689033665333,0.6286224026626333,AVISTA,1.0.7,2026-09-19T19:08:58
Doctors_2_3,0.0,1.0,0.6937689033665333,0.6286224026626333,AVISTA,1.0.7,2026-09-19T19:08:58
Doctors_4_Plus,1.0,0.27911275415896486,0.02120562327312691,0.47647970497016934,AVISTA,1.0.7,2026-09-19T19:08:58
Doctors_4_Plus,1.0,0.2796296296296296,0.0401594440325955,0.47647970497016934,AVISTA,1.0.7,2026-09-19T19:08:58
Doctors_4_Plus,1.0,0.28014842300556586,0.04499616209244076,0.47647970497016934,AVISTA,1.0.7,2026-09-19T19:08:58
Doctors_4_Plus,1.0,0.28066914498141265,0.05743427384691385,0.47647970497016934,AVISTA,1.0.7,2026-09-19T19:08:58
Doctors_4_Plus,1.0,0.2811918063314711,0.06156146723656369,0.47647970497016934,AVISTA,1.0.7,2026-09-19T19:08:58
Doctors_4_Plus,1.0,0.28171641791044777,0.06466914314563256,0.47647970497016934,AVISTA,1.0.7,2026-09-19T19:08:58
Doctors_4_Plus,1.0,0.2822429906542056,0.06820407489548182,0.47647970497016934,AVISTA,1.0.7,2026-09-19T19:08:58
Doctors_4_Plus,1.0,0.28277153558052437,0.07020879979116622,0.47647970497016934,AVISTA,1.0.7,2026-09-19T19:08:58
Doctors_4_Plus,1.0,0.28330206378986866,0.07393137053992038,0.47647970497016934,AVISTA,1.0.7,2026-09-19T19:08:58
Doctors_4_Plus,1.0,0.28383458646616544,0.07687438340869573,0.47647970497016934,AVISTA,1.0.7,2026-09-19T19:08:58
Doctors_4_Plus,1.0,0.2843691148775895,0.07764347287748154,0.47647970497016934,AVISTA,1.0.7,2026-09-19T19:08:58
Doctors_4_Plus,1.0,0.2849056603773585,0.09241154288007455,0.47647970497016934,AVISTA,1.0.7,2026-09-19T19:08:58
Doctors_4_Plus,1.0,0.28544423440453687,0.09296068051661088,0.47647970497016934,AVISTA,1.0.7,2026-09-19T19:08:58
Doctors_4_Plus,1.0,0.2859848484848485,0.09330595572151584,0.47647970497016934,AVISTA,1.0.7,2026-09-19T19:08:58
Doctors_4_Plus,1.0,0.286527514231499,0.09358374389172812,0.47647970497016934,AVISTA,1.0.7,2026-09-19T19:08:58
Doctors_4_Plus,1.0,0.2870722433460076,0.09395728854072342,0.47647970497016934,AVISTA,1.0.7,2026-09-19T19:08:58
Doctors_4_Plus,1.0,0.2876190476190476,0.0965489434738373,0.47647970497016934,AVISTA,1.0.7,2026-09-19T19:08:58
Doctors_4_Plus,1.0,0.2881679389312977,0.09701128740719392,0.47647970497016934,AVISTA,1.0.7,2026-09-19T19:08:58
Doctors_4_Plus,1.0,0.2887189292543021,0.09958600343870042,0.47647970497016934,AVISTA,1.0.7,2026-09-19T19:08:58
Doctors_4_Plus,1.0,0.289272030651341,0.1012196081981481,0.47647970497016934,AVISTA,1.0.7,2026-09-19T19:08:58
Doctors_4_Plus,1.0,0.28982725527831094,0.10208881079258655,0.47647970497016934,AVISTA,1.0.7,2026-09-19T19:08:58
Doctors_4_Plus,1.0,0.2903846153846154,0.10803245278936009,0.47647970497016934,AVISTA,1.0.7,2026-09-19T19:08:58
Doctors_4_Plus,1.0,0.2909441233140655,0.10813474328516438,0.47647970497016934,AVISTA,1.0.7,2026-09-19T19:08:58
Doctors_4_Plus,0.9933774834437086,0.28957528957528955,0.11200760007560254,0.47647970497016934,AVISTA,1.0.7,2026-09-19T19:08:58
Doctors_4_Plus,0.9933774834437086,0.2901353965183752,0.1163872418453497,0.47647970497016934,AVISTA,1.0.7,2026-09-19T19:08:58
Doctors_4_Plus,0.9933774834437086,0.29069767441860467,0.11652095072452848,0.47647970497016934,AVISTA,1.0.7,2026-09-19T19:08:58
Doctors_4_Plus,0.9867549668874173,0.28932038834951457,0.118169885129029,0.47647970497016934,AVISTA,1.0.7,2026-09-19T19:08:58
Doctors_4_Plus,0.9801324503311258,0.28793774319066145,0.11874417411722318,0.47647970497016934,AVISTA,1.0.7,2026-09-19T19:08:58
Doctors_4_Plus,0.9801324503311258,0.2884990253411306,0.11885890877208923,0.47647970497016934,AVISTA,1.0.7,2026-09-19T19:08:58
Doctors_4_Plus,0.9801324503311258,0.2890625,0.1194198950185299,0.47647970497016934,AVISTA,1.0.7,2026-09-19T19:08:58
Doctors_4_Plus,0.9801324503311258,0.2896281800391389,0.12013880065446646,0.47647970497016934,AVISTA,1.0.7,2026-09-19T19:08:58
Doctors_4_Plus,0.9801324503311258,0.2901960784313726,0.1206740801041633,0.47647970497016934,AVISTA,1.0.7,2026-09-19T19:08:58
Doctors_4_Plus,0.9801324503311258,0.2907662082514735,0.12219760683888573,0.47647970497016934,AVISTA,1.0.7,2026-09-19T19:08:58
Doctors_4_Plus,0.9801324503311258,0.29133858267716534,0.12280900780573885,0.47647970497016934,AVISTA,1.0.7,2026-09-19T19:08:58
Doctors_4_Plus,0.9801324503311258,0.29191321499013806,0.12333830142671717,0.47647970497016934,AVISTA,1.0.7,2026-09-19T19:08:58
Doctors_4_Plus,0.9801324503311258,0.2924901185770751,0.12350243065884581,0.47647970497016934,AVISTA,1.0.7,2026-09-19T19:08:58
Doctors_4_Plus,0.9801324503311258,0.29306930693069305,0.12365782432994164,0.47647970497016934,AVISTA,1.0.7,2026-09-19T19:08:58
Doctors_4_Plus,0.9735099337748344,0.2916666666666667,0.1257400177594859,0.47647970497016934,AVISTA,1.0.7,2026-09-19T19:08:58
Doctors_4_Plus,0.9735099337748344,0.2922465208747515,0.12642711913797386,0.47647970497016934,AVISTA,1.0.7,2026-09-19T19:08:58
Doctors_4_Plus,0.9735099337748344,0.29282868525896416,0.12650515644425409,0.47647970497016934,AVISTA,1.0.7,2026-09-19T19:08:58
Doctors_4_Plus,0.9735099337748344,0.2934131736526946,0.12802505391676236,0.47647970497016934,AVISTA,1.0.7,2026-09-19T19:08:58
Doctors_4_Plus,0.9735099337748344,0.294,0.1280953773509564,0.47647970497016934,AVISTA,1.0.7,2026-09-19T19:08:58
Doctors_4_Plus,0.9735099337748344,0.29458917835671344,0.13154642560750535,0.47647970497016934,AVISTA,1.0.7,2026-09-19T19:08:58
Doctors_4_Plus,0.9735099337748344,0.29518072289156627,0.13214013841762443,0.47647970497016934,AVISTA,1.0.7,2026-09-19T19:08:58
Doctors_4_Plus,0.9735099337748344,0.29577464788732394,0.13299663694847552,0.47647970497016934,AVISTA,1.0.7,2026-09-19T19:08:58
Doctors_4_Plus,0.9735099337748344,0.2963709677419355,0.13354093208485715,0.47647970497016934,AVISTA,1.0.7,2026-09-19T19:08:58
Doctors_4_Plus,0.9735099337748344,0.296969696969697,0.13463607338448583,0.47647970497016934,AVISTA,1.0.7,2026-09-19T19:08:58
Doctors_4_Plus,0.9735099337748344,0.2975708502024291,0.13576292417961044,0.47647970497016934,AVISTA,1.0.7,2026-09-19T19:08:58
Doctors_4_Plus,0.9735099337748344,0.29817444219066935,0.1364918442673185,0.47647970497016934,AVISTA,1.0.7,2026-09-19T19:08:58
Doctors_4_Plus,0.9735099337748344,0.29878048780487804,0.1372072501659337,0.47647970497016934,AVISTA,1.0.7,2026-09-19T19:08:58
Doctors_4_Plus,0.9735099337748344,0.3,0.14073009269132358,0.47647970497016934,AVISTA,1.0.7,2026-09-19T19:08:58
Doctors_4_Plus,0.9735099337748344,0.3006134969325153,0.14082897177094164,0.47647970497016934,AVISTA,1.0.7,2026-09-19T19:08:58
Doctors_4_Plus,0.9735099337748344,0.3012295081967213,0.14159970012690917,0.47647970497016934,AVISTA,1.0.7,2026-09-19T19:08:58
Doctors_4_Plus,0.9735099337748344,0.30184804928131415,0.14351740081900544,0.47647970497016934,AVISTA,1.0.7,2026-09-19T19:08:58
Doctors_4_Plus,0.9735099337748344,0.30246913580246915,0.14516055945760473,0.47647970497016934,AVISTA,1.0.7,2026-09-19T19:08:58
Doctors_4_Plus,0.9735099337748344,0.3030927835051546,0.14683893740914503,0.47647970497016934,AVISTA,1.0.7,2026-09-19T19:08:58
Doctors_4_Plus,0.9735099337748344,0.3037190082644628,0.1473272103919707,0.47647970497016934,AVISTA,1.0.7,2026-09-19T19:08:58
Doctors_4_Plus,0.9735099337748344,0.30434782608695654,0.14743969065433746,0.47647970497016934,AVISTA,1.0.7,2026-09-19T19:08:58
Doctors_4_Plus,0.9668874172185431,0.3029045643153527,0.14845042641608622,0.47647970497016934,AVISTA,1.0.7,2026-09-19T19:08:58
Doctors_4_Plus,0.9668874172185431,0.30353430353430355,0.14885122233170756,0.47647970497016934,AVISTA,1.0.7,2026-09-19T19:08:58
Doctors_4_Plus,0.9668874172185431,0.30416666666666664,0.14895681402405458,0.47647970497016934,AVISTA,1.0.7,2026-09-19T19:08:58
Doctors_4_Plus,0.9668874172185431,0.3048016701461378,0.1489840627202445,0.47647970497016934,AVISTA,1.0.7,2026-09-19T19:08:58
Doctors_4_Plus,0.9668874172185431,0.3054393305439331,0.14906131070998224,0.47647970497016934,AVISTA,1.0.7,2026-09-19T19:08:58
Doctors_4_Plus,0.9668874172185431,0.3060796645702306,0.14959102312619624,0.47647970497016934,AVISTA,1.0.7,2026-09-19T19:08:58
Doctors_4_Plus,0.9668874172185431,0.3067226890756303,0.15163239315189264,0.47647970497016934,AVISTA,1.0.7,2026-09-19T19:08:58
Doctors_4_Plus,0.9668874172185431,0.30736842105263157,0.15187076556148382,0.47647970497016934,AVISTA,1.0.7,2026-09-19T19:08:58
Doctors_4_Plus,0.9668874172185431,0.3080168776371308,0.1519991465989272,0.47647970497016934,AVISTA,1.0.7,2026-09-19T19:08:58
Doctors_4_Plus,0.9668874172185431,0.3086680761099366,0.15232869199242235,0.47647970497016934,AVISTA,1.0.7,2026-09-19T19:08:58
Doctors_4_Plus,0.9602649006622517,0.3072033898305085,0.15371544826128228,0.47647970497016934,AVISTA,1.0.7,2026-09-19T19:08:58
Doctors_4_Plus,0.9602649006622517,0.3078556263269639,0.15458762474706764,0.47647970497016934,AVISTA,1.0.7,2026-09-19T19:08:58
Doctors_4_Plus,0.9602649006622517,0.30851063829787234,0.1547167054815043,0.47647970497016934,AVISTA,1.0.7,2026-09-19T19:08:58
Doctors_4_Plus,0.9602649006622517,0.3091684434968017,0.1556077098547843,0.47647970497016934,AVISTA,1.0.7,2026-09-19T19:08:58
Doctors_4_Plus,0.9602649006622517,0.30982905982905984,0.1577681910774119,0.47647970497016934,AVISTA,1.0.7,2026-09-19T19:08:58
Doctors_4_Plus,0.9602649006622517,0.31049250535331907,0.16057410998533,0.47647970497016934,AVISTA,1.0.7,2026-09-19T19:08:58
Doctors_4_Plus,0.9602649006622517,0.3111587982832618,0.16087507806618354,0.47647970497016934,AVISTA,1.0.7,2026-09-19T19:08:58
Doctors_4_Plus,0.9602649006622517,0.3118279569892473,0.16129050056655286,0.47647970497016934,AVISTA,1.0.7,2026-09-19T19:08:58
Doctors_4_Plus,0.9602649006622517,0.3125,0.16215248470603635,0.47647970497016934,AVISTA,1.0.7,2026-09-19T19:08:58
Doctors_4_Plus,0.9602649006622517,0.31317494600431967,0.16220226990821932,0.47647970497016934,AVISTA,1.0.7,2026-09-19T19:08:58
Doctors_4_Plus,0.9602649006622517,0.31385281385281383,0.16269202455815188,0.47647970497016934,AVISTA,1.0.7,2026-09-19T19:08:58
Doctors_4_Plus,0.9602649006622517,0.31453362255965295,0.16396064460951565,0.47647970497016934,AVISTA,1.0.7,2026-09-19T19:08:58
Doctors_4_Plus,0.9602649006622517,0.31521739130434784,0.16578110007987792,0.47647970497016934,AVISTA,1.0.7,2026-09-19T19:08:58
Doctors_4_Plus,0.9602649006622517,0.3159041394335512,0.16814217722674155,0.47647970497016934,AVISTA,1.0.7,2026-09-19T19:08:58
Doctors_4_Plus,0.9602649006622517,0.3165938864628821,0.16817754634290918,0.47647970497016934,AVISTA,1.0.7,2026-09-19T19:08:58
Doctors_4_Plus,0.9602649006622517,0.3172866520787746,0.16949591123419303,0.47647970497016934,AVISTA,1.0.7,2026-09-19T19:08:58
Doctors_4_Plus,0.9602649006622517,0.31798245614035087,0.17026228732632698,0.47647970497016934,AVISTA,1.0.7,2026-09-19T19:08:58
Doctors_4_Plus,0.9602649006622517,0.31868131868131866,0.17033806733775064,0.47647970497016934,AVISTA,1.0.7,2026-09-19T19:08:58
Doctors_4_Plus,0.9602649006622517,0.31938325991189426,0.17073725257439198,0.47647970497016934,AVISTA,1.0.7,2026-09-19T19:08:58
Doctors_4_Plus,0.9602649006622517,0.3200883002207506,0.17242098101518064,0.47647970497016934,AVISTA,1.0.7,2026-09-19T19:08:58
Doctors_4_Plus,0.9602649006622517,0.32079646017699115,0.17324143472866443,0.47647970497016934,AVISTA,1.0.7,2026-09-19T19:08:58
Doctors_4_Plus,0.9602649006622517,0.3215077605321508,0.17434283739966985,0.47647970497016934,AVISTA,1.0.7,2026-09-19T19:08:58
Doctors_4_Plus,0.9602649006622517,0.32222222222222224,0.17460565552025584,0.47647970497016934,AVISTA,1.0.7,2026-09-19T19:08:58
Doctors_4_Plus,0.9536423841059603,0.3207126948775056,0.17515524931638238,0.47647970497016934,AVISTA,1.0.7,2026-09-19T19:08:58
Doctors_4_Plus,0.9470198675496688,0.31919642857142855,0.1762500246047675,0.47647970497016934,AVISTA,1.0.7,2026-09-19T19:08:58
Doctors_4_Plus,0.9403973509933775,0.31767337807606266,0.1771614724262634,0.47647970497016934,AVISTA,1.0.7,2026-09-19T19:08:58
Doctors_4_Plus,0.9403973509933775,0.3183856502242152,0.17754561953197143,0.47647970497016934,AVISTA,1.0.7,2026-09-19T19:08:58
Doctors_4_Plus,0.9403973509933775,0.31910112359550563,0.17799091619754337,0.47647970497016934,AVISTA,1.0.7,2026-09-19T19:08:58
Doctors_4_Plus,0.9403973509933775,0.31981981981981983,0.17837771995227747,0.47647970497016934,AVISTA,1.0.7,2026-09-19T19:08:58
Doctors_4_Plus,0.9337748344370861,0.3182844243792325,0.17909201042838147,0.47647970497016934,AVISTA,1.0.7,2026-09-19T19:08:58
Doctors_4_Plus,0.9337748344370861,0.3190045248868778,0.18012207973043445,0.47647970497016934,AVISTA,1.0.7,2026-09-19T19:08:58
Doctors_4_Plus,0.9337748344370861,0.3197278911564626,0.1811307979057278,0.47647970497016934,AVISTA,1.0.7,2026-09-19T19:08:58
Doctors_4_Plus,0.9337748344370861,0.32045454545454544,0.1827665235641749,0.47647970497016934,AVISTA,1.0.7,2026-09-19T19:08:58
Doctors_4_Plus,0.9337748344370861,0.3211845102505695,0.18661312939546837,0.47647970497016934,AVISTA,1.0.7,2026-09-19T19:08:58
Doctors_4_Plus,0.9337748344370861,0.3219178082191781,0.18962609007368014,0.47647970497016934,AVISTA,1.0.7,2026-09-19T19:08:58
Doctors_4_Plus,0.9337748344370861,0.32265446224256294,0.1903013668330815,0.47647970497016934,AVISTA,1.0.7,2026-09-19T19:08:58
Doctors_4_Plus,0.9337748344370861,0.32339449541284404,0.1930114405039323,0.47647970497016934,AVISTA,1.0.7,2026-09-19T19:08:58
Doctors_4_Plus,0.9337748344370861,0.32413793103448274,0.19402646912215132,0.47647970497016934,AVISTA,1.0.7,2026-09-19T19:08:58
Doctors_4_Plus,0.9337748344370861,0.3248847926267281,0.19492398435969774,0.47647970497016934,AVISTA,1.0.7,2026-09-19T19:08:58
Doctors_4_Plus,0.9337748344370861,0.325635103926097,0.19606852882147388,0.47647970497016934,AVISTA,1.0.7,2026-09-19T19:08:58
Doctors_4_Plus,0.9337748344370861,0.3263888888888889,0.1986670290552593,0.47647970497016934,AVISTA,1.0.7,2026-09-19T19:08:58
Doctors_4_Plus,0.9337748344370861,0.3271461716937355,0.1995367942507029,0.47647970497016934,AVISTA,1.0.7,2026-09-19T19:08:58
Doctors_4_Plus,0.9337748344370861,0.32790697674418606,0.19957286190656223,0.47647970497016934,AVISTA,1.0.7,2026-09-19T19:08:58
Doctors_4_Plus,0.9337748344370861,0.32867132867132864,0.1998265248275693,0.47647970497016934,AVISTA,1.0.7,2026-09-19T19:08:58
Doctors_4_Plus,0.9337748344370861,0.3294392523364486,0.1998823466882463,0.47647970497016934,AVISTA,1.0.7,2026-09-19T19:08:58
Doctors_4_Plus,0.9337748344370861,0.33021077283372363,0.20045732867593302,0.47647970497016934,AVISTA,1.0.7,2026-09-19T19:08:58
Doctors_4_Plus,0.9271523178807947,0.3286384976525822,0.20064358132716864,0.47647970497016934,AVISTA,1.0.7,2026-09-19T19:08:58
Doctors_4_Plus,0.9271523178807947,0.32941176470588235,0.20081227845050423,0.47647970497016934,AVISTA,1.0.7,2026-09-19T19:08:58
Doctors_4_Plus,0.9271523178807947,0.330188679245283,0.20138157411960222,0.47647970497016934,AVISTA,1.0.7,2026-09-19T19:08:58
Doctors_4_Plus,0.9271523178807947,0.3309692671394799,0.2028499590709476,0.47647970497016934,AVISTA,1.0.7,2026-09-19T19:08:58
Doctors_4_Plus,0.9205298013245033,0.3293838862559242,0.2036181805078083,0.47647970497016934,AVISTA,1.0.7,2026-09-19T19:08:58
Doctors_4_Plus,0.9205298013245033,0.33016627078384797,0.2039756314603169,0.47647970497016934,AVISTA,1.0.7,2026-09-19T19:08:58
Doctors_4_Plus,0.9205298013245033,0.33095238095238094,0.20506545387245284,0.47647970497016934,AVISTA,1.0.7,2026-09-19T19:08:58
Doctors_4_Plus,0.9205298013245033,0.3317422434367542,0.20647589134783598,0.47647970497016934,AVISTA,1.0.7,2026-09-19T19:08:58
Doctors_4_Plus,0.9139072847682119,0.33014354066985646,0.2074239098608611,0.47647970497016934,AVISTA,1.0.7,2026-09-19T19:08:58
Doctors_4_Plus,0.9072847682119205,0.328537170263789,0.20785828375240328,0.47647970497016934,AVISTA,1.0.7,2026-09-19T19:08:58
Doctors_4_Plus,0.9072847682119205,0.3293269230769231,0.21355471111353902,0.47647970497016934,AVISTA,1.0.7,2026-09-19T19:08:58
Doctors_4_Plus,0.9072847682119205,0.3301204819277108,0.21400143672480104,0.47647970497016934,AVISTA,1.0.7,2026-09-19T19:08:58
Doctors_4_Plus,0.9006622516556292,0.3285024154589372,0.2163820892133122,0.47647970497016934,AVISTA,1.0.7,2026-09-19T19:08:58
Doctors_4_Plus,0.8940397350993378,0.3268765133171913,0.21673534490041513,0.47647970497016934,AVISTA,1.0.7,2026-09-19T19:08:58
Doctors_4_Plus,0.8940397350993378,0.3276699029126214,0.2171914667006335,0.47647970497016934,AVISTA,1.0.7,2026-09-19T19:08:58
Doctors_4_Plus,0.8940397350993378,0.3284671532846715,0.21753299247198996,0.47647970497016934,AVISTA,1.0.7,2026-09-19T19:08:58
Doctors_4_Plus,0.8940397350993378,0.32926829268292684,0.217853905615145,0.47647970497016934,AVISTA,1.0.7,2026-09-19T19:08:58
Doctors_4_Plus,0.8940397350993378,0.33007334963325186,0.21906611743454601,0.47647970497016934,AVISTA,1.0.7,2026-09-19T19:08:58
Doctors_4_Plus,0.8940397350993378,0.33088235294117646,0.21909193874545174,0.47647970497016934,AVISTA,1.0.7,2026-09-19T19:08:58
Doctors_4_Plus,0.8940397350993378,0.3316953316953317,0.21956819413834278,0.47647970497016934,AVISTA,1.0.7,2026-09-19T19:08:58
Doctors_4_Plus,0.8940397350993378,0.33251231527093594,0.22126436161282506,0.47647970497016934,AVISTA,1.0.7,2026-09-19T19:08:58
Doctors_4_Plus,0.8874172185430463,0.3308641975308642,0.22253302316624463,0.47647970497016934,AVISTA,1.0.7,2026-09-19T19:08:58
Doctors_4_Plus,0.8874172185430463,0.3316831683168317,0.222767805972388,0.47647970497016934,AVISTA,1.0.7,2026-09-19T19:08:58
Doctors_4_Plus,0.8874172185430463,0.3325062034739454,0.22349838546100081,0.47647970497016934,AVISTA,1.0.7,2026-09-19T19:08:58
Doctors_4_Plus,0.8874172185430463,0.3333333333333333,0.2244105187546212,0.47647970497016934,AVISTA,1.0.7,2026-09-19T19:08:58
Doctors_4_Plus,0.8874172185430463,0.3341645885286783,0.22477044369795798,0.47647970497016934,AVISTA,1.0.7,2026-09-19T19:08:58
Doctors_4_Plus,0.8874172185430463,0.335,0.2255043344530281,0.47647970497016934,AVISTA,1.0.7,2026-09-19T19:08:58
Doctors_4_Plus,0.8874172185430463,0.3358395989974937,0.22910861472169186,0.47647970497016934,AVISTA,1.0.7,2026-09-19T19:08:58
Doctors_4_Plus,0.8874172185430463,0.33753148614609574,0.2304639226599436,0.47647970497016934,AVISTA,1.0.7,2026-09-19T19:08:58
Doctors_4_Plus,0.8874172185430463,0.3383838383838384,0.23112349276561708,0.47647970497016934,AVISTA,1.0.7,2026-09-19T19:08:58
Doctors_4_Plus,0.8874172185430463,0.3392405063291139,0.2315760012980369,0.47647970497016934,AVISTA,1.0.7,2026-09-19T19:08:58
Doctors_4_Plus,0.8807947019867549,0.33756345177664976,0.23248448271791353,0.47647970497016934,AVISTA,1.0.7,2026-09-19T19:08:58
Doctors_4_Plus,0.8807947019867549,0.3384223918575064,0.23294828461844908,0.47647970497016934,AVISTA,1.0.7,2026-09-19T19:08:58
Doctors_4_Plus,0.8741721854304636,0.336734693877551,0.2346972005861042,0.47647970497016934,AVISTA,1.0.7,2026-09-19T19:08:58
Doctors_4_Plus,0.8741721854304636,0.3375959079283887,0.23586689205216493,0.47647970497016934,AVISTA,1.0.7,2026-09-19T19:08:58
Doctors_4_Plus,0.8741721854304636,0.3384615384615385,0.23609747742378268,0.47647970497016934,AVISTA,1.0.7,2026-09-19T19:08:58
Doctors_4_Plus,0.8741721854304636,0.3402061855670103,0.23652046475520516,0.47647970497016934,AVISTA,1.0.7,2026-09-19T19:08:58
Doctors_4_Plus,0.8741721854304636,0.34108527131782945,0.23697461857339633,0.47647970497016934,AVISTA,1.0.7,2026-09-19T19:08:58
Doctors_4_Plus,0.8741721854304636,0.34196891191709844,0.2371891884068836,0.47647970497016934,AVISTA,1.0.7,2026-09-19T19:08:58
Doctors_4_Plus,0.8675496688741722,0.3411458333333333,0.23722695299080704,0.47647970497016934,AVISTA,1.0.7,2026-09-19T19:08:58
Doctors_4_Plus,0.8675496688741722,0.34203655352480417,0.2378264616080712,0.47647970497016934,AVISTA,1.0.7,2026-09-19T19:08:58
Doctors_4_Plus,0.8609271523178808,0.34300791556728233,0.2388307795513427,0.47647970497016934,AVISTA,1.0.7,2026-09-19T19:08:58
Doctors_4_Plus,0.8609271523178808,0.3439153439153439,0.23912945275337802,0.47647970497016934,AVISTA,1.0.7,2026-09-19T19:08:58
Doctors_4_Plus,0.8609271523178808,0.3448275862068966,0.23976922041053023,0.47647970497016934,AVISTA,1.0.7,2026-09-19T19:08:58
Doctors_4_Plus,0.8609271523178808,0.34574468085106386,0.24010243693728558,0.47647970497016934,AVISTA,1.0.7,2026-09-19T19:08:58
Doctors_4_Plus,0.8609271523178808,0.3466666666666667,0.240831208807437,0.47647970497016934,AVISTA,1.0.7,2026-09-19T19:08:58
Doctors_4_Plus,0.8609271523178808,0.34759358288770054,0.24125549826625536,0.47647970497016934,AVISTA,1.0.7,2026-09-19T19:08:58
Doctors_4_Plus,0.8609271523178808,0.3485254691689008,0.2459440884575254,0.47647970497016934,AVISTA,1.0.7,2026-09-19T19:08:58
Doctors_4_Plus,0.8609271523178808,0.34946236559139787,0.24664538057700422,0.47647970497016934,AVISTA,1.0.7,2026-09-19T19:08:58
Doctors_4_Plus,0.8609271523178808,0.3504043126684636,0.2468805363846943,0.47647970497016934,AVISTA,1.0.7,2026-09-19T19:08:58
Doctors_4_Plus,0.8609271523178808,0.35135135135135137,0.2483453315578665,0.47647970497016934,AVISTA,1.0.7,2026-09-19T19:08:58
Doctors_4_Plus,0.8543046357615894,0.35149863760217986,0.2492376893350819,0.47647970497016934,AVISTA,1.0.7,2026-09-19T19:08:58
Doctors_4_Plus,0.8543046357615894,0.35342465753424657,0.24945127530878716,0.47647970497016934,AVISTA,1.0.7,2026-09-19T19:08:58
Doctors_4_Plus,0.8543046357615894,0.3543956043956044,0.24955642879711515,0.47647970497016934,AVISTA,1.0.7,2026-09-19T19:08:58
Doctors_4_Plus,0.8543046357615894,0.35833333333333334,0.25004135271920036,0.47647970497016934,AVISTA,1.0.7,2026-09-19T19:08:58
Doctors_4_Plus,0.8543046357615894,0.3593314763231198,0.2509334839825608,0.47647970497016934,AVISTA,1.0.7,2026-09-19T19:08:58
Doctors_4_Plus,0.8543046357615894,0.36033519553072624,0.2511568836671784,0.47647970497016934,AVISTA,1.0.7,2026-09-19T19:08:58
Doctors_4_Plus,0.8543046357615894,0.36134453781512604,0.25179110249861375,0.47647970497016934,AVISTA,1.0.7,2026-09-19T19:08:58
Doctors_4_Plus,0.8543046357615894,0.36235955056179775,0.2520063055635236,0.47647970497016934,AVISTA,1.0.7,2026-09-19T19:08:58
Doctors_4_Plus,0.8543046357615894,0.36338028169014086,0.2529498261766079,0.47647970497016934,AVISTA,1.0.7,2026-09-19T19:08:58
Doctors_4_Plus,0.8543046357615894,0.3644067796610169,0.25389794381048914,0.47647970497016934,AVISTA,1.0.7,2026-09-19T19:08:58
Doctors_4_Plus,0.8344370860927153,0.36,0.2544805990790512,0.47647970497016934,AVISTA,1.0.7,2026-09-19T19:08:58
Doctors_4_Plus,0.8344370860927153,0.36103151862464183,0.25483850501506505,0.47647970497016934,AVISTA,1.0.7,2026-09-19T19:08:58
Doctors_4_Plus,0.8344370860927153,0.3631123919308357,0.2555779901719271,0.47647970497016934,AVISTA,1.0.7,2026-09-19T19:08:58
Doctors_4_Plus,0.8344370860927153,0.36416184971098264,0.25641416046673227,0.47647970497016934,AVISTA,1.0.7,2026-09-19T19:08:58
Doctors_4_Plus,0.8344370860927153,0.36627906976744184,0.2565802813959477,0.47647970497016934,AVISTA,1.0.7,2026-09-19T19:08:58
Doctors_4_Plus,0.8344370860927153,0.3673469387755102,0.2577395182474622,0.47647970497016934,AVISTA,1.0.7,2026-09-19T19:08:58
Doctors_4_Plus,0.8344370860927153,0.37058823529411766,0.2589216882390221,0.47647970497016934,AVISTA,1.0.7,2026-09-19T19:08:58
Doctors_4_Plus,0.8344370860927153,0.37168141592920356,0.25901970892895787,0.47647970497016934,AVISTA,1.0.7,2026-09-19T19:08:58
Doctors_4_Plus,0.8278145695364238,0.3698224852071006,0.25952043690495963,0.47647970497016934,AVISTA,1.0.7,2026-09-19T19:08:58
Doctors_4_Plus,0.8278145695364238,0.37091988130563797,0.2598155959518726,0.47647970497016934,AVISTA,1.0.7,2026-09-19T19:08:58
Doctors_4_Plus,0.8278145695364238,0.37425149700598803,0.2612663986098905,0.47647970497016934,AVISTA,1.0.7,2026-09-19T19:08:58
Doctors_4_Plus,0.8278145695364238,0.37537537537537535,0.2623239722407977,0.47647970497016934,AVISTA,1.0.7,2026-09-19T19:08:58
Doctors_4_Plus,0.8278145695364238,0.37650602409638556,0.2641697578057286,0.47647970497016934,AVISTA,1.0.7,2026-09-19T19:08:58
Doctors_4_Plus,0.8278145695364238,0.3776435045317221,0.2647459275636522,0.47647970497016934,AVISTA,1.0.7,2026-09-19T19:08:58
Doctors_4_Plus,0.8278145695364238,0.3787878787878788,0.2648964661105156,0.47647970497016934,AVISTA,1.0.7,2026-09-19T19:08:58
Doctors_4_Plus,0.8278145695364238,0.3799392097264438,0.26500923688839484,0.47647970497016934,AVISTA,1.0.7,2026-09-19T19:08:58
Doctors_4_Plus,0.8211920529801324,0.3780487804878049,0.26548349198421944,0.47647970497016934,AVISTA,1.0.7,2026-09-19T19:08:58
Doctors_4_Plus,0.8211920529801324,0.38153846153846155,0.26604343725072654,0.47647970497016934,AVISTA,1.0.7,2026-09-19T19:08:58
Doctors_4_Plus,0.8211920529801324,0.38271604938271603,0.26604598092067994,0.47647970497016934,AVISTA,1.0.7,2026-09-19T19:08:58
Doctors_4_Plus,0.8211920529801324,0.38390092879256965,0.26642608209469126,0.47647970497016934,AVISTA,1.0.7,2026-09-19T19:08:58
Doctors_4_Plus,0.8211920529801324,0.38509316770186336,0.266628054225473,0.47647970497016934,AVISTA,1.0.7,2026-09-19T19:08:58
Doctors_4_Plus,0.8211920529801324,0.3862928348909657,0.2670647891942698,0.47647970497016934,AVISTA,1.0.7,2026-09-19T19:08:58
Doctors_4_Plus,0.8211920529801324,0.3875,0.26730838757266884,0.47647970497016934,AVISTA,1.0.7,2026-09-19T19:08:58
Doctors_4_Plus,0.8145695364238411,0.38557993730407525,0.26805172760698076,0.47647970497016934,AVISTA,1.0.7,2026-09-19T19:08:58
Doctors_4_Plus,0.8145695364238411,0.3867924528301887,0.27022495955422676,0.47647970497016934,AVISTA,1.0.7,2026-09-19T19:08:58
Doctors_4_Plus,0.8079470198675497,0.38485804416403785,0.2705094307841246,0.47647970497016934,AVISTA,1.0.7,2026-09-19T19:08:58
Doctors_4_Plus,0.8079470198675497,0.3860759493670886,0.2722609051009055,0.47647970497016934,AVISTA,1.0.7,2026-09-19T19:08:58
Doctors_4_Plus,0.8079470198675497,0.3873015873015873,0.27231948738842804,0.47647970497016934,AVISTA,1.0.7,2026-09-19T19:08:58
Doctors_4_Plus,0.8013245033112583,0.3853503184713376,0.2724304434232423,0.47647970497016934,AVISTA,1.0.7,2026-09-19T19:08:58
Doctors_4_Plus,0.8013245033112583,0.3865814696485623,0.27323782610786157,0.47647970497016934,AVISTA,1.0.7,2026-09-19T19:08:58
Doctors_4_Plus,0.7947019867549668,0.38461538461538464,0.2736411934580178,0.47647970497016934,AVISTA,1.0.7,2026-09-19T19:08:58
Doctors_4_Plus,0.7880794701986755,0.3851132686084142,0.2748108606718994,0.47647970497016934,AVISTA,1.0.7,2026-09-19T19:08:58
Doctors_4_Plus,0.7880794701986755,0.38636363636363635,0.2751703819175402,0.47647970497016934,AVISTA,1.0.7,2026-09-19T19:08:58
Doctors_4_Plus,0.7880794701986755,0.38762214983713356,0.2764271511918233,0.47647970497016934,AVISTA,1.0.7,2026-09-19T19:08:58
Doctors_4_Plus,0.7880794701986755,0.3888888888888889,0.2789353680253297,0.47647970497016934,AVISTA,1.0.7,2026-09-19T19:08:58
Doctors_4_Plus,0.7880794701986755,0.3901639344262295,0.2810586357773213,0.47647970497016934,AVISTA,1.0.7,2026-09-19T19:08:58
Doctors_4_Plus,0.7880794701986755,0.3927392739273927,0.2816672336305685,0.47647970497016934,AVISTA,1.0.7,2026-09-19T19:08:58
Doctors_4_Plus,0.7880794701986755,0.39403973509933776,0.2819352436025505,0.47647970497016934,AVISTA,1.0.7,2026-09-19T19:08:58
Doctors_4_Plus,0.7880794701986755,0.3953488372093023,0.28195127810595255,0.47647970497016934,AVISTA,1.0.7,2026-09-19T19:08:58
Doctors_4_Plus,0.7880794701986755,0.39666666666666667,0.28201019807344574,0.47647970497016934,AVISTA,1.0.7,2026-09-19T19:08:58
Doctors_4_Plus,0.7814569536423841,0.39464882943143814,0.2821915426993282,0.47647970497016934,AVISTA,1.0.7,2026-09-19T19:08:58
Doctors_4_Plus,0.7748344370860927,0.3926174496644295,0.2828490237008098,0.47647970497016934,AVISTA,1.0.7,2026-09-19T19:08:58
Doctors_4_Plus,0.7748344370860927,0.3939393939393939,0.2843608391803416,0.47647970497016934,AVISTA,1.0.7,2026-09-19T19:08:58
Doctors_4_Plus,0.7748344370860927,0.3952702702702703,0.2846816053122349,0.47647970497016934,AVISTA,1.0.7,2026-09-19T19:08:58
Doctors_4_Plus,0.7748344370860927,0.39661016949152544,0.2852346974142424,0.47647970497016934,AVISTA,1.0.7,2026-09-19T19:08:58
Doctors_4_Plus,0.7748344370860927,0.3979591836734694,0.2853363668403584,0.47647970497016934,AVISTA,1.0.7,2026-09-19T19:08:58
Doctors_4_Plus,0.7748344370860927,0.3993174061433447,0.28566396450146175,0.47647970497016934,AVISTA,1.0.7,2026-09-19T19:08:58
Doctors_4_Plus,0.7748344370860927,0.4006849315068493,0.2859980773009003,0.47647970497016934,AVISTA,1.0.7,2026-09-19T19:08:58
Doctors_4_Plus,0.7682119205298014,0.4,0.28695755390411126,0.47647970497016934,AVISTA,1.0.7,2026-09-19T19:08:58
Doctors_4_Plus,0.7682119205298014,0.4013840830449827,0.2877191136232376,0.47647970497016934,AVISTA,1.0.7,2026-09-19T19:08:58
Doctors_4_Plus,0.7615894039735099,0.3993055555555556,0.2905368804867276,0.47647970497016934,AVISTA,1.0.7,2026-09-19T19:08:58
Doctors_4_Plus,0.7615894039735099,0.40069686411149824,0.2917071744357664,0.47647970497016934,AVISTA,1.0.7,2026-09-19T19:08:58
Doctors_4_Plus,0.7549668874172185,0.3986013986013986,0.2922723318670846,0.47647970497016934,AVISTA,1.0.7,2026-09-19T19:08:58
Doctors_4_Plus,0.7483443708609272,0.397887323943662,0.29365155482655403,0.47647970497016934,AVISTA,1.0.7,2026-09-19T19:08:58
Doctors_4_Plus,0.7483443708609272,0.3992932862190813,0.2941983957954882,0.47647970497016934,AVISTA,1.0.7,2026-09-19T19:08:58
Doctors_4_Plus,0.7417218543046358,0.3971631205673759,0.29618251501440557,0.47647970497016934,AVISTA,1.0.7,2026-09-19T19:08:58
Doctors_4_Plus,0.7417218543046358,0.398576512455516,0.2966076104002707,0.47647970497016934,AVISTA,1.0.7,2026-09-19T19:08:58
Doctors_4_Plus,0.7417218543046358,0.4,0.2976192152002004,0.47647970497016934,AVISTA,1.0.7,2026-09-19T19:08:58
Doctors_4_Plus,0.7417218543046358,0.4014336917562724,0.2978106262728487,0.47647970497016934,AVISTA,1.0.7,2026-09-19T19:08:58
Doctors_4_Plus,0.7417218543046358,0.4028776978417266,0.29970109406647544,0.47647970497016934,AVISTA,1.0.7,2026-09-19T19:08:58
Doctors_4_Plus,0.7417218543046358,0.4043321299638989,0.3041926146613889,0.47647970497016934,AVISTA,1.0.7,2026-09-19T19:08:58
Doctors_4_Plus,0.7417218543046358,0.4057971014492754,0.3053101959118959,0.47647970497016934,AVISTA,1.0.7,2026-09-19T19:08:58
Doctors_4_Plus,0.7350993377483444,0.4036363636363636,0.3055850792040478,0.47647970497016934,AVISTA,1.0.7,2026-09-19T19:08:58
Doctors_4_Plus,0.7350993377483444,0.4051094890510949,0.3056500627477893,0.47647970497016934,AVISTA,1.0.7,2026-09-19T19:08:58
Doctors_4_Plus,0.7350993377483444,0.4065934065934066,0.3066040327552249,0.47647970497016934,AVISTA,1.0.7,2026-09-19T19:08:58
Doctors_4_Plus,0.7350993377483444,0.40808823529411764,0.3066481041422404,0.47647970497016934,AVISTA,1.0.7,2026-09-19T19:08:58
Doctors_4_Plus,0.7350993377483444,0.4095940959409594,0.30727731778734046,0.47647970497016934,AVISTA,1.0.7,2026-09-19T19:08:58
Doctors_4_Plus,0.7350993377483444,0.4111111111111111,0.3073757346328463,0.47647970497016934,AVISTA,1.0.7,2026-09-19T19:08:58
Doctors_4_Plus,0.7350993377483444,0.41263940520446096,0.3091269920145447,0.47647970497016934,AVISTA,1.0.7,2026-09-19T19:08:58
Doctors_4_Plus,0.7350993377483444,0.4141791044776119,0.3101689424047603,0.47647970497016934,AVISTA,1.0.7,2026-09-19T19:08:58
Doctors_4_Plus,0.7284768211920529,0.41198501872659177,0.3106109682166054,0.47647970497016934,AVISTA,1.0.7,2026-09-19T19:08:58
Doctors_4_Plus,0.7284768211920529,0.41353383458646614,0.3106849266863624,0.47647970497016934,AVISTA,1.0.7,2026-09-19T19:08:58
Doctors_4_Plus,0.7284768211920529,0.41509433962264153,0.3116422369771441,0.47647970497016934,AVISTA,1.0.7,2026-09-19T19:08:58
Doctors_4_Plus,0.7284768211920529,0.4166666666666667,0.3117297593784739,0.47647970497016934,AVISTA,1.0.7,2026-09-19T19:08:58
Doctors_4_Plus,0.7218543046357616,0.4144486692015209,0.3125605520092536,0.47647970497016934,AVISTA,1.0.7,2026-09-19T19:08:58
Doctors_4_Plus,0.7218543046357616,0.41603053435114506,0.3153014340913838,0.47647970497016934,AVISTA,1.0.7,2026-09-19T19:08:58
Doctors_4_Plus,0.7218543046357616,0.41762452107279696,0.31643929500739126,0.47647970497016934,AVISTA,1.0.7,2026-09-19T19:08:58
Doctors_4_Plus,0.7218543046357616,0.41923076923076924,0.3164693364384476,0.47647970497016934,AVISTA,1.0.7,2026-09-19T19:08:58
Doctors_4_Plus,0.7218543046357616,0.42084942084942084,0.31910336214840923,0.47647970497016934,AVISTA,1.0.7,2026-09-19T19:08:58
Doctors_4_Plus,0.7218543046357616,0.42248062015503873,0.31928535953339676,0.47647970497016934,AVISTA,1.0.7,2026-09-19T19:08:58
Doctors_4_Plus,0.7218543046357616,0.42412451361867703,0.3215386803272726,0.47647970497016934,AVISTA,1.0.7,2026-09-19T19:08:58
Doctors_4_Plus,0.7218543046357616,0.42578125,0.3220587183588839,0.47647970497016934,AVISTA,1.0.7,2026-09-19T19:08:58
Doctors_4_Plus,0.7152317880794702,0.4235294117647059,0.3223334284604873,0.47647970497016934,AVISTA,1.0.7,2026-09-19T19:08:58
Doctors_4_Plus,0.7152317880794702,0.4251968503937008,0.3239121677434465,0.47647970497016934,AVISTA,1.0.7,2026-09-19T19:08:58
Doctors_4_Plus,0.7086092715231788,0.42292490118577075,0.32579967143028404,0.47647970497016934,AVISTA,1.0.7,2026-09-19T19:08:58
Doctors_4_Plus,0.7086092715231788,0.4246031746031746,0.3265111659779678,0.47647970497016934,AVISTA,1.0.7,2026-09-19T19:08:58
Doctors_4_Plus,0.7086092715231788,0.428,0.32660454649063214,0.47647970497016934,AVISTA,1.0.7,2026-09-19T19:08:58
Doctors_4_Plus,0.7086092715231788,0.42971887550200805,0.330603639380039,0.47647970497016934,AVISTA,1.0.7,2026-09-19T19:08:58
Doctors_4_Plus,0.7019867549668874,0.4274193548387097,0.33087423575844327,0.47647970497016934,AVISTA,1.0.7,2026-09-19T19:08:58
Doctors_4_Plus,0.7019867549668874,0.43089430894308944,0.33098231456543514,0.47647970497016934,AVISTA,1.0.7,2026-09-19T19:08:58
Doctors_4_Plus,0.695364238410596,0.42857142857142855,0.3328706565320825,0.47647970497016934,AVISTA,1.0.7,2026-09-19T19:08:58
Doctors_4_Plus,0.695364238410596,0.430327868852459,0.3346826441828874,0.47647970497016934,AVISTA,1.0.7,2026-09-19T19:08:58
Doctors_4_Plus,0.6887417218543046,0.4279835390946502,0.3364283805512226,0.47647970497016934,AVISTA,1.0.7,2026-09-19T19:08:58
Doctors_4_Plus,0.6887417218543046,0.4315352697095436,0.3388213028667317,0.47647970497016934,AVISTA,1.0.7,2026-09-19T19:08:58
Doctors_4_Plus,0.6821192052980133,0.42916666666666664,0.33912324769267577,0.47647970497016934,AVISTA,1.0.7,2026-09-19T19:08:58
Doctors_4_Plus,0.6754966887417219,0.42677824267782427,0.3398283524951156,0.47647970497016934,AVISTA,1.0.7,2026-09-19T19:08:58
Doctors_4_Plus,0.6688741721854304,0.42436974789915966,0.3404901528513513,0.47647970497016934,AVISTA,1.0.7,2026-09-19T19:08:58
Doctors_4_Plus,0.6688741721854304,0.42616033755274263,0.34080474269201727,0.47647970497016934,AVISTA,1.0.7,2026-09-19T19:08:58
Doctors_4_Plus,0.6622516556291391,0.423728813559322,0.342913267754658,0.47647970497016934,AVISTA,1.0.7,2026-09-19T19:08:58
Doctors_4_Plus,0.6622516556291391,0.425531914893617,0.34365165004756376,0.47647970497016934,AVISTA,1.0.7,2026-09-19T19:08:58
Doctors_4_Plus,0.6556291390728477,0.4230769230769231,0.34371919198610695,0.47647970497016934,AVISTA,1.0.7,2026-09-19T19:08:58
Doctors_4_Plus,0.6556291390728477,0.4248927038626609,0.3476195619169099,0.47647970497016934,AVISTA,1.0.7,2026-09-19T19:08:58
Doctors_4_Plus,0.6556291390728477,0.4267241379310345,0.34800638560986463,0.47647970497016934,AVISTA,1.0.7,2026-09-19T19:08:58
Doctors_4_Plus,0.6556291390728477,0.42857142857142855,0.34832290712463465,0.47647970497016934,AVISTA,1.0.7,2026-09-19T19:08:58
Doctors_4_Plus,0.6490066225165563,0.4260869565217391,0.34894086335865954,0.47647970497016934,AVISTA,1.0.7,2026-09-19T19:08:58
Doctors_4_Plus,0.6423841059602649,0.42358078602620086,0.3493443848875855,0.47647970497016934,AVISTA,1.0.7,2026-09-19T19:08:58
Doctors_4_Plus,0.6423841059602649,0.42543859649122806,0.3494177827623163,0.47647970497016934,AVISTA,1.0.7,2026-09-19T19:08:58
Doctors_4_Plus,0.6423841059602649,0.42731277533039647,0.34984974676665537,0.47647970497016934,AVISTA,1.0.7,2026-09-19T19:08:58
Doctors_4_Plus,0.6357615894039735,0.4247787610619469,0.35105871158963337,0.47647970497016934,AVISTA,1.0.7,2026-09-19T19:08:58
Doctors_4_Plus,0.6291390728476821,0.4222222222222222,0.3525379861792907,0.47647970497016934,AVISTA,1.0.7,2026-09-19T19:08:58
Doctors_4_Plus,0.6291390728476821,0.42410714285714285,0.352625858496642,0.47647970497016934,AVISTA,1.0.7,2026-09-19T19:08:58
Doctors_4_Plus,0.6291390728476821,0.4260089686098655,0.35286601840787,0.47647970497016934,AVISTA,1.0.7,2026-09-19T19:08:58
Doctors_4_Plus,0.6291390728476821,0.42792792792792794,0.35366682391528104,0.47647970497016934,AVISTA,1.0.7,2026-09-19T19:08:58
Doctors_4_Plus,0.6291390728476821,0.4298642533936652,0.3536779054285419,0.47647970497016934,AVISTA,1.0.7,2026-09-19T19:08:58
Doctors_4_Plus,0.6291390728476821,0.4318181818181818,0.3554373696581863,0.47647970497016934,AVISTA,1.0.7,2026-09-19T19:08:58
Doctors_4_Plus,0.6225165562913907,0.43119266055045874,0.35659951793616074,0.47647970497016934,AVISTA,1.0.7,2026-09-19T19:08:58
Doctors_4_Plus,0.6225165562913907,0.43317972350230416,0.35750152890055265,0.47647970497016934,AVISTA,1.0.7,2026-09-19T19:08:58
Doctors_4_Plus,0.6158940397350994,0.4305555555555556,0.3575457155101205,0.47647970497016934,AVISTA,1.0.7,2026-09-19T19:08:58
Doctors_4_Plus,0.6158940397350994,0.4325581395348837,0.3577811101684996,0.47647970497016934,AVISTA,1.0.7,2026-09-19T19:08:58
Doctors_4_Plus,0.6158940397350994,0.43457943925233644,0.36025744267311294,0.47647970497016934,AVISTA,1.0.7,2026-09-19T19:08:58
Doctors_4_Plus,0.6158940397350994,0.43661971830985913,0.36061824229287276,0.47647970497016934,AVISTA,1.0.7,2026-09-19T19:08:58
Doctors_4_Plus,0.6158940397350994,0.4386792452830189,0.36085793227344054,0.47647970497016934,AVISTA,1.0.7,2026-09-19T19:08:58
Doctors_4_Plus,0.6158940397350994,0.44075829383886256,0.36093768641780904,0.47647970497016934,AVISTA,1.0.7,2026-09-19T19:08:58
Doctors_4_Plus,0.6158940397350994,0.44285714285714284,0.36108089047796105,0.47647970497016934,AVISTA,1.0.7,2026-09-19T19:08:58
Doctors_4_Plus,0.609271523178808,0.4423076923076923,0.36407675914825394,0.47647970497016934,AVISTA,1.0.7,2026-09-19T19:08:58
Doctors_4_Plus,0.6026490066225165,0.4396135265700483,0.3652517694247153,0.47647970497016934,AVISTA,1.0.7,2026-09-19T19:08:58
Doctors_4_Plus,0.5960264900662252,0.4368932038834951,0.36575953127520605,0.47647970497016934,AVISTA,1.0.7,2026-09-19T19:08:58
Doctors_4_Plus,0.5960264900662252,0.43902439024390244,0.3673456806581422,0.47647970497016934,AVISTA,1.0.7,2026-09-19T19:08:58
Doctors_4_Plus,0.5894039735099338,0.43842364532019706,0.3673619458516573,0.47647970497016934,AVISTA,1.0.7,2026-09-19T19:08:58
Doctors_4_Plus,0.5894039735099338,0.4405940594059406,0.3680069273102537,0.47647970497016934,AVISTA,1.0.7,2026-09-19T19:08:58
Doctors_4_Plus,0.5894039735099338,0.4427860696517413,0.3697931137570107,0.47647970497016934,AVISTA,1.0.7,2026-09-19T19:08:58
Doctors_4_Plus,0.5894039735099338,0.445,0.37022112758947895,0.47647970497016934,AVISTA,1.0.7,2026-09-19T19:08:58
Doctors_4_Plus,0.5894039735099338,0.4472361809045226,0.37233073033625613,0.47647970497016934,AVISTA,1.0.7,2026-09-19T19:08:58
Doctors_4_Plus,0.5894039735099338,0.4494949494949495,0.37258049996219617,0.47647970497016934,AVISTA,1.0.7,2026-09-19T19:08:58
Doctors_4_Plus,0.5894039735099338,0.4517766497461929,0.37333017037739663,0.47647970497016934,AVISTA,1.0.7,2026-09-19T19:08:58
Doctors_4_Plus,0.5827814569536424,0.4489795918367347,0.3738492000330604,0.47647970497016934,AVISTA,1.0.7,2026-09-19T19:08:58
Doctors_4_Plus,0.5761589403973509,0.4461538461538462,0.3749024118160375,0.47647970497016934,AVISTA,1.0.7,2026-09-19T19:08:58
Doctors_4_Plus,0.5761589403973509,0.4484536082474227,0.375069545926293,0.47647970497016934,AVISTA,1.0.7,2026-09-19T19:08:58
Doctors_4_Plus,0.5761589403973509,0.45077720207253885,0.3753032411282681,0.47647970497016934,AVISTA,1.0.7,2026-09-19T19:08:58
Doctors_4_Plus,0.5761589403973509,0.453125,0.3760121194720579,0.47647970497016934,AVISTA,1.0.7,2026-09-19T19:08:58
Doctors_4_Plus,0.5695364238410596,0.4574468085106383,0.3776837859846253,0.47647970497016934,AVISTA,1.0.7,2026-09-19T19:08:58
Doctors_4_Plus,0.5695364238410596,0.45989304812834225,0.3785937685175774,0.47647970497016934,AVISTA,1.0.7,2026-09-19T19:08:58
Doctors_4_Plus,0.5695364238410596,0.46236559139784944,0.37894728556253904,0.47647970497016934,AVISTA,1.0.7,2026-09-19T19:08:58
Doctors_4_Plus,0.5695364238410596,0.4648648648648649,0.37989048826112787,0.47647970497016934,AVISTA,1.0.7,2026-09-19T19:08:58
Doctors_4_Plus,0.5629139072847682,0.46703296703296704,0.38010707649642755,0.47647970497016934,AVISTA,1.0.7,2026-09-19T19:08:58
Doctors_4_Plus,0.5562913907284768,0.46408839779005523,0.38109214348911147,0.47647970497016934,AVISTA,1.0.7,2026-09-19T19:08:58
Doctors_4_Plus,0.5496688741721855,0.46111111111111114,0.3816372715400807,0.47647970497016934,AVISTA,1.0.7,2026-09-19T19:08:58
Doctors_4_Plus,0.543046357615894,0.4581005586592179,0.38441834216658266,0.47647970497016934,AVISTA,1.0.7,2026-09-19T19:08:58
Doctors_4_Plus,0.543046357615894,0.4606741573033708,0.3854527585920033,0.47647970497016934,AVISTA,1.0.7,2026-09-19T19:08:58
Doctors_4_Plus,0.543046357615894,0.4632768361581921,0.38551450791144976,0.47647970497016934,AVISTA,1.0.7,2026-09-19T19:08:58
Doctors_4_Plus,0.5364238410596026,0.4602272727272727,0.38624616110947135,0.47647970497016934,AVISTA,1.0.7,2026-09-19T19:08:58
Doctors_4_Plus,0.5298013245033113,0.4624277456647399,0.3866915973137539,0.47647970497016934,AVISTA,1.0.7,2026-09-19T19:08:58
Doctors_4_Plus,0.5231788079470199,0.45930232558139533,0.3917675800651589,0.47647970497016934,AVISTA,1.0.7,2026-09-19T19:08:58
Doctors_4_Plus,0.5231788079470199,0.4647058823529412,0.3917715502257779,0.47647970497016934,AVISTA,1.0.7,2026-09-19T19:08:58
Doctors_4_Plus,0.5231788079470199,0.46745562130177515,0.3917967612361268,0.47647970497016934,AVISTA,1.0.7,2026-09-19T19:08:58
Doctors_4_Plus,0.5165562913907285,0.4642857142857143,0.3920003602167973,0.47647970497016934,AVISTA,1.0.7,2026-09-19T19:08:58
Doctors_4_Plus,0.5165562913907285,0.46706586826347307,0.3921486248583836,0.47647970497016934,AVISTA,1.0.7,2026-09-19T19:08:58
Doctors_4_Plus,0.5099337748344371,0.463855421686747,0.3923213324359027,0.47647970497016934,AVISTA,1.0.7,2026-09-19T19:08:58
Doctors_4_Plus,0.5099337748344371,0.4666666666666667,0.3954315059591888,0.47647970497016934,AVISTA,1.0.7,2026-09-19T19:08:58
Doctors_4_Plus,0.5033112582781457,0.4634146341463415,0.3996457464688613,0.47647970497016934,AVISTA,1.0.7,2026-09-19T19:08:58
Doctors_4_Plus,0.5033112582781457,0.4662576687116564,0.40075212048961995,0.47647970497016934,AVISTA,1.0.7,2026-09-19T19:08:58
Doctors_4_Plus,0.5033112582781457,0.4691358024691358,0.4016570017112819,0.47647970497016934,AVISTA,1.0.7,2026-09-19T19:08:58
Doctors_4_Plus,0.5033112582781457,0.4720496894409938,0.4018369915084117,0.47647970497016934,AVISTA,1.0.7,2026-09-19T19:08:58
Doctors_4_Plus,0.5033112582781457,0.475,0.40186449664672036,0.47647970497016934,AVISTA,1.0.7,2026-09-19T19:08:58
Doctors_4_Plus,0.5033112582781457,0.4810126582278481,0.4033232552991841,0.47647970497016934,AVISTA,1.0.7,2026-09-19T19:08:58
Doctors_4_Plus,0.4966887417218543,0.47770700636942676,0.4054755722804452,0.47647970497016934,AVISTA,1.0.7,2026-09-19T19:08:58
Doctors_4_Plus,0.4966887417218543,0.4807692307692308,0.4055203485011107,0.47647970497016934,AVISTA,1.0.7,2026-09-19T19:08:58
Doctors_4_Plus,0.48344370860927155,0.474025974025974,0.4056957160485832,0.47647970497016934,AVISTA,1.0.7,2026-09-19T19:08:58
Doctors_4_Plus,0.48344370860927155,0.477124183006536,0.4071915589944493,0.47647970497016934,AVISTA,1.0.7,2026-09-19T19:08:58
Doctors_4_Plus,0.48344370860927155,0.48026315789473684,0.4073188070236558,0.47647970497016934,AVISTA,1.0.7,2026-09-19T19:08:58
Doctors_4_Plus,0.47019867549668876,0.47651006711409394,0.407524854114245,0.47647970497016934,AVISTA,1.0.7,2026-09-19T19:08:58
Doctors_4_Plus,0.46357615894039733,0.47297297297297297,0.41092345878587866,0.47647970497016934,AVISTA,1.0.7,2026-09-19T19:08:58
Doctors_4_Plus,0.46357615894039733,0.47619047619047616,0.4129285116439548,0.47647970497016934,AVISTA,1.0.7,2026-09-19T19:08:58
Doctors_4_Plus,0.46357615894039733,0.4794520547945205,0.4143875335955515,0.47647970497016934,AVISTA,1.0.7,2026-09-19T19:08:58
Doctors_4_Plus,0.46357615894039733,0.4827586206896552,0.41472666769664984,0.47647970497016934,AVISTA,1.0.7,2026-09-19T19:08:58
Doctors_4_Plus,0.46357615894039733,0.4861111111111111,0.4163759018004546,0.47647970497016934,AVISTA,1.0.7,2026-09-19T19:08:58
Doctors_4_Plus,0.46357615894039733,0.48951048951048953,0.4173818695123612,0.47647970497016934,AVISTA,1.0.7,2026-09-19T19:08:58
Doctors_4_Plus,0.45695364238410596,0.4859154929577465,0.41755617845117626,0.47647970497016934,AVISTA,1.0.7,2026-09-19T19:08:58
Doctors_4_Plus,0.4503311258278146,0.48226950354609927,0.4178261305699186,0.47647970497016934,AVISTA,1.0.7,2026-09-19T19:08:58
Doctors_4_Plus,0.4503311258278146,0.4892086330935252,0.42026138074970415,0.47647970497016934,AVISTA,1.0.7,2026-09-19T19:08:58
Doctors_4_Plus,0.44370860927152317,0.4855072463768116,0.42062342308713924,0.47647970497016934,AVISTA,1.0.7,2026-09-19T19:08:58
Doctors_4_Plus,0.44370860927152317,0.48905109489051096,0.42093351193517486,0.47647970497016934,AVISTA,1.0.7,2026-09-19T19:08:58
Doctors_4_Plus,0.4370860927152318,0.4852941176470588,0.4218974010363831,0.47647970497016934,AVISTA,1.0.7,2026-09-19T19:08:58
Doctors_4_Plus,0.4370860927152318,0.4888888888888889,0.4233538457585415,0.47647970497016934,AVISTA,1.0.7,2026-09-19T19:08:58
Doctors_4_Plus,0.4370860927152318,0.4925373134328358,0.4253173394531071,0.47647970497016934,AVISTA,1.0.7,2026-09-19T19:08:58
Doctors_4_Plus,0.4304635761589404,0.48872180451127817,0.4253973922138213,0.47647970497016934,AVISTA,1.0.7,2026-09-19T19:08:58
Doctors_4_Plus,0.423841059602649,0.48484848484848486,0.4280820892045541,0.47647970497016934,AVISTA,1.0.7,2026-09-19T19:08:58
Doctors_4_Plus,0.423841059602649,0.48854961832061067,0.4298970424046675,0.47647970497016934,AVISTA,1.0.7,2026-09-19T19:08:58
Doctors_4_Plus,0.423841059602649,0.49230769230769234,0.4318320121248915,0.47647970497016934,AVISTA,1.0.7,2026-09-19T19:08:58
Doctors_4_Plus,0.423841059602649,0.49612403100775193,0.4318962455287974,0.47647970497016934,AVISTA,1.0.7,2026-09-19T19:08:58
Doctors_4_Plus,0.423841059602649,0.5,0.4328032774752118,0.47647970497016934,AVISTA,1.0.7,2026-09-19T19:08:58
Doctors_4_Plus,0.4105960264900662,0.49206349206349204,0.43338614707048384,0.47647970497016934,AVISTA,1.0.7,2026-09-19T19:08:58
Doctors_4_Plus,0.4105960264900662,0.496,0.43373748415506314,0.47647970497016934,AVISTA,1.0.7,2026-09-19T19:08:58
Doctors_4_Plus,0.4105960264900662,0.5,0.4342465861985337,0.47647970497016934,AVISTA,1.0.7,2026-09-19T19:08:58
Doctors_4_Plus,0.40397350993377484,0.4959349593495935,0.4347368965324307,0.47647970497016934,AVISTA,1.0.7,2026-09-19T19:08:58
Doctors_4_Plus,0.40397350993377484,0.5,0.43485749225156034,0.47647970497016934,AVISTA,1.0.7,2026-09-19T19:08:58
Doctors_4_Plus,0.3973509933774834,0.49586776859504134,0.43750974405338616,0.47647970497016934,AVISTA,1.0.7,2026-09-19T19:08:58
Doctors_4_Plus,0.39072847682119205,0.49166666666666664,0.437556495171994,0.47647970497016934,AVISTA,1.0.7,2026-09-19T19:08:58
Doctors_4_Plus,0.3841059602649007,0.48739495798319327,0.4377941028109488,0.47647970497016934,AVISTA,1.0.7,2026-09-19T19:08:58
Doctors_4_Plus,0.3841059602649007,0.4915254237288136,0.43859734828299735,0.47647970497016934,AVISTA,1.0.7,2026-09-19T19:08:58
Doctors_4_Plus,0.37748344370860926,0.48717948717948717,0.44264513418791324,0.47647970497016934,AVISTA,1.0.7,2026-09-19T19:08:58
Doctors_4_Plus,0.3708609271523179,0.4827586206896552,0.443432525288903,0.47647970497016934,AVISTA,1.0.7,2026-09-19T19:08:58
Doctors_4_Plus,0.3708609271523179,0.48695652173913045,0.45175242471037996,0.47647970497016934,AVISTA,1.0.7,2026-09-19T19:08:58
Doctors_4_Plus,0.36423841059602646,0.4824561403508772,0.4521013702540481,0.47647970497016934,AVISTA,1.0.7,2026-09-19T19:08:58
Doctors_4_Plus,0.3576158940397351,0.4778761061946903,0.4543068345599537,0.47647970497016934,AVISTA,1.0.7,2026-09-19T19:08:58
Doctors_4_Plus,0.3443708609271523,0.46846846846846846,0.45690509193810364,0.47647970497016934,AVISTA,1.0.7,2026-09-19T19:08:58
Doctors_4_Plus,0.3443708609271523,0.4727272727272727,0.4580684567214093,0.47647970497016934,AVISTA,1.0.7,2026-09-19T19:08:58
Doctors_4_Plus,0.33774834437086093,0.46788990825688076,0.45824518490239513,0.47647970497016934,AVISTA,1.0.7,2026-09-19T19:08:58
Doctors_4_Plus,0.33774834437086093,0.4722222222222222,0.4608953486072651,0.47647970497016934,AVISTA,1.0.7,2026-09-19T19:08:58
Doctors_4_Plus,0.33774834437086093,0.4766355140186916,0.4615708732941017,0.47647970497016934,AVISTA,1.0.7,2026-09-19T19:08:58
Doctors_4_Plus,0.33112582781456956,0.4716981132075472,0.46294611800054686,0.47647970497016934,AVISTA,1.0.7,2026-09-19T19:08:58
Doctors_4_Plus,0.33112582781456956,0.47619047619047616,0.46444517034025934,0.47647970497016934,AVISTA,1.0.7,2026-09-19T19:08:58
Doctors_4_Plus,0.33112582781456956,0.4807692307692308,0.4648382987094237,0.47647970497016934,AVISTA,1.0.7,2026-09-19T19:08:58
Doctors_4_Plus,0.32450331125827814,0.47572815533980584,0.46629161751049863,0.47647970497016934,AVISTA,1.0.7,2026-09-19T19:08:58
Doctors_4_Plus,0.32450331125827814,0.4803921568627451,0.46832562640182146,0.47647970497016934,AVISTA,1.0.7,2026-09-19T19:08:58
Doctors_4_Plus,0.32450331125827814,0.48514851485148514,0.4711160736839955,0.47647970497016934,AVISTA,1.0.7,2026-09-19T19:08:58
Doctors_4_Plus,0.31788079470198677,0.48,0.48017589099103475,0.47647970497016934,AVISTA,1.0.7,2026-09-19T19:08:58
Doctors_4_Plus,0.31125827814569534,0.47474747474747475,0.4825943593133333,0.47647970497016934,AVISTA,1.0.7,2026-09-19T19:08:58
Doctors_4_Plus,0.31125827814569534,0.47959183673469385,0.4831960683694974,0.47647970497016934,AVISTA,1.0.7,2026-09-19T19:08:58
Doctors_4_Plus,0.31125827814569534,0.4845360824742268,0.48544463775044977,0.47647970497016934,AVISTA,1.0.7,2026-09-19T19:08:58
Doctors_4_Plus,0.31125827814569534,0.4895833333333333,0.48546785859037755,0.47647970497016934,AVISTA,1.0.7,2026-09-19T19:08:58
Doctors_4_Plus,0.304635761589404,0.4842105263157895,0.4870849785280139,0.47647970497016934,AVISTA,1.0.7,2026-09-19T19:08:58
Doctors_4_Plus,0.304635761589404,0.48936170212765956,0.4887237850157296,0.47647970497016934,AVISTA,1.0.7,2026-09-19T19:08:58
Doctors_4_Plus,0.2980132450331126,0.4838709677419355,0.4889670954227471,0.47647970497016934,AVISTA,1.0.7,2026-09-19T19:08:58
Doctors_4_Plus,0.2913907284768212,0.4782608695652174,0.4899500420774548,0.47647970497016934,AVISTA,1.0.7,2026-09-19T19:08:58
Doctors_4_Plus,0.2913907284768212,0.4835164835164835,0.49006865536217153,0.47647970497016934,AVISTA,1.0.7,2026-09-19T19:08:58
Doctors_4_Plus,0.2847682119205298,0.4777777777777778,0.49296191315906007,0.47647970497016934,AVISTA,1.0.7,2026-09-19T19:08:58
Doctors_4_Plus,0.2847682119205298,0.48314606741573035,0.4958415344506206,0.47647970497016934,AVISTA,1.0.7,2026-09-19T19:08:58
Doctors_4_Plus,0.2847682119205298,0.48863636363636365,0.4959638940119613,0.47647970497016934,AVISTA,1.0.7,2026-09-19T19:08:58
Doctors_4_Plus,0.2847682119205298,0.4942528735632184,0.49706299758021066,0.47647970497016934,AVISTA,1.0.7,2026-09-19T19:08:58
Doctors_4_Plus,0.2847682119205298,0.5,0.5031358802449497,0.47647970497016934,AVISTA,1.0.7,2026-09-19T19:08:58
Doctors_4_Plus,0.2847682119205298,0.5058823529411764,0.503841419251127,0.47647970497016934,AVISTA,1.0.7,2026-09-19T19:08:58
Doctors_4_Plus,0.2781456953642384,0.5,0.5045001561076181,0.47647970497016934,AVISTA,1.0.7,2026-09-19T19:08:58
Doctors_4_Plus,0.2781456953642384,0.5060240963855421,0.5074727408047056,0.47647970497016934,AVISTA,1.0.7,2026-09-19T19:08:58
Doctors_4_Plus,0.271523178807947,0.5,0.5080776504722908,0.47647970497016934,AVISTA,1.0.7,2026-09-19T19:08:58
Doctors_4_Plus,0.271523178807947,0.5061728395061729,0.5095978079932211,0.47647970497016934,AVISTA,1.0.7,2026-09-19T19:08:58
Doctors_4_Plus,0.271523178807947,0.5125,0.5131507247642063,0.47647970497016934,AVISTA,1.0.7,2026-09-19T19:08:58
Doctors_4_Plus,0.26490066225165565,0.5063291139240507,0.519335841293083,0.47647970497016934,AVISTA,1.0.7,2026-09-19T19:08:58
Doctors_4_Plus,0.26490066225165565,0.5128205128205128,0.5199009702266632,0.47647970497016934,AVISTA,1.0.7,2026-09-19T19:08:58
Doctors_4_Plus,0.26490066225165565,0.5194805194805194,0.5209687807007821,0.47647970497016934,AVISTA,1.0.7,2026-09-19T19:08:58
Doctors_4_Plus,0.26490066225165565,0.5263157894736842,0.5227246638143744,0.47647970497016934,AVISTA,1.0.7,2026-09-19T19:08:58
Doctors_4_Plus,0.26490066225165565,0.5333333333333333,0.5233389878974876,0.47647970497016934,AVISTA,1.0.7,2026-09-19T19:08:58
Doctors_4_Plus,0.2582781456953642,0.527027027027027,0.5258034216408314,0.47647970497016934,AVISTA,1.0.7,2026-09-19T19:08:58
Doctors_4_Plus,0.2582781456953642,0.5342465753424658,0.5350631858774768,0.47647970497016934,AVISTA,1.0.7,2026-09-19T19:08:58
Doctors_4_Plus,0.2582781456953642,0.5416666666666666,0.5364303986574103,0.47647970497016934,AVISTA,1.0.7,2026-09-19T19:08:58
Doctors_4_Plus,0.2582781456953642,0.5492957746478874,0.5365813355063291,0.47647970497016934,AVISTA,1.0.7,2026-09-19T19:08:58
Doctors_4_Plus,0.25165562913907286,0.5428571428571428,0.5367302786686206,0.47647970497016934,AVISTA,1.0.7,2026-09-19T19:08:58
Doctors_4_Plus,0.24503311258278146,0.5362318840579711,0.5450267700501618,0.47647970497016934,AVISTA,1.0.7,2026-09-19T19:08:58
Doctors_4_Plus,0.24503311258278146,0.5441176470588235,0.5467823985922374,0.47647970497016934,AVISTA,1.0.7,2026-09-19T19:08:58
Doctors_4_Plus,0.24503311258278146,0.5522388059701493,0.5478275074212268,0.47647970497016934,AVISTA,1.0.7,2026-09-19T19:08:58
Doctors_4_Plus,0.23841059602649006,0.5454545454545454,0.554679733570502,0.47647970497016934,AVISTA,1.0.7,2026-09-19T19:08:58
Doctors_4_Plus,0.23841059602649006,0.5538461538461539,0.5547844234809279,0.47647970497016934,AVISTA,1.0.7,2026-09-19T19:08:58
Doctors_4_Plus,0.23178807947019867,0.546875,0.5560989704542902,0.47647970497016934,AVISTA,1.0.7,2026-09-19T19:08:58
Doctors_4_Plus,0.23178807947019867,0.5555555555555556,0.5572712735519008,0.47647970497016934,AVISTA,1.0.7,2026-09-19T19:08:58
Doctors_4_Plus,0.2251655629139073,0.5483870967741935,0.5614431832784595,0.47647970497016934,AVISTA,1.0.7,2026-09-19T19:08:58
Doctors_4_Plus,0.2251655629139073,0.5573770491803278,0.5648823751571196,0.47647970497016934,AVISTA,1.0.7,2026-09-19T19:08:58
Doctors_4_Plus,0.2185430463576159,0.55,0.5665199117212067,0.47647970497016934,AVISTA,1.0.7,2026-09-19T19:08:58
Doctors_4_Plus,0.2185430463576159,0.559322033898305,0.5693127923180896,0.47647970497016934,AVISTA,1.0.7,2026-09-19T19:08:58
Doctors_4_Plus,0.2185430463576159,0.5689655172413793,0.5703469162383175,0.47647970497016934,AVISTA,1.0.7,2026-09-19T19:08:58
Doctors_4_Plus,0.2185430463576159,0.5789473684210527,0.5727356003452614,0.47647970497016934,AVISTA,1.0.7,2026-09-19T19:08:58
Doctors_4_Plus,0.2185430463576159,0.5892857142857143,0.5741877326263631,0.47647970497016934,AVISTA,1.0.7,2026-09-19T19:08:58
Doctors_4_Plus,0.2185430463576159,0.6,0.5776518470808772,0.47647970497016934,AVISTA,1.0.7,2026-09-19T19:08:58
Doctors_4_Plus,0.2185430463576159,0.6111111111111112,0.57865424004583,0.47647970497016934,AVISTA,1.0.7,2026-09-19T19:08:58
Doctors_4_Plus,0.2119205298013245,0.6037735849056604,0.5806110267957968,0.47647970497016934,AVISTA,1.0.7,2026-09-19T19:08:58
Doctors_4_Plus,0.2119205298013245,0.6153846153846154,0.5806838468517431,0.47647970497016934,AVISTA,1.0.7,2026-09-19T19:08:58
Doctors_4_Plus,0.2052980132450331,0.6078431372549019,0.5806876926676361,0.47647970497016934,AVISTA,1.0.7,2026-09-19T19:08:58
Doctors_4_Plus,0.2052980132450331,0.62,0.5831296043693334,0.47647970497016934,AVISTA,1.0.7,2026-09-19T19:08:58
Doctors_4_Plus,0.2052980132450331,0.6326530612244898,0.5838968523036028,0.47647970497016934,AVISTA,1.0.7,2026-09-19T19:08:58
Doctors_4_Plus,0.2052980132450331,0.6458333333333334,0.5841044737538533,0.47647970497016934,AVISTA,1.0.7,2026-09-19T19:08:58
Doctors_4_Plus,0.1986754966887417,0.6382978723404256,0.5890110879444374,0.47647970497016934,AVISTA,1.0.7,2026-09-19T19:08:58
Doctors_4_Plus,0.19205298013245034,0.6304347826086957,0.5905039478411401,0.47647970497016934,AVISTA,1.0.7,2026-09-19T19:08:58
Doctors_4_Plus,0.18543046357615894,0.6222222222222222,0.5913403073034006,0.47647970497016934,AVISTA,1.0.7,2026-09-19T19:08:58
Doctors_4_Plus,0.17880794701986755,0.6136363636363636,0.5917377510745867,0.47647970497016934,AVISTA,1.0.7,2026-09-19T19:08:58
Doctors_4_Plus,0.17218543046357615,0.6046511627906976,0.5924016454734905,0.47647970497016934,AVISTA,1.0.7,2026-09-19T19:08:58
Doctors_4_Plus,0.17218543046357615,0.6190476190476191,0.5934503811349238,0.47647970497016934,AVISTA,1.0.7,2026-09-19T19:08:58
Doctors_4_Plus,0.16556291390728478,0.6097560975609756,0.5937362937563649,0.47647970497016934,AVISTA,1.0.7,2026-09-19T19:08:58
Doctors_4_Plus,0.15894039735099338,0.6,0.5944941936605481,0.47647970497016934,AVISTA,1.0.7,2026-09-19T19:08:58
Doctors_4_Plus,0.15894039735099338,0.6153846153846154,0.5958487641144895,0.47647970497016934,AVISTA,1.0.7,2026-09-19T19:08:58
Doctors_4_Plus,0.152317880794702,0.6052631578947368,0.5977368605307674,0.47647970497016934,AVISTA,1.0.7,2026-09-19T19:08:58
Doctors_4_Plus,0.1456953642384106,0.5945945945945946,0.5980445056242614,0.47647970497016934,AVISTA,1.0.7,2026-09-19T19:08:58
Doctors_4_Plus,0.1390728476821192,0.5833333333333334,0.6094209632933707,0.47647970497016934,AVISTA,1.0.7,2026-09-19T19:08:58
Doctors_4_Plus,0.13245033112582782,0.5714285714285714,0.6120494328542855,0.47647970497016934,AVISTA,1.0.7,2026-09-19T19:08:58
Doctors_4_Plus,0.12582781456953643,0.5588235294117647,0.6139429008166715,0.47647970497016934,AVISTA,1.0.7,2026-09-19T19:08:58
Doctors_4_Plus,0.12582781456953643,0.5757575757575758,0.6187605504153528,0.47647970497016934,AVISTA,1.0.7,2026-09-19T19:08:58
Doctors_4_Plus,0.12582781456953643,0.59375,0.6248321070133598,0.47647970497016934,AVISTA,1.0.7,2026-09-19T19:08:58
Doctors_4_Plus,0.11920529801324503,0.5806451612903226,0.6253610736920854,0.47647970497016934,AVISTA,1.0.7,2026-09-19T19:08:58
Doctors_4_Plus,0.11920529801324503,0.6,0.6304289290525897,0.47647970497016934,AVISTA,1.0.7,2026-09-19T19:08:58
Doctors_4_Plus,0.11258278145695365,0.5862068965517241,0.6345722345456574,0.47647970497016934,AVISTA,1.0.7,2026-09-19T19:08:58
Doctors_4_Plus,0.10596026490066225,0.5714285714285714,0.6419920616373204,0.47647970497016934,AVISTA,1.0.7,2026-09-19T19:08:58
Doctors_4_Plus,0.09933774834437085,0.5555555555555556,0.6464612534633948,0.47647970497016934,AVISTA,1.0.7,2026-09-19T19:08:58
Doctors_4_Plus,0.09933774834437085,0.5769230769230769,0.6509981072064202,0.47647970497016934,AVISTA,1.0.7,2026-09-19T19:08:58
Doctors_4_Plus,0.09271523178807947,0.56,0.6525211965139981,0.47647970497016934,AVISTA,1.0.7,2026-09-19T19:08:58
Doctors_4_Plus,0.08609271523178808,0.5416666666666666,0.6534170031448464,0.47647970497016934,AVISTA,1.0.7,2026-09-19T19:08:58
Doctors_4_Plus,0.07947019867549669,0.5217391304347826,0.6561491883172293,0.47647970497016934,AVISTA,1.0.7,2026-09-19T19:08:58
Doctors_4_Plus,0.0728476821192053,0.5,0.6634346842503185,0.47647970497016934,AVISTA,1.0.7,2026-09-19T19:08:58
Doctors_4_Plus,0.0728476821192053,0.5238095238095238,0.6655017241369845,0.47647970497016934,AVISTA,1.0.7,2026-09-19T19:08:58
Doctors_4_Plus,0.0728476821192053,0.55,0.6762090585105262,0.47647970497016934,AVISTA,1.0.7,2026-09-19T19:08:58
Doctors_4_Plus,0.06622516556291391,0.5263157894736842,0.6773063967194178,0.47647970497016934,AVISTA,1.0.7,2026-09-19T19:08:58
Doctors_4_Plus,0.06622516556291391,0.5555555555555556,0.6782179922212417,0.47647970497016934,AVISTA,1.0.7,2026-09-19T19:08:58
Doctors_4_Plus,0.059602649006622516,0.5294117647058824,0.6790523504496827,0.47647970497016934,AVISTA,1.0.7,2026-09-19T19:08:58
Doctors_4_Plus,0.059602649006622516,0.5625,0.6826828308782035,0.47647970497016934,AVISTA,1.0.7,2026-09-19T19:08:58
Doctors_4_Plus,0.059602649006622516,0.6,0.7028135440037184,0.47647970497016934,AVISTA,1.0.7,2026-09-19T19:08:58
Doctors_4_Plus,0.059602649006622516,0.6428571428571429,0.7063222373204048,0.47647970497016934,AVISTA,1.0.7,2026-09-19T19:08:58
Doctors_4_Plus,0.059602649006622516,0.6923076923076923,0.7081842804698197,0.47647970497016934,AVISTA,1.0.7,2026-09-19T19:08:58
Doctors_4_Plus,0.052980132450331126,0.6666666666666666,0.7208667301580182,0.47647970497016934,AVISTA,1.0.7,2026-09-19T19:08:58
Doctors_4_Plus,0.046357615894039736,0.6363636363636364,0.7212430894933737,0.47647970497016934,AVISTA,1.0.7,2026-09-19T19:08:58
Doctors_4_Plus,0.039735099337748346,0.6,0.7328872433110959,0.47647970497016934,AVISTA,1.0.7,2026-09-19T19:08:58
Doctors_4_Plus,0.033112582781456956,0.5555555555555556,0.7380302363444112,0.47647970497016934,AVISTA,1.0.7,2026-09-19T19:08:58
Doctors_4_Plus,0.033112582781456956,0.625,0.7406498378985519,0.47647970497016934,AVISTA,1.0.7,2026-09-19T19:08:58
Doctors_4_Plus,0.026490066225165563,0.5714285714285714,0.7423928188855996,0.47647970497016934,AVISTA,1.0.7,2026-09-19T19:08:58
Doctors_4_Plus,0.019867549668874173,0.5,0.7501956064346758,0.47647970497016934,AVISTA,1.0.7,2026-09-19T19:08:58
Doctors_4_Plus,0.019867549668874173,0.6,0.7513791781607119,0.47647970497016934,AVISTA,1.0.7,2026-09-19T19:08:58
Doctors_4_Plus,0.019867549668874173,0.75,0.7746430447736807,0.47647970497016934,AVISTA,1.0.7,2026-09-19T19:08:58
Doctors_4_Plus,0.019867549668874173,1.0,0.8258240390855273,0.47647970497016934,AVISTA,1.0.7,2026-09-19T19:08:58
Doctors_4_Plus,0.013245033112582781,1.0,0.8554643704952332,0.47647970497016934,AVISTA,1.0.7,2026-09-19T19:08:58
Doctors_4_Plus,0.006622516556291391,1.0,0.8581203086333046,0.47647970497016934,AVISTA,1.0.7,2026-09-19T19:08:58
Doctors_4_Plus,0.0,1.0,0.8581203086333046,0.47647970497016934,AVISTA,1.0.7,2026-09-19T19:08:58
