row_identifier,prob_Insufficient_Weight,prob_Normal_Weight,prob_Obesity_Type_I,prob_Obesity_Type_II,prob_Obesity_Type_III,prob_Overweight_Level_I,prob_Overweight_Level_II
1021,3.3512653981985394e-05,0.016413533268017044,0.12162322338985922,0.0069155809917985445,1.264091044249241e-05,0.2874219080019519,0.5675796007839489
690,0.8757277915551402,0.12182738815353834,9.103659547859989e-07,6.877047866863401e-12,1.9448467818428274e-08,0.002275575894345117,0.0001683145756764241
1588,8.869350994559054e-13,1.4254228131514022e-07,0.2171219031975894,0.7707310772885643,0.009147778511373056,0.00013240069391731005,0.0028666977653878053
1699,3.622311888515041e-11,4.2828498984110814e-06,0.11385965934389694,0.8662989362076631,3.433627306009183e-05,0.00018025994681087696,0.019622525342447534
1631,5.4919510985043026e-15,4.056549824372412e-09,0.008031737563244263,0.9915696722758022,3.626271704541901e-05,4.59649557483686e-06,0.0003577268917779306
285,0.5935266382931037,0.4050707863328537,3.2094297826003655e-08,3.0607766401229133e-12,7.090096271775711e-14,0.0013837560932658272,1.878718334705329e-05
408,0.023117665927391687,0.6816650475546603,0.007807239262818895,1.1136437454517595e-06,3.5755995548214517e-06,0.23444363283904596,0.052961725172782984
230,0.017073670770581847,0.8672465647557334,5.183275069821264e-05,3.195057882104725e-10,1.1046928142634127e-11,0.11541695668199557,0.000210974710438306
1815,9.795415879282284e-18,4.749366601437897e-12,0.009892967724036686,0.0032982643923423955,0.9868071525583243,1.0161588601951525e-07,1.513704661424613e-06
948,0.008683147402701501,0.11860452978383067,0.142803294769281,1.941636312100994e-06,2.179780851590864e-05,0.47065367215184406,0.25923161644751475
961,2.40621868357775e-05,0.014400060007660264,0.2438277021109075,0.0064040250167772044,6.9845089434378006e-06,0.06005780907542582,0.67527935709345
1092,1.0348708381774119e-05,0.011430552342260704,0.09355167009946433,0.0820795797208114,0.0002607933878425269,0.20605536855985945,0.6066116871813798
467,0.021875521762652932,0.2552455531327955,0.06118984622556178,5.460015725026443e-06,0.00750343888711671,0.5171129422654835,0.1370672377106645
703,0.9275419971582061,0.06987993882995437,1.3974513548311345e-07,1.7957498443976901e-12,9.49360331963023e-12,0.0025021325393211296,7.579171609363706e-05
860,0.00865053440691759,0.09092437805210242,0.005205044450702295,1.025086739265167e-06,0.016331932204893908,0.8565458130570767,0.022341272741567754
2023,3.805374524531762e-17,2.8290720860749672e-11,0.019452902328727307,0.0307748187897094,0.9497664607867597,3.3030651786907657e-07,5.4877599949296e-06
1333,3.0145506245768317e-09,3.9052010432921025e-05,0.7888279339100329,0.15194083809843487,0.00010252935009173617,0.0028036247078786877,0.056286018908578206
721,0.6729261253407645,0.28110139815871416,5.2656886079242765e-06,3.8154618024133654e-10,8.130217877534676e-12,0.0435550672319269,0.002412143190310058
1534,1.7155936120994805e-11,1.098884666954908e-06,0.3933721953875846,0.5949469242984224,4.5184804222041074e-05,0.0008202718269464287,0.010814324781001718
1418,5.039400782059833e-07,0.0010149655878641086,0.7714228127052248,0.017953307415055283,0.00015559010339234887,0.053479488790457164,0.15597333145792816
545,0.9257898974247785,0.07128456217299511,1.0714430439774914e-08,7.183035281921438e-13,6.814402630200935e-13,0.0029049952121389167,2.0534474257413184e-05
176,0.5305439663449696,0.42338255777300265,5.337431025503077e-05,2.0292666551954214e-10,7.0670486308241984e-09,0.04508655961255455,0.0009335346892428061
1587,7.38805032562829e-12,6.000911525103897e-07,0.23766874995753662,0.73703034329626,0.01828575064363319,0.00039988503420525473,0.006614670969824423
1512,2.2687967610985764e-11,1.709004089729985e-06,0.525878459134556,0.4647725098849837,6.520657779899231e-06,0.001111736202522825,0.00822906509337973
401,0.017191913822910736,0.28201522448181304,0.0008098792333535152,5.516633894248409e-05,4.752376329546207e-06,0.11963191207421434,0.5802911516724364
1409,2.0671295362389925e-06,0.0017920431501889072,0.8932192690027144,0.00036733407240895267,0.0003198415276655786,0.02939082393031339,0.07490862118717255
392,0.04860477159169188,0.9429407677628973,5.183531088957502e-06,1.892089384756552e-07,2.284758875138943e-09,0.002286264689726268,0.006162820930898206
1687,1.083916100572178e-11,5.650493155384482e-07,0.20258761386859223,0.7824935843003594,0.0027252003039251564,0.0004379354568187558,0.0117551010101499
1502,1.1086724568965745e-14,1.0459723154162117e-08,0.01826580443314357,0.9772140827607976,0.003996708031637178,7.382895162827393e-06,0.0005160114195246334
1828,3.51852355931e-18,2.5179158743490726e-12,0.006535548718274828,0.006167169930694868,0.9872956999427654,6.87179674311853e-08,1.5126877793593575e-06
4,0.0001069641455385269,0.05307000274216866,0.012433853603636203,0.014985458028705866,2.1947966618510057e-06,0.11741314069036216,0.8019883859929267
255,0.006171062445695508,0.6965915819355071,0.0003875940810616334,3.937865076362718e-06,8.389776851377958e-06,0.26497497232642914,0.03186246156937874
2047,2.1050319278085017e-16,4.226760534373402e-11,0.009172501601232036,0.003518869770053472,0.9873033458409823,4.44889826080067e-07,4.837855638356084e-06
1444,6.3583671392993345e-09,7.219698407837853e-05,0.7077553647436962,0.17171534086768142,1.1766736863659125e-05,0.003941570510922758,0.11650375379839052
822,0.0023260239287879693,0.18568729134130188,0.042551213232778065,0.00017681010805781615,8.343073221938566e-06,0.5486058879794821,0.22064443033637016
1626,4.860790032898222e-15,7.024008160137093e-09,0.006016212534781789,0.9890395507942675,0.004631784344717152,3.0871345262669625e-06,0.0003093581676939929
412,5.286312058149688e-09,0.0001463151109551462,0.23398107177349245,0.6718608934311426,2.8230959690265153e-06,0.00823012047497551,0.08577877082715323
1746,6.6775565362065295e-12,8.412151064231442e-07,0.20729083560495962,0.7860162352297062,6.478168216834062e-05,0.00042278322061454777,0.006204523040767278
185,0.07633958924463818,0.6946831055357052,0.000432483404397592,4.259062993435997e-07,1.875976244101678e-08,0.2156084054619432,0.012935971687253902
1486,1.2947058870982126e-05,0.005542167022940579,0.6700887864759424,0.0022981933821972864,0.07360741253868124,0.0766743018069561,0.17177619171441147
402,0.028249895493544525,0.35738022363426697,0.02013526858000413,4.0994346264543073e-07,6.998710790692145e-05,0.3979423193541712,0.1962218958866436
920,0.00031136374257344847,0.07141470665048873,0.0657618912152456,0.0019897800461318297,2.5957682190019374e-06,0.15571512202796403,0.7048045405493775
656,0.7686180155883973,0.21580947529372074,5.493388464906976e-06,9.314746283741736e-11,3.446338288708085e-11,0.013986782688367849,0.0015802329134383336
1624,3.186015896669255e-13,4.907402107312834e-08,0.10399364224856109,0.8809665837352708,0.012377585687590046,5.782324259603051e-05,0.0026043160116422195
1166,5.332082573512248e-05,0.02181372211626069,0.10473356477549946,0.009339070584052539,2.5554726514964447e-05,0.3608478937171408,0.5031868732547964
1350,2.454282080959038e-07,0.0007371527465452308,0.4186658175804101,0.16865434613900154,0.0482454213935371,0.052095479399852124,0.3116015373124459
1379,8.270529301837923e-08,0.0005194788027976561,0.6434522182318377,0.11877942836894347,4.6522779619861425e-05,0.010673703573013161,0.22652856553849526
2077,2.016664370480774e-13,7.992124187395936e-09,0.020330711021475285,0.002962607826024537,0.9765819457546442,1.117036215187219e-05,0.00011355704337815274
1536,3.5221146919462033e-12,5.455623648996904e-07,0.18393497706538103,0.8112612376293331,6.967758198231364e-05,0.00029281752423184485,0.004440744633184789
2081,2.1652641452953207e-17,1.8396262827017764e-11,0.017232891350883142,0.02987824076765014,0.9528832375643944,2.7065893461507267e-07,5.359639741485888e-06
241,0.7116002852975312,0.2829152884180244,4.463133561469864e-06,2.292498831192511e-11,2.725267226811831e-09,0.0053794258894963596,0.00010053451319449234
105,0.0008127538922599894,0.3748258648584437,0.006783721104691091,0.00021498396049154068,1.8420012304826893e-06,0.5273453187954801,0.0900155153874031
1858,4.4250998612804056e-14,2.2042568158192293e-09,0.014338671475869789,0.0017488160875188423,0.9838605144520447,4.863493831489063e-06,4.7132286434184404e-05
2038,4.057877589594203e-15,5.641452749986318e-10,0.01584605909559324,0.005773962157377888,0.9783463022010266,1.5947929935624899e-06,3.20811888593867e-05
242,0.0036565291666524158,0.6261853242214243,0.0008917718909871841,4.041594782700177e-07,1.0394508812966711e-06,0.3628925219265139,0.006372409184062643
470,0.6389165975788957,0.31801046135285366,2.584210020365111e-05,9.504917763338594e-11,1.296150426495637e-09,0.04271145688417061,0.00033564069267680736
797,0.0009417396656877488,0.0836102163319584,0.05361118317373985,0.0005774667882662419,2.8545391638656637e-05,0.6048261655161472,0.2564046831325619
1026,9.675294464150998e-06,0.012539236281194306,0.0944904011689739,0.07582815556597731,0.0001038730209597906,0.1829125806634039,0.6341160780050266
357,0.000425037753460555,0.5052109495689415,0.013480849199448893,0.00012277485694720233,5.987624924710033e-08,0.3132827507853001,0.16747757795965257
473,0.33919287601912435,0.5437458968159521,0.001038780582268638,6.118973790976085e-09,6.188922474385569e-08,0.10312689155011673,0.01289548702433975
396,2.924503725345734e-12,1.2713372760710657e-07,0.20413982054948732,0.07777803568217176,0.7119047800501085,3.150806076711849e-05,0.006145728520813296
349,0.8332409387042929,0.16648591305005297,2.77110796396409e-10,9.837677457579007e-14,4.6223866635706806e-14,0.00026502029904705744,8.127669351599875e-06
735,0.0017261700610931038,0.16303227052822475,0.03984863288211557,0.0005484225432927359,5.148926646315476e-05,0.5442634995870794,0.2505295151317312
224,0.0033769019325801232,0.22444042613809015,0.005456424598123708,2.1384385583224787e-05,0.001141992253224861,0.7265287628879529,0.03903410780444513
1696,5.532732907211218e-12,5.635388277803932e-07,0.16893689320126037,0.8250219564885745,1.8519888610758896e-05,0.0004437398231672019,0.0055783270540266
1439,1.4869978822418039e-08,0.00013471475830099036,0.26117887515777766,0.6431068369605112,0.0015572139341048987,0.01635524808788602,0.07766709623144039
1901,1.095408065259398e-21,1.1019936298507554e-14,0.003346304169600021,0.03988489159873716,0.9567687071836808,1.658544194075208e-09,9.538942702583752e-08
2012,1.4432067860133073e-12,3.167259468193555e-08,0.02346128729051133,0.0025066672019975174,0.9737579430945251,3.02582897964917e-05,0.00024381244913160492
723,0.7557936520270649,0.2408974451634365,2.035159520619021e-08,1.2447558205162367e-11,7.540103100613478e-09,0.0032644006672783725,4.4474238074415286e-05
1013,0.0002685333040531454,0.060107462090078737,0.1502961712213273,0.0012486969457377204,1.2368610554529697e-05,0.3022453994967222,0.4858213683315263
1914,1.818237406242472e-18,2.3436182861578804e-12,0.01102660331977117,0.015233320111989142,0.9737383362115495,5.915511325585059e-08,1.6811992332700101e-06
1458,2.3950241509609035e-07,0.0008053906015472172,0.8508635195304863,0.0037419707315950223,0.0004133241026792547,0.04326836959166409,0.1009071859396129
187,0.00824931199208473,0.24125107321455722,0.0020364716599873653,2.755275491391485e-05,1.8762994757148003e-05,0.5793473162042416,0.16906951117945787
112,0.05207999205636038,0.7496006937468256,0.009955335171129615,7.331819185693802e-08,3.253113431155671e-05,0.1364576378990572,0.05187373667412359
1799,1.0655414398998011e-12,5.380239830938712e-08,0.040850917036963,0.025212759563225974,0.93338747353523,4.340450707399267e-05,0.0005053915540432564
1428,1.4941823873297367e-08,0.00013369247036780802,0.21422832897116892,0.691441175851043,0.0012955152767802902,0.016108247254697925,0.07679302523411831
125,0.11850230123018576,0.27762064627388483,0.00026785400207359595,6.199702498639148e-09,2.119828611754155e-05,0.5993750991424144,0.0042128948656213385
905,0.0020331709219065137,0.15447579391352576,0.06234763827560386,0.000138058304235611,6.921030143406334e-06,0.5215388622794679,0.2594595552751169
165,5.6023582779655096e-05,0.08084850163396055,0.03251745152436874,0.0033486480099327205,7.787057191537158e-07,0.045909216730707574,0.8373193798125316
2040,9.923313651829534e-18,1.0968364982716795e-11,0.015633513231336275,0.03669658786019825,0.9476657467555126,1.8412071243761375e-07,3.968021272047683e-06
1321,4.305299263531259e-05,0.010103330482434442,0.5017765677145792,0.0015224086224660388,0.07834924720040269,0.11989952666068855,0.2883058663267937
1009,0.00046364180648306624,0.06170266333256864,0.01481658196908894,0.0005750031546308291,3.593323464131648e-07,0.03158093230128529,0.8908608181035969
784,0.0018937489983784903,0.10007760656437827,0.15386016855041565,4.292863287693536e-07,8.93751811395304e-06,0.5405719066040333,0.20358720247835158
1459,1.9603877483151086e-07,0.0006557570803562429,0.8233614810572167,0.011396447909977597,0.005708117719460449,0.04311073942988981,0.11576726076432418
2052,1.2063755037311675e-18,1.3155397955739257e-12,0.0071614739989745695,0.009416593418925976,0.9834209631711573,5.034959084065379e-08,9.190600357063015e-07
1618,1.1487705291768795e-10,2.890841680350616e-06,0.31233874678684226,0.6547057095986062,0.0016896708120737248,0.001717264661456471,0.029545717184463853
1552,9.935564727531087e-11,2.4768551527688525e-06,0.32564864239471203,0.6419058882757047,0.0029155349970863926,0.0015491608405921397,0.027978296537396277
793,0.0010432979213258636,0.13114825115456885,0.06659743832705993,0.0006021823473832125,1.094086871978608e-05,0.48785542542167926,0.31274246395926303
68,6.500462569799346e-13,2.3849284269986135e-06,0.179533959104086,0.813614224748852,2.1004821501620504e-06,0.0018035708310077136,0.005043759904827071
279,2.04000154231122e-08,0.001828624621476326,0.21109356278894695,0.6877059595590507,0.0008164715936027317,0.030764647827211743,0.0677907132096962
1886,3.8126114050364545e-25,2.195686402249751e-17,0.0003051031790366533,0.0380736117309902,0.9616212820498496,1.5017595949810893e-11,3.025105869743923e-09
924,0.0011884659100511482,0.058776922631329366,0.053157939190821374,6.282918041858486e-05,0.00028706566676601873,0.6834556577319782,0.2030711196886352
1235,1.807927166073323e-05,0.005709672723150261,0.5583274814862075,0.000968715233291928,0.04216864583049345,0.1956214265071846,0.19718597894801151
606,0.9056979741067225,0.08054104318196949,4.611503670440137e-07,8.980108612863204e-12,1.8349547192638187e-09,0.013606018424098424,0.00015450129290780104
1314,1.7664072132411689e-06,0.001681180622954812,0.6931673684139928,0.005593911209829216,0.0015881600196969326,0.1986880635163969,0.09927954980991621
1735,8.580110388639918e-14,2.030493666854986e-08,0.0740332873162793,0.9195027220324478,0.005045567636761446,2.9018878508839496e-05,0.0013893838309803927
195,8.45147278126164e-06,0.00814672269868117,0.30641140408420536,0.0004331484756968521,0.018964608943097833,0.03045084100902071,0.6355848233165167
58,0.02808283347441626,0.5546395147932544,0.014746168109477258,2.2202358324152822e-07,2.9383286415605696e-05,0.34386468126329134,0.058637197049561954
891,0.002230688958027033,0.07552718470327895,0.1031246293800404,6.344844388194824e-06,2.0204739471972393e-05,0.72687826961527,0.09221267775952349
1417,2.8043487921384664e-07,0.000556736524617453,0.7828924086299451,0.01846723992995999,0.00021082809170934187,0.038052595730395176,0.1598199106584939
1160,2.4148167369961288e-05,0.008139448492231686,0.42935656879093625,0.003932837489890062,0.00038741673132835304,0.2700955357920566,0.2880640445361872
1505,4.5609097645925765e-15,3.6660293402479263e-09,0.00726115650536916,0.9923491892250152,2.3235920106381843e-05,3.933408771709545e-06,0.00036248127470364536
1324,8.361469015979867e-09,9.621196580166459e-05,0.49599817666254975,0.41597426277548094,0.0045225235532077935,0.012511035309894938,0.0708977813715959
481,0.00015572392975693008,0.0492732174648627,0.0012821591709448622,0.0009515495666722444,0.0003630900521978746,0.9301217073272734,0.017852552488292033
174,0.012042186435842933,0.46347497390035886,0.0014391331936240504,4.907046076212474e-05,3.4359982567486054e-05,0.4777305963101255,0.045229679716719116
1045,0.0002687964793965196,0.07020279862679696,0.05088628617503142,0.0003258950485315416,3.755188633010092e-05,0.04683318074414691,0.8314454910397665
570,0.9195690444850985,0.07747431500137898,1.6703649333688605e-07,1.962229194801718e-12,1.7220716424175224e-12,0.0028444212551159568,0.00011205221822895008
1966,1.1164519896600313e-14,9.560381184913709e-10,0.013294501224442408,0.0031183739347180857,0.9835494940178047,2.3651133075134736e-06,3.526475367798742e-05
17,1.1425853671166174e-06,0.002119095817526801,0.8675808601432238,0.002115175214447362,4.726898813961501e-05,0.03236937932455392,0.09576707792674122
685,0.9956507397977987,0.004220900203933388,7.850886339204728e-11,1.1345669982692896e-17,1.85041628507063e-12,0.00012829030505833908,6.961285031995535e-08
777,0.00690371983836228,0.15829971641507584,0.17750543437887314,7.932132248379278e-06,6.583956605017451e-05,0.4210048506675914,0.23621250700179872
1091,0.0005899410542812012,0.055261707715676865,0.11399412313098745,0.0010602888574929197,0.0031007063005863817,0.47273859084521863,0.3532546420957566
1801,2.4509250408534395e-18,1.848323930458465e-12,0.007779173460585345,0.005579502961000212,0.9866402743808806,6.630307598648402e-08,9.828926096270917e-07
1215,2.665984716019819e-06,0.0022850286816145753,0.8921165414345378,0.0004558209994647243,0.000897266627264133,0.03523388197580198,0.06900879429660099
1847,1.9070863684334312e-17,1.702567174920522e-11,0.014529738454421222,0.03312013914499553,0.9523453402653573,2.525295995458898e-07,4.529588600833424e-06
971,4.315252454915395e-05,0.018011436736034083,0.13346504247096447,0.007543110349026919,5.382378559324066e-06,0.2815435635442712,0.5593883119965948
1732,2.061180003197669e-11,1.036558487966067e-06,0.08786937988783884,0.8864387274356506,0.01896994388689371,0.0005167141646112327,0.006204198045906143
1551,3.775016401012899e-11,1.61001252551006e-06,0.19810795432918696,0.7843489418313313,0.000885302051550393,0.0009063793676812595,0.01574981236997455
43,0.004058426538759884,0.7789382108669581,0.006291348355504151,8.570282405542605e-07,2.8312240206013563e-08,0.11375926952706743,0.09695185937122953
19,0.0058372058652386245,0.17171408835817778,0.013873403234735172,1.8698211383296632e-05,1.7703850762674552e-05,0.248067145816492,0.5604717546632105
770,0.007295474765283384,0.09299759015352019,0.009914729350948897,5.415848449639851e-07,7.265628817011906e-05,0.8485589303249267,0.04116007753230599
2008,1.014217375248266e-14,8.557848355442605e-10,0.011307258355342301,0.002846308960176925,0.9858143233338877,2.190506284810838e-06,2.9917988513020244e-05
990,9.166106169520979e-05,0.03535032080250371,0.12502875218468623,0.0027621675893049007,1.6036604079674215e-05,0.10594247190599794,0.7308085898517324
886,0.004593922820057399,0.13509001807102744,0.2188266446195383,3.1798044320366926e-06,4.4776590299756564e-06,0.4389968810428409,0.20248487598307383
72,0.10404664369551897,0.6050516588522792,0.00043141510494204414,1.0540570039996628e-07,7.183747881748449e-07,0.2036828761453567,0.08678658242141447
801,0.0005516655183485178,0.06348201876064359,0.05695855344584072,0.0007740576129772671,1.640430304785853e-05,0.3343122700646321,0.5439050302945099
1731,1.6114718084424292e-11,9.298629194881784e-07,0.09215696058718555,0.8923020871922842,0.009092996537295905,0.0004654341686746609,0.005981591635525344
569,0.8593197134775776,0.13420316886473566,9.795913507850027e-07,9.229333526131524e-12,1.9715567711869824e-12,0.006188371302285402,0.00028776675284977277
1419,4.014864154281224e-06,0.003086959012324843,0.7652604706065043,0.0008019530197232255,0.00010541390652170526,0.03541423605957853,0.19532695253119317
1399,1.0722480465927601e-08,0.0004140839256535416,0.5233736532828555,0.06215027018857828,9.737890979220941e-05,0.011507446731586527,0.4024571562390536
117,0.008034353031272841,0.4445766495474571,0.1454615508661211,1.1542214639279292e-05,0.013706099585790757,0.1493842533614248,0.2388255513932942
133,0.0021780369775937646,0.14012140439744966,0.05189183912133427,0.0001596054012563926,2.3780222626135212e-06,0.5892158476380134,0.21643088844208977
1885,1.4848923935671884e-22,1.3606813395585787e-15,0.0005366991095533676,0.017248836837373858,0.9822144368829822,2.843855311052958e-10,2.6885703813130246e-08
504,0.9008500948206051,0.09893947008654723,2.037637333732867e-08,5.244345961179836e-13,2.476623760627515e-10,0.00017016452825561904,4.024994003180664e-05
35,0.0010385055241271348,0.09680567121782739,0.12206013736269976,5.747058896512701e-05,0.00015366322237173757,0.22334743775775373,0.5565371143262552
1916,1.3815752026335991e-14,1.1099967152911902e-09,0.014199440064741624,0.003111156899522782,0.9826463302074875,2.6622201954042674e-06,4.040949804206675e-05
935,0.006658000380738182,0.15489684535498102,0.03925137290320811,1.835360933450343e-06,4.387577590321956e-06,0.6463986899078658,0.15278886851468318
1963,1.0045156143042024e-14,8.826375778719178e-10,0.013208012721745833,0.0031641671054777813,0.9835910291435552,2.24981487453468e-06,3.45403316988821e-05
511,0.7384661370817385,0.23855687506357554,1.7054573610746054e-06,4.549447241427338e-12,4.058965494363207e-09,0.022780821039436915,0.0001944572943730965
1571,2.8186154184310072e-11,1.360901619011033e-06,0.13994129998287028,0.8271105382854642,0.022858327081283512,0.0006990516091160765,0.00938942211146061
1342,1.1057521918269866e-05,0.006422066187934286,0.7816829984697101,0.0015675771189617306,0.0014768419646535888,0.09804556992855773,0.11079388880826437
1774,8.079596076025386e-11,4.737565295424264e-06,0.13748023376494334,0.8182101410946083,5.410456364802152e-05,0.00022668096228970264,0.04402410196841921
1602,3.496932802315718e-12,5.304520468140183e-07,0.18018509042252376,0.8150067552906765,8.163569006610551e-05,0.0002932002162401631,0.004432787924949764
1697,4.43986977138555e-13,1.441830409131899e-07,0.011982686810757447,0.9858332703549005,6.721987074370926e-06,1.530628363724348e-05,0.0021618703801456283
1907,1.3464534297895316e-11,2.1513516513366372e-07,0.031008850488143024,0.006980681673819583,0.9611195837926267,0.00013351974287830487,0.000757149153902644
667,0.7271745484409191,0.25984367336152736,3.6867358525052922e-06,7.716432034865577e-11,1.3375984881914126e-11,0.011517964104022357,0.0014601272671386709
1065,1.6530614174415775e-05,0.0131090804096615,0.2653449693701499,0.006173105895005776,7.79321978037798e-05,0.05638562126967802,0.6588927602435265
522,0.87608957326048,0.11244450847707729,2.856548803939903e-07,1.5024463540085497e-11,2.4274776495044297e-10,0.011262141498937069,0.00020349085085303188
1311,1.3470070007202253e-08,7.322868261039903e-05,0.7090836689817257,0.14886645542887725,0.000990556932806078,0.01858404110216502,0.12240203540174564
1218,2.5712169757420878e-08,0.00023652369660984434,0.8118981645724779,0.061928241425175695,0.008958144368722753,0.022162205335805096,0.094816694889039
1714,1.9706333388823907e-11,1.3437253903179558e-06,0.18732427677715152,0.8003793096446937,0.0017904109051775498,0.000690465602664475,0.00981419332521606
726,0.814413439476855,0.18052139540761442,1.1127990494824179e-06,1.2581566056835103e-11,1.1935835393863017e-08,0.004942970627583258,0.00012106974048119668
181,7.60260851978467e-08,0.0013169179472720552,0.05878214901582234,0.045799462135873305,7.53403823488035e-06,0.008059034809461489,0.8860348260272508
1543,1.4006541666683702e-13,2.987643424472863e-08,0.06290713057575895,0.9338238426831251,0.0019169621458791574,3.995516840388039e-05,0.001312079550258362
221,0.20489367027461466,0.44793854227480595,0.0004365701418052444,2.5609410291357916e-08,0.00015805435347714838,0.3383612422565138,0.008211895089372992
1210,8.775053385094996e-08,0.000670044788172981,0.3753171404034285,0.22404058646421732,0.00010715145919511382,0.04159759974258173,0.35826738939187064
1999,1.988593513714069e-18,1.0528765024876405e-12,0.0030918220293602978,0.0025632921826949056,0.9943442355751164,3.356630667836729e-08,6.166454687956272e-07
1454,3.2359484361778665e-08,0.0001485050495487889,0.6501788450965549,0.1613740651777436,0.000779951915954894,0.029387978945235614,0.15813062145547796
800,0.0008751162063406743,0.07809708330160776,0.01655504662728779,0.0018158712818181334,2.6361510474877623e-05,0.567652185533546,0.3349783355389246
1891,5.084393914180826e-13,1.4501192392218813e-08,0.023248645776897055,0.0021239652446482624,0.9744509019747642,1.6518604162342988e-05,0.00015995389782720985
1671,2.4882440941646986e-13,7.372212671655845e-08,0.12435888153046581,0.8737492751452997,3.6033414192720166e-05,7.193712795958687e-05,0.0017837990597066662
147,5.569254211951208e-07,0.0008368472301510917,0.8229855119463673,0.002448076947808312,0.016481679322505237,0.05660747783470657,0.1006398497930404
243,0.002843004843124185,0.47228415459148326,0.008440407122855991,1.889027371287921e-05,1.2826399546790383e-06,0.44056442206357593,0.07584783846529307
862,0.0018283163719096038,0.08102561327616506,0.02842511916580829,3.7299931708675926e-05,8.854914236161713e-05,0.7344155569701566,0.15417954514189014
1807,5.451913718396592e-17,3.700694347170406e-11,0.012100565218977148,0.038092600356149725,0.9498004276138443,3.347899685979726e-07,6.071984053223627e-06
282,0.45553953502157146,0.46137534213734965,0.00014811513689840287,5.130631527176632e-09,4.688705509985089e-06,0.0776175075967686,0.005314806271270371
1712,7.845316986025037e-12,5.831472840795122e-07,0.14850096810521446,0.8376767852909675,0.006233388700568207,0.0003964832249804073,0.007191791523140219
94,0.5467313009065815,0.4274797306510833,1.609508686344102e-05,1.5042866708155823e-10,1.030605335692449e-07,0.02505264300155563,0.0007201271429537849
999,0.00010672485055763544,0.035765351438955574,0.10957905993835265,0.0063840326325834695,3.441696474608573e-05,0.3022870792692865,0.5458433349055181
512,0.8499901784400209,0.1468518391812597,2.466001917751571e-07,3.220362730562943e-12,1.3268039434321144e-10,0.0031039002195672113,5.3835423059367664e-05
1115,5.577859446420293e-05,0.018812536890928242,0.08086988351653815,0.011423411254725561,3.409115603359779e-05,0.287391943123463,0.6014123554638473
1003,0.0006007939899038157,0.06425876297072737,0.24519228330162912,0.0001402346154340509,0.002933925642750325,0.2761301303252048,0.4107438691543505
1770,3.796872874537239e-12,6.550627157278356e-07,0.04376236800619056,0.9483562580809174,0.00013721681046212803,3.507828573863808e-05,0.007708423750178501
1840,4.414957203526327e-15,7.744742479509494e-10,0.027830663143391023,0.016556748623775003,0.9555727749013936,3.529874454954948e-06,3.628268250674094e-05
269,0.4347142731975013,0.45513401997250236,0.0011108179247495784,1.4792109759667393e-08,0.00033616336632898115,0.09876494060441644,0.009939770142391526
1709,1.6707324870096273e-13,3.143210892871566e-08,0.08706461779265748,0.9094250165734605,0.001582271115529969,4.906040605266864e-05,0.0018790026800231804
1518,7.559043465960338e-15,3.737647060063919e-09,0.0159801398238714,0.9817949904177636,0.0017427366010680902,5.384473108844199e-06,0.00047674494653345576
500,0.88584822213753,0.11190260245784553,2.0559987071423498e-06,2.320672169008179e-12,1.3497737448520461e-08,0.00207687085145135,0.00017023505440777817
748,0.0032350798950536216,0.10929572927276603,0.07753472665462564,7.3412670779420084e-06,0.00020551480290340943,0.6918399917864907,0.11788161632108263
8,0.11450819133082767,0.7409023241291867,0.00010772864474499423,3.1376061028309375e-08,1.6004090837635276e-07,0.10823558816512774,0.03624597631314353
932,0.0014043178693781148,0.0739644846956102,0.019151387507754997,0.0004581423150215033,4.205812175677876e-06,0.6604155260127036,0.24460193578735587
1319,1.5172264432776372e-09,2.4736345895164194e-05,0.7581698512110688,0.17691975244828792,3.426257668928962e-05,0.0019507784901712057,0.06290061741066111
21,4.554358993355494e-08,0.0010695822768660114,0.390003849737861,0.05101917332771163,0.00412171261371787,0.006905833257568334,0.5468798032426853
695,0.9396197813643132,0.05555679385996587,1.8751753548899424e-08,4.6953026172872975e-14,3.633423782806492e-12,0.004818242392515497,5.1636277712526005e-06
1698,2.82872775426244e-13,9.708498283761254e-08,0.02777133156779987,0.9691803979516747,1.2879273506730388e-05,1.5026656014798376e-05,0.003020267465737964
783,0.0025283441898882606,0.12376920041973682,0.02546571215202167,0.00013554282524477488,3.830070681924109e-05,0.7196301122149703,0.12843278749131895
1941,4.3976088495983465e-18,3.2299646247451318e-12,0.005864964287107654,0.00665826710052956,0.9874749425122848,6.543110104270687e-08,1.760665746781453e-06
763,0.0003617300100057659,0.05501879546932204,0.05316312969617959,0.0017617032905690628,7.385494977966731e-05,0.41473505520317683,0.4748857313809671
1915,1.8894861043805065e-14,1.383721620182969e-09,0.014810374649768514,0.0030205992805041725,0.9821199958454997,3.1266590038039276e-06,4.5902181483335625e-05
258,0.882140971011789,0.10099685066049748,2.7920861241762744e-07,2.6772009624787655e-11,2.9964265471623725e-09,0.016697850292913496,0.0001640458029889957
1464,3.13745835817635e-07,0.0008078764938755226,0.8213214143282124,0.00753605212025484,0.006652902146135865,0.04827375874215404,0.11540768242353157
1546,5.0705965677846185e-12,4.6787817023050203e-07,0.14732740819023132,0.8422043991250947,0.004276214933426853,0.0003004737666572868,0.0058910361013491215
236,0.010864239571888564,0.6825113966609357,0.016202826151571897,8.932168707660731e-08,1.6577933262909815e-08,0.26048898537488197,0.02993244634110137
1959,6.390310723530462e-17,3.2830481711017285e-11,0.007876479772238624,0.026975327588329618,0.9651421158855216,3.1707587857579887e-07,5.759645201318857e-06
1113,0.0014176349373215174,0.10442873854079848,0.0963126647088865,0.00011682608800310053,0.0023158411728731267,0.09429490509672703,0.7011133894553903
1297,1.8993551682402835e-06,0.0016286185023094602,0.9158785512710224,0.0003094759497603781,0.0012376463547060972,0.02759236427038116,0.05335144429665234
1899,6.356346438042075e-18,2.8466118765223035e-12,0.004616266262590821,0.0033740352771588224,0.9920085052185316,7.458343562997583e-08,1.1186554364871351e-06
2028,1.3352999445275626e-17,1.1027176383712025e-11,0.01185767182498006,0.023175424974892795,0.9649627482065941,1.8919970917999675e-07,3.965782796819354e-06
1583,8.383526537561242e-15,4.619544969592976e-09,0.015980725316383372,0.9833825357621566,0.00015426475926791288,6.531539411018148e-06,0.0004759380032276281
326,0.1982482103773347,0.7933170059527869,1.7064024879096865e-07,4.145526524019987e-12,3.675813617381644e-09,0.008372997754917337,6.161159475321921e-05
1024,0.0013254500258829257,0.14535008870796928,0.012741284289869233,0.0005430487049653247,1.4160921361610126e-06,0.15840823949112462,0.6816304726880525
334,0.22389617945117093,0.7459519095932586,2.959168061675306e-06,6.281012387230009e-08,2.946115950026345e-10,0.022885798530194512,0.00726309015257867
1762,6.234298391225495e-13,1.3164833499482882e-07,0.10937596721775082,0.8881752688195738,6.0816449722119735e-05,0.00011637611839913107,0.002271439745595884
448,0.6686555433044119,0.32056978733233205,2.66458987257666e-07,5.849203904347271e-10,3.116377952482863e-11,0.010567988903150555,0.00020641338503384928
919,0.0007117673551293968,0.1096287030871657,0.05886331586253494,0.0009617765580188229,1.69980556794946e-06,0.19898589813315967,0.6308468391984235
608,0.8763698788878275,0.11314987382155109,3.689487409645479e-07,1.10142317105903e-12,1.977957289485674e-11,0.010390199772875454,8.96785481241122e-05
810,0.0018623309651975496,0.09070105377983755,0.06864388936674691,4.235631549894848e-05,0.019202240332544453,0.4973473268710995,0.32220080236907506
1883,1.983270512675788e-18,3.952252821305021e-12,0.013544195694957033,0.062311446894199714,0.924141680387222,9.664633210872241e-08,2.5803733369392085e-06
252,0.000959756288038222,0.2476253336242282,0.006008799621241423,0.0037879229953794035,1.3427988692200828e-06,0.049667309109289,0.6919495355629546
1932,2.2152399452162874e-14,1.3985354289734498e-09,0.011057882503123674,0.0023474556893614868,0.9865538274649306,3.1880117556552966e-06,3.7644932271069846e-05
2051,6.114141804638793e-22,7.390273694389295e-15,0.0029016064597760494,0.03796935545732872,0.959128958961123,1.0073228470591978e-09,7.81144419654704e-08
2071,6.564115030079359e-13,2.608404849111817e-08,0.025781514463037287,0.008290454289162906,0.9656530439711958,2.5855367801630365e-05,0.0002491058240976741
200,7.953885729529165e-07,0.006268634672313022,0.875889061448297,7.406988922243863e-05,4.6512545618315256e-05,0.03089296342436906,0.08682796263160737
617,0.8611264335108555,0.1315136224064991,1.340862239733298e-06,8.262439517280291e-12,1.7452429606811325e-12,0.0070920775618848585,0.0002665256485131844
962,0.0022608656568509646,0.1558547658895549,0.021723974650359457,2.8684432459786025e-05,1.5230175331959034e-05,0.19207408904270526,0.6280423901527377
277,0.1359787522411989,0.8257626749137383,5.006220227342552e-06,2.9594032344332667e-09,1.6853667510265562e-10,0.035870954407850576,0.0023826090890448496
300,0.002671087592883421,0.5203502478496944,0.016986316370092805,7.310793023761866e-07,4.972500065829967e-07,0.41700636440618505,0.04298475545183534
313,0.0031700955243325673,0.8747855528832967,0.0023948300686733124,4.063963655292522e-06,5.140764758900958e-08,0.04224462964627423,0.07740077650612014
1426,1.3442029875057074e-06,0.0015405714389202382,0.8104723206086689,0.0013394446846805054,0.00014654482687333025,0.02381182736852921,0.16268794686934032
2058,5.7610036133204455e-18,3.879385145358091e-12,0.008624251617925169,0.006191401241827583,0.9851823000703968,8.559294304142188e-08,1.9614730278815714e-06
369,0.017002044382767173,0.49473315858485434,0.002727210591024749,1.1901852179125007e-05,0.0001369612121689127,0.21353443115378887,0.2718542922232167
1605,1.3716567080679799e-11,2.4399207675329046e-06,0.046069303564793856,0.9432548369918731,1.4668304733530279e-05,8.541524318385223e-05,0.010573335960931459
1788,1.6491151046212957e-14,1.0874273176350206e-09,0.013899412312139817,0.002935298032219212,0.9831252007852612,3.2180752913411637e-06,3.68697076443619e-05
728,0.8062749704913046,0.18775745143580047,1.859238861854154e-06,1.5115558880599762e-11,2.004977137944926e-08,0.005810569068283777,0.00015512970086229032
863,0.005411823121873793,0.15039829195981497,0.19915382393404607,2.595744086762714e-06,3.4956618247632794e-06,0.45435422545317633,0.19067574412517735
1662,1.5837652017877014e-12,2.3395506807595386e-07,0.14752691657615022,0.8484608767130499,0.0001553465455307994,0.0001784599367257466,0.003678166271891346
577,0.8077533082077555,0.17078339278068946,1.3205777510767808e-06,2.11251325935173e-12,2.369079463225865e-12,0.021314937516148113,0.00014704091317415066
1381,1.0575640158389235e-06,0.0022176251904420935,0.660293260761139,0.00933969444880388,6.9535115006028226e-06,0.028580434437071964,0.2995609740870266
1996,3.9366022075099896e-13,1.2719380300322293e-08,0.026461082250906865,0.0025058727652659905,0.9708497611338965,1.54232169106374e-05,0.00016784791324591118
1597,5.940169178947564e-12,7.135257945444595e-07,0.11098678104615294,0.8757462390165058,9.812139143092105e-05,4.692622878365646e-05,0.013121218785391974
820,0.0015472825757640583,0.09074707905373318,0.055931478254732575,0.00017898896104070073,3.1888726667896846e-05,0.5753309604419747,0.27623232198608677
1099,3.224991647840832e-05,0.018292161352072712,0.24160901304636365,0.01600914043521759,0.0004481370161908519,0.29758039196686425,0.4260289062668125
403,0.41871293303835183,0.5640668498055011,1.2042515163314037e-06,7.987934519336582e-09,2.0799502381367775e-11,0.010366199311598594,0.0068528055842979295
1675,2.9413917934423123e-13,1.2308068863402051e-07,0.015841534058240393,0.9826389859584787,1.848440261858536e-05,1.2549786649200477e-05,0.0014883227130306795
89,0.0004831775620748771,0.10236091266943215,0.13410546549705707,2.6113398315694642e-05,0.003122136786349112,0.5378071814830394,0.22209501260373166
1184,1.1058015793052768e-05,0.01479435907516489,0.20398731298057754,0.011383969836636738,0.00026511788194056186,0.11462931479436206,0.6549288674155253
1148,0.00035146932503233414,0.04399426226790937,0.22729699585843838,0.0001915148887247144,0.0007740471087754393,0.21338900743404107,0.5140027031170787
1066,9.01463695575947e-05,0.042126880415294374,0.281179945120279,0.0030913729337078894,2.6565984288209243e-06,0.11693909655766807,0.5565699020050643
268,0.047887282905109005,0.704577613034106,0.0004283264946239324,9.134486486681443e-07,7.882306853518948e-07,0.20196839503607375,0.04513668085075327
1112,0.00015200210864912324,0.03570015173533579,0.2847133525864921,0.0011272737870064668,0.0001767800836579725,0.3976844058627947,0.2804460338360639
1371,1.0972702713652469e-06,0.0006695240976350795,0.8855580405712498,0.00026908077096353644,0.004636523156284121,0.01551630431320098,0.09334942982039512
586,0.7852678277046145,0.19002196209091796,2.027392913623224e-06,1.2881064804463935e-10,9.418878001621793e-11,0.023408870319895407,0.0012993122686592025
1827,4.227800913281115e-18,2.6755106512419137e-12,0.008921209271455987,0.004089840828302195,0.9869877374387522,7.340320184075813e-08,1.1390556119658404e-06
1776,1.3047895550906631e-13,1.1507645101131441e-08,0.028196033556484937,0.02422825029537146,0.9473753945590102,1.3855848811145942e-05,0.00018645423254680642
1909,1.7396202872640742e-13,9.477472711780686e-09,0.016730439594832693,0.009878459691965533,0.9732420413887424,1.360291123547972e-05,0.00013544693557711944
914,0.004499608195373198,0.10852703339240022,0.044910166808950686,1.1710547184999935e-05,0.001190869129934018,0.7111660029332967,0.12969460899286017
775,0.00377957078020575,0.25549114801146444,0.039159927907728834,6.994811081949407e-05,6.929167857147362e-07,0.4644928871370751,0.23700582513592058
260,0.5681336248318608,0.4139617382929897,1.2627043536301447e-06,1.0089104946732674e-09,6.630362255198053e-06,0.017267178022562182,0.0006295647770681211
116,0.15196667127058147,0.6367673094168194,0.0003750361465474486,1.3361057236474321e-07,7.839087024938908e-09,0.17631394067547787,0.034576901040914466
1813,2.6311621903274606e-18,1.2984586733524969e-12,0.0020095146932054405,0.0034705672705248464,0.9945190928786686,3.762473602663768e-08,7.875315667637268e-07
1465,4.594656826557654e-07,0.0011340031673154737,0.7251533413921021,0.009609878673638762,0.008319217331186908,0.06512747609475533,0.19065562387531876
1514,3.228635514769429e-10,2.0348206832293557e-05,0.12234589802428487,0.8498095913219171,0.00036574037745130446,0.0004681002899516177,0.02699032145669905
1688,1.1735468084526906e-11,6.358852396100392e-07,0.18372287671995755,0.8022507165533925,0.0012658085411059506,0.00046653286896160625,0.012293429419607123
1644,9.381155354168897e-12,7.046789976237532e-07,0.16629171910268964,0.8252000587148551,0.00017171932462846525,0.0004535126819140163,0.007882285487534007
288,1.4800523733104397e-08,0.00025554761629859615,0.7522648990396457,0.08651195528979809,4.287798629332831e-05,0.013418915021651245,0.14750579024578928
1475,1.521032570982923e-08,0.0001359502072809388,0.8238200152950498,0.08757269561670492,1.8231453573796171e-06,0.005376540907212288,0.08309295961806898
2049,1.9518512290732023e-16,3.915945062726297e-11,0.006259748797870338,0.004412366901688069,0.9893221450201467,3.935030865715199e-07,5.345738048566945e-06
826,0.00983474584591484,0.11901124067299214,0.022165256806311928,4.394685388355171e-06,0.0031735648015730456,0.7455188139658168,0.10029198322200297
772,0.0026986079414470982,0.12271010619038092,0.008512837651162028,0.0001470377840320442,0.00782465135997248,0.23566047509841398,0.6224462839745913
151,5.817849458144475e-06,0.009732955905401726,0.062312499788331165,0.01097787174818041,4.277879780204546e-07,0.012815016009066161,0.9041554109115845
993,6.633904507758499e-06,0.0069611848757296915,0.24934375133754214,0.007589732482811303,0.00025704218257521907,0.07819544028135608,0.6576462149354777
2015,1.1479324844014014e-12,3.029973411291952e-08,0.02503564403203191,0.003555574648371559,0.9711335948390192,2.9074682630904568e-05,0.00024608149706446423
1957,2.348426429340113e-11,3.690217107337056e-07,0.03631239946148285,0.01106254719963344,0.9513198205131644,0.00020629153641666442,0.0010985722441075518
973,0.00010138653227318998,0.023662168057321284,0.3981891874135874,0.0005222004807486091,0.00016444574842587858,0.18420189133203754,0.3931587204356061
1265,7.404508404482958e-09,0.00012322257429467573,0.5028103788872642,0.3756646355138345,4.593204365181291e-05,0.0033758856203912357,0.11797993795605524
1376,5.916557447848621e-06,0.0027563960681433147,0.8021978632091259,0.0003447702087014823,0.0010873784369867668,0.04230632640929542,0.15130134911029924
768,0.0037712167116854094,0.18521046679723327,0.013431835041714402,0.0004493936725099782,0.0006922421260276521,0.4605425813414726,0.33590226430935666
709,0.9653837892935061,0.030392000948264688,1.989944008060209e-08,2.8436769728082e-14,1.1632150314418752e-11,0.004217676032784608,6.513814343862496e-06
979,0.0005472285446679755,0.08540468710312311,0.16291401239396974,1.3711580013487793e-05,0.005510430155216825,0.5213362449352786,0.22427368528773026
1973,4.033418615137965e-22,4.867720551154508e-15,0.0026936922272400837,0.03356485161175312,0.9637413952483598,9.547237513610663e-10,5.995791853184403e-08
659,0.7639056450028492,0.2121310622325193,2.6163022189268896e-06,2.3892587843621047e-10,4.090418618843163e-09,0.022644585751894635,0.001316086381173498
119,7.948234920190206e-05,0.059240125068599096,0.09202089968288552,0.002007173177764301,3.866337037506175e-07,0.15391541029849942,0.692736522789346
435,0.02283493369998647,0.6256082563034854,0.00036602165204150544,1.1424001433962467e-06,7.662174499398164e-08,0.3127717287636298,0.03841784055896828
635,0.9061793776762757,0.09244763245942134,4.843734774070788e-07,1.1949254982715347e-12,2.642060783660529e-09,0.001286109121094186,8.639372647569667e-05
1778,4.896565542938943e-21,2.998056328213527e-14,0.004512163969859485,0.02833649539790385,0.967151196635774,3.5621689115088335e-09,1.404342638122194e-07
1983,1.6669454060772051e-12,3.221423565325693e-08,0.024560832497387275,0.0017891913343300605,0.9733776012425251,3.073069223977972e-05,0.00024161201761506895
1326,4.357900782413629e-08,0.00014735548903378783,0.5741926815669282,0.21261168802219577,0.007919229975208813,0.046628054551748815,0.15850094681587687
732,0.0011827240212443073,0.21700371798676013,0.05252660820671022,0.0008219728713522235,1.9550036383600788e-07,0.3451383019986997,0.38332647941486947
136,0.0006738395130807047,0.8928875742523461,0.00012895825474081,9.979300749445564e-06,8.423041602334928e-08,0.08141295824240885,0.024886606206257895
1370,5.253573467837616e-08,0.00039326560805018687,0.7434941897798816,0.07407747527619558,1.965446333183296e-05,0.009227640990387266,0.17278772134641873
1213,5.4208635440584515e-09,0.00023051877695018193,0.7439257872355268,0.030647985179578695,3.5205830983565324e-06,0.009285009809687389,0.21590717299429493
1843,2.0887067639802628e-14,1.6104262766275995e-09,0.014828089259979648,0.0038802309427744654,0.981238871134342,3.4808121364334854e-06,4.9326240320205774e-05
901,0.0029531164478955557,0.09086431940377353,0.032451835331144166,1.9859425206652895e-05,0.00021854591299551207,0.7497028677768764,0.12378945570210803
1123,0.00043963684566431497,0.028017708340018353,0.19968254938517907,5.0984877412594794e-05,0.0032203046335567975,0.5995092782857191,0.16907953763244965
487,0.35860210296140427,0.6231144843802836,2.305074447048076e-06,3.8402876509413934e-09,4.6567548728772835e-11,0.014030870735741316,0.004250232961268493
1529,5.203140357152184e-12,3.1553471036257744e-07,0.041707471000347426,0.9237785896097243,0.030863094928344194,0.000177974680189423,0.00347255424148108
895,0.0014244139041508447,0.07856985040961044,0.0880358553694825,2.2433267183650747e-05,0.00021225115627253766,0.5438088498321215,0.2879263460611785
250,0.0005282188883212633,0.06896703494834615,0.03343651269725507,0.0011412128858102907,2.292013327051385e-05,0.16849978416073552,0.7274043162862612
672,0.7347059535962638,0.2585315368534672,5.51645005925774e-06,4.811172598870678e-11,1.3293160174609124e-09,0.005943911211024509,0.0008130805117573847
563,0.9074119695271167,0.08942045348489214,8.226048649467019e-08,1.8191521639849837e-13,5.17194443532755e-12,0.0031603031860322436,7.1915361186532085e-06
925,0.003858048957129841,0.13661482726386673,0.02947043995805589,0.00012036888932243111,0.0006467686686561824,0.4221999612385759,0.40708958502439313
842,0.0028214032643920635,0.10055859729515763,0.03776373742678158,2.426036511042623e-05,0.0001759926841539766,0.7388934677741259,0.11976254119027847
1164,0.0021575125575225514,0.10627748963011659,0.0777468506021829,7.646558279493066e-05,0.025129636253127578,0.2847849730097715,0.503827072364484
1822,1.5447201489377998e-17,6.689469783921598e-12,0.008682561830778781,0.003903554390053472,0.9874116309665546,1.3151935562405332e-07,2.121286568005364e-06
399,0.06598655114442385,0.8161370038714624,3.336733189807282e-05,5.782415933185035e-07,2.236302328009465e-10,0.07885675350342501,0.03898574568356726
1260,7.359145697713324e-07,0.0013670323566044055,0.7566010533683191,0.0028933096793677844,0.00013963002211032176,0.019809406887415476,0.21918883177161325
320,0.01574008215674802,0.5698270076746501,0.0007267371845980794,0.0010415234527017736,0.00036225741481731277,0.0656113726079671,0.34669101950851766
1910,8.310821334172976e-14,6.103994345371854e-09,0.01689350888863366,0.012891529384774784,0.9700934270920525,9.669060393396959e-06,0.00011185947006839504
466,0.015410839050502171,0.4112765013267116,0.006000286578284384,1.3859500474823778e-05,4.641999635112661e-07,0.13257859973693223,0.43471944960713127
823,0.002082105684078813,0.05528382882866576,0.030430763199933014,1.559005372261596e-06,0.00021809015368880888,0.8918448020014653,0.020138851126795865
1787,2.4229939226016013e-17,2.449247619521011e-11,0.01783805150361343,0.06039694119748162,0.9217579172546004,3.376058038564511e-07,6.752414008116274e-06
85,0.06548650362101227,0.6909045162671876,0.00019459274299916176,2.6163084810140663e-06,3.4342406216058787e-09,0.02875225385053833,0.21465951377554113
594,0.8021433668678636,0.19134444065788833,2.376581989354474e-06,1.7178896642007898e-11,2.4767393605272458e-08,0.006324846696331391,0.00018494441135483226
1791,8.571143353543184e-18,4.402678705807767e-12,0.009304327686201,0.0036298842895960133,0.9870641924111914,9.53247688025249e-08,1.5002838403362898e-06
14,0.38569996823308483,0.5303690972639591,1.500005079572139e-05,1.9804062244616335e-08,3.0592048417209886e-09,0.06930311795180823,0.014612793637085082
542,0.9055402668209027,0.09134323523692797,1.5737463132529967e-08,6.962993628534203e-13,1.6432959529598077e-12,0.0031032270769602785,1.3255125406319768e-05
1663,6.589508257320822e-12,5.350020804622612e-07,0.10527755048292355,0.8815890195003213,0.008035016744045808,0.0003106322475721079,0.004787246016467341
406,5.779535281281246e-05,0.08641277615801497,0.0024519099664640997,0.047125020900732936,9.201785548527584e-06,0.2870782697850893,0.5768650260513373
1455,1.5951811797599223e-08,8.432475588355489e-05,0.5711688284419357,0.26732766752391324,0.006302453116002261,0.026546792574695145,0.12856991763575826
428,0.005302733364045468,0.1380705353051205,0.2342172813107659,1.659233997423652e-06,1.9534916344668858e-06,0.4200219499639682,0.202383887330468
1100,0.00030901662875980335,0.09581483519368732,0.2090343881877745,0.0009748600211288206,5.811555220890701e-07,0.17472732018117032,0.5191389986319571
934,0.0021873813537744732,0.19048661330230543,0.013333540233992589,4.214385888242664e-05,2.0849089123683177e-07,0.7223962567522809,0.07155385600787287
1861,1.472206387168861e-14,1.1591320873126063e-09,0.01207691915876347,0.0032212645028860576,0.9846621655054792,2.758496632479067e-06,3.689117709200477e-05
806,0.0005937829737768891,0.05081880092584468,0.08191317236052316,0.00015574418667726244,0.00026344705645646866,0.5719195200328795,0.2943355324638421
711,0.8179639380865538,0.15811646919608568,2.088019334511401e-06,3.679298978600797e-12,4.1204475730554183e-11,0.02368393872560352,0.00023356592753872335
776,0.004005842721836765,0.1306258812997602,0.0520536124586551,2.1557623841472115e-06,3.8893042683887294e-07,0.6667922623598431,0.14651985646709378
83,0.5108229561191564,0.4737911313050972,2.9603643701196952e-08,9.45178053077938e-13,9.42441264386288e-10,0.015360232571736942,2.564945697935783e-05
348,0.006391326339055442,0.3399330613116806,0.017233259576550558,2.0837412970393007e-05,0.00036813456433781324,0.5466751217057833,0.0893782590896219
955,9.795639848982363e-05,0.04159812043107268,0.2670281608323796,0.0025880666240085293,2.4040384079975514e-06,0.11501858961465465,0.5736667020609867
532,0.9021095243699263,0.09616536678173718,5.424585858220002e-07,8.642388674208151e-13,3.252240102079792e-11,0.0016059802683908583,0.00011858608797312247
977,3.939863325790891e-05,0.02501531652667808,0.0351294129666914,0.03766601736266073,6.994080454583513e-05,0.26943175177010825,0.6326481619360578
506,0.7837770659912835,0.2155338624117258,9.694502310063563e-08,6.924831769002702e-12,5.493133136099837e-12,0.0005056151198262479,0.00018335951972322327
1693,6.24774468495075e-12,7.023141261961126e-07,0.16651081390017172,0.8265578891597483,0.0007329383305973084,0.00032934350630105773,0.005868312782807575
1442,1.2663764975682873e-07,0.0003750473330375126,0.6107098370238505,0.14561334815582913,0.006612540086150603,0.04721397997033987,0.18947512079314252
1243,3.661219351980865e-06,0.004449679112934348,0.47295975173337285,0.005870663366682939,0.005641042423810192,0.1590405209868985,0.35203468115694914
1336,2.862542346414044e-10,1.2026947269920168e-05,0.20672381721055705,0.7612613448774522,7.05252273941624e-05,0.0025192257451367842,0.02941305970593551
1563,1.4471246617548386e-10,5.421943430790921e-06,0.26658492366013686,0.7086247676890138,0.0019133156321528883,0.0021744561915450944,0.020697114739008194
1445,6.490181885829638e-09,6.113609617789855e-05,0.7484029189789914,0.11343644158029316,1.0353693860012338e-05,0.003694581165075207,0.13439456199542035
638,0.8348284836920719,0.16471145113835467,8.982179136558993e-08,2.6326039847046176e-12,2.3602686867848987e-10,0.0003326865285440981,0.0001272885805786254
1507,9.836537394452051e-12,5.435083314681194e-07,0.07774787147469188,0.8559514797940837,0.06094765485923176,0.00030027833816925075,0.0050521720156555235
172,0.01704692407075291,0.5545069670572043,0.009038567043516117,2.519861105491254e-06,1.2822197845961746e-06,0.2437077262971631,0.17569601345047345
786,0.007035686741328698,0.16567622936605395,0.0499990313179174,5.465884401330077e-07,0.005141439201828819,0.644658369216383,0.12748869756804804
1072,0.00014516260052852383,0.02113230857410539,0.24557824109634374,0.0004014518633074003,0.052576708528548934,0.16223394778602748,0.5179321795511386
688,0.8547025122822102,0.13837144062069526,9.127218185687702e-07,1.6533837948790653e-11,2.3527026925673416e-11,0.006694820684734602,0.0002303136504806107
352,0.1544800741534527,0.6999975742768609,0.00012938216056143512,5.5035322453427e-08,2.4145976688306694e-07,0.08567493828197079,0.05971773463206487
499,0.6294671307719415,0.33064333951294284,3.698859017736848e-06,4.933316117481923e-10,1.9404576619687544e-09,0.03858416452142218,0.0013016639008864882
311,0.40666409266241066,0.4814960385071708,2.031384572580356e-05,1.3736592378278325e-09,6.051178418314389e-08,0.11050622550109837,0.001313267598150861
1606,4.280725096629625e-11,3.2606585134162046e-06,0.06504936493603268,0.9100262773667136,0.00015216560473958,0.00014603296182494788,0.024622898429368472
1182,0.00031672826002344956,0.06751760467243137,0.0885084716498713,0.0036803811060289364,0.0009778817897458359,0.39833914523051994,0.4406597872913792
1097,6.721456432327605e-06,0.0040741229205374565,0.4007560296778377,0.0017149859417144877,0.003969771734515067,0.055256011770258254,0.5342223564987048
1750,1.9002718847049524e-11,1.3354066590883086e-06,0.21359495059104255,0.7753213641716483,0.0007065705672091786,0.0007581287840797561,0.009617650460358578
213,0.003686458901014991,0.08624378763386518,0.1442333691729624,3.302178452298719e-06,0.0008803719376380504,0.6824556212587899,0.0824970889172772
248,0.4268107818819551,0.5029409549239157,8.175908214784579e-05,1.7593324242693956e-08,8.698900726387675e-06,0.031784622450477286,0.038373165167453434
628,0.7975604682884107,0.1776268657802767,2.0421662473556558e-06,1.624308756898583e-10,5.105428838351426e-10,0.02331050961433545,0.0015001134777561022
1677,6.872774619848869e-12,1.436515579592643e-06,0.03332501493385275,0.9592220077320719,3.857209841112566e-05,5.082548310215536e-05,0.007362143230109758
1580,2.1132644699700422e-10,1.4200488718676323e-05,0.2251645860883811,0.7515110529688696,0.00041810107066996206,0.00039491293824477737,0.022497146233789553
197,1.2588919771133167e-13,4.1317741479034375e-08,0.07363981468710121,0.034798387122514686,0.8912317861309265,1.5223697145001546e-05,0.0003147470444451637
582,0.9007178332180263,0.09351673160474899,8.533198317760632e-07,3.278411083786151e-12,3.2143378394125197e-12,0.005559639863113662,0.00020494198778640529
1043,4.906236158401176e-05,0.028378802469344096,0.11355912311621627,0.02609126288320086,0.00018966828145592894,0.09600146913993983,0.735730611748259
540,0.8494371965525482,0.14663007623907093,3.756745008650515e-06,2.4470105629374192e-11,4.838347687884705e-07,0.0035363734764047674,0.0003921131277282319
160,0.007231895302629061,0.9295942393986452,0.0006458818967639073,6.4620823069233925e-09,2.7480712805902757e-05,0.060874177490691905,0.0016263187363817764
778,0.010143384207154216,0.19114372388232387,0.0014689588843770365,9.896940535759836e-07,0.000577731610687043,0.7891701045700494,0.007495107151354813
1244,3.096869479557224e-08,0.00017838634010297863,0.6777146641992305,0.18079803138547537,0.0004909196450189503,0.02597587430687335,0.11484209315460381
153,0.24661158343985123,0.5340832730693408,0.0014814454258449588,6.395038927625792e-08,8.452233384656886e-06,0.1766393157106324,0.041175866170556644
1190,1.7061585927458212e-06,0.0017131165941678221,0.7653327177513671,0.0017595326032298728,0.0014534190591666525,0.07639548796377255,0.15334401986970328
388,0.6801512173913914,0.2659314905316946,3.2214102400226035e-05,4.8826822547292396e-12,9.800044967826921e-12,0.05327061415574778,0.0006144638040832652
1171,2.462270850965816e-06,0.005666212736318332,0.1894996269951642,0.10879091292301848,0.00017025875517737426,0.10989046954345202,0.5859800567760187
673,0.8095993811373319,0.18787422760737632,1.8216382340794289e-06,7.184561697827686e-12,3.1437521425351395e-09,0.002318488994418373,0.00020607747170250275
1143,0.001374668025378245,0.11513575029790274,0.09552910852456292,7.573709150804731e-05,0.00019602925277730925,0.08397614084280428,0.7037125659650665
1900,4.921648811749279e-18,4.510235902104325e-12,0.01081435724812507,0.012801305291159295,0.9763819827612736,1.118753604991775e-07,2.2428195712564743e-06
1229,2.578322466575368e-09,3.362730932519713e-05,0.34936016153437677,0.5469570398717862,0.039257727144871024,0.0056809719090873114,0.05871046965223089
425,0.22132217206945373,0.7628419595575139,1.1137426249127839e-05,9.201450014139004e-08,8.375128714822446e-09,0.013772407295270734,0.002052223261883598
1266,8.344576729213578e-08,0.0006147832229960902,0.689278702514698,0.1020761122391435,2.1681527389762583e-05,0.01101408501007632,0.19699455203992908
589,0.6751715582953903,0.3192570063121704,5.720484376744704e-08,4.177586004487388e-11,7.707791912828162e-09,0.005480622636350642,9.074780167713936e-05
1569,1.5208642067378252e-11,7.219119077661614e-07,0.15994188187347316,0.6983279741187672,0.13399587225993229,0.0004406571287031038,0.007292892692007729
1521,5.1188403228167265e-12,4.908432704159709e-07,0.21913821179994825,0.7698995640386758,0.004838475075107413,0.00034766978833499423,0.005775588449544513
1340,3.672231182379954e-07,0.0015297192169570117,0.436168901698176,0.23442373272510952,0.00010452505505269185,0.0644368119902526,0.2633359420913338
1056,0.0005222946612376233,0.08996019946255639,0.1550269011198287,1.6586407212573977e-05,0.004633037242550124,0.5251312965694022,0.22470968453721252
2045,1.00331590812785e-14,8.085237453437158e-10,0.015148607340498398,0.0026002978732062735,0.9822174687421652,2.4420559158966167e-06,3.118317968066874e-05
1425,1.6084716381560615e-06,0.0017273242277849464,0.8413445365302377,0.0008211502477788814,8.443504300506425e-05,0.023190054953062755,0.13283089052649272
1059,1.8744544215920313e-05,0.010715665024172483,0.14506495680098574,0.008148430076310005,8.632704055247302e-07,0.2781231150359932,0.5579282252479171
1995,5.818460774755213e-13,1.750075029561226e-08,0.025243015213612715,0.0029014659635439467,0.9716451043938896,1.9431385311764592e-05,0.00019096554230986758
1872,8.650288453403253e-13,4.7788230833732126e-08,0.038673978252741735,0.02568828527363823,0.9351760230646207,3.863678994291687e-05,0.000423028829960593
827,0.0044615534809670275,0.14606406517162077,0.016520884087761725,7.207146838276368e-05,4.23566031862567e-05,0.7077318240045773,0.12510724518350402
180,0.01727954387297592,0.422506187610968,0.00431746686921307,1.7426712467208066e-05,0.0019094949547136175,0.3817879064181359,0.17218197356152626
87,0.0010254301875223856,0.10485822877598217,0.06775816491268975,0.001370696446090311,1.0124462228092185e-05,0.2848564580544535,0.5401208971610338
1945,9.960132614817602e-13,4.859439749367153e-08,0.036104479144744184,0.021979651032863916,0.9414364399336954,4.048447365587867e-05,0.0004388968196471623
1593,3.029699443907786e-13,1.1003864022851948e-07,0.01086388114333532,0.987044007527069,2.847493994995887e-06,1.2469656555236299e-05,0.002076684140102287
1388,2.203993117566904e-08,0.00011582803698734574,0.31479387957319077,0.3273977932927267,0.21957390770431437,0.015331435030854091,0.12278713432199558
666,0.9324604305952796,0.0663613110638821,3.980371691493421e-07,5.483929357384973e-13,8.340923229232347e-10,0.0010837671343524122,9.409233467576865e-05
811,0.001841229777114504,0.11002273971108838,0.1391854738962096,1.3606211879973115e-05,0.0033523422104771235,0.5324536977187724,0.21313091047445806
141,0.0016136904768818939,0.12266309385253395,0.023399057048622503,0.0001525466006730936,0.0014950228648265998,0.6902496892701181,0.16042689988634395
1836,3.5195836931854224e-11,4.0904653185201005e-07,0.03318249742469811,0.00638839529020785,0.959132379743725,0.0002239513281257674,0.001072367131515623
976,0.0014775979631168853,0.044155140724589224,0.10984403451464515,2.0514196809068737e-05,0.06523636028811722,0.6157663590960067,0.16349999321671574
1649,4.203686607241162e-10,2.326422677743393e-05,0.12963730072428364,0.8316871362061427,0.00011038140223148342,0.0005638606542965826,0.037978056365899626
338,0.12923818787901462,0.8608945022079167,4.977025606335934e-07,4.607339087518691e-11,1.6986302831309343e-10,0.009798716259665686,6.809573490564341e-05
191,0.013934869266984878,0.358700546604712,0.0013192931057571875,2.0253668764531733e-05,1.3224662666639602e-07,0.43067332824740334,0.1953515768597514
391,2.7438865472164643e-13,3.9720880459215586e-07,0.01641602637108761,0.980773267794606,0.0017853854117942354,4.804155564516331e-05,0.000976881657787865
565,0.8982260974185723,0.10139865818949917,5.903990605321243e-09,6.429136649561686e-13,4.489256755911469e-10,0.00036322530205721735,1.2012736312216329e-05
1499,3.023122615549834e-12,2.0200415101934777e-07,0.09895542457925828,0.745346269589056,0.14859505028462056,0.00016670974797169694,0.006936343791919192
1636,1.8752541586430374e-11,8.722508220926984e-07,0.0784605254891708,0.8573558041830858,0.05700012655241484,0.00044052221925787997,0.006742149286496007
169,0.10956503292615326,0.7709405788806307,0.0011802129089399684,7.626341897012922e-07,4.535178130317118e-08,0.09475850630598576,0.023554860992319484
1150,3.951105676332514e-06,0.004450618137583838,0.2890661484081571,0.02456592481705798,7.01117290212856e-05,0.15222319717563237,0.5296200486268712
591,0.8885522356610109,0.10966441448519518,1.2538225001528001e-08,6.914636480793058e-13,7.731418015899079e-09,0.0017618648211311066,2.1464762328187372e-05
1664,3.8548639793095e-12,4.207019538660124e-07,0.1960768733433492,0.7966304312578681,0.0019285552919093237,0.000307925556302362,0.005055793844762427
1870,3.4753097294806984e-18,3.043835823342075e-12,0.007982124632407992,0.00837792139689603,0.9836379637289506,6.751524686545688e-08,1.9227234546000576e-06
1871,5.624384154521516e-13,3.547376601973507e-08,0.04125407671760838,0.028359631709098894,0.9299383695341291,3.157686489584105e-05,0.0004163096999393503
796,0.0010586449093128742,0.08119672030581689,0.0420708444895889,0.0006443722524443936,4.508886223392158e-05,0.5977051271503908,0.27727920203021217
2009,1.4930788102597756e-14,1.1591969137941395e-09,0.011784435798966117,0.0031518819586746206,0.9850245390153506,2.7649801860980137e-06,3.637708761092855e-05
1812,9.543398020526269e-18,5.696087289783938e-12,0.011063099045720245,0.0055260563081092244,0.9834084880166618,1.1645878242356992e-07,2.2401650300490844e-06
2000,1.5435482992439272e-18,1.4221064859407313e-12,0.0068490706638896035,0.006161389993645524,0.9869885333581679,4.497597135571481e-08,9.610069032876142e-07
77,0.0005148162767833305,0.03757865672958073,0.3681078690873462,8.271622735380344e-05,0.0021035734294053534,0.29693641036236457,0.2946759578871659
1702,5.5801966947994174e-11,4.26289421721117e-06,0.0835958090085549,0.8827967862490125,3.0247027010099696e-05,0.000172072617378523,0.033400822148024825
597,0.6841230523169154,0.2863404395295796,2.2217575623521777e-06,2.5473958908232404e-10,1.1181451477433269e-11,0.028226001964558458,0.0013082841654632965
41,0.07147482853714525,0.9231228777283981,1.1213701531325418e-06,4.813071698320354e-08,2.0005753060436443e-10,0.003324232548018453,0.002076891485510577
1964,2.9430644156283543e-15,4.127496992135402e-10,0.014751516503362518,0.004490051106504231,0.9807310304740633,1.2683173310386614e-06,2.6133185986203762e-05
604,0.752881616604571,0.2408224236195776,1.2348222329205183e-06,3.2106653181612776e-11,7.856878051231297e-09,0.00614601212462419,0.00014870494000965883
1783,1.6499308319369032e-16,7.666124288713478e-11,0.011042819525670862,0.028158108592592202,0.9607891195890218,5.002115213562957e-07,9.452004532562753e-06
1212,1.9162571980601662e-08,0.00020142764016454185,0.8078029403181588,0.06812909873552372,1.1096043595826193e-05,0.005495402539933763,0.11836001556005134
1749,1.507258103788693e-12,2.474408833252787e-07,0.12917018544209508,0.867225021831932,5.90343013217817e-05,0.00019657752592061706,0.003348933456340001
1278,3.717244798205181e-06,0.0027551053144447713,0.8828768340126419,0.0005921383419009599,0.000427733470131096,0.049026102612420255,0.06431836900366286
1240,3.442056350356434e-07,0.0012381076287001803,0.8543125165951808,0.004231167404428096,0.0005006762437975238,0.04932219257974834,0.09039499534251003
1205,5.130009372714796e-07,0.0015141071417716877,0.6672055301120299,0.021051016743516428,0.007431485084959326,0.08097265133889504,0.22182469657789033
92,7.233780660846182e-06,0.2386362776096856,0.0005829044133910655,0.016152388869745037,4.0808874376821164e-05,0.034659408122860766,0.7099209783292798
418,0.06453868983159956,0.835945210269505,0.00015899946540324762,3.947703286750705e-10,4.8170463302885515e-08,0.09821627184145043,0.00114078002680831
1655,2.854704252447144e-14,1.0187132155346507e-08,0.049354826379478536,0.9494491629440062,0.00040822723225099767,1.6876832991598298e-05,0.0007708964241119981
1585,3.8061063260874963e-11,2.3376359762111834e-06,0.2535723880868642,0.7348922187384915,0.00036264699004495286,0.0009965810260739135,0.010173827484488137
1295,2.0977113709948585e-08,0.00021326055015958618,0.6655578908095738,0.1034173219450045,0.0001514109496573441,0.015374096457042961,0.21528599831144807
929,0.012492543529115711,0.20976661178998787,0.01587057699132566,2.021520026872599e-06,9.286189155143098e-06,0.6342888215415088,0.12757013843887996
2018,4.128230734415013e-11,4.863834545686038e-07,0.03437647018097403,0.007790163504597828,0.9563632084898062,0.0002562518734155265,0.001213419526469442
1098,3.830704752024416e-05,0.017432335825985128,0.18093603206466344,0.006584671805061109,5.776892806618206e-06,0.2561565837740508,0.5388462925899127
405,0.0094363072342166,0.5254210170190472,0.003045224174285732,0.000280503185915237,8.190158918582941e-07,0.36596599295254967,0.09585013641809373
1188,2.0472569937863545e-08,0.00030862918094526804,0.47799108542437385,0.23672743254972095,4.185740620548924e-05,0.020650274871954574,0.26428070009422994
1291,9.578485628509945e-08,0.0006790262968450301,0.5133835771184042,0.1428924733574845,0.0004777179599266271,0.02295358350160784,0.3196135259808754
1538,1.6430436507678447e-13,6.74935829222236e-08,0.009339273432506576,0.989167430489361,6.096856027399408e-06,8.337992026079243e-06,0.0014787937363315963
645,0.815728634431105,0.17595109306427995,3.400214973716764e-06,7.997860077926074e-12,1.4446482620321995e-08,0.00805094907368653,0.00026590876147428307
832,0.004632412496156373,0.15615329488012872,0.18421492538889825,1.584835407559149e-06,2.7142036712761805e-08,0.4964187221760031,0.15857903308136925
884,0.00443534188028602,0.14825164193908014,0.013627661883745479,9.552091547617177e-05,9.858697341773006e-06,0.6263995711199859,0.20718040356408457
1849,5.964074896669002e-14,2.690080804929883e-09,0.014542650774122647,0.002441287558582224,0.9829526466697213,6.347517686772932e-06,5.7064789746545423e-05
314,0.004593422709429906,0.5122010641306283,0.0004813032649430905,0.00037489335522695566,5.596753855585191e-08,0.011810610315794811,0.47053865025643843
2025,1.3332677533248855e-15,3.49551956498027e-10,0.02062142793073161,0.022846387703446772,0.9565098899025684,1.8073057535190578e-06,2.048680794627238e-05
1576,6.375230696031986e-12,6.867415220998237e-07,0.12329342547891622,0.8608805209178809,0.00018074982188448063,5.6956725915049494e-05,0.015587660307506168
980,7.985731690920484e-05,0.03483570015760462,0.02945333137021458,0.005663969356103215,8.495325707708455e-07,0.02700693267659392,0.9029593595900037
95,0.004868496097748541,0.6532867697409986,0.000632318924819315,1.1051453395936512e-05,4.3363416127498545e-08,0.013798277157272448,0.327403043262349
1980,8.040796604644013e-15,7.51632094483641e-10,0.011701596642938999,0.00325471538059841,0.985012200171301,2.0023986605828187e-06,2.9484654860909014e-05
1660,1.166110463115184e-12,1.969987792892786e-07,0.1770259861330329,0.819517971456511,7.215054894631177e-05,0.00016912247600652877,0.003214572385557777
1759,6.777619924139586e-12,4.6294377924424384e-07,0.19456213735742858,0.7704845804384938,0.02773133423701522,0.00034004619728357033,0.006881438819221949
754,0.00305001218990441,0.1918986710233031,0.052306337176900974,6.863915221313221e-05,3.514335707155822e-06,0.5507021205208307,0.20197070560114047
362,0.002496624511734006,0.5755642414098329,0.014612824956882412,0.002281556243350409,5.53738684460669e-05,0.07762123093018425,0.32736814807957004
1369,5.285889678322893e-08,0.0004060062705329317,0.7588559591965935,0.06291636011909604,1.432686082663055e-05,0.008991927115269487,0.16881536757878468
1224,1.862679750998696e-08,0.0001471585953733136,0.25664206151931174,0.6282389773670254,0.0014697353641512157,0.018588001445557664,0.09491404708178318
1547,8.74192569779991e-15,5.386284434062492e-09,0.02018042123893677,0.979228449749883,0.00011222305693749511,7.3616700338657915e-06,0.00047153889791560116
1233,1.1564316053773761e-08,8.528413579359065e-05,0.7547958008891258,0.08796782633387344,1.1667797835321492e-05,0.0047900933061273245,0.15234931597292847
2011,5.761371487659015e-13,1.6380187720482074e-08,0.022447382357695632,0.002305008699497493,0.9750682287629665,1.78820372414792e-05,0.0001614817618350706
1387,6.752956815558716e-09,8.749804272691567e-05,0.32476316372669195,0.5435489732437622,0.03435715728457369,0.009311001993241788,0.08793219895604648
1541,6.917110975195531e-14,2.063069278105817e-08,0.00905254365145149,0.9886032901003714,0.0016933335671690825,1.938509417098272e-05,0.0006314269560749149
1684,6.8383849531817775e-12,7.812423500658514e-07,0.12303055628514106,0.8604045090792293,0.00010552852607013127,4.8458439352684025e-05,0.016410166421018536
1468,3.732957744547955e-09,4.7983691240118155e-05,0.7258419469323352,0.20475125491143317,0.00010736217125161108,0.0032641627917155865,0.06598728576906653
1591,2.722722588232416e-12,3.292109785050189e-07,0.12337839325317394,0.8706085496736145,0.002805239448280657,0.0002188256889895637,0.0029886627222401696
1918,6.11387462668e-15,7.044018360535743e-10,0.015495060717737558,0.004555505791429051,0.9799129735751138,1.8786300895936292e-06,3.458058122213831e-05
1893,1.532934484638895e-17,9.37905028390272e-12,0.009278911767830519,0.011421889716499257,0.9792957177781362,1.6768368473011596e-07,3.3130444701375074e-06
1187,4.1770830073085354e-08,0.0003615299634481798,0.5265438493205945,0.2961895646220706,0.00036300731455771347,0.032693526225536104,0.14384848078296286
1917,8.99894056389162e-15,8.594186265468331e-10,0.013889064853129773,0.0037256665719427665,0.9823473882520697,2.2054641704849303e-06,3.567399925963081e-05
138,0.902633994379247,0.09416539691635421,1.2396531287672773e-07,2.097522106838687e-11,1.6561096855924048e-09,0.0029963800292890836,0.0002041030327120871
88,0.08387063171894163,0.5339072633740835,0.003977148842772737,2.2269343588569403e-07,1.6003225529989816e-06,0.3578161894487524,0.020426943599461
535,0.6846037772292167,0.26413350459251206,2.9304740408179704e-06,1.5192429857905727e-11,1.2239854909195632e-10,0.05110673562189955,0.00015305194473974937
629,0.8283916813860228,0.16957197395192045,5.8491798192531815e-09,4.852471757085464e-12,3.923089005651248e-09,0.0020089118348991346,2.7423050036205998e-05
745,0.0019094454828833764,0.20070104487486884,0.01265323263157254,4.8488113944196466e-05,4.004245332318322e-07,0.7409221635423877,0.04376522492981008
2017,2.5888205513555557e-11,3.411932677405625e-07,0.031600561522300785,0.00700706013578629,0.9602579196346099,0.0001910627121550394,0.0009430547759918197
1705,4.939858170147374e-14,1.629553165857167e-08,0.007008690613043763,0.9918940949050852,0.0006469541487445815,1.6079446479828738e-05,0.0004341645910654431
1116,4.142139343480159e-05,0.016248435466563006,0.14253289945478892,0.007264495694682714,1.943298654731061e-05,0.2406167847665004,0.5932765302374828
1581,2.1506125299401903e-14,8.50860571362206e-09,0.004185250353831712,0.9953989283871961,0.0001185751051843152,1.016025250830753e-05,0.0002870773926520949
2034,2.375984022540456e-14,1.579166275455134e-09,0.012918201612704886,0.0028544046599137843,0.9841791369101195,3.4759577149552426e-06,4.477928035691971e-05
622,0.9588091248578919,0.040192110268163564,2.1173764560403555e-08,1.55238190993634e-13,5.646990530696848e-13,0.0009798405668179412,1.890313264220971e-05
309,0.004464421931681558,0.4253660021757837,0.0004136355403756667,0.0005175199451083556,1.3704503523372025e-07,0.011362783912823185,0.5578754994491923
1362,1.4962299125779825e-07,0.0006151862640515628,0.7402858819877033,0.01222828985120521,0.0021403467968786954,0.015027278365146727,0.2297028671120232
1947,1.2015759412850079e-18,1.0027303778674094e-12,0.004682801540115228,0.005445636978627948,0.9898708041057209,3.855174346243859e-08,7.188227897858039e-07
273,0.9448488549589329,0.05471617499845763,6.315885177937987e-10,5.16939411161751e-13,3.724250333723216e-12,0.00041198044391013483,2.2988962869374098e-05
442,0.029353575905731077,0.20335259048634455,0.018657099480533075,8.808125010950595e-08,1.3030820970350845e-07,0.7138546231714364,0.034781892566494874
5,0.14679261003468616,0.6661215593135607,0.00010965554936069903,1.3753655399991563e-07,3.3098668795510494e-09,0.17542653378004847,0.011549500475922958
1523,4.7042248893627496e-14,1.1495651083372668e-08,0.03949904707335725,0.9530018754997901,0.006552452936050868,1.8227545001691787e-05,0.0009283854501021215
2080,7.167175984776068e-18,8.362021865106476e-12,0.012005737165606257,0.04066879339231818,0.9473216390511472,1.510602368521156e-07,3.67932232953035e-06
44,0.007164213346894205,0.6813583957562553,0.0005564867312818288,5.965803911716139e-05,1.3994091905961106e-10,0.22669372023843662,0.08416752574807368
1073,0.0002079170775202949,0.03034657062044938,0.2400273747532704,0.00023315815257764097,0.0008334060158384489,0.1513989326109408,0.576952640769403
404,0.027634648768285423,0.3691147926505352,0.0004818798985717881,3.4207145668083267e-06,0.004528461417115606,0.5525758505323489,0.04566094601857617
318,0.021561243896810297,0.42581722550560724,0.006896514262471679,9.106891349238708e-07,7.936537989895447e-07,0.5181372681163119,0.027586043875865007
353,0.25870549135032006,0.6702584205254614,1.1343434467765168e-05,1.460627653049826e-07,3.0064830114555634e-09,0.06781223367796449,0.003212361942537869
123,0.0002485221007240835,0.6150611881201912,0.022439862945132647,5.4845418159209706e-05,2.0298957695714457e-06,0.2435407045472457,0.11865284697277798
34,0.08362901550111948,0.8366931120839558,0.00017995161807213847,5.292065390281399e-07,2.8501002988419795e-08,0.07483754037584692,0.004659822713463829
137,0.044213424290805395,0.8390334013287137,0.0007339791956515311,1.2484665787671154e-05,2.9065440257337957e-08,0.055576868374681045,0.0604298130789203
1897,9.262238973843393e-13,3.524666170629245e-08,0.030628653278904863,0.009392401472586373,0.9596291822101508,3.3599953070470365e-05,0.0003161278376993835
1672,3.924702377584618e-13,1.038599574604853e-07,0.15700516686171861,0.8408065047770765,5.182193896109493e-05,9.482516852356704e-05,0.002041577393370184
803,0.0005182088661681813,0.1505484406982401,0.07538719151438393,7.655281880269034e-05,6.58619533776314e-07,0.32541656629942084,0.44805238118345053
257,0.5918174105590406,0.40667183103587756,1.1148323584051527e-07,5.3717679982927523e-11,4.061543886753224e-14,0.0013795009899774877,0.00013114587811017265
2037,2.148171055274465e-14,1.6582283051844108e-09,0.01513930408749023,0.004069137307478369,0.9807364539699546,3.5829057034886928e-06,5.1520071123736554e-05
1826,1.864936228750188e-12,6.817616394599522e-08,0.03161870523226192,0.015613741346780154,0.9522620842629137,5.497564545658935e-05,0.00045042533455862214
48,0.19126682887528024,0.6967392798192541,4.506119020101167e-05,6.090466686378536e-09,2.480785150249471e-05,0.10427554848671079,0.007648467686584696
850,0.0028184543471695776,0.1089740011277684,0.01780095925473785,0.00010860280453887186,7.058930143156479e-07,0.6366048357679556,0.23369244080481544
588,0.7233773944263222,0.24886803838360436,1.7978233416601832e-06,2.149761656520096e-10,1.8307645880422843e-11,0.026482689394988365,0.001270079738459488
1623,1.4075236028817522e-13,3.0427049572152575e-08,0.09448348652022674,0.9007329221403638,0.0030404845736437067,4.0887037003412124e-05,0.0017021893015719373
1755,3.5574182837092423e-12,4.6904969120159837e-07,0.11631300434035748,0.8703358727253111,0.0001616197072605512,3.466150108549819e-05,0.013154372672736577
379,0.2284997379979145,0.7116375703944499,7.585141819592639e-05,1.0950127880614327e-08,1.1622692465288782e-10,0.04433502589378721,0.015451803229297685
204,6.0856233405037e-10,1.2663150096822956e-05,0.22177838336611838,0.7519081329228929,0.00028500413107225114,0.0004066133645647219,0.025609202456692636
931,0.0016066862141438823,0.07626976952555385,0.04846392203389607,8.482552984300316e-05,0.0157574784675902,0.6179049548003576,0.23991236342861544
1076,0.00047727775610773536,0.06438951185886894,0.017191893145788773,0.0006492751466539488,8.586654690611993e-08,0.1204282479828153,0.7968637082432185
327,0.012915394878476804,0.6371171838098025,0.005236338784478829,1.2411707306137844e-07,3.828599234532476e-06,0.3295337457812918,0.015193384029642355
340,1.2836017984577715e-05,0.016800493862324916,0.3636138205541286,0.0037870041878668523,0.00040328822381050064,0.441488422545642,0.17389413460824238
757,0.0009429021157696471,0.07349792576847126,0.08183281127535928,0.0003617992320645817,0.00048185886762657426,0.5997198075883463,0.2431628951523624
1895,4.263370186210208e-12,1.3169777004568936e-07,0.03978103696996504,0.019087717225024326,0.9402834596576148,8.622371907942619e-05,0.000761430726282908
1247,2.269999033789378e-05,0.00667414316922625,0.7581174424644133,0.000537424679254259,0.02800198871632494,0.09937587043157271,0.10727043054887081
1951,2.4005405171158823e-14,1.458976908004114e-09,0.011080210685555307,0.0022652172999388454,0.9866124038452991,3.307237241513239e-06,3.8859472964232755e-05
2086,2.3082803065878314e-18,2.0217362910663748e-12,0.005613841070633665,0.007117857112386521,0.9872668006565885,4.7168380540702825e-08,1.4539899889525062e-06
714,0.8113299831430761,0.17721868841533553,3.5827568472404177e-06,2.6825056139298787e-11,7.764101244693536e-12,0.010747789279290158,0.0006999563708617553
1509,6.733567895241392e-11,5.428280192872245e-06,0.20645356872676787,0.7718372531291039,0.000268688168577961,0.00020137691167287239,0.021233684716348785
636,0.9025895296594691,0.09580913765851877,1.0438916885009446e-06,1.2280576933189747e-12,6.733122266733878e-09,0.0015060456880895156,9.42363678835663e-05
1781,1.884283342385187e-11,2.5526678924261293e-07,0.03035115113620956,0.005505226782019525,0.9631855038910856,0.0001527520183585264,0.0008051108866946564
1165,0.0006024547204234546,0.06857695426217089,0.17921933841050086,0.0002160953899908534,0.048703804386185136,0.22369763030032913,0.4789837225303996
1830,1.2847686217357166e-22,1.594744256545626e-15,0.0010807643669895942,0.025060323013178863,0.9738588815966078,3.4336474617465213e-10,3.067985728609363e-08
1167,0.000257172537919671,0.05236837650499653,0.17266903827101807,0.001388411015340035,0.0005326206456301457,0.3465069308499459,0.4262774501751496
791,0.0016119625716657666,0.22980146908113736,0.0069968416691083765,0.00012193425025856817,7.66476062049671e-08,0.7007108375223198,0.06075687825790396
513,0.6893875329526616,0.30209454202707636,2.4039736628811978e-06,8.692783614450946e-11,2.6886016000132294e-08,0.008276673177174607,0.00023882089648063622
1991,3.9526101926277425e-12,1.2452673946084256e-07,0.038393676446325326,0.018841032900981887,0.9419704787391099,8.256949126150907e-05,0.0007121178916292647
634,0.9147186126058668,0.08344542635279303,4.351614195740406e-07,9.688554588670136e-13,1.1401135857805376e-09,0.001781623845134757,5.390089370346349e-05
642,0.7750790860124477,0.22419344841465755,9.944823409373439e-08,1.1549406081694884e-11,1.03297608814418e-10,0.0005039078203364308,0.0002234581894772632
81,0.00010869162981120298,0.05518121417755658,0.07765754308932307,0.048489207419387614,0.00023134263081212933,0.1741930465875772,0.6441389544655322
36,0.049973981721604034,0.8175911100818893,1.5753186921002886e-05,1.3619712503655704e-09,2.3858240095121837e-09,0.13200969102796895,0.00040946023382149846
1133,0.00017596315197603468,0.043093692581819054,0.2513957571286509,3.240400701376755e-05,0.0035569853810607176,0.395833967552479,0.3059112301970005
347,0.1607723946836844,0.5394150934606604,0.003448220165260486,3.9432005095640446e-08,7.673402623988121e-07,0.2760638557223179,0.02029962919580924
386,0.001022142052469153,0.12670287380338766,0.038296644088073775,0.0004469106747984187,2.287450533225863e-07,0.6837380089470717,0.149793191689146
795,0.0016528644179909318,0.04657656266964285,0.01847496272102816,2.6098125362686803e-06,6.133649320762651e-05,0.9144848453989958,0.018746818486598458
1637,2.019580942419254e-11,1.0515896174286907e-06,0.09253035226767932,0.8799479854799672,0.02066428224791082,0.0005087521277262744,0.006347576266903066
1366,4.633613402309654e-06,0.0017831831336685253,0.7379816827486838,0.0003003068577875018,0.0008524031133345639,0.09513268780187659,0.16394510273124663
578,0.679280315689835,0.2833442315597636,6.5580935095992385e-06,5.213428808784158e-12,9.473263251787204e-11,0.03722711717491046,0.0001417773820353332
556,0.8365630531418228,0.1579913161216021,4.138498340564229e-06,5.8035013610712155e-11,2.4709679664552826e-07,0.0047790760199049554,0.0006621690634976514
725,0.8756082084447974,0.12252925746581157,1.0945854370205372e-08,1.0508488148622403e-12,6.646484001471753e-09,0.001839880986741031,2.2635509260889094e-05
407,6.573005562461045e-11,0.00010453921582572052,0.575157310675154,0.30143215387297795,3.039986468912725e-06,0.002811508140530252,0.12049144804331326
1503,8.769606743413783e-12,1.134664743031079e-06,0.2431778807790305,0.7499278366906394,2.851114009538082e-05,0.0005059233473061297,0.006358713369415834
1436,2.7335722705407748e-09,4.373590230396704e-05,0.42521863356649836,0.5075206910589203,0.006008263250526914,0.006619883295568049,0.05458879019261017
283,0.19684221314587805,0.6319196574241958,7.347624366711589e-05,8.145930090737426e-08,1.7422404941037074e-09,0.1568185416122949,0.014346028372422626
1617,5.599826287509809e-11,2.173698253806278e-06,0.20321830504290897,0.7779093940837146,0.0007277609154578547,0.0011506031859256883,0.01699176301774089
355,0.0012742766385198715,0.09946494065636616,0.017311945740635538,0.00020311889124408192,0.009452488901595713,0.2130839159993943,0.6592093131722443
229,0.026329066034566265,0.5327728334763626,0.004456165530364478,1.4195702653795885e-06,8.489952104575943e-08,0.29033780867041,0.14610262181851044
1214,1.0402703334086427e-06,0.0012385540524399977,0.9156159685050383,0.0002673392251899601,8.183948394807884e-06,0.02355364839681559,0.05931526560178795
1420,3.840139226558607e-07,0.0007030470585671681,0.887514037414622,0.0013594879555781953,0.00010219673549070052,0.012640680563636413,0.0976801662581829
1129,4.394558301293454e-05,0.018269531003689155,0.18175032588499854,0.010022273974920875,0.0005090739285992647,0.23997849728400833,0.5494263523407709
1793,6.9989585222480255e-15,6.74821124824562e-10,0.011375006595543915,0.003059346642091291,0.9855372835874545,1.8234994296490533e-06,2.653900065255242e-05
1408,5.613455371259333e-07,0.0008783687986241687,0.8996499369548328,0.0002683017283293352,3.1550492326594405e-07,0.016364715400160462,0.08283780026759306
434,0.5335681076908144,0.44374399837044104,0.00015180351767158618,2.537073704348277e-09,1.222197577576537e-06,0.017882549637223893,0.0046523160491977605
1519,7.251943045910405e-12,6.383341348700287e-07,0.2477877504248254,0.7446698832752743,0.0007833104792498516,0.0004062501206493482,0.006352167358614406
1328,8.63529742627316e-07,0.0018822636964765495,0.7657907193252455,0.0019892811335409577,9.210831047785121e-05,0.07123231244744689,0.1590124515570696
848,0.003342380901891368,0.2511846091328997,0.025940775194690697,3.2438304314846214e-05,5.711362135661471e-05,0.6284954110340712,0.09094727181077558
159,2.983832432125407e-07,0.005385839158018659,0.041677305133443,0.43458392197209933,7.258078447556322e-07,0.014829108729463542,0.5035228008158875
759,0.008850350190431419,0.14441412642919554,0.025610254377035298,5.376890639503292e-06,0.0009955402325781603,0.7161001477607749,0.1040242041193451
856,0.01296547085884351,0.1938510441907978,0.09258311696520524,3.778802122264556e-06,9.028392802200264e-06,0.3979450949251547,0.30264246586507443
531,0.9275789447007751,0.07185019012908832,1.18482280747478e-08,5.793661565680595e-13,9.743950117008742e-10,0.0005466225583216051,2.422978861267869e-05
804,0.0018400504481917105,0.18275851433483825,0.02405133631502781,0.0006702483699015918,1.827088332511294e-05,0.4816411410780349,0.3090204385706807
1136,2.7087090258547306e-05,0.015362510999722223,0.2557912443789728,0.005757449762957021,6.680751586855169e-06,0.06344129263871681,0.6596137343777857
2019,1.0306247025157034e-13,6.3704878827027825e-09,0.014227330417247467,0.009299172647078486,0.976364997705795,1.0025791172351564e-05,9.846706811571704e-05
1005,7.76709459169173e-06,0.006131094519754456,0.25782597569334054,0.026597263328844364,0.0015433611180484005,0.20172995683562064,0.5061645814097999
592,0.8168107735121253,0.17838428758539893,9.472670375231931e-07,1.1896765171231612e-11,1.011818844471721e-08,0.004694855818431192,0.00010912568692198022
267,0.010224261744132207,0.8436435177712519,0.005164288241585581,2.1859817427797876e-05,7.18370516048526e-07,0.06758175857629818,0.07336359547878815
2021,2.565424570423884e-14,2.48351439943185e-09,0.016458486685245122,0.010396466704154322,0.9730702193074837,4.903784771221038e-06,6.992103480573463e-05
678,0.9397260172196645,0.058503889823628974,4.8657467043813845e-09,4.847078616133624e-13,1.090266589460963e-11,0.0017578450181469298,1.2243061425415433e-05
643,0.8194148938641134,0.180118480665632,7.42509397884652e-08,3.167157169946454e-12,2.3179236979164418e-10,0.0003640308824374944,0.00010252010191780831
1016,1.8769935873322594e-05,0.01821109675769587,0.38694407159298083,0.003930839201335403,1.0132316707996832e-06,0.07579355689140731,0.5151006523890365
698,0.9219941605965261,0.0758053902527219,2.2713194492182568e-08,9.73341958517099e-14,7.102666486177267e-13,0.00219743477123711,2.9916655128767383e-06
1642,7.014547564173616e-12,6.817071079446021e-07,0.17610048929033026,0.8091244369611897,0.0003464850005164637,6.390417456451489e-05,0.014364002859276389
684,0.8774046652230746,0.11345509291773223,2.3615872361526024e-07,2.3515656861612545e-13,8.466406368681153e-10,0.009102730626647564,3.72742269462086e-05
232,0.5695223413748327,0.37607532014033057,0.00014824006508562044,3.0132768080839036e-10,1.5049559173234836e-07,0.04994375293950708,0.004310194683324663
590,0.829140483450739,0.1688547390335492,7.582055465499786e-09,2.5640585122945157e-12,2.6204648497054093e-09,0.00198427367245326,2.0493638173880032e-05
301,0.5909224148678676,0.3727613461404734,3.8525034841129915e-05,7.412932428196165e-10,3.2282575853741004e-09,0.03171391983534878,0.004563790151918279
1988,7.321431759932349e-18,4.8338687111759015e-12,0.007424176671051615,0.006991319078633897,0.985582080343334,9.521692123921546e-08,2.3286852251277105e-06
699,0.8377488626289596,0.16069967999149357,4.5309691650804475e-09,1.7492004844731831e-12,9.03673091168566e-10,0.0015362865159855904,1.5165427169850964e-05
286,0.07412406896798777,0.8329904804017098,0.0006077300721770872,3.16946399095965e-06,3.6463182640568556e-09,0.03998924911666743,0.05228529833114853
1604,3.0604390913860385e-12,6.569287220809438e-07,0.06837327181824358,0.9269183910176617,1.9905521064716755e-05,5.599579390212347e-05,0.004631778917345278
1161,1.0686365352849198e-05,0.019389305417437115,0.3123237786548346,0.006108752389526148,2.239850085119728e-08,0.05449286799624227,0.6076745867781062
390,0.23210455348255898,0.7370302587470853,0.00010957521173197342,9.393511675186593e-08,1.290489368660132e-08,0.02494139088917537,0.0058141148294378955
1121,0.0004544167115013642,0.06303628565427716,0.19733433958285124,1.0010354930604085e-05,0.020608729344639934,0.42665251672094795,0.29190370163085183
875,0.0013838701387560777,0.1860194249868292,0.015428533615279606,8.61691663652494e-05,1.610252778943718e-07,0.7321387374054437,0.06494310366204825
2048,8.644919168708948e-16,1.4479875281539707e-10,0.02053750624120062,0.004311298527961305,0.9751393309002138,1.1819612457263972e-06,1.0682224578880624e-05
24,0.40795900431380633,0.3993684447478294,3.667198422704876e-05,2.862906335193584e-08,1.0501319276630333e-08,0.17719273277500683,0.01544310704874763
1082,1.0954783712915715e-05,0.01582902420792882,0.31632840056454636,0.0047433624289335745,4.944976670756533e-08,0.05157659615293683,0.6115116124121748
871,0.016419376810923283,0.1716193778287968,0.0014561269435137561,1.828874558734721e-07,7.273917455150308e-06,0.8018715257607568,0.008626135851098332
223,4.7313833459775954e-14,1.039584788640149e-08,0.012200851345463759,0.9816806567538446,0.0011072133649205384,1.72811116432084e-06,0.005009540028711627
144,0.19047330296035292,0.7969290867447932,1.2274462488200648e-05,6.756913455426946e-10,2.0572613695057853e-07,0.008003570890353476,0.00458155854018392
1658,9.850454999543192e-15,5.126710916376534e-09,0.0104296508886659,0.9884960614212711,0.0006463697009125602,5.741703042602114e-06,0.000422171159387093
704,0.9272237421198045,0.07020814577294048,1.248775049227076e-07,1.5966277872514742e-12,4.943830773484678e-12,0.002498697854818486,6.928936839096794e-05
2020,2.912153689964107e-13,1.4091545497230939e-08,0.016664106190162946,0.010782628442772694,0.9723748956029359,1.8722297798581393e-05,0.00015963337449343304
652,0.9517682937250819,0.04776804511089523,3.033838722884639e-08,2.6844477006815153e-13,1.5188237980137626e-09,0.0004488927318069627,1.4736574736485833e-05
1888,9.023294787484426e-18,4.538067775732711e-12,0.008961286985586164,0.0035149182334202867,0.9875220963859428,9.690053964387672e-08,1.601489973017021e-06
1896,4.336442757905563e-12,1.3370845330769176e-07,0.039524986539948515,0.018759192982846118,0.9408855284582766,8.692063827684487e-05,0.0007432376678621806
1794,1.3207036125737478e-14,1.0687519303161738e-09,0.011658556790303915,0.003249460694302268,0.9850544234140447,2.6086755898755906e-06,3.494935699404443e-05
1950,4.775590609622957e-21,2.8292286148064547e-14,0.003965824608551607,0.028015517990975767,0.968018520419402,3.530918321374316e-09,1.3345012390225406e-07
834,0.0008869123390964869,0.14855518862595804,0.054155179449884884,0.0013108275774227935,8.016963233042628e-06,0.4966881373601129,0.29839573768429173
718,0.8808721431765262,0.11424775025091256,5.702242354570755e-07,6.369625361745053e-12,3.2629466763113402e-12,0.004682025909727924,0.0001975104289653431
1495,1.2339095779548783e-12,1.4998964469589706e-07,0.024383158486325312,0.9698968982659898,0.00024748396641180773,4.045953943247355e-05,0.005431849750962027
1109,4.4348464811747214e-05,0.022879896787130493,0.05607686275825514,0.01631198635916785,1.2684657052850399e-05,0.32870218305959187,0.5759720379139901
182,6.96069584558156e-07,0.002191429699463996,0.12334136954747167,0.030425306189788837,2.417177501161538e-06,0.00799835029380676,0.836040431022383
50,0.27057283634450136,0.44412415506360703,0.0002830889202877248,9.596337757290254e-10,0.00016428125298703424,0.28033600988449414,0.004519627574488942
108,0.01620750147270805,0.2418576002603169,0.006429110529290408,5.1754162790152865e-05,0.00032807139262696386,0.4866073378397512,0.24851862434251645
1665,7.814689178645075e-12,5.205646926561391e-07,0.19992218114507052,0.6659186559142339,0.12756452406196875,0.0003406032406766031,0.006253515065542735
2046,3.3088369013789974e-14,1.7640188953884447e-09,0.014263361051204968,0.0018124203216097151,0.9838795411563882,4.164067902495578e-06,4.0511638842682014e-05
292,0.008026076074248465,0.5919978071535007,0.0059590071723826955,4.303732397860735e-05,7.344357106645319e-07,0.19061918110644818,0.2033541567337308
1288,4.620223077268541e-07,0.001461787177259887,0.45381142506070615,0.13426033297288725,0.00269553514897708,0.04820584487399941,0.35956461274386237
1764,5.2382724828563813e-11,1.9863310764173505e-06,0.19513311219642865,0.7406205826026087,0.05066411448133999,0.000998102290429597,0.012582102045734098
317,0.001182162932000861,0.09638304532410977,0.043222060709493006,0.00015344741809032082,0.000972409522044885,0.6541637642384132,0.20392310985584802
508,0.7733237932285697,0.22608984439438384,8.481252794624902e-08,5.62720792784774e-12,1.4536442357758357e-10,0.00047898646554646605,0.00010729094798041782
1673,1.2345973360429886e-13,4.1839438288876175e-08,0.130304468113588,0.8681763236454827,0.00019250366044218468,4.683902591570474e-05,0.001279823715009598
193,0.9091356372252987,0.08987466682955528,4.0573463283390403e-07,7.201620693125076e-13,1.5377954608263577e-12,0.0008533605948902666,0.00013592961336495075
1256,6.994406446282837e-08,0.000337484757455661,0.5203117117722081,0.19551920933966652,0.07565696043654868,0.029537630986277943,0.17863693276377862
1935,1.328014556763277e-12,3.1447269353094386e-08,0.02748855755106131,0.0027095911967195438,0.9695140388904999,3.053764533320726e-05,0.00025724326778873063
1575,2.1857072759066898e-10,7.989153563555556e-06,0.30138043938235454,0.6546078969142661,0.00014620914201911588,0.00047285059995965956,0.04338461458926634
502,0.8672828581738679,0.13101509202990433,4.1526428186783993e-07,3.5065201309706623e-12,1.011197187834981e-09,0.0015987822672781868,0.00010285124996401456
1280,2.6144607973483146e-10,9.744290260833137e-06,0.17444775009295435,0.800335086390537,0.006409192991297253,0.0018432678741949814,0.016954958099309525
1302,1.1735336726162483e-07,0.0006029606400039639,0.7445600750590435,0.03888273205291217,0.009788983320835621,0.04557893850111422,0.1605861930727232
1492,1.7286563935448308e-11,2.7556448143039307e-06,0.04576287658490408,0.9427512222612049,3.33886921988623e-05,8.990537703467074e-05,0.011359851422556574
496,1.6580539786446775e-17,7.71221467282464e-12,0.008239516695851807,0.005174176226399104,0.9865834118490767,1.442008201663145e-07,2.7510201399116373e-06
787,0.0009003395851154835,0.06788045190166297,0.015640979860434,2.2184594279559333e-05,0.009805878404592894,0.8852142939911348,0.02053587166278019
1277,2.5116539620050875e-05,0.008617350163278045,0.7379772374315637,0.0007974706651025103,0.034534024295877534,0.10224143211288077,0.11580736879167762
1651,1.779962441969396e-15,3.819772433968007e-09,0.0043523285169419475,0.9949720868253562,0.0005038564431652529,2.0175152084244413e-06,0.0001697068795541061
206,0.00038178496375398425,0.06127796774634106,0.06639207842870926,0.00010748097012896975,3.7022755422582473e-06,0.03685075684393,0.8349862287715943
360,0.0064678385322605655,0.6544531833070624,0.01039925532916349,1.9020392771390774e-05,8.941820367413297e-06,0.2610826506791276,0.06756910993924738
1285,1.0271474194744357e-05,0.007347797029667576,0.3967709432639198,0.0061385775695898676,0.03672653584935413,0.2534387901376622,0.29956708467561177
1865,2.2677661406388606e-13,7.808421659286387e-09,0.01922700655112099,0.0021628414543726393,0.9784858497025327,1.0856518913035124e-05,0.00011343796441203566
1821,8.744348442033497e-18,5.03120115449185e-12,0.0068335921260216466,0.005773121598234528,0.9873909706661808,9.751215516341894e-08,2.218092376721994e-06
1308,3.512585738381535e-08,0.00026217477393167737,0.7911347918894721,0.09640381977472907,4.457705897819201e-05,0.007769023443507539,0.10438557793352393
668,0.9014564450695918,0.09636583627844937,7.696932203927168e-07,3.976521167088765e-12,2.615801994979047e-09,0.001971770723590565,0.00020517561536941188
1894,1.3818761431447726e-17,6.83467242327594e-12,0.0089975701896704,0.005055495425965778,0.985944324193004,1.3299662334789937e-07,2.4771879018502684e-06
1949,1.3673253922800504e-21,1.2117931628224474e-14,0.00325546999185892,0.03351949514902906,0.9632249372042158,1.8470713142883528e-09,9.58078130137714e-08
490,1.0137873284460787e-14,8.971158698633982e-10,0.013419360013282686,0.003182114770920872,0.9833616679229278,2.258948730650284e-06,3.459744701209225e-05
870,0.005646565935181159,0.10707580651891607,0.03601837198655376,5.1687773656482634e-06,0.0006624114994124249,0.7869711794484179,0.06362049583415302
149,0.08936835648248748,0.3698691591561535,0.004199341478273752,9.127182992536134e-08,0.00013807956828071615,0.5089215976023908,0.027503374440583893
208,0.26168039710313434,0.6043375675894732,0.00011057778324010891,2.555771219881214e-08,2.8429707582115162e-09,0.1225881217897459,0.011283307333723578
1038,5.050961916086994e-06,0.006084027850856847,0.33515963115053177,0.007608749060228526,0.001040043731864257,0.08310218740927124,0.5670003098353313
1968,1.4073493995848378e-18,1.8008537780476271e-12,0.00987046822455916,0.012368454177738636,0.9777595850646378,5.036140730627748e-08,1.442169856127479e-06
1760,1.6323079167263114e-11,7.599683106028903e-07,0.14732229646595954,0.7210272456484708,0.1239652055826571,0.0004517710462296951,0.007232721272049238
1841,1.1780397364034225e-17,9.580591119736952e-12,0.010428770228700675,0.021583705795297312,0.9679837737499871,1.7071393044573914e-07,3.579502503800136e-06
1292,1.1714599781728973e-07,0.0007041624859876534,0.36234735413347924,0.1461278534570946,4.621832414873421e-05,0.040347127601957355,0.45042716685133455
814,0.003510696754466425,0.10715799209170569,0.06710795456755322,7.382229705869542e-06,0.0004172256381635656,0.7346394936623524,0.0871592550560529
1422,2.5675775581482056e-08,0.00021941562817528733,0.6919011148981079,0.17740893606977184,0.00021685260287791907,0.00787624991499007,0.1223774052103013
1494,4.4563971623422365e-14,1.6686292389861554e-08,0.01746068566136194,0.9815674889529062,0.00026998224210249353,1.7168460964140992e-05,0.0006846579963282807
217,0.15363703490729158,0.6526352323530304,0.014776159417571547,3.2304785085566136e-07,0.0008095089331762529,0.12114581604923208,0.05699592529184717
132,3.2412609249286346e-10,1.1622497024473393e-05,0.13437628889329448,0.8422668907716505,0.004702640107699878,0.0019801988345642817,0.016662358571640033
227,0.0005575844384729747,0.054673224938707,0.02514496436583364,0.00017711177153244693,0.0007830130782863325,0.14482265967373742,0.7738414417334302
1682,3.029971628792513e-11,1.27650028209128e-06,0.07876998656686114,0.8856740648766153,0.028122929497220093,0.0005900104261009426,0.006841732102620525
1283,1.7804108978923852e-07,0.000976974027400936,0.5200986232223616,0.19245246460421406,6.784460237536765e-05,0.01582077582356397,0.27058313967899444
389,0.001975639905103956,0.35985992711356324,0.005506977415734308,8.267764307293955e-06,3.8096667022548255e-05,0.09482447968376538,0.5377866114505032
1031,2.1758374890837312e-06,0.005801632932592933,0.07934416464255574,0.23770329142620367,0.00011593103933036764,0.1311315471499557,0.5459012569718725
0,0.03727160924733985,0.39228712009349276,0.006532933879387198,3.0575638555022025e-06,8.882078364764917e-06,0.13020157839727442,0.43369481874028554
1627,7.943080059939648e-12,1.0267340089594662e-06,0.22365856669352172,0.7694926571110164,2.0943364949147463e-05,0.00048139580680773105,0.0063454102817530125
7,0.18688314529513436,0.7890188119617607,4.277142084549426e-06,1.03757532186998e-08,2.991321217087723e-11,0.020261069907492595,0.003832685287861196
883,0.0011766969159294797,0.09411720670758413,0.038806580605753954,0.0004602767033759714,1.4463050011125695e-05,0.5782321341262661,0.2871926418910793
1377,2.853747889004432e-07,0.001043672196722756,0.7343939027645577,0.025255563184219135,0.007302764308391729,0.0618716906698226,0.17013212150149715
1873,4.393560010987861e-23,1.2245041141690381e-15,0.002709230004044897,0.05940988884299553,0.9378808504203481,3.3355680321043075e-10,3.039905341448387e-08
498,0.8323930980313885,0.14742772929293402,1.5104304027948872e-06,1.68655899756736e-11,8.058104483891068e-11,0.019807334565179913,0.0003703275826480428
1766,6.166180435689222e-12,4.1343967305981536e-07,0.15549374357296772,0.7353029855534485,0.10406215466458071,0.0002692285777709177,0.004871474185392826
1808,1.2495748695347553e-17,1.7473835049192088e-11,0.021504669293391628,0.08219871757024345,0.8962904565348123,2.4965287039950616e-07,5.906931208284126e-06
410,0.00015672036780513602,0.06601832250384393,0.13420403213817755,0.000643255230980454,0.0011559374152897068,0.28161593234248483,0.5162058000014185
384,0.8173166569409952,0.17747229985408147,1.8328606161362875e-08,4.281388471957379e-13,1.3072643887726515e-10,0.005173900095516038,3.7124649646631465e-05
226,0.00564518114426616,0.808387843343827,8.8319701999104e-05,7.679315102567301e-07,2.3135290562391e-06,0.024994909276872583,0.16088066507246887
1716,2.158242181578728e-14,1.1025602124303383e-08,0.02213591555902553,0.9770482354272823,0.00010168463840553807,1.2065279079612253e-05,0.000702088070583191
179,0.00027417479115605177,0.13808926421494314,0.38144500891750915,9.102380787615414e-05,5.12055671715164e-05,0.2590518897491101,0.2209974329522338
658,0.8752399869967512,0.12324660845446836,3.4526858875133986e-07,2.760122162756099e-12,1.5396238762227643e-09,0.0014426621734597047,7.039556434779459e-05
1488,3.536861631519648e-08,0.000295115255558955,0.718056631568179,0.1618721860530024,8.103657148131571e-05,0.009907576745190258,0.10978741843797162
1879,1.2081522598654228e-16,4.949782171701082e-11,0.01102450382917356,0.02106813271834452,0.9679002030467051,4.832167653214521e-07,6.677139513449158e-06
447,0.05451478086254627,0.6071353553316018,0.004257084710698614,1.218282262054944e-06,1.548143289099918e-05,0.2883500311820717,0.045726048197928464
908,0.0040171206649136015,0.13924654016072913,0.025623008927219186,0.00010101136565699726,0.00015469423951227452,0.42365646966318715,0.4072011549787817
1767,1.459850011498597e-11,1.6791744720001108e-06,0.15632049778560927,0.8291077508273197,0.00010803691528246128,8.709777969213411e-05,0.014374937503025978
1395,3.6200344712547586e-07,0.0015256623096910709,0.6021940469996059,0.07294794563450617,0.0005198228067536204,0.042113775544047195,0.2806983847019487
400,0.028154257581408285,0.6945244093441785,0.006354416628662003,7.373379747719976e-07,0.0011017016864890965,0.2502774799746277,0.019586997446659753
143,0.0013894424442786957,0.18366034382879604,0.01770019380904404,6.940103290758529e-05,1.5491213929810714e-07,0.7337896168617632,0.06339084711107112
1142,0.0007141201957128952,0.08197314657823822,0.07791695835409174,6.531036536558047e-05,5.28027665761115e-06,0.04884839796673109,0.790476786263203
972,0.0005764274273881183,0.04793605114386744,0.2971216883539756,9.377431421305614e-05,0.00038608149925522525,0.31734777636851785,0.3365382008927827
238,0.12496367175791218,0.6434040805420466,0.0001539935202024698,1.3137183727530559e-08,1.0681083100698503e-08,0.2038001902011345,0.027678040160437473
896,0.0009168980824780209,0.0544195354174078,0.15818884234330807,3.186681175159391e-05,0.00131033414947704,0.465080715840437,0.32005180735514066
444,0.10734507727645075,0.8187145891896279,0.00010611855667136557,1.17830844404874e-06,1.2807066215875265e-09,0.010026104607688291,0.06380693078041073
716,0.9324730518101044,0.06488322964907156,1.3035539157524802e-07,9.876089927156439e-13,1.1286792396305767e-12,0.002570179853396934,7.340832991917993e-05
1033,1.98717857061487e-05,0.01053959269552069,0.2507741166227934,0.010021059005745231,0.0001979163427117516,0.1906017169465959,0.5378457266009268
1811,1.971817721803295e-18,4.2648857492219344e-12,0.014893523909841548,0.07545918028085338,0.9096444279499448,9.959509834735094e-08,2.7682599969938085e-06
1517,5.243251178077827e-14,1.6056593610144836e-08,0.0509318493874012,0.9477006934600586,0.0003703763177613285,2.2901955747754105e-05,0.0009741628223852378
1497,2.5395077033594655e-12,1.9646452281711746e-07,0.08048385406746236,0.9041453162070231,0.008505179415402785,0.00014851712049825818,0.0067169367225512495
417,0.0011420943785104352,0.5307051153705376,0.00022603354428278434,0.0009964449619849955,2.2182631661501228e-07,0.1558391054488813,0.3110909844694863
18,0.0008276023957928693,0.25161514267919227,0.22339860013037183,0.0012530363360148263,0.12004342907383256,0.1467821427140988,0.2560800466706969
1392,1.9309759247882947e-07,0.0010202258721283956,0.6774681586207183,0.09998789565005939,3.414542512462225e-07,0.02071899645722182,0.2008041888480283
602,0.8915706433860429,0.10665812011429947,1.3357387090261458e-08,6.150125166448009e-13,7.908815132740719e-09,0.0017505452100133397,2.0670022827061263e-05
1086,8.257648301232652e-05,0.028538195267802508,0.15659586406731663,0.0059652123913086046,0.0009162242244102293,0.2545523631152872,0.5533495644508625
1982,1.2738836372860794e-14,1.0438247181328957e-09,0.011863605486490068,0.003314729516058326,0.9847836082081007,2.577309449929515e-06,3.5478436063549325e-05
987,2.291017875509705e-06,0.005137208051589558,0.33909248327036745,0.01750696040814887,5.257049904413954e-07,0.028936514019731352,0.6093240175272968
90,6.806209112751073e-07,0.04135922191915524,0.24040148778914386,0.20659010088916158,0.28776850387878705,0.03813057205509047,0.18574943284775045
329,0.07556550992067454,0.7127639750093754,0.0007792839140242636,2.0260387531797413e-06,1.8975741677311378e-08,0.15674269995624657,0.05414648618518419
560,0.8544246591822411,0.12629046210202816,8.324510504183596e-07,3.430949139661695e-12,1.0924050678155058e-07,0.019234435109214586,4.9501911528026846e-05
322,6.457085695496538e-05,0.007595813019898917,0.13299141030539477,0.00039361225511125005,0.5664903931977344,0.20778097063302806,0.08468322973187764
1120,9.769597879245784e-05,0.037885954046654846,0.14948304969131185,0.008146704676549928,0.000364136896183053,0.3268247261019974,0.4771977326085104
215,8.541196918566156e-05,0.040223199585818464,0.09104902257701075,0.005399385118957169,8.966599720424468e-07,0.23803573512472148,0.6252063489643345
983,2.2751160100305303e-05,0.00956919015992254,0.11779253685331587,0.007771016440815042,8.282465535041094e-06,0.18568693164148228,0.6791492912788288
1691,7.941351094338443e-12,7.429752870775355e-07,0.145061882806662,0.8467803077155747,0.0014621681997905608,0.0003585911075431792,0.006336307187201147
1564,8.965326866975478e-12,8.502496399978932e-07,0.20108366059483632,0.7910141360872681,0.00011080335901392645,0.0005632136862989774,0.007227336013977362
1201,5.488070007916525e-07,0.0014488017872839574,0.7002243050988812,0.012467575405028068,8.585051631016196e-06,0.022749944895349466,0.2631002389548255
1820,6.926815246888659e-13,2.7274316948127886e-08,0.02579482097268521,0.008458059291947121,0.9654649223522848,2.671402106862429e-05,0.0002554560870047546
2082,9.212999597527101e-18,1.0402608309804232e-11,0.01684669172855701,0.03548383555389393,0.947665272195528,1.7549752251629442e-07,4.025014095994364e-06
2044,6.694141934783966e-14,2.5215297766547926e-09,0.01368951613337738,0.0014087492176128478,0.9848443667216137,5.964758381688442e-06,5.140064741782208e-05
1721,3.360293746339504e-12,3.945036949585029e-07,0.14630524026059993,0.8468551718504168,0.0015342721016283476,0.0002218846830097357,0.005083036597289823
603,0.8069797496971588,0.18891328307640873,4.891448350472677e-07,1.188371094716423e-11,3.696560656510665e-09,0.004018206119119479,8.826825403354461e-05
79,0.06167890749020426,0.6398469541587446,0.00026113164765047926,4.656765636560352e-06,5.3602976346247514e-08,0.09544231939386384,0.2027659769409239
310,0.13081085465200978,0.6964580708196288,0.00040528398295812423,1.1588465304510252e-06,3.138088936155699e-06,0.14722435620861213,0.025097137401324503
1006,4.549940764212443e-06,0.004955494101314968,0.2617302420681787,0.015285933175842115,1.1909817315240762e-05,0.14877686575344556,0.5692350051431393
1070,0.00017567087159914407,0.046092732904589054,0.06519309603606807,0.0002609641093598453,3.712923683934427e-06,0.03048008039074147,0.8577937427639585
1795,5.03354705463247e-12,7.224080618073014e-08,0.029927891074097754,0.0017633207466541917,0.9678581438297392,5.8831756776513966e-05,0.00039174034689288303
1149,2.0125985101311157e-05,0.007631292942918362,0.47392006414573795,0.0005705306054112553,9.216936094410423e-05,0.08877957155943562,0.4289862454004512
1306,2.550684669091065e-06,0.002633910305198792,0.8127124602761797,0.0007383308353869734,5.4027595984777964e-05,0.029798256720159195,0.15406046358242162
1223,5.646978963592271e-06,0.0035681852209059773,0.7411615193032395,0.0007842226206504887,0.00013515708394442022,0.045021150422164646,0.20932411837013165
1335,2.633969180719071e-09,4.4436684061518374e-05,0.3742056597391837,0.544165735122382,0.00046669185887346544,0.008099971611204272,0.07301750235032597
189,1.904102851370076e-05,0.00851786134053834,0.879635428915712,0.0002963275226233516,0.031129332678280084,0.022073884968147182,0.05832812354618529
164,0.017304180645257617,0.8093355658692777,0.00031219169738551687,4.999178377066771e-07,0.00028556975238846626,0.13218947676427484,0.04057251535357834
1,0.013457833390191354,0.6994467536277765,0.003643526123723586,2.523882733263474e-07,0.0002681275136330073,0.236638758370702,0.04654474858570034
102,0.557557980820994,0.3745432910525228,0.00010344878948016386,3.265389353903416e-09,0.00017695103807690703,0.06548058939794318,0.0021377356355935873
1111,0.0004155142485247148,0.06430122605918928,0.09241341019238192,0.00012256209895119565,9.12561339060957e-06,0.04460494673574402,0.7981332150518183
1301,1.6779038307075312e-07,0.0007100167460807266,0.7029651905087207,0.03529318725751849,0.021603785556618574,0.052597914867309685,0.18682973727336863
1912,2.2154522372640484e-16,6.481976892336918e-11,0.009055893743612287,0.010620383522793955,0.9803139485596933,4.437914573793512e-07,9.330317622946064e-06
1729,9.945073426759862e-13,9.859186647186884e-08,0.06279131266261066,0.8591056460279012,0.0742266169629174,8.344880677953614e-05,0.003792876946930332
328,0.661922249269824,0.3335744631014545,1.0910709063159715e-07,3.3790032208527456e-11,3.988622694053115e-14,0.00445850420063689,4.4674287164014714e-05
639,0.8603600158472287,0.13937239990615777,2.6202603593864675e-08,8.355874234622499e-13,6.727144871300305e-11,0.00022343269939122223,4.412527651160185e-05
1434,2.1550858983159096e-06,0.0014130884049881063,0.7483049155295118,0.0021917508056035796,0.04219684492771943,0.14027313502450808,0.06561811022177044
201,5.961132660535637e-07,0.00256472028752545,0.7153714076628157,0.13046265358571046,3.929935924090276e-05,0.011461890375186407,0.14009943261625485
771,0.02549180191777433,0.3137973103413407,0.008918225315192187,5.079712355073786e-07,4.63522491586248e-05,0.6183030601319424,0.0334427420733562
802,0.001826808751102827,0.09914923645741763,0.025479514846575783,0.00025660601685112373,9.629079575817265e-06,0.4210051326735304,0.45227307217494644
1802,2.6627996049891842e-21,1.8232100055849758e-14,0.003482590080866816,0.02931055650729483,0.9672067452764892,2.625723185282984e-09,1.0550960769657315e-07
880,0.0017943242693117677,0.11891162195376524,0.0213811767623448,0.0003960337345232315,3.3420330673215936e-05,0.7033936658374799,0.15408975711190176
1527,1.8223932729657764e-12,4.3706857283701725e-07,0.01742811351751526,0.9792371726053617,1.2364578229232106e-05,3.625023522641657e-05,0.003285661993272345
178,0.8818709836527597,0.11619841825337507,3.2793953583612345e-07,6.531193463425694e-12,2.421101726216999e-08,0.00185162790174502,7.861803503577249e-05
1199,1.502951242008065e-06,0.002260906522484218,0.6805023678521877,0.006991191830320007,0.007048849574644928,0.1120120251166746,0.19118315615244666
330,0.2834941120193251,0.7081788799190677,4.731441546993734e-06,6.545810066851301e-10,4.0591529244841893e-10,0.0074333803419381105,0.0008888952176257381
561,0.9765573966606992,0.022184066090197355,2.0148972795610637e-09,6.74127884981647e-15,4.186401350326296e-10,0.001257389374337983,1.1454412215117606e-06
912,0.006238538348171869,0.1682788079929454,0.0683143823233722,3.0426828461352313e-06,0.00026054604416267944,0.6949124183360305,0.06199226427247134
1017,3.401247681064579e-05,0.02700077839581169,0.22315315302106292,0.005300503551860781,4.766100263041619e-06,0.08420659589108156,0.6603001905631093
734,0.0020539830422203827,0.18105424396136158,0.03284828085645851,0.0006631935370343173,5.005822247135921e-07,0.515348656198087,0.2680311418226135
742,0.0013460807952498915,0.10769292676639099,0.03470999708883249,0.00039120691939114715,9.370973151077664e-06,0.42052495415983926,0.43532546329714517
762,0.003469509900949769,0.10752007898764328,0.0491075789542678,6.037743803303872e-06,5.5930113038605286e-05,0.7679052463656112,0.07193561793468613
489,9.468128647094656e-17,6.092815033163465e-11,0.025812551967814987,0.04387312896913408,0.9303042820355941,6.110673053554707e-07,9.425899223149036e-06
559,0.965562541191976,0.031947614633017034,1.052413376607062e-08,2.4116618021157586e-14,2.351710093296457e-09,0.002486760697745801,3.070601393253261e-06
170,0.3375608444566477,0.546162232827171,5.6840648455451036e-05,1.4272551934325305e-08,1.178100661010954e-06,0.08406054157957463,0.0321583481149384
900,0.002882073668173673,0.0902020302587073,0.06067388477924606,1.1903941738396013e-05,0.0002251440060121309,0.7359306639755566,0.11007429937056587
1701,3.55292304355541e-11,3.307166129479364e-06,0.0720622750425115,0.906983025542497,0.00019024366641643298,0.0001300596573530071,0.02063108888956311
558,0.8887807353331463,0.10959975192588539,4.5729916658345815e-07,2.1114126650662722e-12,4.565923924390996e-09,0.0015394992904291045,7.955158333727867e-05
631,0.7479163572095083,0.22161483476528865,2.5780518880322566e-06,2.2478450018840828e-10,8.019812043978849e-11,0.028833400585865306,0.0016328290824671058
1817,7.74381191570476e-15,7.566387119319397e-10,0.011881836675293857,0.0036238622052405267,0.9844622575858306,2.0112830102893872e-06,3.0031493978297165e-05
1611,4.065580490431587e-12,4.0547060479999987e-07,0.10190410106102911,0.8917376102397121,0.0010896774259929677,0.0002640724206811002,0.005004133377914228
2031,2.183316677855675e-14,1.7308841440591233e-09,0.01535683819690063,0.0045562907022896875,0.9800292648450661,3.713850899808076e-06,5.38906739378947e-05
62,0.03555964340883112,0.5136198348256021,0.00021336066280389405,1.0692611008277759e-06,2.6706720014269094e-09,0.43613562026838093,0.014470468902608943
234,0.060690716685617464,0.44374057230365327,0.028269234631992827,1.6016434965295356e-07,6.277334043909972e-07,0.4012071741026531,0.06609151437832902
53,0.22715894400223588,0.6193771476262446,1.4284490774167197e-05,7.425787920757404e-09,5.61262366277258e-07,0.14443977212255535,0.009009283070035871
720,0.7227381058522231,0.24809228618575124,2.38032488076564e-06,1.982547761844545e-10,2.141552214669064e-11,0.027794884655756816,0.00137234276171783
2030,1.1976020420177216e-17,1.2206406829931318e-11,0.015272247400796945,0.034707656861907944,0.9500156751188025,1.9910469946567804e-07,4.221501586739053e-06
665,0.8973057210567899,0.09926923090017291,5.38482723402233e-08,1.678819024962905e-12,7.1809713020627096e-09,0.003340559959273732,8.442705284109211e-05
967,0.00033643718685076113,0.04646219136312496,0.19865028147708005,0.0007726622855420025,0.0010142737547649682,0.4428330870888371,0.30993106684380023
1209,1.5645030971754385e-08,0.00017616600763093173,0.5755842502411914,0.2886532721735525,0.0001271099066343616,0.004723720983197278,0.1307354650427625
52,0.5543851029861188,0.41064037491850747,3.60255595536698e-05,1.840359639708573e-10,9.34000171065668e-09,0.03200370420781022,0.0029347828039722594
1782,5.92279107966517e-13,2.3502768368865442e-08,0.01851177124892449,0.01033360829875198,0.9709145725593662,2.7395516953580144e-05,0.00021262887264301977
9,0.029787030850946455,0.5377841646174168,0.005512202750915667,9.021762821560203e-06,4.458803743763549e-08,0.19869110961008807,0.22821642581977394
1318,2.522773296945955e-08,0.00016949376472154797,0.5596742918267001,0.30538380294877915,0.003408741972172788,0.02282989817368583,0.10853374608620747
505,0.8151208041520762,0.1842184731492837,1.6870047198995283e-07,5.940638583242275e-12,6.189162349643281e-10,0.00043843843699038423,0.00022211493632086555
1471,5.790453972606159e-09,5.659189110498011e-05,0.5155097529854523,0.3502888597128727,0.0015486236504042956,0.012256124126595155,0.12034004184311652
1245,7.765522826609816e-09,5.8878297921656306e-05,0.8320398859163598,0.09829782803488632,0.0006868122210431547,0.011425458552183949,0.05749112921208219
549,0.7960530738059144,0.19009973803679062,5.3722138201712935e-06,3.359560554002956e-11,1.6411043093668757e-12,0.012749066046196042,0.0010927498620423367
1515,1.8155327577280614e-14,6.568063457151099e-09,0.0036247459411216233,0.9957949663992199,0.00020754662896911168,8.398666584899222e-06,0.0003643357960228149
566,0.6750040893373428,0.323014208662067,2.504688342216789e-07,3.3830210847752717e-11,4.040241151714037e-10,0.0017653485502341062,0.00021610254366748627
573,0.8668192167817113,0.1311412798882615,5.413216694483021e-07,1.7442011313057844e-12,1.7743825864239098e-11,0.0019132482401514812,0.00012571374871806225
491,1.0815628525951939e-18,1.988099919107334e-12,0.011712939411250862,0.029025788181955104,0.9592595577390592,5.964911021814211e-08,1.6550166365828699e-06
1104,0.00012690288366295745,0.047493949799858416,0.13294528137400463,0.004572927006713529,2.020317665363526e-06,0.15751126924160727,0.6573476493764878
395,2.4539803630196883e-05,0.07300411810340864,0.1612815587835591,0.0459895781475983,0.00047040892708860116,0.19216584761933547,0.5270639486153798
46,0.15621618787888938,0.6834997758805123,0.0005132030858350022,1.3035812345706872e-07,3.246694667289134e-10,0.14378404940116607,0.01598665307080451
644,0.8909666797405599,0.0856620014050078,1.355582274632934e-07,2.9504030366187096e-13,4.3780995371083065e-08,0.02335265908646941,1.8480428444985096e-05
126,0.08237437493907931,0.7176080312169663,0.0007809256173063302,1.897023744745734e-05,3.012551611156112e-05,0.14116089315699853,0.058026679316090526
205,0.4055580727388673,0.5430140549609762,4.475641419301312e-05,7.490055203702566e-10,2.6195447604598776e-10,0.048285274067308,0.0030978408076953756
6,0.01823334937729387,0.6490359120442035,0.04259665273530055,5.066733823158922e-07,0.0025463686262083606,0.24407901305184967,0.04350819749176194
713,0.8210499115585455,0.17386652161903163,5.973304269884273e-07,1.1629563272422386e-11,2.061199713544971e-08,0.00502483428618287,5.811458218640816e-05
553,0.7695605626342903,0.21623130756793826,3.746213413455252e-06,9.987412841436303e-11,1.1926495356295428e-10,0.013608379785497646,0.0005960035797212686
1819,2.150960082920289e-12,4.008632865289415e-08,0.028015119203509173,0.0018665059429797807,0.9698003836112471,3.699091869858772e-05,0.0002809602350857106
877,0.00164918189002268,0.1561574325702474,0.045985024337964364,0.00043430282815203086,2.0613266732637016e-05,0.5266761008706364,0.26907734423624435
1690,2.2956863789812566e-11,1.4302132616887735e-06,0.44380709404802954,0.5464360807529228,3.926087451534704e-05,0.0009850590103932268,0.0087310750779206
1035,3.250320160323642e-05,0.007815947172959855,0.49689794169156937,0.0003219825421762359,0.0004503584026479582,0.11530839632872,0.37917287066032335
16,1.104542037982325e-05,0.01279629538281703,0.07026974537884935,0.0633365512055987,6.750683811102499e-06,0.22850520795554027,0.6250744039730036
2022,2.6964348380294844e-14,2.413990479965257e-09,0.016169773664291554,0.008320733907442557,0.9754375334509378,4.787704838429345e-06,6.716885847225562e-05
461,0.33638764595886733,0.6095832246924096,0.00010288922977403023,7.172773418172513e-10,2.6559467801711096e-08,0.05340019493156284,0.000526017910641056
1108,2.172530800469362e-05,0.014517410562944285,0.0658425793695903,0.004611116000205844,1.3538898592028771e-06,0.03718090709602074,0.877824907773375
262,0.029229111564766406,0.9615138491622978,3.2649481609628004e-06,2.4612164766363093e-08,1.85749789222782e-10,0.005441704560943734,0.0038120449659166424
2036,6.621120729068692e-15,6.954784130319669e-10,0.012445784575573368,0.0038425120652981963,0.9836804469814183,1.8730694676306304e-06,2.9382612757498436e-05
190,0.001720465451041038,0.21572336899148367,0.011766296220203839,0.0001263727656942467,0.000521100458749446,0.659383478459874,0.11075891765295372
550,0.9638494566750544,0.03347616621468211,6.278400184831483e-08,7.880244441418446e-15,4.937039065992253e-10,0.0026695285072231823,4.7853253265875405e-06
790,0.0013073567578772332,0.20808533679365745,0.009816040723414285,0.00016531688318365283,1.1220653497764885e-07,0.7173839720141721,0.0632418646211604
245,7.943688309517614e-05,0.03568717454189919,0.049015506644254844,0.00011100464876209646,9.432213677187376e-08,0.042542650393962815,0.8725641325658892
1511,1.1790614378211342e-11,7.683337931288773e-07,0.17814322603131144,0.8110779981624371,0.00029221709401724993,0.0004995227273836303,0.00998626763926688
1393,1.8410012977970368e-07,0.0008114867970952683,0.8083895580358555,0.009660316179838927,0.002276690759850659,0.03488109999962355,0.14398066412760616
1981,1.3391547549398283e-14,1.1113807602467683e-09,0.011951604680962645,0.003624806648737174,0.9843839551829796,2.7012631396003648e-06,3.693111278674428e-05
881,7.338197914488246e-05,0.04535187513805916,0.11189762253099932,0.00276033530603456,0.015181438390082316,0.7021743248707678,0.1225610217849118
1645,5.478541244481491e-12,7.787920492923953e-07,0.20562406645843032,0.78836141574842,1.4633488555490833e-05,0.00040870598799860994,0.005590399519067666
813,0.0036927335508773517,0.1073219550477697,0.06777583770951394,6.0579231323061614e-06,0.00016608422077835414,0.7111591175883193,0.10987821395960896
449,0.045857211127250254,0.8085256641847887,0.0024700662660005145,3.039092279575947e-06,1.954783036666538e-05,0.06530914384055735,0.07781532765875684
1353,2.592944733835405e-07,0.0009328569125949818,0.46639153940908584,0.21072484197741134,0.005065208284089796,0.07091325103617248,0.2459720430861722
1019,0.0014595525553265482,0.10702400409161497,0.0968953421627809,3.935410265240332e-05,0.00016680879295538655,0.24043241153502226,0.5539825267596475
985,5.8284948573099815e-05,0.019948655746938042,0.06940655368259933,0.01566329986817793,0.00011830641667087946,0.29434298597135655,0.6004619133656842
1905,5.9858521767295765e-12,1.1467353270094316e-07,0.02355830471974293,0.006246154846075346,0.9696404013471203,7.898799651196036e-05,0.00047603641103093357
1887,1.083585801597121e-17,5.09239029088578e-12,0.010256192157311673,0.0031793463730683934,0.9865627908968956,1.072411436434346e-07,1.5633264882322815e-06
86,0.02296883318598353,0.5277137846347161,0.013556174454424398,2.714380025543818e-05,3.028018604743407e-08,0.11217597174360971,0.3235580619008248
1683,6.38461836964459e-12,9.258878316044593e-07,0.14132780319480578,0.8472737492563913,7.7209501575853e-05,5.4590255126331354e-05,0.01126572189788467
995,0.00016767679974578838,0.05643894057767922,0.02934316627243385,0.0004470155074493517,1.5054866330786577e-06,0.028460796878122897,0.8851408984779358
1228,3.0110382908712906e-08,0.00019284479190533743,0.40993193043584425,0.4210672501622268,0.006640905059545924,0.02325934575176789,0.13890769368832695
626,0.90470364667401,0.09169974071328105,2.2938897431867203e-07,5.27283703167546e-12,6.689157400759447e-11,0.0035011842726509934,9.519887891941103e-05
899,0.0014902978251889114,0.18813793912032797,0.014319516024407402,7.42335817122095e-05,1.626292902581376e-07,0.7278683845289298,0.06810946629014346
747,0.0018941961736803745,0.07552966318932963,0.11724825132674019,1.6563849938415046e-05,0.002467715016727735,0.5443976860943013,0.2584459243492823
815,0.006597798857720417,0.11181741924967063,0.025014302155669015,6.5212279736434605e-06,0.0013738728741097429,0.7400881846755657,0.1151019009592908
1704,1.5607374551137913e-14,2.1454103242971333e-08,0.014024168685446483,0.9851375075197524,0.00029690213036377873,9.678120653214612e-06,0.0005317220896652
530,0.9405543175993091,0.0590823622103056,4.8203925249287286e-09,1.419506118318418e-13,1.533592106806204e-10,0.0003526360629126722,1.0679153578904714e-05
1622,4.959527186299088e-13,9.970474564715854e-08,0.14022938703469104,0.8558155945594719,0.0017896165784222957,9.546520885050348e-05,0.002069836913322993
1984,9.656136144730257e-13,2.4807039567355004e-08,0.026401380769715745,0.002379554763339267,0.9709898698568648,2.4933026927917724e-05,0.00020423677514706597
1146,0.00036797671071539675,0.04336402843293145,0.1492224472188873,0.0004591884706094257,0.025907943880626758,0.2333219759035824,0.5473564393826472
1329,1.9640656889850876e-08,0.0001465239616481877,0.6663472361432675,0.1689959836256438,6.365138477537656e-05,0.005282772664389596,0.15916381257961842
1930,5.77371106001238e-14,2.5318042078740977e-09,0.014239448281097664,0.0015956552856934618,0.9841083634219067,5.587169788109296e-06,5.094330965203902e-05
199,0.12140746988321213,0.6451424828749563,0.0008003790522060329,1.9949739305154518e-07,2.783434388192528e-10,0.16387706426159235,0.06877240415229653
1520,9.740001914678187e-12,7.646079163720902e-07,0.1568893803700074,0.834510360160944,0.0008658249620657606,0.0004307563147501851,0.007302913574576272
1093,1.6941769758319974e-05,0.011435598521054897,0.14601369024057412,0.013254462647895813,1.0018773401740325e-05,0.16000747295046694,0.6692618150968481
719,0.8166627710144337,0.1735002010519479,1.7196759182818279e-06,3.405529355976704e-11,2.7935039120506962e-11,0.009522040867293568,0.0003132673284160082
1490,1.3917206472998757e-11,1.2870096886084074e-06,0.4894004911338836,0.501176119787615,5.759987959163287e-06,0.0003009047830041047,0.00911543728393225
148,0.002572864382430347,0.18974415240072356,0.018345557796957217,8.302979046865536e-05,5.96922099293774e-08,0.39658840804654893,0.39266592789066124
1855,1.6863097756275404e-17,8.829381273366915e-12,0.01134206046717755,0.0070366360871306505,0.9816185021901768,1.598070580112575e-07,2.64143962737187e-06
1000,0.00012699758093297794,0.04082493436403413,0.10767676427466077,0.003310467575387132,5.792143702066028e-06,0.288413295911439,0.559641748149844
1216,3.799249719847773e-05,0.0060418588857197,0.5568306361841008,0.0001937943522379034,0.013086532952934523,0.07243521254533743,0.3513739725824713
637,0.8961877843031765,0.10221438960807899,2.6245679999090903e-07,3.949480895167899e-12,1.0174707164720006e-09,0.0014796836475908395,0.00011787896293350303
648,0.8227850017684073,0.17493577324430798,8.24412653613925e-09,5.284273280788468e-12,5.665924770799254e-09,0.0022494763788356445,2.9734693113616957e-05
946,0.0009702135237319784,0.08044279079261252,0.06517562286610633,0.0003547988773936626,0.00010756627506722024,0.6624903411728355,0.1904586664922529
1257,1.2455780731479376e-08,0.0004206808295354012,0.6796130353836336,0.050477500962766916,2.998008185707919e-05,0.017260635428446722,0.25219815485797964
1545,2.6010632281925376e-11,1.2927865614885608e-06,0.1614712614880212,0.8177496603565283,0.008364841115699458,0.0007690893751688629,0.011643854852010147
1751,1.2916766805551896e-14,7.036823515918624e-09,0.016216488572897595,0.9831640647531217,0.0001097405913463709,8.541105847325244e-06,0.0005011579399506823
1708,6.182460770429815e-14,1.8037581521830702e-08,0.054143344055623696,0.9429966698617018,0.0018982801019278295,2.424349312198948e-05,0.0009374444499811928
478,1.0453045087785374e-06,0.009812103719566492,0.44127663557820396,0.02792502719317184,6.589567288153535e-06,0.009683776496991548,0.5112948221402693
1462,1.551274380214285e-07,0.0005267630736779612,0.672195516173885,0.10356060314072883,0.00016195289540452983,0.014552135522951192,0.20900287406591456
1703,1.2564396083001609e-14,1.7222262076022254e-08,0.01123989118510978,0.9864029440316743,0.0018824659529614975,6.580214316312503e-06,0.0004681013936633941
736,0.0012322220832125881,0.16869684145803904,0.008931306579515378,6.568790207533599e-05,3.4358120686573e-08,0.7905940384279386,0.030479869191098203
1421,4.60157699179685e-08,0.0003588074438750206,0.4801794588710855,0.3546844065422483,0.00013631515085250816,0.011126941365667031,0.15351402461050176
1953,7.414444475869775e-15,7.252197340420669e-10,0.012628561868291659,0.0032841852495949383,0.9840558019095383,1.9167539169337015e-06,2.9533493430852584e-05
157,6.226078212493487e-06,0.014414071181648502,0.3245655293578767,0.0014585822951245948,4.0153146339833713e-07,0.07810744200797955,0.5814477475476948
74,3.0162102534405452e-05,0.035471169429570036,0.28556856738768244,0.002460580623104885,6.662914934612203e-05,0.06938638406650034,0.6070165072412618
129,0.03357879143855022,0.8894432154019407,6.0117915130215503e-05,4.6672552774712e-06,4.356234671028901e-10,0.021611219396240264,0.055301988157237865
824,0.0023477679338508623,0.06381806830685736,0.01814173659970107,2.3196126571616806e-06,0.00026644767281122053,0.8978415577871351,0.017582102086987083
2007,8.041134884990287e-15,7.363707739175162e-10,0.011417867893225573,0.0029842415108828017,0.9855678829378433,1.956521600567543e-06,2.8050400068961985e-05
1202,1.1126890144720228e-06,0.0006317412010656038,0.8545906911698622,0.0002720617936332792,0.006983394552388886,0.014527063238869955,0.12299393535516585
2024,3.847712089702963e-17,2.6060204652673747e-11,0.014437848235568651,0.033548914234747144,0.9520074502303548,2.9258788474298067e-07,5.4946853843434155e-06
669,0.7668891496293779,0.19922574154892045,9.437499397861711e-07,3.760031227881277e-12,1.5155324893779477e-11,0.03381569699140003,6.846806144674088e-05
1203,0.00010828469833568496,0.013150688026669547,0.23691579385516712,0.0003418413765274547,0.3175281493406927,0.3246727681941938,0.10728247450841377
394,0.0014755753285229092,0.7315256176193954,0.0006863761347007645,2.439922365795159e-05,2.2468098459600657e-07,0.24356855544778155,0.022719251564957146
1975,8.476882403842179e-18,5.0923796595360386e-12,0.01083552004380235,0.005110870100180191,0.9840514936501309,1.0692392765951659e-07,2.0092768667120884e-06
853,0.015691509008385153,0.20530290428440032,0.132095945848632,2.526051743476464e-06,0.00011043266681367679,0.3346131737465955,0.31218350839342973
419,0.06635107495579451,0.7407015094111495,0.00022619970962188958,2.2053441995299316e-06,5.674667105970724e-09,0.05281286277116991,0.1399061421333977
1310,2.894516590106357e-06,0.0022551319302843223,0.7732935818796577,0.0008379784052182732,4.785589324049801e-05,0.03612819230382265,0.18743436507118633
477,0.00298761008831435,0.5138804281982207,0.005648746427700875,2.0369168559279443e-05,2.9440552050538396e-07,0.3750634024315451,0.10239914928013914
1200,4.112438675246286e-07,0.0016836019732376442,0.6998068491321826,0.034575773302631924,9.442210272978673e-06,0.02178370246241505,0.24214021967539226
372,0.021886772177946583,0.4576619773862571,0.0019110103733197769,3.1300678104874465e-06,4.6586670375317585e-05,0.45690689734773454,0.06158362597655609
1596,2.0920270595514023e-12,1.6010619774593326e-07,0.025614149704421673,0.958003987159036,0.014092445026279508,9.645298612764534e-05,0.002192805015845333
1173,3.8492125069129835e-06,0.006899290208515127,0.37261394746544607,0.018409558526757092,2.037846522722492e-06,0.04175083057715397,0.5603204861630982
1226,6.755471635363202e-06,0.00224350949082079,0.5937308665917498,0.0007330922910158356,0.17840002059687748,0.16055897171780573,0.06432678384009505
766,0.018204774630410914,0.2686311940821015,0.006829148820064814,4.966462767330287e-06,0.008241995062235713,0.659559397440175,0.03852852350224469
2035,1.0999265606260224e-14,1.0251195331222133e-09,0.01288849668923841,0.004199051418487175,0.9828731779833697,2.51074376703049e-06,3.6762140007266426e-05
1643,8.551497580535873e-11,2.9884082257939034e-06,0.2534133495515297,0.7260214693111099,0.00047445097912151516,0.0015462413429760985,0.018541500321522072
835,0.0033129770121931757,0.08853776053374385,0.05588013563411393,4.576456105913579e-06,8.025204641645623e-05,0.7871622817670407,0.06502201655038593
1416,3.863745575544572e-08,0.00028661823948514025,0.8180428987264587,0.047301928232477156,0.009357862290169116,0.02627561778179384,0.09873503609216017
1614,6.62744490303702e-14,1.5459145330368286e-08,0.07683971720587074,0.9051918398594149,0.016430464726376624,2.3873944990587355e-05,0.0015140888041354794
1757,1.792731600181615e-11,2.8048227761263373e-06,0.03849403119293406,0.9486078209825767,1.0251521217781787e-05,9.555105990762405e-05,0.012789540402660324
1561,1.0753607826301638e-11,1.2482943007207976e-06,0.22201970533033402,0.7704951020117327,4.627001286926744e-05,0.0005545761144127919,0.006883098225596856
885,0.002432454493338584,0.20032150341656504,0.023621589751575706,0.0003591179641115629,4.056763559025985e-06,0.5289830904031212,0.24427818720772884
375,0.15714342654413868,0.7338144970802476,0.0001114456758784759,4.369871828458435e-07,9.235489742312943e-07,0.04397750647909451,0.06495176368448367
377,0.02362904340809859,0.4989368539501485,0.0011172385086952456,1.6599255311796992e-07,7.503290768926967e-06,0.44407498401520873,0.032234210834526746
1281,1.6513859631261746e-06,0.0030965048548276227,0.5372482471344713,0.007392772318280902,0.0007023246972298018,0.043070313022603564,0.4084881865866236
683,0.8121197697900329,0.1742837539189075,4.87567274829e-06,2.926053445098779e-11,4.354659974845269e-12,0.012721959520768909,0.000869641063927169
378,0.7544982749045938,0.24078834063163915,5.510560489995321e-06,1.2700657741720693e-11,4.861691444887334e-10,0.004569985876949137,0.00013788752745822491
1039,1.6169627027694043e-05,0.01474800697313403,0.1585406227664851,0.012195749294885531,0.004406536721651998,0.10669566810768162,0.703397246509134
509,0.952529740943081,0.044928512850781935,1.4815058618845817e-08,7.766184085360225e-15,1.1883994456671829e-10,0.0025370672762461857,4.663995984382363e-06
1946,3.578828765948736e-12,1.1805325719991857e-07,0.04062187554945537,0.01969751130806003,0.9388794533757897,8.007292758191642e-05,0.0007209687822769832
621,0.7351726922671536,0.26147419384608145,3.6357547743841224e-08,8.521290231471733e-12,2.8828898009400652e-09,0.003298655802391787,5.441883541446913e-05
1012,0.0008995520676538647,0.06423976267619706,0.11220888821985212,0.0005278741233819196,0.0026616333169010163,0.5032192872831835,0.31624300231283053
1927,1.1408881861208814e-17,5.859698817515086e-12,0.010299530932848274,0.0047765907643671284,0.9849218161114115,1.1888629999418608e-07,1.94329921335703e-06
947,0.002030293656101148,0.11486758434171437,0.04069498345752446,0.0002929834031105088,0.0011275287010538444,0.6533664661805062,0.18762016025998937
266,0.19616963546770655,0.737506748266284,9.416329350657142e-05,2.721777300828866e-08,1.7916101171996317e-10,0.05947676923684126,0.006752656338727805
1853,3.862253388196257e-21,2.5168479331106067e-14,0.0031527793369455982,0.026107416648891903,0.9707396587564842,2.334131352991908e-09,1.4292352159411383e-07
167,3.780580950627725e-05,0.03844351798879293,0.20854788550734688,0.017449141656096796,0.00028493705096883687,0.06411961487879572,0.6711170971084925
265,0.27376200711035115,0.612697865048791,0.0003375345347899704,2.5225007827156113e-08,9.295731429377305e-07,0.10856433979386744,0.004637298714049489
1772,8.581434504739747e-11,4.566552329654401e-06,0.23469912320608438,0.7357694272010853,0.0001708577719925113,0.0002380247194456981,0.029118000463248073
1592,1.2877694453757274e-11,9.00794309683896e-07,0.16057883381805593,0.8283709007790547,0.0037153250373487302,0.0005197436608284105,0.006814295897524586
740,0.001577249507703945,0.15120911574945084,0.040595992314391316,0.0004681206618860072,9.198595788657537e-06,0.5034361233339151,0.3027041998368642
700,0.7000025158195434,0.29187675254733725,2.006883083928806e-06,6.287201277221955e-11,1.4688846663281614e-08,0.007930504911348946,0.0001882050869676582
1044,4.819444793288863e-05,0.03500263340964328,0.38848071477592394,0.0026215876743438393,8.697538263348221e-07,0.09265372210921761,0.48119227782911217
1139,0.0001543641024756424,0.06454403021285746,0.24804958537341035,0.0014716357127163837,5.081786293123515e-07,0.134003893062357,0.5517759833575538
1147,9.826071065226761e-05,0.021862899889850598,0.2144177768845498,0.0011793373741816743,0.012269193491792077,0.16584644185875402,0.5843260897902195
1818,1.3205546903658488e-14,1.1022089751472418e-09,0.011996321660570972,0.0036477101208380915,0.984316344464085,2.685861984663494e-06,3.693679029910515e-05
1733,3.414776553251034e-13,6.55742745013727e-08,0.1015969361169841,0.8880326180728509,0.008717156688541998,6.275269845776046e-05,0.0015904708485492236
1724,1.600126035964652e-11,8.33299298540627e-07,0.17873627158819116,0.80714696890935,0.0019150861453942592,0.0005240367965200409,0.01167680324524477
544,0.8889816337813442,0.10684137356546598,2.8787517733802533e-08,3.3244641548521245e-12,3.2562899174642244e-11,0.004138962506936467,3.800132284837698e-05
1867,2.879874847439455e-18,4.515465114706336e-12,0.011792580015065505,0.0483692280849147,0.9398354605914612,9.6068783557538e-08,2.635235259491198e-06
64,0.4239238972070533,0.5408637676831153,0.00013168809930284015,4.761304039388668e-09,2.5023251480511434e-08,0.030066988207278964,0.005013629018694022
1119,2.066021485414408e-05,0.01256255626868211,0.2134055643627142,0.01708248754563276,0.0002076256204365121,0.20252854608647752,0.5541925599012026
1628,7.677834490004686e-12,9.78648345314793e-07,0.21755422955171547,0.7759391492566391,5.783744411824643e-05,0.00045293466761464857,0.005994870423889149
1060,3.409937052288832e-05,0.018430131136905326,0.10149152463678283,0.03555341099673617,0.0002490536921846749,0.28469723461430735,0.5595445455525607
1990,9.704043503197164e-18,4.883048640146957e-12,0.010038176585692428,0.003803617173810137,0.9861563849983203,1.0471716499334126e-07,1.7165201290989367e-06
168,0.0003557519585458555,0.12135667056077037,0.08068800222727607,0.0013425831313180728,4.538215216878853e-07,0.48665785539728706,0.3095986829032808
1707,1.4222208409906912e-13,2.8953230580334273e-08,0.06788548635797911,0.9262828342868455,0.004407624633300945,3.8825752191701214e-05,0.00138520001630984
2003,1.583641279899839e-18,1.5719308153746386e-12,0.008415669641231947,0.008879381942668805,0.9827039160740637,5.829673359032185e-08,9.74043729952995e-07
495,9.589184080993056e-13,2.1880001280987307e-08,0.02284570635403576,0.0018827730548503568,0.9750554436719159,2.2570786451996312e-05,0.00019348425178583367
2029,1.280368111268231e-17,1.3269078121552575e-11,0.01618804149996931,0.03803593599777155,0.9457711309028236,2.1146603914680805e-07,4.680120127303803e-06
830,0.009431362914652597,0.1677342189734042,0.036763284730685485,2.0338370873071493e-06,0.0003722186055922396,0.7079648924780795,0.07773198846049874
1838,1.270179965307648e-13,7.953507409082196e-09,0.016143842598766042,0.011805409109243494,0.9719137001084786,1.1906448401735622e-05,0.00012513378147590028
462,3.45752467850161e-06,0.003719419351578541,0.7262973498207131,0.001559902138956897,0.003827358026501339,0.1827194327710823,0.08187308036648935
956,0.00033543121324998583,0.08897834953678728,0.16004989541032236,0.0010691421901171485,5.411942909725769e-07,0.16482813014556688,0.5847385103096655
1276,1.3659065813816637e-06,0.000861730626674813,0.8416404070749901,0.0004587417876944977,0.010360502493496468,0.01832145664615742,0.12835579546440526
1558,2.566473693247167e-13,5.084393403619832e-08,0.12520222324591465,0.8715794616574042,0.0008875400548424844,6.505664458811582e-05,0.002265667553059935
1085,1.3443963880496924e-05,0.010689244647560756,0.12182091308592369,0.010093047865288297,5.165483869345327e-06,0.18531867168627303,0.6720595132672045
1453,1.5910846698773582e-09,2.1403648915455043e-05,0.48063506997281036,0.44196351573364395,0.0009186673592331772,0.0076076141574014195,0.068853727536911
855,0.00557526161886343,0.1544812571453108,0.03782431583866005,1.4887462091107155e-06,1.1418393990108792e-07,0.6848796931569433,0.11723786931007325
118,0.001914900617386485,0.646927249581247,0.08246630623640601,1.679507560864473e-05,0.00011050835808632929,0.15275167668699216,0.11581256344427336
1117,0.00041802393711878725,0.04208839411904241,0.2717222505071223,0.00019515146980515579,0.00045181419365845443,0.29703841040668555,0.3880859553665673
1254,7.502375168141373e-08,0.00033288537810106044,0.8521734381773727,0.03982636652439262,9.277822417774433e-05,0.011823593780293013,0.09575086289191138
1745,7.678374407115926e-12,8.946985442815379e-07,0.21281152334111297,0.7799676020679911,0.00010088288343346931,0.0004446848028575412,0.006674412198382174
1960,8.828205033394528e-16,1.7484875919224053e-10,0.00882825986756228,0.011759735459755491,0.9793991438163463,1.09338488725017e-06,1.176729659909998e-05
1748,2.3222349820994347e-12,2.747357991350987e-07,0.1452640696364813,0.8479805574018383,0.0025816594999040175,0.0001961190182876205,0.0039773197053674415
1404,1.0855047592332532e-07,0.0005477119002538646,0.7930162681785307,0.03279128422153355,1.6788334853908367e-05,0.011699738135153558,0.1619281006791985
253,4.405828370875076e-06,0.0033308302830260626,0.8132724503883992,0.005717606500410124,0.0006092466833107579,0.09753532819668514,0.07953013211979781
1577,9.100755804200318e-12,7.049491473972306e-07,0.1830522518245103,0.8077899088658952,7.713222917083317e-05,0.00048121735994860134,0.008598784762227007
183,2.34496474854873e-09,0.0001757720809625089,0.7547105536581659,0.07458333265992141,7.765478532599535e-05,0.017851630603293967,0.15260105386736542
717,0.8709059765355217,0.1234006529255519,5.738228889484121e-07,1.3939221783904937e-11,8.328442826493774e-11,0.005521269250881705,0.00017152736793192756
1287,2.2618518883205558e-07,0.001243560703669808,0.6428927173973003,0.07565263235249789,6.105358457477953e-05,0.039185514713566225,0.2409642950632022
1798,3.2700166876655134e-18,2.7095441587904033e-12,0.005511911376600606,0.007480597153739193,0.987005730548912,5.5795393275961125e-08,1.7051226455615683e-06
949,0.00605485127286824,0.15513129391197925,0.12095037953756889,9.872275756013228e-06,4.983019303934998e-06,0.33063721335605456,0.3872114066264691
612,0.6844827576961998,0.30956789193054196,1.614911706097599e-06,2.5118810050727715e-10,5.995353890530807e-08,0.004951380835659188,0.0009962944211657934
1189,1.0693574923192936e-06,0.0020927393959975114,0.6787021757609497,0.010451012560075544,0.011890642020024272,0.08183956385968838,0.21502279704577246
633,0.8469584907481545,0.14405564942484292,2.166092344243048e-06,1.2534570012938636e-11,2.509613359406667e-12,0.008567926328399082,0.00041576739121496856
2061,3.679723067026406e-14,1.8128640584828378e-09,0.010907287118151263,0.001703658149962915,0.9873431208722986,3.95341708784187e-06,4.1978629598653706e-05
1589,4.649324624115828e-14,1.0844205011029974e-08,0.05705784430256405,0.9272638870177667,0.014365845315725092,1.80430401855816e-05,0.0012943694795070826
488,5.5594133082137374e-11,6.551050993952484e-07,0.03912052825506273,0.009697159428351844,0.9493756645658867,0.00032450943472443647,0.0014814831552806497
1613,3.739425072891261e-14,1.4018957364191144e-08,0.04738664356948294,0.9513883384774353,0.00035612172275420044,1.891255600050166e-05,0.0008499696553322415
1153,0.002163585165528114,0.10048080073627334,0.05410531121964184,0.00010413698193818661,0.16567749008097862,0.2818092564717921,0.3956594193438478
1906,9.463824031702951e-13,3.7485416131166905e-08,0.028312460568699623,0.011653762227235635,0.959673216055829,3.524179501950228e-05,0.0003252818668539283
1692,1.5578198302979336e-11,1.24008937646676e-06,0.16339901998127776,0.8268691298628175,0.001077378391284077,0.0005309047511008794,0.008122326908565111
2004,2.8467475948357794e-20,8.68165804645688e-14,0.004335535281652502,0.013638537516961842,0.9820256919257337,6.096327166466527e-09,2.2917923800912467e-07
2006,1.4116228434463197e-22,1.7438109104747334e-15,0.001059511353223302,0.025999525381998827,0.972940930839012,3.6967061937203436e-10,3.2056093489013395e-08
443,0.038340660732318066,0.4781443055290919,0.0016819015367923245,8.254285996835363e-06,2.8365933204489396e-05,0.4333576286829454,0.048438883299651056
1238,7.609194806811126e-08,0.00024816414828891087,0.5652853333817045,0.17746438907865053,0.004539043298681393,0.05508489459079435,0.19737809940993215
1845,6.914627129855463e-15,7.229393165315188e-10,0.012844748466128573,0.0038784306617965195,0.9832444838626769,1.9211840216902267e-06,3.0415102430021163e-05
647,0.876944879675891,0.12065621548105437,1.8907422236879246e-07,2.537016798103098e-12,1.7046777037943116e-09,0.0023578558468273546,4.085821479019469e-05
1648,4.4481986963052473e-11,4.7224084407226275e-06,0.06726912599032216,0.9156918305548477,0.00014325564234276295,0.00014402359124660234,0.01674704176831805
228,0.31992590840143575,0.5388245314406162,0.00023447095579059044,4.764785033790995e-10,4.4468507863799743e-10,0.13786923372406318,0.0031458545569308756
1667,1.151119096004183e-13,2.1579101586126156e-08,0.06583312169507301,0.9291628251764612,0.003334971178666449,3.520131125291359e-05,0.0016338590593296622
1775,4.960452292732764e-12,1.4660650578529678e-07,0.04059314277059183,0.018740171252096337,0.9397699262946572,9.382549778154477e-05,0.000802787573406828
1042,4.947567841706693e-06,0.007223988026827836,0.08916591703637898,0.0509770534433057,1.0228779435307998e-05,0.15214006273122999,0.7004778024149805
851,0.0014152429438913474,0.0931211935729694,0.027083273342446524,0.00021121154948507584,1.1759128999745783e-07,0.5423006299224894,0.33586833107742825
1273,7.142293600605481e-07,0.001701734994203847,0.7116310237237286,0.009243532848857832,6.747489554054928e-06,0.02293644959743987,0.25447979711685575
1440,8.261036246159424e-08,0.0005207740716064285,0.5369417946218604,0.2952607805615723,0.0007652636730562408,0.04223253601413241,0.12427876844740977
974,2.0320288282697957e-05,0.012779441499864918,0.2018256266574309,0.018166044778038768,0.00019484927130350584,0.19998600087890864,0.5670277166261705
547,0.9102681219264838,0.08628142568176106,2.3705747635772746e-07,3.5200819540404445e-12,1.3744277832666081e-11,0.0033482019928240225,0.00010201332419025621
1825,2.3191791198240773e-13,8.859601782600578e-09,0.02380859751684298,0.002609430751423505,0.9734423615840953,1.1374510403049644e-05,0.00012822677740154288
497,0.7277450784046625,0.23373538429747012,6.0918264777863296e-06,1.1834761655902916e-10,1.2109505470066143e-10,0.036681009575057974,0.0018324356568888613
1186,2.9699868317473386e-07,0.0008600315197503066,0.42886622323376866,0.15241984590896895,0.041668081769592684,0.057924203720843316,0.3182613168483929
926,0.002437158412529324,0.13530955316463844,0.016012639983038483,0.0005681797944547942,0.00015446709252485378,0.455656581865562,0.38986141968725213
2084,8.305763922068647e-18,7.515452484831143e-12,0.008936999483551316,0.020924299939950895,0.9701355741110317,1.350248182769875e-07,2.991433132377244e-06
1452,6.12569227794789e-08,0.00027460146635620595,0.7028513363484067,0.1317223883858833,0.002887166293445316,0.034305179015402296,0.12795926723358347
1029,0.0004015720554384883,0.0678330077520956,0.022073515548937654,0.004735663590635616,0.0013418927149721665,0.13669724563298197,0.7669171027049384
476,0.004708729720147245,0.8406595023524738,0.0004854876633679805,2.3168651543783487e-07,4.653639350205344e-11,0.14603152913227993,0.008114519398678955
593,0.7853007260690001,0.2095075305965735,1.022181136469952e-06,7.81170924093544e-12,1.4590779132100635e-09,0.005111865634534107,7.885405186635002e-05
1956,1.593647812399824e-11,2.413229496349653e-07,0.0327297869970562,0.006726987965803179,0.9595676119495177,0.0001465227837654084,0.0008288489649713906
274,0.24632451420523643,0.7412353252093532,3.221398465408533e-06,8.091859680661848e-09,3.048831190217988e-07,0.0118346551886891,0.0006019710232772492
1175,7.310296829158765e-06,0.012233542716485229,0.125566612415729,0.03914667672873014,1.104851565856063e-05,0.1362993030573753,0.6867355062691926
1510,4.507356939257099e-12,4.2656010003348916e-07,0.23050412683899452,0.7569908446269643,0.0005286365101470385,5.518114260306609e-05,0.01192078431668361
918,0.0023541282440265247,0.10509981257496359,0.055488660130779105,1.4030909613164385e-05,6.122915912786165e-05,0.7537916511665275,0.08319048781496229
727,0.790742606080679,0.20327358320357994,1.3818532615751953e-06,1.3333776394035874e-11,4.675968391305538e-09,0.005868581675163096,0.00011384249801430826
1413,1.551407941076564e-07,0.0007489116920341807,0.8069307532864829,0.01131106423561951,0.0030850386354628317,0.03223377878251494,0.14569029822709145
1140,0.0001303054655087931,0.044444088223508635,0.04279248266528431,0.00042276162698776847,2.4970221540345463e-06,0.025677035094676087,0.8865308299018804
280,0.0391600875290426,0.3708329749793901,0.0025034602974879873,4.2767447493453605e-07,7.878720278634354e-06,0.5726412319638536,0.01485393883547205
799,0.0010102036199877886,0.08835582555988047,0.014458262315753145,0.0012218931750224197,1.0321035496246208e-05,0.5503388520250181,0.3446046422688419
1926,7.834525421894963e-22,7.719259104430735e-15,0.002447209180132615,0.0319899143358608,0.9655628056597523,1.2406264522864354e-09,6.95836200141099e-08
1096,0.00018618259953880173,0.03532374449242985,0.10697021062904126,0.004339204787398623,0.008306485117537305,0.30943280555654884,0.5354413668175053
533,0.9233171399939856,0.07542851008638775,2.2747159820102735e-07,2.3936160340584485e-13,2.0277571733877076e-11,0.001220744802410183,3.337762510147394e-05
474,0.01587886062468289,0.4870245599684177,0.03441080232442681,8.31698201170454e-06,2.2857732610816377e-05,0.4031304531816254,0.059524149186224784
1337,6.9585639131848645e-06,0.0020739053779116313,0.4671397352160537,0.00046717515632120095,0.35188328388319257,0.13150915644557792,0.046919785357029876
761,0.0025078900304442765,0.19551056680234613,0.02874656388201655,0.00028305290770530334,4.779407453329714e-06,0.5396837908637586,0.23326335610627574
2055,7.337465670895317e-18,4.3051153831151995e-12,0.009889290580671896,0.005037115752533244,0.9850718176605973,9.521335895355803e-08,1.6807885335056273e-06
1594,2.6106935387905307e-15,3.154944429963565e-09,0.004335667925433036,0.9953365939923564,8.079090652955475e-07,9.24776507336488e-07,0.0003260022416907465
816,0.0018958455023413772,0.18432559435207196,0.03818671777326523,0.0002665060017290263,1.3163357080050542e-05,0.3947047812453055,0.3806073917682069
194,0.09176698582403517,0.41123653686372047,0.0020993367573175093,9.353536058777925e-08,1.993867936413911e-07,0.4479140118914866,0.046982835741286026
623,0.9345935127856141,0.06390901904121693,4.7256383834197895e-07,6.049067195207748e-13,1.1275818231089623e-10,0.0013678850620185725,0.00012911043394878344
1095,2.583998586172835e-05,0.011323513143558808,0.3526011263889707,0.0016263382256430186,0.0003374436861718913,0.1219466442517444,0.5121390943180495
1884,4.0898284289796065e-18,3.477605164106651e-12,0.010927952177328676,0.008508673928478554,0.9805614896752209,9.292553944003858e-08,1.7912899549511675e-06
1639,1.025319337764345e-10,7.941677800037018e-06,0.2315196923944051,0.7464896410969263,0.00028317882687008594,0.0002723544165306211,0.021427191484935878
139,0.0316011145034218,0.960827458709868,2.040832863600786e-07,8.05756151045084e-11,1.7269011157473889e-10,0.007427396506731879,0.0001438259434260256
663,0.858528132197417,0.12418815488590317,5.338114204651957e-07,2.3847891495061985e-12,2.2999368132227175e-08,0.017235083854451574,4.807224905485712e-05
1913,1.972084214678415e-18,3.8164805259303134e-12,0.012483840424571633,0.0636584180467027,0.9238551654303644,8.518346764477634e-08,2.490911077203188e-06
1862,1.633604016167726e-14,1.0901166649884442e-09,0.011032865456550236,0.0020938114720106885,0.986837733788926,2.639044809815671e-06,3.294914757016246e-05
1002,1.3619294201931927e-05,0.007479275324455504,0.3612796160937543,0.002403746023232212,0.0004548507376971278,0.09877036648693051,0.5295985260397285
1274,8.623304100390514e-07,0.0018959354621548663,0.7031671205410076,0.008527473527581476,6.639503517786667e-06,0.02482857222454321,0.26157339641078503
873,0.002023272336017884,0.294346422741596,0.026928173764368794,0.0015108146782587659,1.2313978044835352e-05,0.38610482791541656,0.2890741745862971
146,0.015954004981375863,0.7567748429898217,0.0006137685088812518,6.650794396390656e-08,0.00016730819766421244,0.22323158207747723,0.003258426736835499
858,0.0032202978059757015,0.11929930124928037,0.006442085551151525,3.5253197311784017e-06,0.0026022524643010657,0.853377983462245,0.015054554147314972
343,0.026368186908804055,0.8468391497258718,7.494169501208612e-05,5.258561056073971e-07,9.636067356938376e-10,0.0971286361965933,0.029588558654006034
1986,6.91461422551266e-13,3.261061952023118e-08,0.026819089792635357,0.015502045656613655,0.957349994243659,3.062012528661064e-05,0.00029821757049441823
517,0.9661270508596074,0.03368378708487488,6.034223536394909e-10,1.05930213449794e-13,1.5476644781600723e-09,0.00018436237809241174,4.797526232701148e-06
452,0.006107154214851253,0.41654632009309056,0.0345199661657879,1.2411839726091005e-05,1.3980414828741523e-06,0.20322710070461528,0.3395856489404462
1396,4.0038028885247326e-07,0.0015054157522483326,0.6682479019295804,0.051855811436226015,4.200469527051326e-05,0.05560517894467957,0.22274328686170644
465,0.2244770024226165,0.7214927849940364,1.694463134573662e-05,4.659888151752839e-08,1.5941806077652308e-10,0.04997256564376817,0.004040655549933576
859,0.005695899763814518,0.15004721410803043,0.003118041221824574,2.3827777941667744e-06,0.0010775491740249946,0.8257861011767865,0.014272811777724883
1105,0.0004683069375639503,0.10633921734477253,0.15266980279119463,0.0008453234516740913,8.025132534885593e-07,0.1902613093544268,0.5494152376071144
992,9.707646625123978e-05,0.033427985595402034,0.2781416023523586,0.0033426478383876117,5.660687014001308e-05,0.08498960052843339,0.5999444803490271
731,0.8240763361545234,0.163350372865049,3.630187535807826e-07,3.0237735473719915e-11,4.101923849576519e-12,0.012173364234537198,0.00039956369279739337
654,0.8997959827109995,0.08956501629284891,2.0839908931780045e-07,9.839041024013312e-12,4.0602923066316566e-10,0.010491526636652447,0.00014726554454163611
1931,1.0379721073092225e-14,8.940234243359088e-10,0.011458710683864053,0.003126679902313984,0.9853812133896506,2.2675968551633836e-06,3.112753328248604e-05
1432,3.484263162717686e-06,0.0014474129079670858,0.6386546815679035,0.001113025419109816,0.16369619781313965,0.1303157933282069,0.06476940470051026
1101,0.0004218772626063907,0.10890351722063259,0.16481234775187617,0.0008344071634852851,4.794654371651749e-07,0.1836116412439351,0.5414157298920274
1079,0.0003098959620417373,0.06886961609566625,0.00809936722920989,0.004205973558895592,5.628586620682945e-06,0.026402434018304822,0.8921070845492609
37,0.5053102383849131,0.40390464209082505,1.2729414468500678e-05,2.9235867072694057e-10,1.6725068598546708e-08,0.09025629639023976,0.0005160767021265497
503,0.8421057621420718,0.15748782757945895,7.163929766324598e-08,1.9944566628869223e-12,1.6341266929598783e-10,0.0003063684898268024,9.996998393797384e-05
1248,2.4285361010878177e-08,0.0002614218071464258,0.6712709686037964,0.21604919977524392,1.791330928075684e-06,0.022826943760832552,0.08958965043669152
459,0.9026587221753373,0.09554330027274906,4.885765450066614e-08,9.5942013506964e-13,6.805663049873018e-09,0.001789184523208693,8.737364427766673e-06
1710,7.262807178672774e-14,1.9822949462033462e-08,0.09990361564955176,0.8980881932109278,0.0003292631046900607,3.512776329034263e-05,0.001643780448517919
557,0.9518113900875044,0.047326916741336635,2.0826325900350582e-07,1.8353500231621819e-13,4.655629007095535e-09,0.000830716588442688,3.076366364467548e-05
291,0.0022621810383015254,0.3940498988978232,0.007893703551094927,0.0007622273232287104,4.5677457286912e-08,0.11511959906920641,0.47991234444288805
733,0.0017861444118199262,0.2273667500807591,0.007432810585750099,9.379658596155195e-05,7.609999348456667e-08,0.7089485138406035,0.05437190839511244
1681,3.3866032340797386e-12,2.7323754757266757e-07,0.04483527998927827,0.9329267109613344,0.01906574795944072,0.0001505572382733222,0.003021430610739022
794,0.0018480023904483577,0.055483884584621106,0.01794789035188358,3.205278274143093e-06,0.00014101243194134132,0.9068926738408609,0.01768333112197057
1850,5.58718898472791e-15,5.734177132808674e-10,0.013821475800891915,0.003510577456868821,0.9826394526064132,1.8114449322253744e-06,2.668211747065045e-05
1877,4.0490526471980224e-11,5.10843474227589e-07,0.036168703807273744,0.00884244482158413,0.9534214283758637,0.0002637103066832342,0.0013032018046304648
864,0.004385122995647463,0.1472575859898405,0.21445139386593357,3.4919010831155063e-06,2.2801414121558294e-06,0.43200181658130277,0.2018983085247803
440,0.0007566536285305355,0.08103854154070567,0.0667185439717789,0.0006130119713340433,4.902305581183109e-05,0.6409834185604236,0.2098408072714153
1860,1.2547104208243488e-14,1.0315710912369581e-09,0.011536984095264964,0.0032147748100618714,0.9852120760137493,2.5260783331777256e-06,3.363797100692882e-05
1652,3.559695184162363e-15,7.35277522315821e-09,0.004359367070378145,0.9953746099202829,9.823304976327341e-05,3.407617619513817e-06,0.00016437498917738533
1898,3.057939254607889e-12,9.058829553204694e-08,0.029438324095368517,0.01350581317071723,0.9564962951688128,6.802394388771789e-05,0.0004914530298601475
1686,1.4920553791920583e-11,1.5869745406545415e-06,0.24075950161906734,0.7374383360369511,0.00010632389198312827,9.038991433340537e-05,0.021603861548203856
1646,1.6019406394678527e-11,1.6271221891440475e-06,0.22677621900139044,0.7643597474356257,4.8280322688112307e-05,0.0006675639230432889,0.008146562179043745
1806,1.4094417039722822e-11,2.269050081171017e-07,0.03050995581680318,0.007780236759017355,0.9607945082503645,0.00013887406106755234,0.0007761981936448587
380,8.925533270486416e-07,0.010643545459208748,0.7895592741009396,0.028865147918558282,0.00803834392586875,0.017488745273205212,0.1454040507688925
779,0.009764450380285295,0.08689006294265468,0.006285909684536785,6.655554564358927e-07,0.004552227713980193,0.8559113909962758,0.036595292726810724
323,0.9927807704315813,0.007153291336355816,4.3643212086619074e-11,1.578068167909653e-16,1.627171060580907e-11,6.589214745721134e-05,4.60246905546797e-08
1831,1.2889830841411086e-14,9.866052445632726e-10,0.01127739695816781,0.0026290679007608645,0.9860588206284832,2.449809684171545e-06,3.2263716285899035e-05
928,0.012442050355619147,0.18148647913159127,0.0014509267543575798,3.4477790679741526e-07,1.3897080332799057e-06,0.7924478624361185,0.012170946836373464
710,0.8594691371491617,0.11249948906931205,6.908419813448741e-07,1.9894228245559093e-12,3.798725997353148e-11,0.027960137357589676,7.054554197853353e-05
1372,7.451042723454547e-07,0.0005733435971957849,0.9135805724426633,0.00019436771244116767,0.00047695548122265275,0.013694876977426823,0.07147913868477823
753,0.003253938170608407,0.13899618166960254,0.027971444002115906,0.00021753511963396263,0.0007189590995840686,0.5816396204599308,0.2472023214785244
1875,2.493522933061189e-14,1.3901973933470329e-09,0.01049762580222083,0.0017185974979649554,0.987745562038433,3.1521783256232876e-06,3.506109283318556e-05
1753,1.8581797052475074e-14,9.597067838852524e-09,0.01378317666064877,0.9855057308137408,0.00011009959321717833,9.610628666417461e-06,0.0005913727066405649
909,0.0019615262839719656,0.11470074854714553,0.02618999398446298,0.00027579368222400123,9.786846283914582e-06,0.44751788713738727,0.4093442635185243
902,0.007377031933837727,0.11325876782165026,0.0648472672335684,1.4537994965075104e-06,0.0004149201486480022,0.7103008809725817,0.10379967809021735
1293,4.1914086349350896e-07,0.001333273050843321,0.6874815628627219,0.021993992498171355,1.589329607283841e-05,0.021410522926001433,0.26776433622532564
1355,1.833724144192218e-09,0.00013868406740995346,0.6596272433402682,0.1000817789975184,0.00010347418199568364,0.005902713453746314,0.23414610412533737
1706,3.598774527548741e-14,1.131415969295239e-08,0.004785922940503853,0.9937825823867884,0.0010232340410177949,1.1815702697192266e-05,0.00039643361479698564
335,3.55021357364041e-09,4.7512641209507916e-05,0.32564546802002703,0.5332937171649135,0.08719430995933729,0.0059420453735488715,0.04787694329075045
1062,1.445280108942126e-05,0.01530012604811806,0.3225228362508564,0.006214789998497891,1.6939584444271435e-06,0.07171486276403902,0.5842312381789547
930,0.012424491949981723,0.21523359546827833,0.024305894222759694,9.767560825075312e-07,0.0001723329393866199,0.7088374460033671,0.039025262660143945
1461,1.232384069732668e-07,0.0005194670499792919,0.6569549984683457,0.1322896700928353,0.00015620770416064313,0.013233640896145269,0.19684589255012672
1473,9.613252707127018e-06,0.0037192714084247503,0.7621564183331463,0.0007464198711617591,0.07837105071999216,0.07101537443488933,0.08398185197967858
1535,7.003885904968327e-12,6.988484447790318e-07,0.14000792343775328,0.8532607786043523,0.0007454871116407418,0.0003524859004351123,0.005632626090369765
484,0.1566174003365281,0.8371544828267454,1.794555589978078e-06,1.5131773981756051e-09,2.4973764598178278e-11,0.006032427766209401,0.00019389297677571089
1032,4.3783927050354984e-05,0.019736151447318686,0.11344599071961384,0.007199014977297819,2.0460038541952913e-06,0.28689027665187256,0.5726827362729926
1937,9.406928668784417e-14,4.416096717054423e-09,0.019376282269223343,0.0025667447204492182,0.9779639075302625,7.0418920333594635e-06,8.601917184099132e-05
303,0.8291947180548981,0.16929811056442703,2.5474632673400523e-07,1.4598673972565408e-11,1.6465900811740908e-12,0.0013821559345178274,0.00012476068358519988
857,0.006210941852380312,0.1690972889799056,0.20581888127892092,9.506078433249126e-06,0.00035843833900205656,0.43011954104585054,0.1883854024255073
26,0.022943051278876136,0.9125627025511441,0.00033502194467596963,1.5002295042118027e-07,2.2201626027019696e-10,0.039871978569028695,0.024287095411308544
1765,3.131373736047825e-12,3.1252480105405637e-07,0.10843318115532845,0.87939317778535,0.008513060560076637,0.00020403453656519342,0.0034562334347471896
1025,2.9431876199774123e-05,0.021671189590335368,0.0864986115737495,0.020475391474966666,6.362030762030539e-05,0.2825918409069544,0.5886699142701741
1610,1.0905275780458075e-12,1.4150481201734083e-07,0.11074375262905586,0.8856796349517622,0.00042798776868883216,0.00017939579569441688,0.0029690873488962847
1401,7.477961733441421e-07,0.002310264349377868,0.6871493448946024,0.020764722808377826,7.931756740008512e-06,0.027499570672954044,0.2622674177217745
47,0.04294965450561536,0.6575010769079874,0.005530254664432034,2.462429117283664e-06,3.122910862243908e-09,0.24069457647376874,0.0533219718961684
1785,1.946753463829689e-14,1.4153213229186095e-09,0.014935576885042677,0.0030519601777653227,0.9819622750507887,3.1882688988888163e-06,4.6998202163571914e-05
152,1.6671024333551367e-06,0.002979202485025367,0.44278832097237397,0.10450204633228682,0.0011340102336592555,0.11895811526318252,0.32963663761103884
371,0.11942986355910891,0.795455948708699,0.00010904161317475965,1.0826325154976125e-06,6.026439739438299e-07,0.07837743805632108,0.006626022786206831
1869,2.775264781891143e-18,3.606322443513028e-12,0.008320821808024003,0.024259392694542015,0.9674175970132596,7.370753567340833e-08,2.1147730325059506e-06
1354,2.1411080103307862e-08,0.00019038965553954646,0.6038655004341603,0.1898289460028078,0.0012189967159735187,0.01715697843203135,0.1877391673484073
1011,0.00012909536274608775,0.02801437734063332,0.2944932963721742,0.0015442493370596813,0.00011437386841658403,0.36910402381201424,0.30660058390695594
1300,1.4102852211895555e-06,0.000874785087033478,0.8071512364076572,0.0003613466517791738,0.00011107374543074157,0.06091860061410453,0.13058154720877385
1323,1.0789410532812692e-08,8.836098490028184e-05,0.5425063363635022,0.2874695135119713,0.08618172381705361,0.01126433210115745,0.07248972243200465
1048,0.00013263146001646104,0.040817008244294344,0.33453533532850904,0.0013570345781922265,0.0001864186575215956,0.3915991074524275,0.23137246427903882
359,2.5899379668455167e-05,0.029077841022267382,0.2537779417697975,0.0042304144081677444,1.440325631546915e-07,0.21004195958813693,0.5028457997993989
1331,8.984135997450526e-07,0.0021924240142361267,0.6726066589326717,0.016499410927481004,0.00529327497789791,0.0954877013153022,0.20791963141881142
2043,3.4393998711933744e-14,1.8405843842040093e-09,0.013526641835119377,0.002768533286333945,0.9836525357162372,4.724635364038399e-06,4.756268632643792e-05
574,0.9251351333153659,0.06424576332225225,1.1260042760417149e-07,6.432450845939709e-13,7.586467478412106e-10,0.01059537514779926,2.3614854864984436e-05
1754,1.733260939046274e-14,9.123503333664484e-09,0.016015047967519035,0.9832640952575606,0.00012641449261842434,9.68009334339668e-06,0.000584753065437667
1027,0.0002731970991463957,0.06808693319292358,0.1500920428558018,0.001543555203339761,2.7339772301038937e-05,0.42621639064332384,0.35376054123316353
1550,3.172349603842643e-12,3.497190690059681e-07,0.17880061120522195,0.8126399953431869,0.0011226608383233245,0.00022975666600782215,0.007206626225018499
1814,2.1588871804360058e-23,4.565746977890769e-16,0.0007827290405885303,0.029443614207147136,0.9697736421305362,1.4196526265172777e-10,1.4479762578487593e-08
1049,0.001747315413596258,0.1904400173104738,0.07159227097336485,8.442245486399814e-05,1.0772135084313314e-05,0.10350969890711043,0.6326155028055064
1022,0.00019354395807876664,0.04867179669515575,0.22124693203365844,0.0011997697102306007,0.00024158830555845565,0.3007827241039354,0.4276636451933827
662,0.7532323561423738,0.2173308489551391,4.423355581969847e-06,2.6793556760438688e-11,7.823443095470173e-09,0.02896932979826374,0.0004630338984045709
424,0.49065210036364776,0.4458680433535802,6.718899054203519e-05,6.463413453241075e-10,2.7091718340906037e-07,0.06289934070565983,0.0005130550230454628
660,0.7136347055040428,0.2506795936146372,7.010396898029702e-06,4.422224341762195e-11,1.7819146662736464e-08,0.03512706656741674,0.0005516060536362864
1864,2.2153091013199432e-12,4.461906524966581e-08,0.025497138953714905,0.002845150714707744,0.9713069377511441,4.0039963111634844e-05,0.0003106879960412497
523,0.916548828718405,0.0830027987772563,3.892255482475654e-08,3.5562670469727266e-12,1.5762724478518648e-11,0.00037633851277293277,7.1995049691968e-05
1195,6.122609062476288e-08,0.0003475197397665304,0.7096011207195698,0.06692021644012072,5.473711238269993e-05,0.009180375629877708,0.21389596913219208
1758,1.8112792994790865e-11,2.888329767078209e-06,0.04989109369739417,0.9376363741135636,2.286212403226995e-05,9.506045499560227e-05,0.012351721262134368
1848,8.06162561790845e-18,8.597135866114342e-12,0.012761172675785611,0.03143148747736011,0.9558034973849489,1.5498035130322348e-07,3.6874729568105694e-06
2,0.004017053684293897,0.43891622269951164,0.0013292860285780469,1.0727908055662182e-05,2.630079920465903e-08,0.0938818240402162,0.4618448593385454
469,0.10520220633816056,0.8054371280877956,0.0001143078048201343,9.31576490763453e-07,9.695996213398797e-09,0.08148968878177307,0.007755727714963701
57,0.0077601717639253324,0.35292937101036603,0.001204463127115308,0.00011020447792544686,2.4638297966448755e-08,0.03733086592918341,0.6006648990531865
1438,7.910342989556302e-09,8.065900610651787e-05,0.42193773122453976,0.4717770863751053,0.006584227424501443,0.011940346845110483,0.0876799412142936
492,9.041598526377189e-26,6.3583682840159084e-18,0.00013592949323176242,0.03393737760055093,0.9659266915178989,6.177352717509362e-12,1.382140856233288e-09
1084,0.001642861522286698,0.12332088686612502,0.11706060055829465,0.00010132779098159605,0.03427574076726367,0.31997137892467464,0.40362720357037374
42,0.030511526588442583,0.4159488307001249,0.014738419180595728,1.6960027304027262e-06,1.2945582484662347e-07,0.44750367809429525,0.09129571997798629
1127,8.597353058482715e-06,0.008151269229746528,0.20379546691684658,0.01611332066225164,1.6707329253037592e-06,0.24073047309657508,0.5311992020085964
615,0.8579725655544735,0.1347469795455713,1.0607745441808323e-06,1.5426896104080275e-11,1.2753258106765513e-11,0.006987742067898679,0.0002916520293321324
1132,4.479432507395562e-06,0.00727708001433654,0.33681720595415476,0.015981295662407642,3.94445069231485e-06,0.04295132651255953,0.5969646679733418
1054,9.123003068961894e-06,0.01029705601755446,0.13903383768598612,0.03762937605721313,4.4759520176431236e-05,0.1473459905706472,0.6656398571453537
1738,3.3292529218685607e-13,5.607871573651566e-08,0.11461130896968937,0.8798743411416564,0.002918405839734287,6.729800341169429e-05,0.002528589966459473
1394,4.2786350140942774e-07,0.0010498856703707398,0.7168052611433992,0.013350116090524795,0.04124307893760351,0.05907498033632214,0.1684762499582783
1539,6.918355650176159e-12,1.4681222616557788e-06,0.034847104315278356,0.9576655720167541,1.5985226208081367e-05,5.7945855356925014e-05,0.007411924457222567
1972,1.2202966957740935e-18,1.8616955685213925e-12,0.006123481520513563,0.03144337331020281,0.962431688038753,4.906787157029207e-08,1.4080607973977778e-06
697,0.7924924620047877,0.17793543843396334,6.37925556294668e-07,2.542254426460925e-12,1.736894981030198e-11,0.02951903504080248,5.2426574978971074e-05
101,0.10019563004325013,0.4870040441425187,0.00048220127065284326,2.0171745594293193e-08,2.151518883917224e-06,0.411145271928445,0.0011706809245038998
1961,1.2323747477568404e-17,1.657212073871173e-11,0.0188353684772826,0.07794799958885519,0.9032106445223471,2.462920095870453e-07,5.741102933259623e-06
1740,1.693557284417898e-15,4.5259465587204315e-09,0.008489990184328496,0.9911523016823307,0.0001633454728177025,2.355525928128142e-06,0.00019200260864666728
1659,1.918714141045572e-12,2.896110578392213e-07,0.24303827148070817,0.7529460849531537,0.00022597492353533527,0.00021547884538618888,0.0035739001842399723
625,0.8226108927077987,0.15997157650642121,1.7970264527002986e-06,8.892549556108411e-13,4.7762686817484794e-11,0.017325462703976925,9.027100669849411e-05
1141,0.00030213799389618525,0.06197042480828148,0.06764742821444704,0.00013808798029865232,2.967120818566591e-06,0.036651149429559056,0.8332878044526989
807,0.005076377405634808,0.10289040673616041,0.08702844730417357,2.0860865437963844e-06,0.0004629003241532864,0.7356634345948673,0.06887634754846676
140,5.254430144591405e-06,0.08816277379724467,0.5374296038986393,0.03645512272944949,1.4204992849450112e-05,0.09306666879077942,0.2448663713608932
546,0.8938892169960045,0.10032520925398199,4.9603078287386476e-08,6.385435273942827e-12,5.3005849842620276e-11,0.005710174105116912,7.534998242711564e-05
1674,1.411402623512949e-13,4.209776508019284e-08,0.10754331001097521,0.8907491400668714,0.0003594168096145226,4.528459242925963e-05,0.0013028064222031833
1125,0.00018344695277960863,0.04606869486096985,0.17831304504186235,0.0029396303285920272,3.2741514531145735e-05,0.41710659122719757,0.35535585007406756
2016,1.007180631774958e-12,2.3737212210322894e-08,0.023640196237163492,0.0021884196786202256,0.9739398734651719,2.4138306252476854e-05,0.0002073485745724629
1361,4.318557601481064e-08,0.0003541458229716597,0.7764070600886294,0.01724122656479781,0.00037962339008950556,0.0073239234120046895,0.1982939775359308
689,0.8052961119979399,0.1821913371143328,3.988919902648817e-06,2.94608729635611e-11,4.647803784846415e-12,0.011690594969150918,0.0008179669645648476
1722,3.269318235348476e-12,3.6711856877641016e-07,0.14812293027138604,0.8443040603219325,0.0013821297470606227,0.00022179147078518933,0.005968721066997515
1844,2.1428081416549966e-14,1.4809030412479546e-09,0.013146969472533807,0.003013805277096713,0.9837908809488829,3.342931773875711e-06,4.499988878811157e-05
991,2.885678680678951e-05,0.016799735546299672,0.2756208490592103,0.005184618548656974,5.241260782897189e-06,0.0664164645222848,0.6359442342759585
1919,1.88111520620446e-17,1.916829720072155e-11,0.016389670132264608,0.05163842169154572,0.9319658056441442,2.8169581459109966e-07,5.820817062535133e-06
296,0.8978818464368813,0.10200926487309644,1.714319754929444e-11,6.874743695342824e-18,2.0948518838347595e-15,0.00010881013887838465,7.85339984242082e-08
209,0.01729796315237065,0.19675848224210138,0.014215387874689652,1.8351220633964604e-05,0.00039946406721871024,0.42679295103399584,0.34451740040898976
646,0.763328300929442,0.2261227840867059,7.4378816982119936e-06,9.549728783545441e-12,6.743044637900311e-09,0.010157283998979954,0.00038418635057950657
365,0.4412162938366509,0.3992545899289879,0.0003953103561255286,8.797267115363436e-09,6.294844777459483e-06,0.15200570974920743,0.007121792486983881
1482,1.5534873823428153e-07,0.0006103516009380759,0.5528501218783899,0.12839306672342493,0.00010345749179251147,0.013757072281349097,0.3042857746753674
681,0.8833630518708039,0.11152958563614288,4.919155911164841e-07,7.599436169363779e-12,1.2985810207968346e-11,0.0049514022998728875,0.00015546825700389028
397,0.014047161746252828,0.4965201755761925,0.001221992037436198,6.786140605097216e-06,9.810112718317158e-09,0.4398168286975837,0.04838704599181717
1804,1.5734904530128308e-14,1.184671990875521e-09,0.012199958179398632,0.0028348615232500055,0.9849262035441075,2.7657865813983246e-06,3.6209781974886806e-05
1768,1.1187430575396846e-11,1.2016949680057463e-06,0.12740825022252053,0.8584072766140123,0.0001516907167826133,6.945223489844329e-05,0.01396212850563067
1742,3.127782221201571e-14,8.71661340986931e-09,0.00565886946026662,0.9861911665292066,0.007630828895629541,8.996218693429424e-06,0.0005101301795590872
1835,1.2520986178904124e-12,3.339456997051831e-08,0.027377516628573923,0.003787546858873355,0.968536928483916,3.1701153703992026e-05,0.0002662734791105401
1476,1.2729817548769879e-07,0.000707931961813652,0.6488823943496101,0.12705201046345813,3.391803843530755e-06,0.01455494591958239,0.20879919820351678
2070,1.319952731941396e-14,1.0024120553019358e-09,0.011311101240495768,0.0026024585952655215,0.986051549262007,2.4739186905623638e-06,3.241598111606002e-05
456,0.0058116513155924785,0.9686678594611712,1.174832071761974e-06,8.228092928218519e-08,2.0627344167111574e-07,0.024890150355682466,0.0006288754811114267
1207,3.447937398781122e-07,0.0011383058108289362,0.7829538669519439,0.007635064806505578,0.0048960601145171725,0.043716206626773786,0.1596601508956907
1386,0.00011161865741381334,0.018016569490508724,0.4063127599245221,0.0009997064688165656,0.12921799039901322,0.1680236933282538,0.27731766173147193
319,0.49659146337421334,0.4528132022769893,1.743279320443345e-05,1.1966668228456664e-09,7.990584016737637e-09,0.048749376213856055,0.0018285161544860564
640,0.8528905626830816,0.14674034050623086,6.392564683427422e-08,1.5117024588920007e-12,1.3154707539415802e-10,0.00027300463062058595,9.602812136120168e-05
468,0.46524073176734326,0.48163793119930753,2.9329753208435265e-05,2.914698538996629e-09,1.7095604344110233e-06,0.05087063471376291,0.0022196600912449157
958,0.0001487306674673929,0.040702571408905916,0.07530748490505322,0.006457421323168989,9.366366955172293e-05,0.3697696193708687,0.507520508654984
997,0.0005362738423462502,0.06706951536923171,0.08400248405700392,8.048737106040026e-05,6.641091296733521e-06,0.046218186948481975,0.802086411320579
454,5.625708776683518e-06,0.05818972468847669,0.3232321966573114,0.01613708231261918,3.6914515352848654e-06,0.20546706570098036,0.3969646134803004
1472,6.486602940504007e-08,0.00023457279297992573,0.5813574923537386,0.15595649759234687,0.0032307377584883876,0.0368370384400198,0.22238359619639694
1275,7.092533182342763e-07,0.0005305752383914982,0.9066339960441723,0.00023429712837329483,0.0006364130015431431,0.01370821475455022,0.07825579457965136
423,2.38333032982849e-05,0.03590346942370194,0.29220551773725856,0.06842907753029102,0.00012696096909149698,0.4037856724156009,0.19952546862075773
913,0.00696891623445775,0.09906024550285239,0.02486923507827912,4.5979668745759966e-06,0.0004753834473425897,0.7733932363852343,0.09522838538495933
142,0.003104392832950361,0.23168433716167872,0.003582448129288007,6.873773132376293e-05,1.7295407375943622e-06,0.34399555108711766,0.4175628035169039
1296,3.101629382706523e-08,0.0001648648759158901,0.5639976804094303,0.1449376758949545,0.0004523131955850732,0.02268976307756706,0.2677576715302532
1034,0.0005556302112874966,0.08383231898949942,0.10275085581668136,0.00047664847183214945,0.0006196906892101998,0.08676860129052417,0.7249962545309652
968,0.0014511083969319756,0.12114931484652373,0.082651854578146,9.278224202996732e-05,0.0002725367330421308,0.09716449504422339,0.6972179081591029
1122,1.2916143176601256e-05,0.014833837056426161,0.06229643790675503,0.09327990101560829,0.00013965380205084477,0.20513284783780733,0.6243044062381757
493,1.5966406696678406e-17,6.658295008136944e-12,0.01118795552964361,0.0028548859725088956,0.9859552397265509,1.304660868313642e-07,1.7882985514737066e-06
1513,2.8598393819623865e-11,3.30178877200443e-06,0.04625076068371936,0.9456381310060525,0.0009229817765529985,0.00012091827045522181,0.007063906445849682
1942,3.1947083754110058e-18,2.9601481757043797e-12,0.007589048123899868,0.008999450458456085,0.9834095128378524,6.41285124378882e-08,1.924448319119429e-06
601,0.7202770800126095,0.2787486386124902,2.2106199086997125e-07,1.3227771881516566e-11,2.8330452825860096e-11,0.0007157984667473643,0.00025826180460376277
1989,8.773122690423068e-18,4.4441168944973664e-12,0.00930098525835111,0.003668563050944488,0.9870287924640451,9.644927541159262e-08,1.5627729399331384e-06
103,2.9240444219877943e-07,0.0007159020075693737,0.7933302273624411,0.008969157191610514,0.010963377962006296,0.05519036297023903,0.13083068010169163
1063,8.915641266079548e-05,0.02935739761870522,0.37754106915964,4.345412165845296e-05,0.0034966433255422696,0.27266910873764566,0.3168031706241476
1725,9.090718484571533e-11,2.643632761059558e-06,0.3835824832964546,0.5882035262447404,0.0016199802387855931,0.001585664321423667,0.02500570217492759
1771,1.1731177815673367e-11,9.141663407053034e-07,0.2546441961848318,0.7290910482530722,0.0002679316389471881,9.60844941043682e-05,0.015899825250972652
2026,8.840442974821031e-16,2.2918426544395182e-10,0.016989634293441105,0.019875417270379666,0.9631157330995305,1.3629691679361806e-06,1.7852138295549286e-05
202,0.0013991083511261234,0.4513163161269821,4.0838302103354286e-05,4.461102568787773e-05,4.838711945270184e-08,0.5063769928379379,0.040822084969043076
1010,3.021728068111228e-06,0.010494345332735366,0.031336414594247415,0.06326897065885091,4.917591467182868e-07,0.02697067060267684,0.8679260853242747
1962,2.011786109199092e-17,2.1875143728045188e-11,0.018767257100761398,0.061966563960077,0.9192594535682007,3.044220481445238e-07,6.4209270376665145e-06
789,0.0011755517576941441,0.22972525061623397,0.05952097735124526,0.0015238018198815422,4.466195353296498e-06,0.3851349092603478,0.322915042999244
336,0.018125977599701165,0.8463930905549438,0.0004434853885924408,1.5137479976989783e-05,1.0780421562452604e-07,0.03349375006853046,0.10152845110403949
1484,4.424098102530967e-09,5.410955969016983e-05,0.6190179447916764,0.19717010227251736,1.040902561603472e-05,0.002373333201869393,0.1813740967245326
261,0.0005038175017042714,0.3847836410676307,0.01854999315528364,0.002790992608899714,0.00015022306256105337,0.14474358304222804,0.4484777495616927
844,0.0036373177652125875,0.1341505532909891,0.005459745751386293,2.349446394851226e-06,3.685599868796581e-05,0.8414789562095613,0.015234221537767868
284,0.3648734375433046,0.5570087276412099,8.476662688682513e-05,2.919424865838589e-08,3.751922033800757e-09,0.07192070350340585,0.00611233173902224
1156,0.0004065207682642619,0.0598204621304737,0.0372904564577002,0.0013581503438304,2.4570865278703147e-05,0.15580754868909244,0.7452922907453602
150,6.098408929532407e-05,0.4697501803342062,0.19102758315263565,5.3229685319315783e-05,6.775883052362243e-06,0.17365463697547132,0.16544660988001975
1478,4.362842980532932e-07,0.0010468764454151904,0.7034546235259403,0.03580119863816979,0.00015438997646151408,0.055783330793752764,0.2037591443359624
1998,6.615892559108354e-13,3.3743974311762744e-08,0.02952992349524127,0.017930838017251666,0.9521964518851458,3.1693041182225405e-05,0.0003110598165430526
894,0.001984364046189195,0.07739674811970403,0.0922692206215619,2.5146929890026694e-05,0.026797846642577044,0.48136853868316976,0.32015813495690815
1530,2.996451956724515e-12,2.1705384984243593e-07,0.03242211844490615,0.9444498536722198,0.020465015404318037,0.00012649438997232708,0.002536301031737206
216,0.08294422988681077,0.7924194347922406,0.0006609087174053787,7.919523795684564e-09,0.000302744082695106,0.11243852773265817,0.01123414686866596
1890,1.2355104563562898e-14,1.0816637630835829e-09,0.012534052287155109,0.003969978993297398,0.983455426690318,2.646066547373362e-06,3.7894881005893164e-05
627,0.8914265873466313,0.1040064536813838,3.888866787353633e-07,8.40075143397662e-12,8.210703918390946e-11,0.00443613661299613,0.00013043338180203213
1852,9.101658403449106e-17,2.2882874347612104e-11,0.006106114620108515,0.0045184273788177924,0.9893715011734875,2.7048840610079583e-07,3.6863162970167326e-06
1406,6.529339131343341e-08,0.0005578990955255894,0.5309254067637443,0.12988934980346606,2.1927282181715276e-05,0.03324249688426593,0.3053628548774252
439,0.05239022373119917,0.6279267842378007,0.0031085854296638935,2.0140611554911e-05,5.309402374911258e-05,0.25023232905041654,0.06626884291561566
837,0.0006768068402397302,0.104250431072613,0.053410419966014616,0.00087673495492585,1.7429726598193266e-05,0.4802657174475849,0.36050245999202385
1857,1.6751898532876416e-13,5.499383220496928e-09,0.0144352684135933,0.0016958839147216667,0.9837904564511754,9.82183354827672e-06,6.856388741042135e-05
641,0.6834948910338576,0.3153863372699722,2.182111902503332e-07,3.7550412715592805e-11,1.7278033824204313e-11,0.0006958131260557358,0.00042274030409581104
758,0.006133800441884776,0.1358004086908196,0.09574886858541003,1.8561784231048319e-06,0.0003261895389950843,0.6963891358373598,0.06559974072710777
1047,0.0007637284945275507,0.07782750342963474,0.093830931749892,0.00013346606776227127,0.00048472670949487316,0.0672747551317997,0.759684888416889
1579,5.505211600556537e-11,4.5334561369650865e-06,0.1552630415183564,0.8322625193407135,0.0023270223347904386,0.00020612859660467636,0.009936754698345871
1955,3.266253579744629e-11,3.7923975426676446e-07,0.032778281313948346,0.0058477909483206185,0.9601382608176824,0.0002103168404269679,0.001024970807204976
1232,2.0971766838119925e-09,2.960992688471604e-05,0.751261469603128,0.14469509002450456,8.099913859648714e-06,0.0021036238505585487,0.10190210458388774
1407,1.2316728306204638e-06,0.0014317153909416086,0.9190892106777832,0.0005075804159073938,0.0005187370640283321,0.024968960897636734,0.05348256388087216
969,0.0023178687132113735,0.14004957662196935,0.030810931422866974,0.00014328488602952425,0.0004910684512534093,0.09131434238289853,0.7348729275217708
1467,4.62377770582664e-09,4.9522815707565477e-05,0.7925151897206061,0.13047117441429498,7.776991381796694e-05,0.0033579300296929715,0.07352840848210286
911,0.005804448117077549,0.1173574742564795,0.07509662522850555,2.5128424269949324e-06,0.00031671054215179036,0.7321980185581083,0.06922421045525039
130,0.140955474985713,0.7901833728618328,0.00012756755026515926,1.40255537728711e-10,8.430953910794163e-06,0.06568229013864435,0.0030428633693785805
866,0.0023382633402104,0.12440263025816327,0.03749224803305754,0.00022543749304718063,0.0004781810770794085,0.6552900437268583,0.1797731960715839
1727,8.950548544874899e-11,3.021736834465e-06,0.24545487159145843,0.7149785233995957,0.016740461772490983,0.0016043763946975947,0.021218745015417408
515,0.7788571418744211,0.21414842093772893,2.2804713498736854e-06,2.708369802284238e-11,2.2487970116935042e-08,0.006778364614559814,0.0002137695868864515
1348,7.944184093004447e-08,0.0005765858017935367,0.8102179572173617,0.0681307270765806,2.4505384239919155e-05,0.01397604784725652,0.1070740972309269
1736,9.895988245746215e-14,2.3236860256786197e-08,0.051463154502499345,0.9419636994818021,0.005473460989826527,2.8793459383024842e-05,0.0010708683295297687
1008,0.00873342348265553,0.1714816433363627,0.023488675176430347,3.0283034878923976e-05,0.1036214217036993,0.3606591734386002,0.33198537982737303
373,0.0001414811548997843,0.37280912957193324,0.1449952632698248,0.002297612150660352,0.00011999487166420813,0.2918083807857058,0.1878281381953118
312,0.004960447873106543,0.16199864490127203,0.022987823748290226,1.1304121676469968e-05,6.375985039235445e-05,0.7589492828662893,0.051028736638973095
175,0.006656051784140238,0.8459486483667614,0.0012371108953154856,2.68293166669595e-06,2.2038149487716152e-06,0.054690416279823045,0.09146288592734435
28,0.0054442621707856305,0.20071221624283284,0.002608884664762379,1.4479256342764459e-05,1.8690631525334826e-05,0.7385810467258586,0.05262042030789241
989,2.5801967407543785e-05,0.06258057361356678,0.009693640402589538,0.04435119777489331,2.1446354804639574e-07,0.07187324840329308,0.8114753233747017
904,0.003882510010484183,0.15229534131821293,0.026483277629339257,0.00015222602613181382,0.0009110518790527959,0.6241572479678404,0.1921183451689386
1504,2.292966443061158e-13,6.606219764891893e-08,0.11159649728820725,0.8865412556828588,3.2924550965660524e-05,6.7343690094758e-05,0.0017619127254465984
580,0.799601483961557,0.18909446420180495,3.1411777356152927e-06,4.031236475115031e-11,2.5605978484490575e-11,0.010690408944891877,0.0006105016480922867
225,0.011114812980424832,0.317519819961407,0.08310702206785985,1.0810746500627049e-06,0.003418601402273774,0.44472624989672904,0.1401124126166554
1500,8.314264956611981e-11,3.0407517809454685e-06,0.2414068495856089,0.7246473097777988,0.015754103189857684,0.0015612702811191273,0.016627426330692
1046,1.818477362300734e-05,0.0126427736181851,0.10983253365861072,0.014333833855268742,8.023608561780475e-06,0.2052797053664849,0.6578849451192658
249,0.002270315269582573,0.428933321478107,0.016743094649319588,0.00014833736329385755,4.491031303173577e-10,0.3229211571283419,0.22898377366225187
953,4.087020347224631e-05,0.01648000091644016,0.17094427821574384,0.005536404732819232,1.0501530876510139e-05,0.2298310281602997,0.5771569162403484
917,0.00167740556114019,0.16237957491439767,0.04591905918788322,0.00039509803853496366,7.633154182079738e-06,0.5243562941426807,0.2652649350011812
554,0.8421354897588421,0.15007684159224022,1.1384598883140783e-06,2.078852250785369e-11,2.902110886919439e-11,0.0075540728846191915,0.00023245725460040647
1325,5.321770556367854e-09,3.6607058201347025e-05,0.6361403681051226,0.265808865349433,0.006888901886975608,0.016702927654066196,0.07442232462443082
1264,9.537278089516768e-07,0.0010115035238967163,0.8278852509321339,0.0007713837522462611,1.3801634681458528e-05,0.06799278751583111,0.10232431891340153
1469,5.805725415678024e-09,5.041729915288882e-05,0.804749142031119,0.0899311108315952,3.548795044650267e-05,0.003459159286347451,0.10177467679561335
1650,5.90170945119465e-10,2.403433462297951e-05,0.1018850523199793,0.8569745272554323,0.00025229217877025044,0.0006238061905992478,0.04024028713042492
240,0.09234813593006821,0.2869805372293729,0.0056526578225354895,1.3274261902625226e-07,0.006642815911962894,0.5854611146209682,0.02291460574247339
828,0.0032832038501987423,0.11551415379253695,0.01914973597497057,0.00010648284612466945,0.00017353812936728418,0.6894933838769758,0.17227950152982585
1496,4.9199571465553347e-14,1.4728066786677746e-08,0.003490478010272083,0.993929747426333,0.001273761774647642,3.830146239761529e-06,0.0013021679143914036
1241,3.3497579669151997e-07,0.000964948541552481,0.6441973353708145,0.1038290285899692,0.00018153300778821424,0.02183350413773005,0.22899331537634895
595,0.6380960446705642,0.3137584927483964,4.40098163690443e-06,4.872912569432363e-10,2.5088245643415197e-12,0.0458425007569849,0.002298560352617421
1661,7.965705814053183e-12,8.353686359575238e-07,0.17784656048371061,0.814959460244146,0.00018838932483605534,0.0004350383249549051,0.0065697162457505785
878,0.0021397615966036584,0.17364898653915017,0.03858276268855975,0.0003837752576395341,3.7327154803290436e-05,0.5547155951455335,0.23049179161771013
1194,4.404182676195048e-06,0.0014538798391030938,0.7134873198668117,0.00036122990088697734,0.023760268239642154,0.07606201820171231,0.18487087976916758
568,0.896547673912877,0.09970830689870525,3.277631637325262e-07,2.1210729847935604e-12,4.55474472755532e-13,0.0036207198302534447,0.00012297159242396455
887,0.002026438857169738,0.10952917188060848,0.02243787142879146,0.00022899373857224176,7.292187218565013e-06,0.41841360722772264,0.44735662467991694
431,0.2647242099084477,0.3043263954104779,0.0007206002395675934,4.683696963563731e-09,3.677085695839638e-05,0.42712108686103684,0.0030709320398147736
11,0.002836267979697893,0.12303356391310896,0.021112189800839426,1.4280431018513194e-05,0.0003789154004408309,0.8118012619887488,0.04082352048614559
1077,9.105988993076711e-08,0.001183245190397952,0.09419780761211025,0.42854829752055,4.29979949442173e-06,0.009064534516655414,0.4670017243009021
1573,8.445598552156855e-12,9.159183511589004e-07,0.10031853610432277,0.8884263776300082,0.0002135526338094754,5.806936330187164e-05,0.010982548341760962
1779,2.4256925653905343e-14,1.475762076330494e-09,0.011135994163451346,0.0022990916833868845,0.9865222526991402,3.338437554248236e-06,3.9321540680926495e-05
96,0.16677307178133285,0.6510760419493827,0.000367367282626196,2.8636546784404596e-08,2.1685331018233753e-07,0.15247058169813102,0.02931269179867006
1151,3.0519512514869076e-06,0.003785203432914485,0.32625543208696717,0.019979892985583843,2.16262395466053e-05,0.1402950050982723,0.509659788205464
1345,1.7145360801493143e-05,0.006094661532240219,0.7879461908807173,0.0005700503482519867,0.005677125920143829,0.0839056875557662,0.11578913840207884
93,0.012041560456713321,0.9821759829358807,3.0144455107867268e-06,8.189786635686053e-10,1.0893089330070781e-07,0.005419893994053802,0.00035943841796951724
278,0.028015538013489574,0.3893214362843187,0.0035443484674333907,1.8832540264748773e-06,1.2782015974481894e-10,0.4353086519016559,0.14380814195125585
1790,4.911756436126632e-24,1.8751237789399528e-16,0.0009906366248633414,0.042096865404884026,0.9569124873826393,6.462194529077557e-11,1.0522991114657073e-08
1183,9.189830690022756e-07,0.0034470506595217112,0.15061614584721592,0.06494476842458503,1.2048125014794842e-06,0.01839338909270941,0.7625965221803974
107,1.2806147027124443e-06,0.0007935632469218167,0.8967558393162957,0.0002012023331493406,0.004232791168392819,0.015760946435469422,0.08225437688506815
1629,1.2093527189659382e-12,1.6373197832124699e-07,0.0924011681750374,0.902624949956036,0.0020400226738381106,0.00011942199552488713,0.0028142734663759933
1423,2.527289916852656e-07,0.0010378720483240314,0.7541127223656288,0.026490703450640283,1.3224846216192647e-05,0.017060159602728636,0.2012850649574702
80,0.2685108618266961,0.6263517606154901,2.0945784467118414e-05,2.8329678936752126e-08,1.104461869868794e-05,0.09433892104316778,0.01076643778180128
1169,0.0012084811976764886,0.1387164689668062,0.013694758134011723,0.000567025399462464,1.3844772361439133e-06,0.15372338499010313,0.6920884968347039
724,0.7819384812481547,0.21483393428382233,1.9548682234580262e-08,1.107580870260208e-11,1.1754749007591746e-08,0.0031804384255681674,4.711472794792801e-05
345,0.11415407673412589,0.6398904531413814,6.460992801755484e-05,3.999300821355754e-10,2.4548838942797256e-10,0.24532992375294338,0.0005609357981133795
2060,3.520895778365612e-14,1.7786177900164482e-09,0.011518138928701035,0.0017199233042801095,0.9867199315203719,3.956975945243168e-06,3.8047492048887255e-05
1441,2.657646933171781e-08,0.00012748996357457893,0.548141392312342,0.26160983354216905,0.036092628622634335,0.020036695626843053,0.13399193335596776
944,0.0006534693919485274,0.05804246193085912,0.09817659300454051,0.00015074126525169455,0.0015697594276651568,0.6536221338934054,0.18778484108632948
1526,1.165783767221622e-13,4.020670712884677e-08,0.12634565699785857,0.8722352081501153,7.421013126440189e-05,4.779116258529271e-05,0.0012970933513526488
702,0.8932512507631725,0.10276986592300931,3.7001729472545344e-07,2.519162108152578e-12,5.367037911235661e-13,0.0038422857934245548,0.00013622750004310227
1929,2.73497798848336e-13,7.209097279466783e-09,0.013996595684372413,0.0013584986245785014,0.984556949501461,1.2356580287046615e-05,7.559239993034813e-05
66,9.12651721833538e-06,0.14277382450858123,0.13498284754827786,0.0015450158134948193,1.9148059624590977e-07,0.24214974634619632,0.47853924778563517
441,6.355960554446787e-11,1.5286855540064067e-06,0.5335791833512089,0.08490583960774255,0.36529877419052387,0.0008188060042820766,0.015395868097129067
1351,2.302795941476292e-07,0.0007594013060179085,0.37704257774113525,0.21706217384882734,0.042588629734971184,0.05154207510397131,0.3110049119854829
1483,1.10539410301547e-08,9.722418035230915e-05,0.6271749334793155,0.19410863936721917,5.4580251460283744e-05,0.003969069761996755,0.174595541905715
616,0.9988891192448289,0.0010920240700007606,2.974050489513305e-12,6.661313231066148e-20,4.5979964322191674e-14,1.8851680666120855e-05,5.001484089627518e-09
1145,0.0001926925792718305,0.05551207368210175,0.09536542228598503,0.0047371178653590916,7.627420405061552e-05,0.3638907155604409,0.4802257038227908
1135,0.00011887189286547495,0.03616134009546915,0.12301602549157638,0.0017783975001320377,2.734631462886054e-05,0.10713553253989129,0.7317624861654368
600,0.8609612659498318,0.13873599524330557,4.5420764415617624e-08,9.013980873372305e-13,3.8650900403656393e-10,0.00025500232644616296,4.769067224169791e-05
970,4.720493942163243e-05,0.015438649204996536,0.12291995975084961,0.00558583834679735,1.0811701257459448e-05,0.2537031267349872,0.6022944093216902
235,0.005201029766145726,0.599114659108911,0.012379624578527747,2.7643391846780832e-05,1.0231858053663236e-06,0.3579935723873067,0.025282447581456532
773,0.0012881894430835184,0.07447966000352803,0.02328130281390741,0.00044153496796474443,3.4859160372006464e-06,0.6395077911709659,0.26099803568451335
1069,0.0011231394478069764,0.1105905066593626,0.03454626585913605,6.773373819111866e-05,1.1921649279583993e-06,0.04586313517769364,0.8078080269528816
1383,6.434655630268429e-07,0.0004602846213673384,0.8831345482093362,0.00029278309312519247,0.002017646386952212,0.012447652101748407,0.10164644212190745
1172,0.00021403072349206038,0.058759302736929496,0.15162704060886215,0.001280023090320233,3.5283364089222796e-06,0.35562326952709966,0.4324928049768875
964,2.1341716335914717e-05,0.016671722305233453,0.07343444176684101,0.030413041550096793,1.7837966769894976e-05,0.2695429297376403,0.6098986849570827
1088,6.705603511772945e-06,0.007768877048455361,0.1701543914218946,0.035779753187836695,0.0004780357011485741,0.13499878949281266,0.6508134475443403
975,4.989782329400772e-05,0.02478868769624639,0.16612161333853473,0.008563891591287854,3.7121073353791004e-05,0.2637504001781044,0.5366883882991788
675,0.8428562308443941,0.14717378679926849,1.778380509421657e-07,1.1742091915163783e-11,8.21310926022999e-12,0.00983743307738255,0.00013237142094862003
1268,1.537891047545732e-07,0.0005968493439270743,0.7105372106345301,0.037596423310032344,5.780746358364382e-05,0.01023614361881701,0.24097541184000493
1373,8.238256151500359e-06,0.0030443633612324875,0.7331852858864045,0.0006531951652024127,0.0073474863223486776,0.06228869991212181,0.1934727310965387
1249,5.087301417726099e-07,0.001512185431241276,0.5978550864570921,0.0799210369937721,9.680902460594842e-05,0.07094324079109883,0.2496711325720479
1533,1.1333985964711343e-11,5.718939310798387e-07,0.20693322866221,0.7778067653690827,0.0029073138121419317,0.0004546200864298765,0.011897500164870508
1451,2.1233309232635784e-08,0.00014292117209887265,0.5999802435838667,0.25016687114127956,0.04026760454954721,0.01715439258520805,0.0922879457346903
1741,6.2126028521494924e-15,3.804699567418317e-09,0.009412895473576372,0.9901032997493063,0.00018982933145266797,5.490507249494573e-06,0.0002884811337094296
471,0.38717432764842963,0.4138796422526647,8.689445243973756e-05,2.5684139024534175e-09,2.8079474746878067e-07,0.19673687836191098,0.00212197392139377
868,0.0018695703996187325,0.10509590954429598,0.13244395469209094,6.888950642066637e-07,7.730146535045909e-05,0.6325547378772882,0.1279578371262913
847,0.008408105590575497,0.25747131428519465,0.03247060966105587,3.9257369804244154e-06,0.00017621002295273687,0.6532078159104182,0.04826201879282258
1269,9.278314982469308e-06,0.00451224243549584,0.7698338932853689,0.0008748942260262348,0.003515296591066404,0.07161877223489933,0.14963562291216104
1911,5.28641198779624e-16,1.6017348642546263e-10,0.014751115616202954,0.019524654496195462,0.9657091324787017,9.544032042107525e-07,1.4142845521741966e-05
1068,0.0001144632602207551,0.040293099047432224,0.1325233985441322,0.002146337559791726,1.1607611776263271e-06,0.25901117358078257,0.5659103672464628
1952,1.5508037684523232e-14,1.1016478099206175e-09,0.011117497685836364,0.002446992026319064,0.9863993568248834,2.658164045726411e-06,3.349419725216499e-05
539,0.7504092469365079,0.2459511905665273,2.6808395623368887e-06,2.6851564135870055e-11,3.606010602613888e-08,0.003069391673236052,0.0005674538972087912
1612,1.0652766421538605e-12,1.6533112746586042e-07,0.09363200399725546,0.902437408662727,0.0008604719737314092,0.00012529402377836884,0.002944656010314871
1220,9.939628106556957e-07,0.0014041661015826376,0.8707657653937569,0.0007797603934031729,5.075856281702407e-05,0.01778172150018765,0.10921683408544193
876,0.0010673774253888203,0.07768301989302753,0.04326991226894797,0.0007618292086518427,0.0004855897783450951,0.5546725876028148,0.32205968382282385
1390,8.745101181951938e-07,0.0018354270812388682,0.6845042050843034,0.012419636058816384,0.007283518750234853,0.096045383001413,0.19791095551387522
1014,0.000503883842430551,0.05166770498250419,0.18411334640706525,0.0002149892207105897,0.002699294578129579,0.2294551785402134,0.5313456024289465
526,0.8248175246066913,0.1576665626769158,9.42600157545423e-07,3.9202780788924535e-12,5.4290855269713435e-11,0.017340456782436824,0.00017451327558749336
421,0.03947481808510492,0.8498945634477746,0.00038775443165368044,7.841807583005977e-06,8.682369576843116e-08,0.08012242261359964,0.030112512790588523
575,0.869026150393994,0.10408562096539607,7.511504882535234e-07,1.53495218005948e-12,3.2568642500107674e-11,0.02681507321233244,7.240424368579086e-05
15,0.02018518597672741,0.8519478601264026,2.6774177787760708e-05,2.312494410353307e-08,1.5133541343542108e-05,0.12133385672602373,0.006491166326770935
562,0.9013165765621023,0.09478448605268185,7.336452036345903e-08,6.427151641103376e-13,4.869255963119219e-12,0.003888299143000505,1.0564872183002957e-05
276,0.4287935666046522,0.5354781698714314,0.000214206810086271,4.181184084925263e-09,3.035569051462783e-08,0.03091811968555821,0.004595902491397336
1236,1.9523567977264648e-08,0.0001308959225988014,0.72986107722156,0.15898427897866507,0.006492931004270799,0.01800489207626181,0.08652590527307534
1349,2.0813837445036375e-07,0.000756081500391157,0.37568436843146147,0.23859251574520396,0.036117745215978506,0.04956199932953998,0.2992870816390505
1346,4.908672423161861e-05,0.013002972727953213,0.6035872655890044,0.0010938950743360355,0.06108790670567863,0.1311373095766082,0.19004156360218782
60,0.2993571756613965,0.4244947637897669,0.0018033657124640731,7.667813090985567e-10,2.1293121523356844e-07,0.2672602659108566,0.007084215227519474
1633,2.529890773063901e-11,2.15415885791723e-06,0.09930776964573867,0.874311441617719,3.622305065229134e-05,0.00011496898415273519,0.026227442517580545
1424,2.3023482112381476e-07,0.0009527972588861962,0.7700676247518796,0.02559043782807967,1.340879469421839e-05,0.01606014515698291,0.18731535597465618
1015,1.4465046467220057e-05,0.006449839645667027,0.5026693497913827,0.00539685722410977,0.00045329485793963847,0.22757869118054663,0.257437502253887
706,0.9552070364755214,0.04402278413903181,2.0312488996160393e-07,2.8638693083879516e-13,6.047495100696318e-09,0.0007183855952811532,5.158461749420638e-05
954,2.8282208408428906e-05,0.01594308680086534,0.28474818188478174,0.00848176340259563,4.83453446931612e-05,0.2488300868289616,0.44192025352969416
475,1.4313586413162214e-05,0.007924516142025358,0.33267704691725064,0.0030085635002518566,0.00029176353932512173,0.10402338342341026,0.5520604128913236
2076,1.7047373914024868e-13,6.929124918269316e-09,0.01927843241754513,0.0028893540262076717,0.9777159452562483,1.0041180195573958e-05,0.0001062201905078891
1934,1.2941809806004895e-14,1.0090353494137953e-09,0.011458544301691244,0.0028129469880529027,0.9856927721820522,2.4957455798778933e-06,3.323977357534562e-05
927,0.01619015724202505,0.1812190352317609,0.002611546837323408,1.250259643303407e-07,1.5586071524509734e-06,0.7866442871905047,0.013333289865269216
829,0.003746363381740399,0.2569737514450528,0.04518614478742995,0.00013625310789215983,2.3689696117078663e-05,0.4693575463608811,0.2245762512208864
1540,6.792322165605337e-11,4.114903986240803e-06,0.0844791251062367,0.8815823014532154,0.00025575605952969015,0.00019985956930984223,0.033478842839798954
263,0.024719483763949095,0.5951666049266007,0.0004865884073719655,9.912662037693232e-07,1.0385903938620143e-07,0.3454953230373893,0.034130904739445904
1837,1.1869662629986282e-13,7.25714239028464e-09,0.014465022863177206,0.010165004069780811,0.9752535151311809,1.1068671979789929e-05,0.00010538200662022092
738,0.00019385618004390978,0.054104630533082364,0.11036453123912127,0.0003071197956113817,0.015691688728061454,0.6996384552182283,0.11969971830585131
1193,2.3675192947633335e-06,0.0015470471052275194,0.748481926280086,0.0004998763875266492,1.3841949721545361e-05,0.09656911897545543,0.15288582178268809
358,0.018097664693057687,0.8345229825738812,0.000971697313886168,4.431940075108517e-06,1.5253463450579565e-05,0.12072447177142302,0.02566349824422634
287,0.11653005950691492,0.787776029332148,9.430786786267446e-05,2.1938960801547017e-06,3.1591294244034103e-09,0.015545153128988626,0.08005225310887613
1638,9.895367233400777e-12,5.5866629444757e-07,0.07948593745494416,0.860940447235026,0.05425728341608734,0.00030388319331788987,0.0050118900244347665
1549,7.21485491992739e-12,7.024996759305573e-07,0.1495778126193601,0.8420409290094784,0.0016836690667402902,0.00032669553050581105,0.006370191267024401
833,0.0025161670534543865,0.20843678677784486,0.02395353620686824,0.00034625107361751817,3.843826853121404e-06,0.5380167634643672,0.22672665159699465
846,0.014013481349365805,0.212057149004475,0.02331522530923069,1.54476411421468e-06,0.00011117339558272507,0.6058132762157371,0.1446881499614945
134,0.03438602980815947,0.40349193004903505,0.0015867519340052884,5.461765003615353e-06,2.1902906314250626e-07,0.4357286162961355,0.12480099111859791
315,0.8979252263706902,0.10128198665920553,1.0717791028025933e-08,1.407576612556534e-12,2.9362342027119956e-09,0.000766812735498664,2.5960579172700256e-05
1262,3.500763634930638e-07,0.0014383435216516684,0.39934296914024736,0.019213795230080443,8.341510444972952e-05,0.022330267339605022,0.5575908595876023
1700,1.0517672674034704e-11,1.946844792169916e-06,0.038072893698148244,0.953169812207309,2.6593718672581702e-05,7.045555795846139e-05,0.008658297962601862
1246,1.0874644627935256e-08,8.129809352924872e-05,0.5637725833016788,0.2588646055333312,0.00039480178364392294,0.018792038895368783,0.1580946615178033
1734,5.2095383677178e-13,8.364513908753391e-08,0.09375975338025655,0.8943437872628152,0.009874523464028465,7.486429722106721e-05,0.0019469879500189084
302,0.01599819077360044,0.8780109632325648,7.500202617929565e-05,1.0541238519755189e-07,3.2562704713980002e-06,0.10422481168783422,0.0016876705969644731
1970,1.0421550196790987e-17,8.082301328893343e-12,0.011565103195948915,0.0145850940136924,0.9738465857486124,1.5145363704426081e-07,3.0655800267794085e-06
97,0.6894113535952309,0.30816493683869656,2.9332634132060616e-07,1.039852946742266e-10,4.943142527468803e-09,0.0019828645408816654,0.00044054665172171093
158,0.05650255696766161,0.8684056845298094,3.163393610129333e-05,6.10318862645593e-07,1.244034664690743e-07,0.03508043872397676,0.03997895112012168
564,0.9534493645412998,0.045514192361413484,5.5578170675115555e-09,2.0925434119929315e-14,7.198929297677306e-13,0.00103529029776693,1.147240962071466e-06
1744,6.426068957263053e-12,8.787664347276292e-07,0.21085112640442932,0.7828783465876071,2.2664764356851577e-05,0.0004303428621776427,0.005816640608568295
22,0.2754763899335474,0.2879029990558569,0.0014894534038241902,9.868708238420935e-09,0.00013444675874771983,0.42497287164777536,0.010023829331540035
1726,2.5755129706231284e-11,1.0136252910745519e-06,0.24277267619188744,0.7368576000276243,0.003031762005309336,0.000715107635815537,0.016621840488317205
1600,2.0814549323521556e-11,9.353648518813539e-07,0.21422533086684784,0.7679644584144181,0.0027915058031973143,0.0006099107931796612,0.014407858736690662
308,0.001169761280976174,0.786334333434592,0.001071431662151596,3.886657555232443e-05,4.328611745616152e-07,0.18840870917681746,0.02297646500873582
520,0.8773849825654019,0.1046320329930474,6.771209013426901e-07,2.22655057700418e-11,1.3049432717013684e-09,0.017644873598371063,0.0003374323950695632
1208,2.1062127491203145e-07,0.0011033694391766233,0.6966147908770923,0.052576750469397596,2.5308023987804726e-05,0.03924217204811964,0.21043739852095106
1528,1.4801613220452887e-10,1.1142075758009013e-05,0.12725103432861368,0.8411654287112059,7.724965056577251e-06,0.00045560685212514833,0.031109062919224644
1367,6.331520639631418e-06,0.0016220203950064265,0.7003449741355879,0.00018763939936455238,0.05484547876236213,0.07573080537505764,0.16726275041198163
1087,0.0003265262409165114,0.04537493268357578,0.1335454954450882,0.0017847231581930233,0.00024080321939416155,0.35490073459300636,0.463826784659826
537,0.7765388857987915,0.19022971155488627,1.8584758167858488e-06,6.9382531260885e-12,2.503234601640653e-09,0.03311799868374984,0.00011154297658280902
370,0.3010650693846224,0.6758944915763438,4.5770490275050515e-06,8.947708450404465e-08,4.594350084484665e-09,0.017687916165979062,0.005347851752592617
12,0.28334281720716514,0.6831344732218789,8.323047122792023e-06,1.844287471979443e-08,2.8929263929517596e-08,0.02549773520644279,0.008016603945251752
1715,6.0964181897527656e-15,3.761885927742451e-09,0.013794768394622091,0.9856838706032067,0.00011368000541278412,5.4151018248209984e-06,0.00040226213304165215
1485,3.835458690793605e-06,0.002869704011852725,0.8132003676141646,0.0013647424071571578,6.517722913243208e-05,0.06057337896043178,0.12192279431857043
1261,2.1481704661437525e-07,0.0007896293316389779,0.565415127366912,0.03841192745828126,0.0247078192623389,0.019747538763721522,0.35092774300006074
749,0.001430339478558199,0.18105554888989908,0.012191209899043789,0.00011236170936578762,2.4033279700996515e-07,0.7263016518344027,0.07890864785593357
664,0.8990213775498268,0.09790378369385838,4.589509914996986e-08,9.433746331348923e-13,1.2859050868628718e-09,0.0030047724784565454,7.001909591035329e-05
1412,4.208385352807386e-05,0.0066837482016405235,0.48921492733618416,0.0002702227263368298,0.07901633558449939,0.22202163455161217,0.20275104774619904
2002,1.0503064458449356e-18,1.512858405800049e-12,0.010173022860444027,0.013811972137724325,0.9760136172531537,4.8329564836538596e-08,1.339417600371334e-06
1219,3.091436703128516e-07,0.0006632305167499608,0.7926539276071944,0.01866664509445638,0.00017977261172473665,0.04103111723094573,0.1468049977952585
1430,3.576452622106731e-08,0.00016355326654168096,0.6281537547305388,0.15489582002233604,0.000225770165939905,0.02807452131911027,0.18848654473100718
687,0.9241918084055482,0.07307945927474249,1.3598987019965244e-07,2.4753574484747987e-12,2.978754772017744e-11,0.002657765212104906,7.08310854715625e-05
1800,2.1658032581780566e-12,8.577543625481722e-08,0.04068546763571292,0.020818731746837096,0.937852242773826,6.351750800552058e-05,0.0005799545580163258
364,0.0008288959705673785,0.5222237539827593,0.005346072374948818,2.5783894276220926e-05,3.0089384656261435e-06,0.3861852519671776,0.08538723287180486
356,0.008735279893709324,0.34075699414689586,0.0059159808280795905,2.0302736726450106e-05,3.0150289167175834e-08,0.5490618493059432,0.09550956293835651
1556,1.8896506236124225e-13,5.298417757242622e-08,0.12733847735030857,0.8703870940649169,0.0008216170995536077,5.664774018744804e-05,0.0013961107606668165
1294,2.7395979667320024e-07,0.0008696110053087526,0.71336116111954,0.01910214572088844,1.557136601934991e-05,0.016677459460300866,0.24997377736814572
1018,1.4136270582749906e-05,0.009716254076462899,0.5047634816211269,0.0007436022389963042,9.398801144687247e-06,0.09226724671060045,0.39248588028108594
661,0.7945332062453823,0.17759150889286726,3.560283625579632e-06,8.668938759585403e-12,3.3327190541293025e-10,0.027462670294229295,0.0004090539419545903
1570,8.574719852517339e-13,1.0918904177562766e-07,0.06624652643759486,0.9131733842376112,0.018324943177922298,8.091116538078608e-05,0.0021741257915916085
536,0.7768261429682293,0.19077737585561913,7.610742980068973e-07,2.691251543942075e-12,4.747311984372125e-12,0.03233852674286029,5.7193351554954065e-05
1940,1.8053893230077425e-17,1.4352354798043656e-11,0.014683884576157671,0.023813170500799865,0.9614982633689072,2.199575039497835e-07,4.461582278816625e-06
839,0.004445813353752755,0.15329314089538704,0.03491939120699586,6.573765406797292e-05,0.00034284682483370595,0.6043030863101071,0.20262998375485547
1446,3.4516268706760286e-09,3.9193492340611425e-05,0.7701711994183394,0.11573925526794539,1.032106209074879e-05,0.002659534898690203,0.11138049240896641
1225,3.4468539395975437e-09,3.2862548517136414e-05,0.6356683363160253,0.2608200992395834,0.00039100813258351094,0.00994599877782673,0.09314169153860997
1282,1.9778758393515743e-07,0.000523842181611231,0.8160253736708009,0.003936829500459061,0.001285472104070479,0.014076691051965075,0.16415159370350946
722,0.8339617905042506,0.15184660085365922,6.063484652173614e-07,2.6784811671492954e-11,1.1027022901315103e-11,0.013733262097795832,0.0004577401580173628
1923,3.188723693187664e-16,9.98329403750671e-11,0.0168181271542411,0.015198903687728374,0.9679705152559165,8.893126389035665e-07,1.1564489641764412e-05
161,0.16830657887413192,0.8202650434085883,3.5036053830605605e-07,6.262602249914652e-08,9.826516445585683e-10,0.00851105122068861,0.002916912527378673
922,0.0034377017144670485,0.13456188947089828,0.026473986669279758,0.00021884098549130004,0.001243859968116299,0.6145708206618927,0.21949290052985454
996,0.001114693391538962,0.15177789419242305,0.021779977479256172,0.00010280726207413707,6.559066751055498e-07,0.054176951917605264,0.7710470198504272
1007,0.0013086123511311248,0.07592761689812398,0.08276746740157244,0.00014567549247307494,0.13451711449815126,0.2369011089831728,0.46843240437537537
325,0.013447093089692495,0.7702546715586852,0.000534953901699538,2.0585259345161253e-06,5.599436963718022e-10,0.13887074301566588,0.07689047934837867
1389,7.686490310140536e-07,0.0017965416755199466,0.6577901586365416,0.014407282019932717,0.007415462037525335,0.09221512886083372,0.2263746581206157
516,0.7728249984036223,0.22079141348161702,1.6137321757239998e-06,2.7204091677232397e-11,1.701734108843719e-08,0.00621104510864002,0.0001709122293998975
831,0.008897090655095318,0.16283999813100186,0.038872311752855986,2.2818674104622312e-06,0.0004297371517973396,0.707690326559986,0.08126825388185292
1976,1.4916350441951068e-17,6.295564577987004e-12,0.00913627299771209,0.0033859254090387644,0.987475801008894,1.2646872862662924e-07,1.8741093308296376e-06
1965,1.2197390691224292e-14,1.0093069713881076e-09,0.013255183611001933,0.0030469940197365925,0.9836591059920987,2.4679883124081347e-06,3.62473795310684e-05
114,3.287097174365647e-05,0.030315010668194368,0.6581537538723002,0.00028831683903036677,0.012853770244304131,0.2223536027079781,0.07600267469644911
1881,1.0662200278814125e-14,9.363250476994263e-10,0.013542322625559856,0.0033054318558924027,0.9831138047517494,2.3459832436455094e-06,3.609384721902262e-05
521,0.8508586870532179,0.12164696715794585,1.4186860222380374e-06,7.287570570237925e-11,8.149157249496793e-09,0.026859846784382642,0.0006330720963985179
1568,2.9019823691630747e-11,3.7010444630868554e-06,0.048955621926059345,0.935423000039936,2.6399190811908807e-05,0.00011907776166937526,0.015472200008040438
10,5.481028677045604e-06,0.005373254526355164,0.3629721257416209,0.07046290381365927,0.03786600821702197,0.06548943967491735,0.4578307869977484
1385,7.100939579648765e-05,0.014990007037514658,0.5918293679606945,0.0006951166961174293,0.019126069671589817,0.15461559857848453,0.21867283065980256
1603,1.5952927736043837e-13,7.12067523670754e-08,0.010749194315941553,0.9880489908196234,9.71141038270187e-06,8.884008019478165e-06,0.001183148239121168
1634,3.1114650655779326e-10,1.782633405046639e-05,0.09257003763241985,0.8613931033054024,7.00682857004981e-05,0.0004344018154880321,0.04551456231579224
1231,5.463006313165204e-08,0.00024656803313924196,0.5980354864003437,0.17238168419661018,0.00044000098923967945,0.011841054719275193,0.21705515103132897
293,0.007909368962239035,0.247805744081648,0.012721033322151225,6.343653559372765e-05,0.0002979900889730895,0.5390545374682593,0.1921478895411356
1632,1.1101642108811099e-14,7.033660416046494e-09,0.009809735771589898,0.9896441140227598,3.2543495328790744e-05,6.884518707085676e-06,0.0005067151579429279
1250,1.949312307908089e-06,0.0021288438158584837,0.8837761283421407,0.002244628032675914,0.0015155072174534282,0.04222414572737351,0.06810879755218976
1904,1.9894522373087307e-14,1.2778797213698757e-09,0.011075098684116031,0.0022421046075467087,0.9866438146329966,2.979823347300448e-06,3.600097409379647e-05
54,0.05570421078592366,0.9368239421444391,8.127613220455279e-06,5.264435163855306e-10,4.89209138805106e-07,0.006661632027921813,0.0008015976929126654
1584,3.52542932682056e-15,2.202175304506053e-09,0.008354435426316725,0.9901658461614474,0.0011503904449256417,3.0276617514832515e-06,0.0003262981033799676
655,0.9266213182267858,0.06339816590920495,2.468683790178068e-07,5.4655229503395476e-12,1.8079967478876297e-09,0.009881680134340006,9.858704782781526e-05
331,0.013608281829111269,0.14401878384216368,0.002642750543849003,3.051705093890507e-07,0.00015122443864407485,0.8209788996577062,0.01859975451801642
696,0.8660667493392835,0.11392813525916039,3.109295175369449e-07,1.9283701306451953e-12,1.5848781791652963e-10,0.019963651480925364,4.11528306969505e-05
1489,8.452803406590814e-12,6.07547432540388e-07,0.18426310833900056,0.8013574502879883,0.00023630708098290492,0.00013544866740212248,0.014007078068740719
1411,1.309286020749236e-05,0.003241637585812124,0.6363425822284294,0.00013017183746998653,4.249204891722246e-05,0.17634354835505328,0.1838864750841104
1609,2.1599148460759708e-13,4.242080399682252e-08,0.06259118605362807,0.9349391481942049,0.0009942761583913986,5.394719552709086e-05,0.0014213999772286325
910,0.0010596917772650403,0.07978113792279326,0.07070012996922966,0.0003183123678034181,0.0002453604327818308,0.6475346611954244,0.2003607063347025
957,6.038535204497783e-06,0.026336187653624853,0.0747534709212979,0.04898796236627282,5.3691202275853014e-05,0.3969285925843987,0.4529340567369255
295,0.601264983174873,0.36082971692432003,1.902662577715371e-06,2.453167521709325e-10,1.2467704858469637e-10,0.03754239193309207,0.0003610049351435849
1474,1.9442812594415683e-05,0.008700232978539894,0.7447983636023048,0.0011300552105301576,0.0019298991670584082,0.12318659867957052,0.12023540754940196
1922,5.097526581059292e-15,5.239047954342106e-10,0.014294317097629712,0.0036162235040816926,0.9820615446936612,1.7752488532672197e-06,2.6138931864115196e-05
1437,3.666055797157213e-08,0.00020735318901579896,0.46028785192976474,0.3612769307445298,0.009550563977253812,0.026153258775696967,0.14252400472318075
1051,0.000268183692622031,0.027610632157121767,0.34210169147632113,0.00018712607514614785,0.0009123826247679351,0.24104328359808297,0.3878767003759381
2068,8.381788855164104e-15,8.124143529647771e-10,0.012554904054706823,0.003645089270515782,0.9837663135318867,2.0978496877204583e-06,3.1594480780265544e-05
31,0.00029776946718843516,0.082098300698114,0.02272071169073758,0.0004437182766962346,7.997762885692282e-06,0.11250750805416654,0.7819239940502114
398,0.0010180990227422393,0.31452842530984365,0.02210986745411659,0.004078855593732576,2.9215027799409524e-05,0.10711726812407799,0.5511182694676876
1179,0.0009004811354608122,0.10054711017596223,0.09140913014526267,0.0002999780748288201,0.0012402498249584435,0.09518290649928464,0.7104201441442425
1457,1.510763694436983e-07,0.0006841534728148793,0.8489107758009198,0.0035368431880547398,7.66544829688556e-05,0.03224152930398991,0.11454989267488243
1252,9.237253172967223e-09,8.069250597172123e-05,0.6677367784502172,0.16668005436754313,3.815525603267812e-05,0.003535457073928377,0.16192885310905356
1391,5.2350986380749124e-08,0.0004731436080549327,0.6955627968151099,0.14798303827903497,8.123174280028881e-07,0.010556712362531062,0.1454234442668545
272,0.046011253388678966,0.2829400123014388,0.00899419699180562,7.977306218160715e-07,0.0019573253759488365,0.5808458873794061,0.07925052683209982
671,0.8580450174176933,0.12363471883838541,5.845945551807515e-07,1.9669790981255284e-12,9.555034700374157e-09,0.01827309932960715,4.657026275712927e-05
959,5.978554186002108e-05,0.021753021936574114,0.12909786756435102,0.00894386324396441,7.777208404730908e-05,0.2895713364280852,0.550496353201118
1993,3.196154180245573e-12,1.1120678857691551e-07,0.0409719068293741,0.02099938638159609,0.9372411517654331,7.75754986020094e-05,0.0007098683150098544
551,0.8660352690016638,0.11708589461216823,1.8167684419716219e-06,1.0312315608367617e-12,1.2611192888089049e-08,0.016812497732042724,6.450927345903241e-05
2027,1.1095376100040303e-17,8.901265245194206e-12,0.009701257340412921,0.020614828548839514,0.9696803296439961,1.607112557500263e-07,3.4237465944461117e-06
33,3.988602296796269e-06,0.011296606389534931,0.0030505416810268334,0.10331275297075126,7.959541433391531e-07,0.022873068361143518,0.8594622460411032
244,0.0016472113883003626,0.07940328516260248,0.271680608116587,3.337180794982716e-05,0.0010727134943687776,0.2450406773120643,0.40112213271812724
2041,6.622351252677984e-18,7.885808627741911e-12,0.013868535937179863,0.035122773766180365,0.951004955919613,1.4290597911589489e-07,3.5914631619037307e-06
843,0.002076394482228349,0.15421072130850028,0.017654815225346395,0.0008191678725291356,0.00010023223856006744,0.43956268216605754,0.3855759867067782
981,0.0008253800143061409,0.027649513039466965,0.26514282557942953,1.3974802883851166e-05,0.0060967052022425465,0.582756628537088,0.11751497282458286
1994,5.7233329774979244e-12,1.5996887555174643e-07,0.03510319233528508,0.01658951649501985,0.947522227042815,9.683202671024625e-05,0.00068807212557091
485,0.13368918532261304,0.3127865856241123,0.0011518711726778478,1.0560668744797565e-07,0.0026873912447233253,0.5407828388131197,0.008902022216066334
882,0.0004889858573009333,0.06070280705666946,0.021980052477747074,0.00044964596915194986,0.004185310045742184,0.7467047671859154,0.1654884314074731
1680,7.614448022819263e-12,4.1851281072943654e-07,0.0530923105860651,0.8941714057652046,0.04849013076684713,0.0002441646337392355,0.004001569727718769
1221,5.414062734917869e-08,0.0004594987105099856,0.5935374515082723,0.2531977509122535,6.652746896385994e-05,0.012497314975531625,0.14024140228384135
1364,2.675620601350669e-07,0.0010229741924950438,0.7230002672076347,0.02099401758622394,0.0013118987440321312,0.022377815737377967,0.23129275897017607
1289,5.975835234866427e-08,0.00039824261111530906,0.5745474336791905,0.2223254708104082,0.000140513320537823,0.009538246809290062,0.19305003301110568
525,0.7819080572377766,0.21601548412354937,8.330777293221598e-07,1.1408452194389911e-10,2.578498409317522e-10,0.0015532564315751147,0.0005223687574353964
1816,7.850840505729493e-18,4.477393296256034e-12,0.008530911999958854,0.004483644559338812,0.986983550154663,9.405277371754128e-08,1.7992287881396161e-06
756,0.026870363763292025,0.24865388789613851,0.02740404381604385,7.656202858080663e-06,0.0007753869701684556,0.5469673804746382,0.14932128087686086
737,0.0011339549406294556,0.08909384152880163,0.018178945055716236,0.0013994853641615165,2.8443901911600022e-05,0.6176155241306567,0.2725498050781229
1050,3.972049237122656e-05,0.016355794172620213,0.1290093580709839,0.00623399199105491,1.7776098057974606e-06,0.277504695613757,0.5708546620494068
1242,3.888975342523666e-06,0.0034528539896720727,0.6310334919915005,0.00274766350258333,0.006438044675077039,0.14642773425811628,0.20989632260770832
1196,2.6408004903887726e-07,0.0007587551805740136,0.7101859356120727,0.011147677337577228,8.33192130915623e-06,0.008078969422730758,0.2698200664456869
676,0.9585199421556896,0.03765749516700586,1.7593026321301847e-08,3.856356467169781e-14,9.065438989395093e-11,0.0038182620630233125,4.282930562108717e-06
1162,6.0943500860268254e-05,0.032734690490770796,0.18136972472890506,0.0027630628487074764,7.919859012868307e-06,0.09835352726543428,0.6847101313063093
463,0.011266135666299174,0.5677862570539252,0.03787808803294258,0.00019327338084400376,0.025521539621814894,0.08986503579104299,0.2674896704531312
1400,1.992367562610774e-08,0.0005525669407270886,0.6227952633868219,0.01740872843036365,5.521690909399224e-06,0.013158156141757868,0.34607974348574444
1312,3.6829301889167785e-10,6.4847356823885175e-06,0.5760052420507163,0.3794765636629159,0.005027336162488876,0.0037314577574878746,0.035752915262415495
1272,2.533040005567264e-07,0.0007749694098279428,0.8162387393553658,0.005038660102900089,0.0023318293486643883,0.0374216280108173,0.1381939204684239
874,0.002051931719446433,0.2081436150926659,0.010667514537808148,4.4963640363469556e-05,1.0323675811797222e-07,0.7247753789824739,0.05431649279048388
1842,7.46798385070941e-18,8.64257646523137e-12,0.01489331737268093,0.035270244961538244,0.9498326438430968,1.5310372658081857e-07,3.640710314818167e-06
805,0.0007842608375400625,0.05815761714806035,0.07119486979776003,0.00018388103874793972,0.0030764017376907894,0.5270978577756532,0.33950511166454755
1198,5.221157768309458e-06,0.00317724583271582,0.8736462082360881,0.0002802521957056833,0.0013680007922274241,0.047950780405274146,0.07357229138022074
104,0.05708316171451935,0.5517514181966461,0.0023904533651561933,5.859434109780438e-08,9.649285767412572e-08,0.3736605538550043,0.015114257781475354
1410,2.0734171128631424e-06,0.0020177185697087714,0.9062809652132626,0.0003732470602017303,0.00020217221075749953,0.03176092191124938,0.059362901617707034
708,0.8937888495924161,0.09054384522771824,1.8700635350699918e-07,1.211856631843565e-12,1.8375085314139115e-10,0.015635691303358994,3.142668519047841e-05
653,0.8689093805008581,0.11577968157340188,1.4226303349156847e-07,4.550001907815813e-13,1.805052991124914e-12,0.015291909756715266,1.8885903731200555e-05
1347,2.2798586071761662e-07,0.000851558032494069,0.7646559164216137,0.04660293359625703,5.6983960268021695e-05,0.022692334071591068,0.16514004593191556
2078,1.0709379392446956e-13,5.492278483022313e-09,0.01871769241293205,0.004098121867375211,0.977080723649488,8.530030375806947e-06,9.492654744355489e-05
869,0.004600005776234642,0.10190554149349795,0.19449543336814729,6.127251880218222e-06,2.4027999697558823e-05,0.2819554206539793,0.417013443456563
1874,1.2212770018779781e-24,9.701346125894607e-17,0.0016583974972499468,0.10986083481472558,0.8884807592881876,5.809818256003565e-11,8.341738551131953e-09
598,0.71682738361834,0.26744998377217943,6.6335494970205155e-06,9.355356216362368e-11,1.401584261721321e-11,0.013483654295482638,0.0022323446569315706
907,0.0024686637205752196,0.05913400416802173,0.021400053419629275,1.3700639917751907e-06,0.00024304246628932086,0.9006702442859316,0.016082621875561146
1154,0.0008186426285448251,0.12247715028734776,0.017786330124780293,0.0006935558259535013,4.186756466826933e-07,0.15163915958598162,0.7065847428717453
