row_identifier,prob_e,prob_p
3634,0.9845788683563608,0.015421131643639214
7181,0.9967635477152278,0.003236452284772178
4202,0.00012720573025526427,0.9998727942697447
2733,0.9677319564680554,0.03226804353194455
2811,0.9982213493278194,0.0017786506721806199
2795,0.9958089658485916,0.004191034151408445
1795,0.14850233380634714,0.8514976661936529
4238,0.003678061754244344,0.9963219382457557
5041,1.6801148554845824e-05,0.9999831988514452
4667,0.017751834798046318,0.9822481652019537
20,0.9917328582733685,0.008267141726631408
5823,0.9994162621716838,0.0005837378283162355
1710,0.9999998589430271,1.410569729190764e-07
102,0.9809316139507401,0.019068386049259842
7543,0.9911449183171498,0.00885508168285024
7124,0.05638981340615001,0.94361018659385
3364,0.9710004260481523,0.02899957395184768
3232,0.10842342918026937,0.8915765708197306
3057,0.00015661519252951894,0.9998433848074705
7558,0.9925563184056504,0.007443681594349555
2431,0.9643244820054885,0.03567551799451155
3340,0.9710004260481523,0.02899957395184768
2817,0.9999999618373216,3.816267832799483e-08
2390,0.9982213493278194,0.0017786506721806199
8076,0.9939275087265981,0.00607249127340191
1878,0.9999979417242935,2.0582757065596758e-06
5142,4.8800439893526e-06,0.9999951199560106
6350,3.852710910523527e-06,0.9999961472890895
3994,0.004102584781712548,0.9958974152182875
1700,0.9977976760950606,0.0022023239049392966
6364,0.0012557803072296148,0.9987442196927704
4585,0.006548885559965356,0.9934511144400346
3195,0.9710004260481523,0.02899957395184768
4369,0.0009280911226672295,0.9990719088773328
788,0.1234152506581363,0.8765847493418637
107,0.989412839044083,0.010587160955917023
993,0.5520844640020813,0.44791553599791867
6583,0.05638981340615001,0.94361018659385
7377,0.9657001896637813,0.03429981033621861
4123,0.00015756813160616723,0.9998424318683938
3042,0.9845788683563608,0.015421131643639214
4193,8.105035097738522e-06,0.9999918949649023
7794,0.002423271863916887,0.9975767281360831
3297,0.9845788683563608,0.015421131643639214
5814,0.9409703548213664,0.05902964517863367
5906,0.994059114006461,0.005940885993539023
5619,0.9983900024641458,0.001609997535854214
6285,0.019077799730504053,0.980922200269496
3169,0.1743309302201027,0.8256690697798973
3111,0.9969470981652554,0.0030529018347446027
3797,0.9710004260481523,0.02899957395184768
2624,0.9643244820054885,0.03567551799451155
1706,0.9999999488102175,5.1189782474240235e-08
7699,0.9936168286709663,0.00638317132903363
7296,0.021843272953988246,0.9781567270460118
7853,0.038757536437735274,0.9612424635622647
5292,2.3890111606417186e-05,0.9999761098883936
2539,0.014379926405435506,0.9856200735945645
3259,5.7512264940662305e-05,0.9999424877350593
4605,0.0036578859327476287,0.9963421140672524
5893,0.9998563334206466,0.0001436665793534288
7253,0.9921760379037927,0.007823962096207308
4554,0.006548885559965356,0.9934511144400346
7,0.989412839044083,0.010587160955917023
2154,0.9958089658485916,0.004191034151408445
3152,0.014379926405435506,0.9856200735945645
5320,0.0019345592184305538,0.9980654407815694
5548,0.03717105921352448,0.9628289407864755
4429,0.0006847854586350399,0.999315214541365
5205,0.0011137705009703902,0.9988862294990296
357,0.26694900182297054,0.7330509981770295
6289,0.0002836381257591558,0.9997163618742408
462,0.9507954239816248,0.049204576018375225
5494,0.4682826290590909,0.5317173709409091
5631,0.004527161455423645,0.9954728385445764
5350,0.008765173357969336,0.9912348266420307
3241,0.9737875937085239,0.02621240629147609
4378,7.124090150834039e-05,0.9999287590984917
2630,0.9999995488267952,4.511732048491195e-07
7483,0.3819900601865923,0.6180099398134077
2158,0.9982213493278194,0.0017786506721806199
1548,0.9764865493301031,0.02351345066989686
5422,0.004527161455423645,0.9954728385445764
7180,0.014032632446932536,0.9859673675530675
7995,0.0004959497675633973,0.9995040502324366
2975,0.9809675252435944,0.019032474756405623
4522,0.08012633425969085,0.9198736657403092
2832,0.9977976760950606,0.0022023239049392966
1376,0.9999999488102175,5.1189782474240235e-08
2538,0.9958089658485916,0.004191034151408445
186,0.9689790230953097,0.031020976904690297
1349,0.9677319564680554,0.03226804353194455
278,0.9999999217357622,7.826423773342557e-08
7341,8.213180034966072e-06,0.999991786819965
6192,0.09739157096827022,0.9026084290317298
4212,0.00015756813160616723,0.9998424318683938
2790,0.9969470981652554,0.0030529018347446027
7247,7.455458743965693e-05,0.9999254454125603
7118,6.478840996770874e-05,0.9999352115900323
514,0.49875344161649127,0.5012465583835087
6276,7.340252331988761e-05,0.9999265974766801
5271,0.994059114006461,0.005940885993539023
7738,8.213180034966072e-06,0.999991786819965
4411,0.059288558489482446,0.9407114415105176
1413,0.9999999365899381,6.341006183494867e-08
347,0.9898711581196129,0.010128841880387048
3244,0.9966139199698827,0.0033860800301173605
925,0.9999943282994466,5.671700553424893e-06
403,0.9917328582733685,0.008267141726631408
5222,0.20613318831194183,0.7938668116880582
3039,0.9710004260481523,0.02899957395184768
5871,0.005757347795641854,0.9942426522043581
7327,0.9939822194372369,0.006017780562763173
1401,0.9809316139507401,0.019068386049259842
4579,0.03843927706229788,0.9615607229377021
1118,0.9999998258996137,1.7410038631451617e-07
3940,0.00012720573025526427,0.9998727942697447
488,0.9994022342922392,0.0005977657077608512
5725,0.005312768206995999,0.994687231793004
4166,0.014379926405435506,0.9856200735945645
3488,5.7512264940662305e-05,0.9999424877350593
2067,0.13102054390523765,0.8689794560947623
2954,0.9958089658485916,0.004191034151408445
4710,6.543056647267953e-06,0.9999934569433527
276,0.9755914080977163,0.02440859190228373
6963,5.6157104693088655e-06,0.9999943842895307
2701,0.9958089658485916,0.004191034151408445
3534,0.9845788683563608,0.015421131643639214
4298,6.543056647267953e-06,0.9999934569433527
531,0.940270140061855,0.059729859938144995
3993,0.8473927209375186,0.15260727906248137
8004,0.0013260979500447911,0.9986739020499552
6582,0.0004449663564596307,0.9995550336435404
7547,0.9915748903958407,0.008425109604159322
5007,1.792780452769538e-05,0.9999820721954723
146,0.9999999488102175,5.1189782474240235e-08
4894,0.004102584781712548,0.9958974152182875
4632,0.0016570093887465775,0.9983429906112534
7444,0.9999802403337278,1.975966627218773e-05
4636,0.0007493650010447217,0.9992506349989553
7945,0.9911449183171498,0.00885508168285024
7827,0.014032632446932536,0.9859673675530675
3015,0.9845788683563608,0.015421131643639214
2435,0.9962210483305445,0.0037789516694555214
3869,0.1743309302201027,0.8256690697798973
5392,0.9932744826915996,0.006725517308400469
3158,0.9710004260481523,0.02899957395184768
2650,0.9710004260481523,0.02899957395184768
7919,0.7888606218142511,0.2111393781857489
1521,0.9999986537560333,1.3462439667369955e-06
6235,4.6783196595123755e-05,0.9999532168034049
7123,0.998978809277106,0.0010211907228939467
7047,2.9593109405312568e-05,0.9999704068905947
3312,0.9710004260481523,0.02899957395184768
7144,0.0002289883823886063,0.9997710116176114
5487,0.9997582301221265,0.00024176987787348516
4749,0.29739754673826646,0.7026024532617335
7682,0.999098550288013,0.0009014497119870651
490,0.9814907456198821,0.018509254380117867
7587,0.0014823406002473227,0.9985176593997527
6610,4.129285090337387e-05,0.9999587071490966
776,0.26694900182297054,0.7330509981770295
86,0.9507954239816248,0.049204576018375225
4069,0.00033891850559342185,0.9996610814944066
1016,0.9755914080977163,0.02440859190228373
2716,0.9958089658485916,0.004191034151408445
2374,0.9809675252435944,0.019032474756405623
7834,0.9911449183171498,0.00885508168285024
5256,0.09406649890226515,0.9059335010977349
1760,0.9999902526077528,9.747392247247886e-06
4526,0.00015756813160616723,0.9998424318683938
260,0.9755914080977163,0.02440859190228373
971,0.9977976760950606,0.0022023239049392966
744,0.9996249809503639,0.00037501904963611893
7840,0.9936743206698858,0.006325679330114209
2008,0.9999999618373216,3.816267832799483e-08
3986,5.7512264940662305e-05,0.9999424877350593
1224,0.9999954213349903,4.578665009708145e-06
42,0.49875344161649127,0.5012465583835087
6600,8.213180034966072e-06,0.999991786819965
3853,0.9845788683563608,0.015421131643639214
6314,0.0002289883823886063,0.9997710116176114
3301,0.9966139199698827,0.0033860800301173605
2137,0.9958089658485916,0.004191034151408445
5615,0.0016791126010733404,0.9983208873989267
7999,0.9915748903958407,0.008425109604159322
1248,0.9999997007896584,2.992103416111664e-07
2483,0.9809675252435944,0.019032474756405623
4781,0.003678061754244344,0.9963219382457557
5770,4.5552816388516604e-05,0.9999544471836115
7585,0.9999654540437267,3.454595627329114e-05
3932,0.004527161455423645,0.9954728385445764
569,0.989412839044083,0.010587160955917023
3391,0.9737875937085239,0.02621240629147609
1344,0.9999938583843466,6.141615653410216e-06
6569,0.0010708082528906315,0.9989291917471094
1824,0.9792090117731447,0.020790988226855316
0,0.10851037940018926,0.8914896205998107
6367,0.015868905428181534,0.9841310945718185
6789,3.6481610159455613e-06,0.999996351838984
3714,0.9710004260481523,0.02899957395184768
1251,0.9977976760950606,0.0022023239049392966
4465,0.0020517673162215866,0.9979482326837784
6840,0.008385527962445627,0.9916144720375544
7526,0.9925563184056504,0.007443681594349555
1279,0.9999863379526849,1.3662047315150557e-05
6994,0.9911449183171498,0.00885508168285024
3137,0.9710004260481523,0.02899957395184768
4557,0.8348437627298133,0.16515623727018672
7295,0.30575670464060134,0.6942432953593987
6264,0.006458632226461147,0.9935413677735389
6678,0.0010140138514241892,0.9989859861485758
3707,0.004102584781712548,0.9958974152182875
1685,0.9999989963565011,1.0036434988118324e-06
5796,0.0009280911226672295,0.9990719088773328
5683,0.9996207067577896,0.00037929324221043834
7350,0.9999654540437267,3.454595627329114e-05
1205,0.9999979417242935,2.0582757065596758e-06
6151,9.891451711929733e-06,0.9999901085482881
5318,0.6462250291035427,0.3537749708964573
6253,0.0016791126010733404,0.9983208873989267
3040,1.4472838331891502e-05,0.9999855271616681
3096,0.9737875937085239,0.02621240629147609
6617,0.00013252544150588186,0.9998674745584941
4221,0.03843927706229788,0.9615607229377021
5918,0.17329167102205933,0.8267083289779407
5630,0.28591908706910274,0.7140809129308973
1234,0.9999995488267952,4.511732048491195e-07
6027,6.956311550121441e-06,0.9999930436884499
2672,0.9958089658485916,0.004191034151408445
7279,0.004610577377400893,0.9953894226225991
551,0.9999996293607001,3.706392999306896e-07
5461,0.01545799189006214,0.9845420081099379
7169,0.0017054235537657947,0.9982945764462342
2356,0.9969470981652554,0.0030529018347446027
1171,0.9977976760950606,0.0022023239049392966
3883,0.9737875937085239,0.02621240629147609
8099,0.9867805338533259,0.013219466146674139
2600,0.9982213493278194,0.0017786506721806199
3842,0.9966139199698827,0.0033860800301173605
2477,0.9677319564680554,0.03226804353194455
7724,0.9993600287630132,0.0006399712369868106
7747,0.872666953022973,0.127333046977027
1871,0.9966139199698827,0.0033860800301173605
2830,0.9643244820054885,0.03567551799451155
4817,0.0031968739833648785,0.9968031260166351
721,0.940270140061855,0.059729859938144995
4231,0.0007493650010447217,0.9992506349989553
2262,0.9982213493278194,0.0017786506721806199
2033,0.9845788683563608,0.015421131643639214
2414,0.9962210483305445,0.0037789516694555214
4616,0.0004197928565692344,0.9995802071434308
4491,0.986435555833264,0.013564444166735952
314,0.9867038828290827,0.013296117170917275
7331,1.3439176263729813e-05,0.9999865608237363
5425,0.02153114573892656,0.9784688542610734
5827,0.09122950147003284,0.9087704985299672
4275,0.006548885559965356,0.9934511144400346
942,0.015525986180605633,0.9844740138193944
4179,0.9710004260481523,0.02899957395184768
4962,0.004527161455423645,0.9954728385445764
3635,0.014379926405435506,0.9856200735945645
5152,0.0009280911226672295,0.9990719088773328
5640,0.9995702947973875,0.00042970520261256036
4937,6.543056647267953e-06,0.9999934569433527
5096,0.0036578859327476287,0.9963421140672524
5569,0.9931414116978163,0.006858588302183712
5298,0.027420644463284072,0.9725793555367159
4812,0.9998976279546471,0.00010237204535288207
2485,0.9809675252435944,0.019032474756405623
495,0.9917328582733685,0.008267141726631408
3347,0.9737875937085239,0.02621240629147609
5659,0.0008993195652466923,0.9991006804347533
2442,0.9962210483305445,0.0037789516694555214
2927,0.9962210483305445,0.0037789516694555214
4979,0.0007493650010447217,0.9992506349989553
5680,0.0014330338034920231,0.998566966196508
3512,0.9737875937085239,0.02621240629147609
2978,0.9643244820054885,0.03567551799451155
2861,0.9845788683563608,0.015421131643639214
7845,0.9925563184056504,0.007443681594349555
557,0.917672357792906,0.08232764220709399
338,0.3666765578513853,0.6333234421486147
699,0.9999954213349903,4.578665009708145e-06
1148,0.9999999187561219,8.124387802341043e-08
329,0.9829967718708861,0.017003228129113937
4327,1.792780452769538e-05,0.9999820721954723
775,0.9764865493301031,0.02351345066989686
3179,6.543056647267953e-06,0.9999934569433527
684,0.9977976760950606,0.0022023239049392966
2378,0.9999990395054713,9.604945286357156e-07
6524,2.9593109405312568e-05,0.9999704068905947
6706,0.13301904601400827,0.8669809539859917
2556,0.9643244820054885,0.03567551799451155
987,0.9999983323744963,1.6676255037215952e-06
7896,1.152662624015477e-05,0.9999884733737598
1966,0.9643244820054885,0.03567551799451155
2314,0.9958089658485916,0.004191034151408445
4573,0.00033891850559342185,0.9996610814944066
7773,1.3439176263729813e-05,0.9999865608237363
6332,0.05355626995081242,0.9464437300491876
1266,0.9999997007896584,2.992103416111664e-07
872,0.9965915322212286,0.003408467778771373
3652,0.0016570093887465775,0.9983429906112534
1539,0.9999938583843466,6.141615653410216e-06
750,0.9994022342922392,0.0005977657077608512
6145,0.00016415738228547916,0.9998358426177145
2711,0.9643244820054885,0.03567551799451155
7171,1.4829360359458477e-05,0.9999851706396405
5214,0.017454124657011683,0.9825458753429883
3766,0.9845788683563608,0.015421131643639214
2525,0.9809675252435944,0.019032474756405623
1679,0.9999978633627225,2.136637277504561e-06
1924,0.9643244820054885,0.03567551799451155
1216,0.9999962903404187,3.7096595812486466e-06
5575,0.004293296261428936,0.9957067037385711
3822,0.014379926405435506,0.9856200735945645
3112,0.9710004260481523,0.02899957395184768
5173,1.792780452769538e-05,0.9999820721954723
7427,4.020685888617148e-05,0.9999597931411138
1702,0.9999998258996137,1.7410038631451617e-07
6114,0.0004449663564596307,0.9995550336435404
8095,0.24001019075896213,0.7599898092410379
6968,0.019583023214205353,0.9804169767857946
5126,0.16006163145573205,0.839938368544268
5846,0.0749659266688063,0.9250340733311937
5975,0.011029654018718027,0.988970345981282
1356,0.9999999527269372,4.727306277007094e-08
1173,0.49875344161649127,0.5012465583835087
3196,0.9977976760950606,0.0022023239049392966
1508,0.9999999527269372,4.727306277007094e-08
7056,2.745203832255072e-06,0.9999972547961677
2907,0.9958089658485916,0.004191034151408445
4782,0.00012720573025526427,0.9998727942697447
1668,0.9677319564680554,0.03226804353194455
905,0.9999994805061094,5.194938905897728e-07
7426,7.777123914531892e-06,0.9999922228760855
6602,0.015868905428181534,0.9841310945718185
4810,0.0036578859327476287,0.9963421140672524
6010,2.9593109405312568e-05,0.9999704068905947
5979,0.004527161455423645,0.9954728385445764
171,0.9867038828290827,0.013296117170917275
2952,0.9958089658485916,0.004191034151408445
5025,0.0020517673162215866,0.9979482326837784
4313,0.00012720573025526427,0.9998727942697447
3890,8.105035097738522e-06,0.9999918949649023
3791,0.9845788683563608,0.015421131643639214
2120,0.9958089658485916,0.004191034151408445
4318,0.0020517673162215866,0.9979482326837784
4404,7.124090150834039e-05,0.9999287590984917
123,0.9999964626353998,3.537364600198207e-06
2767,0.9982213493278194,0.0017786506721806199
4718,0.00012720573025526427,0.9998727942697447
6039,1.8860908260087683e-05,0.9999811390917399
6813,2.0205088433478124e-06,0.9999979794911567
7276,0.9771143747971022,0.022885625202897816
3716,0.9845788683563608,0.015421131643639214
241,0.940270140061855,0.059729859938144995
6948,0.0019317512155140326,0.998068248784486
2450,0.9969470981652554,0.0030529018347446027
7103,0.9992654969104108,0.0007345030895892055
5668,9.305254975777721e-06,0.9999906947450242
2883,0.9643244820054885,0.03567551799451155
726,0.940270140061855,0.059729859938144995
3874,0.00015661519252951894,0.9998433848074705
2766,0.014379926405435506,0.9856200735945645
5053,0.9983900024641458,0.001609997535854214
5391,0.11396335870985641,0.8860366412901436
1898,0.9999989963565011,1.0036434988118324e-06
738,0.940270140061855,0.059729859938144995
6204,6.04502538292806e-06,0.9999939549746171
343,0.9814907456198821,0.018509254380117867
6588,0.010366610768185125,0.9896333892318149
2596,0.9809675252435944,0.019032474756405623
49,0.9996249809503639,0.00037501904963611893
1745,0.01916140640432995,0.98083859359567
5564,0.211710959955963,0.788289040044037
5585,0.0003592439983179929,0.999640756001682
6448,0.003957027782699463,0.9960429722173005
5087,0.836225474737305,0.16377452526269493
6494,0.0020791253249297093,0.9979208746750703
7780,0.002423271863916887,0.9975767281360831
933,0.9837282751601283,0.016271724839871663
6726,0.024676045753407094,0.9753239542465929
7843,0.8480993083708519,0.1519006916291481
7275,0.07139391598277967,0.9286060840172203
1122,0.9999987567620182,1.2432379817509288e-06
876,0.9870355172190476,0.012964482780952455
7858,0.9999986863774245,1.3136225754975567e-06
4075,0.00012720573025526427,0.9998727942697447
3119,0.0023670628988504694,0.9976329371011495
1951,0.9643244820054885,0.03567551799451155
407,0.9621886850237535,0.03781131497624648
7534,0.9994115751303662,0.0005884248696338335
6473,0.0013260979500447911,0.9986739020499552
5910,0.09406649890226515,0.9059335010977349
68,0.9945017451536919,0.0054982548463080975
5544,0.9997260914182603,0.0002739085817397325
2135,0.9677319564680554,0.03226804353194455
5685,0.004527161455423645,0.9954728385445764
1497,0.9999983323744963,1.6676255037215952e-06
7686,0.09854938205300479,0.9014506179469952
6978,8.446707890263916e-05,0.9999155329210974
6060,4.956642376430231e-06,0.9999950433576236
7750,0.06513693348998606,0.9348630665100139
1386,0.9999999217357622,7.826423773342557e-08
6188,0.013668607428369506,0.9863313925716305
6446,0.038757536437735274,0.9612424635622647
5981,0.06796772818845209,0.9320322718115479
3220,0.9845788683563608,0.015421131643639214
2772,0.9643244820054885,0.03567551799451155
6356,1.152662624015477e-05,0.9999884733737598
2665,0.9677319564680554,0.03226804353194455
2555,0.9809675252435944,0.019032474756405623
7250,0.025053665171777206,0.9749463348282228
7649,0.9834374849221453,0.016562515077854677
6953,0.00020211926555224746,0.9997978807344478
2491,0.9958089658485916,0.004191034151408445
4119,0.00015756813160616723,0.9998424318683938
6858,0.0006044662049129457,0.999395533795087
5669,0.9976970568714509,0.002302943128549083
2188,0.9962210483305445,0.0037789516694555214
3701,6.543056647267953e-06,0.9999934569433527
4259,0.00033891850559342185,0.9996610814944066
3547,1.1940292485967952e-05,0.999988059707514
4083,0.0036578859327476287,0.9963421140672524
4841,0.044595351704321384,0.9554046482956786
3637,0.9969470981652554,0.0030529018347446027
6558,0.9921760379037927,0.007823962096207308
1717,0.9870355172190476,0.012964482780952455
3936,1.4472838331891502e-05,0.9999855271616681
954,0.9999998258996137,1.7410038631451617e-07
3425,0.006548885559965356,0.9934511144400346
6190,0.0016791126010733404,0.9983208873989267
7663,4.020685888617148e-05,0.9999597931411138
6273,0.0019317512155140326,0.998068248784486
3489,0.9737875937085239,0.02621240629147609
2152,0.9809675252435944,0.019032474756405623
3477,0.004102584781712548,0.9958974152182875
226,0.940270140061855,0.059729859938144995
3852,1.1940292485967952e-05,0.999988059707514
1167,0.9977976760950606,0.0022023239049392966
4443,0.0036578859327476287,0.9963421140672524
8064,0.038757536437735274,0.9612424635622647
1970,0.9999999527269372,4.727306277007094e-08
815,0.9621886850237535,0.03781131497624648
5127,0.31800951208605643,0.6819904879139436
4035,0.031262918747685275,0.9687370812523147
720,0.9755914080977163,0.02440859190228373
2058,0.9999999365899381,6.341006183494867e-08
7034,0.2179822435438208,0.7820177564561792
3622,0.0029713380801268396,0.9970286619198732
1770,0.9999978633627225,2.136637277504561e-06
691,0.9829967718708861,0.017003228129113937
4419,0.994059114006461,0.005940885993539023
3992,7.124090150834039e-05,0.9999287590984917
4241,7.124090150834039e-05,0.9999287590984917
416,0.917672357792906,0.08232764220709399
732,0.015525986180605633,0.9844740138193944
622,0.917672357792906,0.08232764220709399
3985,7.124090150834039e-05,0.9999287590984917
2170,0.9677319564680554,0.03226804353194455
267,0.9965915322212286,0.003408467778771373
4330,0.004527161455423645,0.9954728385445764
6476,8.446707890263916e-05,0.9999155329210974
6105,0.007121981956842993,0.992878018043157
6453,1.152662624015477e-05,0.9999884733737598
5419,0.004527161455423645,0.9954728385445764
723,0.9999974503637058,2.549636294248426e-06
2277,0.9977976760950606,0.0022023239049392966
2810,0.9710004260481523,0.02899957395184768
1572,0.9999997843375102,2.1566248974239822e-07
5927,0.03717105921352448,0.9628289407864755
5503,0.9904009774777365,0.00959902252226355
6082,6.956311550121441e-06,0.9999930436884499
4756,0.031262918747685275,0.9687370812523147
5492,0.9997260914182603,0.0002739085817397325
6240,0.007121981956842993,0.992878018043157
4280,0.0016570093887465775,0.9983429906112534
7852,0.005085089553024114,0.9949149104469759
2699,0.9962210483305445,0.0037789516694555214
280,0.04505791513189794,0.9549420848681021
662,0.1234152506581363,0.8765847493418637
4106,0.05236675048974215,0.9476332495102578
2168,0.9677319564680554,0.03226804353194455
7758,3.9100589650731266e-05,0.9999608994103493
5913,0.9998563334206466,0.0001436665793534288
6418,1.6311204278363078e-06,0.9999983688795722
552,0.9995354961181305,0.0004645038818695038
5599,0.24998371703545308,0.7500162829645469
920,0.9999998258996137,1.7410038631451617e-07
5835,0.2922220369816325,0.7077779630183675
868,0.3666765578513853,0.6333234421486147
6231,0.09739157096827022,0.9026084290317298
5070,0.24998371703545308,0.7500162829645469
6774,0.9999656934356373,3.430656436261162e-05
2965,0.9643244820054885,0.03567551799451155
4047,0.9845788683563608,0.015421131643639214
4587,0.00012720573025526427,0.9998727942697447
7666,4.307314431684084e-06,0.9999956926855683
4890,8.105035097738522e-06,0.9999918949649023
4242,0.031262918747685275,0.9687370812523147
7267,4.307314431684084e-06,0.9999956926855683
5623,0.9998563334206466,0.0001436665793534288
2482,0.015839899631740817,0.9841601003682592
7358,0.9999985117087208,1.4882912792371633e-06
3987,0.00012720573025526427,0.9998727942697447
359,0.9945017451536919,0.0054982548463080975
7797,0.99994002225772,5.997774227994496e-05
7442,0.06513693348998606,0.9348630665100139
2239,0.9958089658485916,0.004191034151408445
2769,0.9962210483305445,0.0037789516694555214
5035,5.7512264940662305e-05,0.9999424877350593
1791,0.9999970052576048,2.9947423951767775e-06
2492,0.9677319564680554,0.03226804353194455
5506,1.792780452769538e-05,0.9999820721954723
6778,8.446707890263916e-05,0.9999155329210974
5942,0.038014575491210456,0.9619854245087895
7355,0.007121981956842993,0.992878018043157
2074,0.03919315452114336,0.9608068454788566
7303,1.4396890469781098e-06,0.999998560310953
4777,0.9915179830427062,0.008482016957293767
4858,0.9991809547784232,0.0008190452215768645
1299,0.9999938583843466,6.141615653410216e-06
1829,0.9809675252435944,0.019032474756405623
4778,0.03843927706229788,0.9615607229377021
6329,0.0020791253249297093,0.9979208746750703
1767,0.9999974503637058,2.549636294248426e-06
3036,0.9710004260481523,0.02899957395184768
4215,1.4472838331891502e-05,0.9999855271616681
4488,0.0036578859327476287,0.9963421140672524
327,0.26694900182297054,0.7330509981770295
5315,1.792780452769538e-05,0.9999820721954723
6089,0.006458632226461147,0.9935413677735389
4132,0.0036578859327476287,0.9963421140672524
7077,1.0914653760574211e-05,0.9999890853462394
3543,1.1940292485967952e-05,0.999988059707514
4171,0.017751834798046318,0.9822481652019537
46,0.9965915322212286,0.003408467778771373
2980,0.9643244820054885,0.03567551799451155
985,0.9999998589430271,1.410569729190764e-07
1874,0.9643244820054885,0.03567551799451155
5207,1.792780452769538e-05,0.9999820721954723
4317,7.124090150834039e-05,0.9999287590984917
6154,1.6311204278363078e-06,0.9999983688795722
1503,0.9999998333846005,1.6661539951446714e-07
2325,0.9977976760950606,0.0022023239049392966
2996,0.9809675252435944,0.019032474756405623
709,0.9972214821902307,0.0027785178097693834
6852,5.6426798252240395e-05,0.9999435732017478
4941,0.0029713380801268396,0.9970286619198732
3882,0.1743309302201027,0.8256690697798973
1410,0.9999999527269372,4.727306277007094e-08
7484,7.455458743965693e-05,0.9999254454125603
2964,0.9809675252435944,0.019032474756405623
7318,0.00010600906282032252,0.9998939909371797
3650,0.9710004260481523,0.02899957395184768
5664,0.5827264223045806,0.4172735776954194
1973,0.9977976760950606,0.0022023239049392966
4709,0.027551463650676733,0.9724485363493233
7068,0.00020211926555224746,0.9997978807344478
6909,0.021843272953988246,0.9781567270460118
1625,0.13132449133307977,0.8686755086669202
7024,0.0010708082528906315,0.9989291917471094
356,0.9995173790914001,0.00048262090859986793
1089,0.9945017451536919,0.0054982548463080975
7362,0.01329750981122002,0.98670249018878
3906,0.0036578859327476287,0.9963421140672524
5323,0.36613084074309366,0.6338691592569063
559,0.9965915322212286,0.003408467778771373
3617,0.9966139199698827,0.0033860800301173605
6432,0.024676045753407094,0.9753239542465929
7075,0.002423271863916887,0.9975767281360831
2243,0.9958089658485916,0.004191034151408445
1139,0.9999943282994466,5.671700553424893e-06
3996,0.038014575491210456,0.9619854245087895
4103,0.9737875937085239,0.02621240629147609
4680,0.0009280911226672295,0.9990719088773328
1865,0.9643244820054885,0.03567551799451155
3084,0.9845788683563608,0.015421131643639214
7552,0.7394712368366088,0.26052876316339124
5908,0.0749659266688063,0.9250340733311937
7120,0.0002289883823886063,0.9997710116176114
6381,0.0001046293713936608,0.9998953706286063
119,0.9241607045822005,0.07583929541779952
902,0.9999987567620182,1.2432379817509288e-06
4158,0.003678061754244344,0.9963219382457557
2231,0.9958089658485916,0.004191034151408445
2076,0.9977976760950606,0.0022023239049392966
6787,0.043685890124482984,0.956314109875517
5816,0.9997260914182603,0.0002739085817397325
1908,0.9999992246102106,7.753897893499242e-07
3609,0.9969470981652554,0.0030529018347446027
7365,0.0016791126010733404,0.9983208873989267
6802,0.0016791126010733404,0.9983208873989267
6023,0.007408676306763229,0.9925913236932368
5977,0.023787009967330408,0.9762129900326696
4256,0.00015756813160616723,0.9998424318683938
928,0.3666765578513853,0.6333234421486147
4859,0.9998976279546471,0.00010237204535288207
35,0.9771729880417869,0.02282701195821311
2433,0.9962210483305445,0.0037789516694555214
2916,0.9643244820054885,0.03567551799451155
7012,0.007408676306763229,0.9925913236932368
448,0.9689790230953097,0.031020976904690297
1909,0.9999970052576048,2.9947423951767775e-06
2960,0.9977976760950606,0.0022023239049392966
5781,0.9915179830427062,0.008482016957293767
7353,0.7888606218142511,0.2111393781857489
4026,0.1743309302201027,0.8256690697798973
2073,0.9977976760950606,0.0022023239049392966
7399,0.0014823406002473227,0.9985176593997527
2898,0.9962210483305445,0.0037789516694555214
6842,9.092394645449087e-05,0.9999090760535455
6496,9.891451711929733e-06,0.9999901085482881
3708,5.7512264940662305e-05,0.9999424877350593
5418,0.031741447564509806,0.9682585524354902
6241,0.11020907245526002,0.88979092754474
310,0.9837282751601283,0.016271724839871663
270,0.9621886850237535,0.03781131497624648
4055,0.0007493650010447217,0.9992506349989553
4383,0.0007493650010447217,0.9992506349989553
345,0.9999999787490996,2.1250900374471768e-08
8073,0.9915748903958407,0.008425109604159322
1354,0.9999987567620182,1.2432379817509288e-06
1547,0.9999997007896584,2.992103416111664e-07
7867,0.988233277715014,0.011766722284985933
1457,0.9977976760950606,0.0022023239049392966
2936,0.9969470981652554,0.0030529018347446027
2001,0.9643244820054885,0.03567551799451155
2059,0.9621886850237535,0.03781131497624648
1938,0.999983076535818,1.6923464182083494e-05
6170,8.446707890263916e-05,0.9999155329210974
7725,0.9999977192686951,2.280731304902736e-06
3173,0.0029713380801268396,0.9970286619198732
6712,0.000695894031813804,0.9993041059681862
287,0.9829967718708861,0.017003228129113937
2796,0.9962210483305445,0.0037789516694555214
7753,0.99994002225772,5.997774227994496e-05
3072,0.9737875937085239,0.02621240629147609
7875,0.01329750981122002,0.98670249018878
5562,0.9998731922885151,0.00012680771148483667
999,0.13132449133307977,0.8686755086669202
6392,2.3890111606417186e-05,0.9999761098883936
6315,0.0008481222109594233,0.9991518777890406
94,0.9999974503637058,2.549636294248426e-06
2410,0.9962210483305445,0.0037789516694555214
1836,0.9809675252435944,0.019032474756405623
5016,0.004527161455423645,0.9954728385445764
3453,0.0029713380801268396,0.9970286619198732
2089,0.31086573465753,0.68913426534247
3275,0.9969470981652554,0.0030529018347446027
13,0.10876864302222411,0.8912313569777759
846,0.9965915322212286,0.003408467778771373
1306,0.9999998258996137,1.7410038631451617e-07
4399,0.00015756813160616723,0.9998424318683938
5514,0.9971488542785063,0.002851145721493675
6352,5.6157104693088655e-06,0.9999943842895307
4152,8.105035097738522e-06,0.9999918949649023
405,0.9965915322212286,0.003408467778771373
6440,0.0002289883823886063,0.9997710116176114
216,0.9837282751601283,0.016271724839871663
565,0.04505791513189794,0.9549420848681021
161,0.9955161899845896,0.004483810015410389
4801,0.0031968739833648785,0.9968031260166351
3435,0.8473927209375186,0.15260727906248137
6943,0.0017054235537657947,0.9982945764462342
7055,0.00020211926555224746,0.9997978807344478
8002,0.9797458783283364,0.020254121671663607
2632,0.9677319564680554,0.03226804353194455
7854,0.9797458783283364,0.020254121671663607
2404,0.9737875937085239,0.02621240629147609
1614,0.05508141481230677,0.9449185851876932
2465,0.9962210483305445,0.0037789516694555214
3074,0.9845788683563608,0.015421131643639214
7344,0.9999320477158697,6.79522841302838e-05
3809,0.9737875937085239,0.02621240629147609
4974,0.0020517673162215866,0.9979482326837784
6865,0.034809354471665666,0.9651906455283343
2284,0.9809675252435944,0.019032474756405623
7948,0.005085089553024114,0.9949149104469759
4343,1.4472838331891502e-05,0.9999855271616681
3120,0.9969470981652554,0.0030529018347446027
3938,0.9710004260481523,0.02899957395184768
3328,0.0029713380801268396,0.9970286619198732
7654,0.014032632446932536,0.9859673675530675
7851,0.00010600906282032252,0.9998939909371797
2895,0.9982213493278194,0.0017786506721806199
6668,0.2179822435438208,0.7820177564561792
3971,0.0029713380801268396,0.9970286619198732
2599,0.9677319564680554,0.03226804353194455
5824,0.004527161455423645,0.9954728385445764
7929,0.9999611319586589,3.8868041341132796e-05
1137,0.9955161899845896,0.004483810015410389
3132,0.9737875937085239,0.02621240629147609
1901,0.9999962903404187,3.7096595812486466e-06
7370,0.7510066961332198,0.24899330386678026
6743,0.0001487704679279389,0.9998512295320721
1145,0.9999993564900171,6.435099828577816e-07
7735,0.002423271863916887,0.9975767281360831
7499,0.9994805980170649,0.0005194019829350767
7167,0.9996312989403229,0.00036870105967713924
4468,0.031262918747685275,0.9687370812523147
3162,0.29739754673826646,0.7026024532617335
6295,0.003957027782699463,0.9960429722173005
2365,0.9982213493278194,0.0017786506721806199
3891,0.9737875937085239,0.02621240629147609
1368,0.9962210483305445,0.0037789516694555214
5088,0.003678061754244344,0.9963219382457557
5286,0.04666610822956618,0.9533338917704338
3149,0.9982213493278194,0.0017786506721806199
929,0.9689790230953097,0.031020976904690297
6126,0.01856260838777124,0.9814373916122288
214,0.9809316139507401,0.019068386049259842
7946,0.9959940207946693,0.0040059792053306975
3150,0.9966139199698827,0.0033860800301173605
906,0.05508141481230677,0.9449185851876932
6472,0.0010140138514241892,0.9989859861485758
5676,0.0749659266688063,0.9250340733311937
4415,0.008099605395276765,0.9919003946047232
4413,0.003678061754244344,0.9963219382457557
589,0.9870355172190476,0.012964482780952455
2459,0.9643244820054885,0.03567551799451155
283,0.9898711581196129,0.010128841880387048
5579,0.0006847854586350399,0.999315214541365
4791,0.0007493650010447217,0.9992506349989553
2117,0.9677319564680554,0.03226804353194455
2929,0.9977976760950606,0.0022023239049392966
2951,0.9809675252435944,0.019032474756405623
6069,0.003957027782699463,0.9960429722173005
717,0.9995354961181305,0.0004645038818695038
4673,0.9931414116978163,0.006858588302183712
377,0.9972214821902307,0.0027785178097693834
623,0.9996249809503639,0.00037501904963611893
1580,0.9999997664692081,2.3353079188967294e-07
1334,0.9999938583843466,6.141615653410216e-06
878,0.9809316139507401,0.019068386049259842
1651,0.9999923922383862,7.607761613844362e-06
6250,4.020685888617148e-05,0.9999597931411138
6843,0.021843272953988246,0.9781567270460118
3366,0.00015661519252951894,0.9998433848074705
5210,0.9996937811270116,0.000306218872988478
7713,0.015039053888104115,0.9849609461118959
5473,0.0003592439983179929,0.999640756001682
1514,0.917672357792906,0.08232764220709399
4174,0.003678061754244344,0.9963219382457557
4748,0.0020517673162215866,0.9979482326837784
805,0.9809316139507401,0.019068386049259842
4422,1.4472838331891502e-05,0.9999855271616681
4312,0.03843927706229788,0.9615607229377021
7821,0.021843272953988246,0.9781567270460118
3651,0.9845788683563608,0.015421131643639214
2432,0.9962210483305445,0.0037789516694555214
4416,0.004527161455423645,0.9954728385445764
2380,0.9982213493278194,0.0017786506721806199
7186,4.307314431684084e-06,0.9999956926855683
3858,0.10842342918026937,0.8915765708197306
4301,0.031262918747685275,0.9687370812523147
6423,0.000695894031813804,0.9993041059681862
6641,0.00012353165796341603,0.9998764683420366
5497,0.8229160014181215,0.17708399858187854
1318,0.9917328582733685,0.008267141726631408
7160,0.048780462405668246,0.9512195375943318
3833,9.02108533656909e-05,0.9999097891466343
4253,0.9737875937085239,0.02621240629147609
594,0.9898711581196129,0.010128841880387048
6817,1.152662624015477e-05,0.9999884733737598
4717,0.862289249068468,0.13771075093153193
6585,0.010366610768185125,0.9896333892318149
266,0.9999964626353998,3.537364600198207e-06
6896,0.0016791126010733404,0.9983208873989267
7416,0.999547458512396,0.00045254148760398967
5763,0.06796772818845209,0.9320322718115479
3394,0.9845788683563608,0.015421131643639214
1036,0.9965915322212286,0.003408467778771373
117,0.9764865493301031,0.02351345066989686
754,0.9972214821902307,0.0027785178097693834
5453,0.0009280911226672295,0.9990719088773328
3820,0.9710004260481523,0.02899957395184768
2035,0.9999956181817833,4.3818182167474525e-06
5534,0.9998976279546471,0.00010237204535288207
3323,0.014379926405435506,0.9856200735945645
4849,0.0020517673162215866,0.9979482326837784
5116,7.340252331988761e-05,0.9999265974766801
7777,0.762794591343811,0.237205408656189
7310,0.0026732751416493894,0.9973267248583506
757,0.9999962903404187,3.7096595812486466e-06
6026,9.891451711929733e-06,0.9999901085482881
4970,7.124090150834039e-05,0.9999287590984917
4642,0.0016570093887465775,0.9983429906112534
5309,0.9998048145101511,0.00019518548984881747
2595,0.9962210483305445,0.0037789516694555214
1667,0.03919315452114336,0.9608068454788566
4111,0.00015756813160616723,0.9998424318683938
2988,0.9962210483305445,0.0037789516694555214
3600,0.9966139199698827,0.0033860800301173605
6058,0.0003592439983179929,0.999640756001682
7720,0.872666953022973,0.127333046977027
8042,0.9921760379037927,0.007823962096207308
1841,0.9999997664692081,2.3353079188967294e-07
8003,0.9939822194372369,0.006017780562763173
5264,0.9994162621716838,0.0005837378283162355
3894,5.7512264940662305e-05,0.9999424877350593
4952,0.13009696894634637,0.8699030310536536
6523,0.00031709575123173295,0.9996829042487683
3574,0.9969470981652554,0.0030529018347446027
7109,0.00031709575123173295,0.9996829042487683
3812,0.9710004260481523,0.02899957395184768
1806,0.9999921310939368,7.86890606321289e-06
4803,8.105035097738522e-06,0.9999918949649023
2634,0.9677319564680554,0.03226804353194455
2521,0.9982213493278194,0.0017786506721806199
968,0.9999987567620182,1.2432379817509288e-06
8057,0.9925563184056504,0.007443681594349555
1280,0.9972214821902307,0.0027785178097693834
1584,0.9999992246102106,7.753897893499242e-07
6505,0.00031296965936222776,0.9996870303406378
2285,0.015839899631740817,0.9841601003682592
1493,0.9999902526077528,9.747392247247886e-06
4530,0.00033891850559342185,0.9996610814944066
1008,0.9999999030521349,9.694786502683558e-08
6763,0.9939275087265981,0.00607249127340191
7317,7.455458743965693e-05,0.9999254454125603
3823,0.9809675252435944,0.019032474756405623
6540,0.0027446036403814267,0.9972553963596186
767,0.5520844640020813,0.44791553599791867
2484,0.9958089658485916,0.004191034151408445
2279,0.9969470981652554,0.0030529018347446027
2608,0.9958089658485916,0.004191034151408445
7813,0.9939822194372369,0.006017780562763173
2998,0.9643244820054885,0.03567551799451155
3329,0.9962210483305445,0.0037789516694555214
424,0.9621886850237535,0.03781131497624648
1715,0.9962210483305445,0.0037789516694555214
4548,0.023787009967330408,0.9762129900326696
4346,7.124090150834039e-05,0.9999287590984917
8092,0.021843272953988246,0.9781567270460118
5243,0.9932744826915996,0.006725517308400469
5303,0.006548885559965356,0.9934511144400346
1416,0.9870355172190476,0.012964482780952455
7170,0.9994115751303662,0.0005884248696338335
760,0.9507954239816248,0.049204576018375225
7820,0.03844492227021068,0.9615550777297893
3325,0.9710004260481523,0.02899957395184768
7335,0.999960860737914,3.913926208599934e-05
7551,0.007408676306763229,0.9925913236932368
4345,0.006548885559965356,0.9934511144400346
2105,0.9958089658485916,0.004191034151408445
6883,2.3890111606417186e-05,0.9999761098883936
7404,0.9999654540437267,3.454595627329114e-05
7909,0.9999986863774245,1.3136225754975567e-06
885,0.29767340635022077,0.7023265936497792
7590,0.9992654969104108,0.0007345030895892055
3486,0.9966139199698827,0.0033860800301173605
5287,0.00816678288567707,0.9918332171143229
54,0.03919315452114336,0.9608068454788566
913,0.9999998654944344,1.3450556553379017e-07
6178,0.0003592439983179929,0.999640756001682
5396,0.00012720573025526427,0.9998727942697447
4862,0.9969470981652554,0.0030529018347446027
125,0.9999983323744963,1.6676255037215952e-06
7325,0.9939822194372369,0.006017780562763173
7372,0.9994115751303662,0.0005884248696338335
2778,0.9958089658485916,0.004191034151408445
4469,0.10772580972127344,0.8922741902787266
5490,0.008765173357969336,0.9912348266420307
4150,0.9710004260481523,0.02899957395184768
6159,0.03975329034701869,0.9602467096529813
917,0.9677319564680554,0.03226804353194455
7571,3.9100589650731266e-05,0.9999608994103493
7885,0.03525223250802678,0.9647477674919732
7671,0.8480993083708519,0.1519006916291481
7877,5.6157104693088655e-06,0.9999943842895307
4612,0.00012720573025526427,0.9998727942697447
5933,0.00013995504109676205,0.9998600449589032
4816,0.008099605395276765,0.9919003946047232
3108,0.9845788683563608,0.015421131643639214
4692,0.0007493650010447217,0.9992506349989553
2622,0.9977976760950606,0.0022023239049392966
6642,0.0001487704679279389,0.9998512295320721
3182,0.0023670628988504694,0.9976329371011495
7278,0.9834374849221453,0.016562515077854677
4884,0.0006847854586350399,0.999315214541365
5994,0.00013252544150588186,0.9998674745584941
3709,0.9737875937085239,0.02621240629147609
1283,0.9999943282994466,5.671700553424893e-06
7583,2.1086377971935022e-05,0.9999789136220281
1705,0.9999999527269372,4.727306277007094e-08
2320,0.9677319564680554,0.03226804353194455
3499,0.9737875937085239,0.02621240629147609
4911,0.9994162621716838,0.0005837378283162355
234,0.9507954239816248,0.049204576018375225
7847,0.9932356775001228,0.006764322499877277
4260,7.124090150834039e-05,0.9999287590984917
5581,4.5552816388516604e-05,0.9999544471836115
1338,0.9945017451536919,0.0054982548463080975
824,0.9994022342922392,0.0005977657077608512
7117,0.0002836381257591558,0.9997163618742408
5131,0.0014200630229335154,0.9985799369770665
2125,0.9643244820054885,0.03567551799451155
7108,0.007215227990423845,0.9927847720095762
3907,0.006548885559965356,0.9934511144400346
1428,0.9995173790914001,0.00048262090859986793
2159,0.9958089658485916,0.004191034151408445
7190,0.0002289883823886063,0.9997710116176114
415,0.9955161899845896,0.004483810015410389
60,0.8763981021543984,0.12360189784560162
3763,0.9969470981652554,0.0030529018347446027
2329,0.9643244820054885,0.03567551799451155
3380,0.9962210483305445,0.0037789516694555214
7245,0.992343130051951,0.007656869948049075
7191,5.4874270946858594e-05,0.9999451257290531
1637,0.01916140640432995,0.98083859359567
2187,0.9958089658485916,0.004191034151408445
2730,0.9999902526077528,9.747392247247886e-06
7950,0.013668607428369506,0.9863313925716305
1341,0.9999998258996137,1.7410038631451617e-07
2974,0.9982213493278194,0.0017786506721806199
6873,0.0002289883823886063,0.9997710116176114
3211,0.031262918747685275,0.9687370812523147
8118,0.0006044662049129457,0.999395533795087
8032,0.07316433867613881,0.9268356613238612
6672,0.00816678288567707,0.9918332171143229
4985,7.124090150834039e-05,0.9999287590984917
2737,0.9809675252435944,0.019032474756405623
2109,0.9969470981652554,0.0030529018347446027
4476,0.0007493650010447217,0.9992506349989553
6592,2.9593109405312568e-05,0.9999704068905947
3077,0.9977976760950606,0.0022023239049392966
2618,0.9977976760950606,0.0022023239049392966
5515,0.2922220369816325,0.7077779630183675
178,0.9965915322212286,0.003408467778771373
6541,4.6783196595123755e-05,0.9999532168034049
4354,0.03843927706229788,0.9615607229377021
1814,0.9999923922383862,7.607761613844362e-06
7772,0.9995768201590163,0.0004231798409837154
4211,0.00012720573025526427,0.9998727942697447
595,0.10851037940018926,0.8914896205998107
2247,0.9999999187561219,8.124387802341043e-08
6262,8.446707890263916e-05,0.9999155329210974
1187,0.13102054390523765,0.8689794560947623
4072,0.008099605395276765,0.9919003946047232
3851,0.9737875937085239,0.02621240629147609
2822,0.9643244820054885,0.03567551799451155
6869,0.0010708082528906315,0.9989291917471094
5566,0.052820450966815646,0.9471795490331844
5517,0.01545799189006214,0.9845420081099379
1107,0.9999999705164786,2.9483521437023205e-08
639,0.9870355172190476,0.012964482780952455
360,0.9999999787490996,2.1250900374471768e-08
6095,0.01856260838777124,0.9814373916122288
3623,0.9969470981652554,0.0030529018347446027
5400,0.0009280911226672295,0.9990719088773328
7458,0.0017054235537657947,0.9982945764462342
2768,0.9677319564680554,0.03226804353194455
6293,5.4874270946858594e-05,0.9999451257290531
5803,7.124090150834039e-05,0.9999287590984917
951,0.9867038828290827,0.013296117170917275
4672,0.0004197928565692344,0.9995802071434308
97,0.9837282751601283,0.016271724839871663
5844,0.00012720573025526427,0.9998727942697447
1001,0.9755914080977163,0.02440859190228373
364,0.9837282751601283,0.016271724839871663
790,0.9955161899845896,0.004483810015410389
5289,0.04666610822956618,0.9533338917704338
1310,0.9999998861272855,1.1387271450778937e-07
1917,0.9999989963565011,1.0036434988118324e-06
3551,0.9677319564680554,0.03226804353194455
3768,0.9710004260481523,0.02899957395184768
3237,0.9737875937085239,0.02621240629147609
368,0.9955161899845896,0.004483810015410389
2429,0.9977976760950606,0.0022023239049392966
4835,9.02108533656909e-05,0.9999097891466343
7618,0.019583023214205353,0.9804169767857946
6438,6.04502538292806e-06,0.9999939549746171
4088,0.0020517673162215866,0.9979482326837784
2995,0.9969470981652554,0.0030529018347446027
5733,0.7895387443140747,0.21046125568592527
4599,0.0020517673162215866,0.9979482326837784
3086,0.9710004260481523,0.02899957395184768
4483,8.105035097738522e-06,0.9999918949649023
2315,0.9845788683563608,0.015421131643639214
7085,0.015039053888104115,0.9849609461118959
158,0.989412839044083,0.010587160955917023
5706,0.038014575491210456,0.9619854245087895
2908,0.9962210483305445,0.0037789516694555214
5967,0.017751834798046318,0.9822481652019537
779,0.989412839044083,0.010587160955917023
2309,0.9977976760950606,0.0022023239049392966
1943,0.9999997664692081,2.3353079188967294e-07
268,0.9689790230953097,0.031020976904690297
5367,0.004527161455423645,0.9954728385445764
7152,7.985203071325664e-06,0.9999920147969287
3991,0.0016570093887465775,0.9983429906112534
7782,0.9936168286709663,0.00638317132903363
1520,0.9792090117731447,0.020790988226855316
202,0.940270140061855,0.059729859938144995
1423,0.9999998654944344,1.3450556553379017e-07
3864,0.014379926405435506,0.9856200735945645
6691,0.02829074008823873,0.9717092599117613
5576,0.00013995504109676205,0.9998600449589032
2828,0.9677319564680554,0.03226804353194455
667,0.9764865493301031,0.02351345066989686
1913,0.9999998333846005,1.6661539951446714e-07
3692,0.7618026442895744,0.23819735571042552
5938,0.9904009774777365,0.00959902252226355
6248,5.6157104693088655e-06,0.9999943842895307
3855,0.9710004260481523,0.02899957395184768
4765,0.00012720573025526427,0.9998727942697447
4462,0.0004197928565692344,0.9995802071434308
3326,9.02108533656909e-05,0.9999097891466343
5204,0.03843927706229788,0.9615607229377021
2232,0.9962210483305445,0.0037789516694555214
4831,0.9997260914182603,0.0002739085817397325
7715,0.034809354471665666,0.9651906455283343
3762,0.9710004260481523,0.02899957395184768
3087,0.014379926405435506,0.9856200735945645
5255,0.14187475784590486,0.8581252421540951
5313,0.9983900024641458,0.001609997535854214
3025,0.9710004260481523,0.02899957395184768
7351,3.9100589650731266e-05,0.9999608994103493
7041,0.9936743206698858,0.006325679330114209
4296,0.006548885559965356,0.9934511144400346
5300,0.02153114573892656,0.9784688542610734
3067,0.9737875937085239,0.02621240629147609
4471,0.008099605395276765,0.9919003946047232
4569,0.006548885559965356,0.9934511144400346
6944,0.007121981956842993,0.992878018043157
5542,0.004527161455423645,0.9954728385445764
183,0.9898711581196129,0.010128841880387048
3300,5.7512264940662305e-05,0.9999424877350593
3760,0.9710004260481523,0.02899957395184768
6870,0.0010140138514241892,0.9989859861485758
145,0.9999999187561219,8.124387802341043e-08
1602,0.9999999488102175,5.1189782474240235e-08
4611,0.9983900024641458,0.001609997535854214
2604,0.9982213493278194,0.0017786506721806199
5645,0.9951985342358425,0.0048014657641574825
7176,0.9925563184056504,0.007443681594349555
5479,0.9967709690329041,0.0032290309670959007
7390,0.7978707792490443,0.2021292207509557
6176,0.00031296965936222776,0.9996870303406378
989,0.9945017451536919,0.0054982548463080975
6441,0.0019317512155140326,0.998068248784486
2717,0.9966139199698827,0.0033860800301173605
539,0.34427088139812945,0.6557291186018706
7698,0.9999611319586589,3.8868041341132796e-05
3548,0.9969470981652554,0.0030529018347446027
6004,0.0001733600143174474,0.9998266399856826
3557,0.1743309302201027,0.8256690697798973
4529,0.003678061754244344,0.9963219382457557
725,0.1234152506581363,0.8765847493418637
5934,0.005312768206995999,0.994687231793004
82,0.4176522817236257,0.5823477182763743
2193,0.9643244820054885,0.03567551799451155
3545,0.9710004260481523,0.02899957395184768
2005,0.9764865493301031,0.02351345066989686
2377,0.9999938583843466,6.141615653410216e-06
8013,0.9936168286709663,0.00638317132903363
4042,0.0020517673162215866,0.9979482326837784
5182,0.004527161455423645,0.9954728385445764
6313,0.00010600906282032252,0.9998939909371797
588,0.8763981021543984,0.12360189784560162
201,0.9507954239816248,0.049204576018375225
3664,0.9737875937085239,0.02621240629147609
1945,0.04809950233330462,0.9519004976666954
2512,0.10842342918026937,0.8915765708197306
3920,0.9710004260481523,0.02899957395184768
651,0.9917328582733685,0.008267141726631408
1449,0.9999921310939368,7.86890606321289e-06
5508,0.2379107716095602,0.7620892283904398
3861,0.9966139199698827,0.0033860800301173605
4840,0.033055193529984206,0.9669448064700158
4721,0.00012720573025526427,0.9998727942697447
6622,7.985203071325664e-06,0.9999920147969287
252,0.9241607045822005,0.07583929541779952
6614,0.002391805500040478,0.9976081944999595
4002,0.9845788683563608,0.015421131643639214
6035,0.003957027782699463,0.9960429722173005
5178,0.7501434030133811,0.2498565969866189
6829,4.6783196595123755e-05,0.9999532168034049
2709,0.9677319564680554,0.03226804353194455
874,0.9621886850237535,0.03781131497624648
8052,0.9939822194372369,0.006017780562763173
3013,0.0023670628988504694,0.9976329371011495
5230,0.9967709690329041,0.0032290309670959007
5239,0.0010215110511295755,0.9989784889488704
7087,6.478840996770874e-05,0.9999352115900323
4272,0.0036578859327476287,0.9963421140672524
967,0.9977976760950606,0.0022023239049392966
5718,0.04666610822956618,0.9533338917704338
1932,0.9977976760950606,0.0022023239049392966
7947,3.9100589650731266e-05,0.9999608994103493
6016,0.003957027782699463,0.9960429722173005
3009,0.0029713380801268396,0.9970286619198732
373,0.9241607045822005,0.07583929541779952
900,0.9996249809503639,0.00037501904963611893
4551,0.008099605395276765,0.9919003946047232
2340,0.9677319564680554,0.03226804353194455
7560,0.999547458512396,0.00045254148760398967
2474,0.9677319564680554,0.03226804353194455
7652,0.9939822194372369,0.006017780562763173
3678,0.9845788683563608,0.015421131643639214
3280,0.0029713380801268396,0.9970286619198732
2261,0.9977976760950606,0.0022023239049392966
799,0.9994022342922392,0.0005977657077608512
3941,8.105035097738522e-06,0.9999918949649023
1849,0.9977976760950606,0.0022023239049392966
2046,0.9958089658485916,0.004191034151408445
2633,0.9737875937085239,0.02621240629147609
6621,0.0002289883823886063,0.9997710116176114
5005,0.862289249068468,0.13771075093153193
3899,0.9969470981652554,0.0030529018347446027
6360,0.22633982528650187,0.7736601747134981
6109,0.015868905428181534,0.9841310945718185
2511,0.9643244820054885,0.03567551799451155
1492,0.9999954213349903,4.578665009708145e-06
4885,7.124090150834039e-05,0.9999287590984917
4023,7.340252331988761e-05,0.9999265974766801
1288,0.9977976760950606,0.0022023239049392966
7254,1.3439176263729813e-05,0.9999865608237363
4454,0.00033891850559342185,0.9996610814944066
4129,0.9966139199698827,0.0033860800301173605
7807,0.9915748903958407,0.008425109604159322
1629,0.01916140640432995,0.98083859359567
714,0.9955161899845896,0.004483810015410389
4126,0.0007493650010447217,0.9992506349989553
5189,0.0007493650010447217,0.9992506349989553
6120,0.9881096071887899,0.011890392811210121
5825,0.004527161455423645,0.9954728385445764
6103,0.00013252544150588186,0.9998674745584941
6000,7.340252331988761e-05,0.9999265974766801
3399,5.7512264940662305e-05,0.9999424877350593
5194,1.6801148554845824e-05,0.9999831988514452
7400,0.9999720514328061,2.7948567193863024e-05
6756,0.002391805500040478,0.9976081944999595
4172,6.543056647267953e-06,0.9999934569433527
5130,0.13009696894634637,0.8699030310536536
668,0.9996249809503639,0.00037501904963611893
2559,0.9809675252435944,0.019032474756405623
116,0.8763981021543984,0.12360189784560162
7306,0.9936743206698858,0.006325679330114209
3175,0.9809675252435944,0.019032474756405623
7162,0.9999718564058816,2.8143594118392353e-05
6559,0.02829074008823873,0.9717092599117613
7294,1.0914653760574211e-05,0.9999890853462394
2875,0.9677319564680554,0.03226804353194455
3252,0.9737875937085239,0.02621240629147609
6424,0.9925563184056504,0.007443681594349555
5793,0.3505977973429011,0.6494022026570989
6406,0.9999720514328061,2.7948567193863024e-05
7677,0.04084189916242198,0.959158100837578
8103,0.9915748903958407,0.008425109604159322
154,0.29767340635022077,0.7023265936497792
3681,0.9737875937085239,0.02621240629147609
5800,0.00013177868825431371,0.9998682213117457
4155,0.9710004260481523,0.02899957395184768
5740,0.038014575491210456,0.9619854245087895
3311,0.9737875937085239,0.02621240629147609
1877,0.9958089658485916,0.004191034151408445
2310,0.9977976760950606,0.0022023239049392966
3511,0.0016570093887465775,0.9983429906112534
4405,0.03843927706229788,0.9615607229377021
6863,0.05638981340615001,0.94361018659385
3351,0.1743309302201027,0.8256690697798973
5700,0.0009280911226672295,0.9990719088773328
5496,1.792780452769538e-05,0.9999820721954723
6038,0.9939275087265981,0.00607249127340191
4185,0.0029713380801268396,0.9970286619198732
7347,0.003397582992721526,0.9966024170072785
4227,0.0004197928565692344,0.9995802071434308
5753,0.11396335870985641,0.8860366412901436
7842,0.988233277715014,0.011766722284985933
4388,1.792780452769538e-05,0.9999820721954723
2371,0.9958089658485916,0.004191034151408445
3577,0.9710004260481523,0.02899957395184768
2626,0.9809675252435944,0.019032474756405623
6325,0.00022302266642026947,0.9997769773335797
5811,0.027420644463284072,0.9725793555367159
5772,0.02236051913557935,0.9776394808644207
991,0.9999990395054713,9.604945286357156e-07
7188,0.9921760379037927,0.007823962096207308
4203,0.31800951208605643,0.6819904879139436
2039,0.9643244820054885,0.03567551799451155
973,0.9999999634780256,3.652197444015645e-08
303,0.9829967718708861,0.017003228129113937
1363,0.9999986537560333,1.3462439667369955e-06
1761,0.9999998589430271,1.410569729190764e-07
2891,0.9643244820054885,0.03567551799451155
4540,7.124090150834039e-05,0.9999287590984917
5849,0.9995702947973875,0.00042970520261256036
4716,0.008099605395276765,0.9919003946047232
562,0.6194428392288667,0.38055716077113333
3729,0.9966139199698827,0.0033860800301173605
2935,0.9737875937085239,0.02621240629147609
5061,0.006548885559965356,0.9934511144400346
5516,1.792780452769538e-05,0.9999820721954723
707,0.9241607045822005,0.07583929541779952
1104,0.9999999828445372,1.7155462827714272e-08
133,0.9965915322212286,0.003408467778771373
1949,0.9999998333846005,1.6661539951446714e-07
6551,0.030387826182561195,0.9696121738174388
3495,0.9845788683563608,0.015421131643639214
4635,0.0036578859327476287,0.9963421140672524
746,0.9829967718708861,0.017003228129113937
4790,0.003678061754244344,0.9963219382457557
1647,0.9999982751311386,1.7248688614557065e-06
1682,0.9898711581196129,0.010128841880387048
1384,0.9999982751311386,1.7248688614557065e-06
1444,0.31086573465753,0.68913426534247
1969,0.9999938583843466,6.141615653410216e-06
2752,0.9809675252435944,0.019032474756405623
6703,0.0002836381257591558,0.9997163618742408
7836,0.9936743206698858,0.006325679330114209
8040,0.9936168286709663,0.00638317132903363
4279,0.00015756813160616723,0.9998424318683938
5889,0.013626827852927348,0.9863731721470727
3331,0.015839899631740817,0.9841601003682592
7741,0.9921760379037927,0.007823962096207308
1389,0.9999999787490996,2.1250900374471768e-08
2824,0.9677319564680554,0.03226804353194455
4322,0.006548885559965356,0.9934511144400346
6700,0.0008481222109594233,0.9991518777890406
1994,0.9999999787490996,2.1250900374471768e-08
7179,4.129285090337387e-05,0.9999587071490966
5274,0.0002526699151504941,0.9997473300848495
5094,0.031262918747685275,0.9687370812523147
4908,6.543056647267953e-06,0.9999934569433527
5925,0.0004197928565692344,0.9995802071434308
598,0.04505791513189794,0.9549420848681021
4324,8.105035097738522e-06,0.9999918949649023
3646,0.9845788683563608,0.015421131643639214
1060,0.9999986537560333,1.3462439667369955e-06
8060,0.00020211926555224746,0.9997978807344478
926,0.9999902526077528,9.747392247247886e-06
3968,0.006548885559965356,0.9934511144400346
175,0.989412839044083,0.010587160955917023
4361,0.0007493650010447217,0.9992506349989553
3587,0.9710004260481523,0.02899957395184768
4644,0.0004197928565692344,0.9995802071434308
3423,0.9737875937085239,0.02621240629147609
4516,6.543056647267953e-06,0.9999934569433527
7405,0.9939275087265981,0.00607249127340191
826,0.932466919066166,0.06753308093383405
5267,0.08012633425969085,0.9198736657403092
3788,0.9809675252435944,0.019032474756405623
1230,0.9999999787490996,2.1250900374471768e-08
7584,0.9993600287630132,0.0006399712369868106
2179,0.9677319564680554,0.03226804353194455
6781,3.852710910523527e-06,0.9999961472890895
1194,0.9507954239816248,0.049204576018375225
4795,7.124090150834039e-05,0.9999287590984917
1209,0.999999710719589,2.892804109286661e-07
4365,0.013626827852927348,0.9863731721470727
5500,0.0049885037368928575,0.9950114962631071
3442,0.9966139199698827,0.0033860800301173605
4319,7.124090150834039e-05,0.9999287590984917
992,0.9999943282994466,5.671700553424893e-06
7472,0.007215227990423845,0.9927847720095762
1304,0.9999992246102106,7.753897893499242e-07
6547,9.092394645449087e-05,0.9999090760535455
3157,0.9643244820054885,0.03567551799451155
5877,0.1527419420735764,0.8472580579264236
5283,0.2922220369816325,0.7077779630183675
5435,0.04392931501479824,0.9560706849852018
1039,0.10851037940018926,0.8914896205998107
4654,0.017751834798046318,0.9822481652019537
5591,0.09122950147003284,0.9087704985299672
7536,0.28119514264619005,0.71880485735381
5679,0.9998731922885151,0.00012680771148483667
3868,0.7618026442895744,0.23819735571042552
1784,0.9867038828290827,0.013296117170917275
7454,0.007121981956842993,0.992878018043157
4509,0.031262918747685275,0.9687370812523147
5097,0.06668753605064093,0.9333124639493591
76,0.29767340635022077,0.7023265936497792
6985,2.1655934721365178e-05,0.9999783440652786
5146,0.00012720573025526427,0.9998727942697447
3897,0.9969470981652554,0.0030529018347446027
5651,0.0009280911226672295,0.9990719088773328
819,0.9829967718708861,0.017003228129113937
4787,0.00015756813160616723,0.9998424318683938
5486,0.00033891850559342185,0.9996610814944066
2225,0.9958089658485916,0.004191034151408445
6296,0.00013252544150588186,0.9998674745584941
6543,0.003747726038947685,0.9962522739610523
6784,0.006458632226461147,0.9935413677735389
8094,0.9903931016551728,0.009606898344827199
6772,6.956311550121441e-06,0.9999930436884499
6347,0.0002836381257591558,0.9997163618742408
1435,0.9977976760950606,0.0022023239049392966
6885,0.0027446036403814267,0.9972553963596186
4640,6.543056647267953e-06,0.9999934569433527
7364,0.014032632446932536,0.9859673675530675
2800,0.9809675252435944,0.019032474756405623
34,0.9972214821902307,0.0027785178097693834
8122,0.005085089553024114,0.9949149104469759
6535,0.07316433867613881,0.9268356613238612
7588,0.0009452547807768941,0.9990547452192231
2078,0.9999978633627225,2.136637277504561e-06
4746,0.0016570093887465775,0.9983429906112534
2690,0.9999979417242935,2.0582757065596758e-06
4127,0.9845788683563608,0.015421131643639214
1796,0.9999999365899381,6.341006183494867e-08
2053,0.9999938583843466,6.141615653410216e-06
2032,0.9958089658485916,0.004191034151408445
4356,6.543056647267953e-06,0.9999934569433527
7307,2.745203832255072e-06,0.9999972547961677
7409,7.777123914531892e-06,0.9999922228760855
944,0.9969470981652554,0.0030529018347446027
6052,0.0004449663564596307,0.9995550336435404
4518,0.0016570093887465775,0.9983429906112534
7477,0.03525223250802678,0.9647477674919732
3236,0.9710004260481523,0.02899957395184768
305,0.9977976760950606,0.0022023239049392966
2161,0.9958089658485916,0.004191034151408445
5468,0.06796772818845209,0.9320322718115479
3319,0.9966139199698827,0.0033860800301173605
5341,0.09355618173184721,0.9064438182681528
6006,0.00022302266642026947,0.9997769773335797
2537,0.9643244820054885,0.03567551799451155
1257,0.9999999828445372,1.7155462827714272e-08
5010,0.9997582301221265,0.00024176987787348516
1674,0.9999954213349903,4.578665009708145e-06
5689,0.0004197928565692344,0.9995802071434308
1579,0.14850233380634714,0.8514976661936529
7521,4.956642376430231e-06,0.9999950433576236
3443,0.29739754673826646,0.7026024532617335
4688,6.543056647267953e-06,0.9999934569433527
4368,0.0004197928565692344,0.9995802071434308
4124,0.9982213493278194,0.0017786506721806199
2244,0.9643244820054885,0.03567551799451155
2004,0.13132449133307977,0.8686755086669202
2775,0.9958089658485916,0.004191034151408445
1591,0.9999996293607001,3.706392999306896e-07
7728,0.021843272953988246,0.9781567270460118
59,0.9994022342922392,0.0005977657077608512
4493,0.00033891850559342185,0.9996610814944066
6921,0.014032632446932536,0.9859673675530675
3415,0.9710004260481523,0.02899957395184768
6395,0.019583023214205353,0.9804169767857946
690,0.9867038828290827,0.013296117170917275
2342,0.9958089658485916,0.004191034151408445
6792,0.01856260838777124,0.9814373916122288
1648,0.9999983323744963,1.6676255037215952e-06
3224,0.9962210483305445,0.0037789516694555214
7669,0.0014823406002473227,0.9985176593997527
7591,0.048780462405668246,0.9512195375943318
7997,4.956642376430231e-06,0.9999950433576236
1238,0.9999990395054713,9.604945286357156e-07
4637,0.008099605395276765,0.9919003946047232
6989,0.9939275087265981,0.00607249127340191
7684,0.007215227990423845,0.9927847720095762
1772,0.999999710719589,2.892804109286661e-07
6150,0.07316433867613881,0.9268356613238612
8062,0.005085089553024114,0.9949149104469759
471,0.9870355172190476,0.012964482780952455
376,0.9241607045822005,0.07583929541779952
7936,0.025053665171777206,0.9749463348282228
5990,0.03843927706229788,0.9615607229377021
284,0.989412839044083,0.010587160955917023
3830,0.9737875937085239,0.02621240629147609
6090,0.0012557803072296148,0.9987442196927704
4738,0.006548885559965356,0.9934511144400346
1371,0.9999974503637058,2.549636294248426e-06
4682,0.0016570093887465775,0.9983429906112534
806,0.9829967718708861,0.017003228129113937
5765,0.012515450973503262,0.9874845490264967
7798,0.00031709575123173295,0.9996829042487683
85,0.9999974503637058,2.549636294248426e-06
5802,0.11396335870985641,0.8860366412901436
1182,0.9999997007896584,2.992103416111664e-07
5426,0.004293296261428936,0.9957067037385711
1115,0.9999998654944344,1.3450556553379017e-07
7342,0.2179822435438208,0.7820177564561792
5596,0.9951985342358425,0.0048014657641574825
5280,0.9967709690329041,0.0032290309670959007
4583,0.0023670628988504694,0.9976329371011495
7704,0.9424700646275591,0.05752993537244092
1925,0.9982213493278194,0.0017786506721806199
7506,1.4829360359458477e-05,0.9999851706396405
5831,0.0031968739833648785,0.9968031260166351
3295,0.10842342918026937,0.8915765708197306
2971,0.9962210483305445,0.0037789516694555214
7138,0.010096713315591588,0.9899032866844084
7935,0.00031709575123173295,0.9996829042487683
7868,3.9100589650731266e-05,0.9999608994103493
5955,0.0011036862658647673,0.9988963137341352
3222,0.9737875937085239,0.02621240629147609
1424,0.9999990395054713,9.604945286357156e-07
1797,0.9999863379526849,1.3662047315150557e-05
3371,0.015839899631740817,0.9841601003682592
3342,0.9969470981652554,0.0030529018347446027
5195,0.00033891850559342185,0.9996610814944066
1750,0.9999999187561219,8.124387802341043e-08
114,0.10876864302222411,0.8912313569777759
2863,0.9677319564680554,0.03226804353194455
40,0.9955161899845896,0.004483810015410389
6230,0.11020907245526002,0.88979092754474
4566,0.00033891850559342185,0.9996610814944066
4961,0.00015756813160616723,0.9998424318683938
6651,2.0811919044905203e-05,0.9999791880809551
7566,0.9999986863774245,1.3136225754975567e-06
4005,0.0016570093887465775,0.9983429906112534
4109,0.9737875937085239,0.02621240629147609
3970,0.00033891850559342185,0.9996610814944066
4337,0.014379926405435506,0.9856200735945645
7861,0.0017054235537657947,0.9982945764462342
1273,0.9999998258996137,1.7410038631451617e-07
4621,0.03843927706229788,0.9615607229377021
5833,0.3526737321554091,0.6473262678445909
5777,0.8348437627298133,0.16515623727018672
1486,0.9999999365899381,6.341006183494867e-08
5038,0.03843927706229788,0.9615607229377021
7258,0.9999985117087208,1.4882912792371633e-06
1101,0.9999863379526849,1.3662047315150557e-05
1567,0.9999923922383862,7.607761613844362e-06
5897,0.11238316864397868,0.8876168313560213
3730,0.9966139199698827,0.0033860800301173605
1292,0.9999999365899381,6.341006183494867e-08
3956,0.0007493650010447217,0.9992506349989553
504,0.9955161899845896,0.004483810015410389
4085,0.00033891850559342185,0.9996610814944066
1488,0.9999994411205381,5.588794619394809e-07
7392,0.0017054235537657947,0.9982945764462342
5237,0.2759026860301065,0.7240973139698935
3570,0.017751834798046318,0.9822481652019537
6677,9.092394645449087e-05,0.9999090760535455
442,0.9995354961181305,0.0004645038818695038
2069,0.9962210483305445,0.0037789516694555214
6085,0.0008481222109594233,0.9991518777890406
1305,0.9999964626353998,3.537364600198207e-06
2167,0.9962210483305445,0.0037789516694555214
1098,0.9999996293607001,3.706392999306896e-07
704,0.9996249809503639,0.00037501904963611893
7873,0.002423271863916887,0.9975767281360831
6633,0.0002289883823886063,0.9997710116176114
1755,0.9999998258996137,1.7410038631451617e-07
1873,0.9999998654944344,1.3450556553379017e-07
2394,0.9982213493278194,0.0017786506721806199
5185,0.89216042528078,0.10783957471922001
5399,0.0009280911226672295,0.9990719088773328
5943,0.00012720573025526427,0.9998727942697447
4441,6.543056647267953e-06,0.9999934569433527
2200,0.9999983323744963,1.6676255037215952e-06
5711,0.9931414116978163,0.006858588302183712
7198,0.05638981340615001,0.94361018659385
8010,0.9925563184056504,0.007443681594349555
6263,0.003397582992721526,0.9966024170072785
2095,0.9677319564680554,0.03226804353194455
5383,0.0061720340697298814,0.9938279659302701
7576,0.999487316102339,0.0005126838976609623
5666,0.7260229043188438,0.27397709568115625
5541,0.00012720573025526427,0.9998727942697447
6788,0.048780462405668246,0.9512195375943318
6545,0.22633982528650187,0.7736601747134981
1920,0.9958089658485916,0.004191034151408445
3582,0.9845788683563608,0.015421131643639214
3200,0.9710004260481523,0.02899957395184768
2367,0.9999938583843466,6.141615653410216e-06
1284,0.9999997843375102,2.1566248974239822e-07
5724,0.9994162621716838,0.0005837378283162355
7838,0.994482419688497,0.005517580311503003
4092,0.9845788683563608,0.015421131643639214
2993,0.9982213493278194,0.0017786506721806199
1351,0.9999989963565011,1.0036434988118324e-06
631,0.9972214821902307,0.0027785178097693834
2976,0.9677319564680554,0.03226804353194455
3591,0.9809675252435944,0.019032474756405623
7098,0.9932356775001228,0.006764322499877277
3354,0.9845788683563608,0.015421131643639214
83,0.9999998333846005,1.6661539951446714e-07
1825,0.9999997007896584,2.992103416111664e-07
1190,0.9999998589430271,1.410569729190764e-07
1893,0.9999999030521349,9.694786502683558e-08
2820,0.9809675252435944,0.019032474756405623
6925,5.6426798252240395e-05,0.9999435732017478
6564,1.8860908260087683e-05,0.9999811390917399
1095,0.31086573465753,0.68913426534247
1207,0.13132449133307977,0.8686755086669202
5358,0.0004197928565692344,0.9995802071434308
5078,0.03843927706229788,0.9615607229377021
4292,0.031262918747685275,0.9687370812523147
2222,0.9643244820054885,0.03567551799451155
5625,0.00012720573025526427,0.9998727942697447
5235,0.004527161455423645,0.9954728385445764
7695,2.1086377971935022e-05,0.9999789136220281
2851,0.9958089658485916,0.004191034151408445
3744,0.9710004260481523,0.02899957395184768
2524,0.9677319564680554,0.03226804353194455
4453,0.00015756813160616723,0.9998424318683938
2023,0.9999999787490996,2.1250900374471768e-08
966,0.05508141481230677,0.9449185851876932
2799,0.9958089658485916,0.004191034151408445
7502,7.048049779578847e-06,0.9999929519502204
70,0.9814907456198821,0.018509254380117867
4986,0.08012633425969085,0.9198736657403092
4273,0.0004197928565692344,0.9995802071434308
3839,0.9710004260481523,0.02899957395184768
3644,1.4472838331891502e-05,0.9999855271616681
4382,0.0036578859327476287,0.9963421140672524
6072,0.034809354471665666,0.9651906455283343
2197,0.9962210483305445,0.0037789516694555214
6063,8.811218662141407e-06,0.9999911887813379
3876,0.0003139242333497494,0.9996860757666503
7159,0.02829074008823873,0.9717092599117613
5820,0.9996207067577896,0.00037929324221043834
5105,0.01545799189006214,0.9845420081099379
5573,2.3890111606417186e-05,0.9999761098883936
6086,0.0002836381257591558,0.9997163618742408
254,0.9507954239816248,0.049204576018375225
6742,7.985203071325664e-06,0.9999920147969287
3607,0.0029713380801268396,0.9970286619198732
4014,0.0007493650010447217,0.9992506349989553
4463,0.00033891850559342185,0.9996610814944066
4288,0.031262918747685275,0.9687370812523147
7011,0.9999511376330784,4.8862366921538475e-05
5448,0.00013995504109676205,0.9998600449589032
5386,0.45089513286645067,0.5491048671335493
3873,0.014379926405435506,0.9856200735945645
2910,0.9969470981652554,0.0030529018347446027
163,0.9755914080977163,0.02440859190228373
2216,0.9962210483305445,0.0037789516694555214
2466,0.9982213493278194,0.0017786506721806199
2880,0.9643244820054885,0.03567551799451155
3525,0.0003139242333497494,0.9996860757666503
1069,0.9699396273339378,0.03006037266606223
949,0.31086573465753,0.68913426534247
4968,0.0004197928565692344,0.9995802071434308
7655,0.0009452547807768941,0.9990547452192231
1885,0.932466919066166,0.06753308093383405
4258,0.03843927706229788,0.9615607229377021
1476,0.9999989963565011,1.0036434988118324e-06
6570,0.008385527962445627,0.9916144720375544
3440,0.9737875937085239,0.02621240629147609
609,0.4176522817236257,0.5823477182763743
584,0.9809316139507401,0.019068386049259842
4136,0.014379926405435506,0.9856200735945645
7977,0.9911449183171498,0.00885508168285024
2793,0.9982213493278194,0.0017786506721806199
6544,0.00031296965936222776,0.9996870303406378
2100,0.9677319564680554,0.03226804353194455
5141,0.00013995504109676205,0.9998600449589032
1079,0.9994022342922392,0.0005977657077608512
7094,8.213180034966072e-06,0.999991786819965
3550,0.9982213493278194,0.0017786506721806199
3747,0.9845788683563608,0.015421131643639214
3723,0.9809675252435944,0.019032474756405623
4766,0.0016570093887465775,0.9983429906112534
5547,0.26112537040560513,0.7388746295943949
7431,7.777123914531892e-06,0.9999922228760855
6768,0.09739157096827022,0.9026084290317298
3517,0.9845788683563608,0.015421131643639214
2846,0.9677319564680554,0.03226804353194455
4714,0.003678061754244344,0.9963219382457557
5675,0.0009280911226672295,0.9990719088773328
4897,0.0009280911226672295,0.9990719088773328
6225,0.00012010311814647512,0.9998798968818535
5806,0.027551463650676733,0.9724485363493233
582,0.9792090117731447,0.020790988226855316
1861,0.9809675252435944,0.019032474756405623
8006,0.0014823406002473227,0.9985176593997527
5423,0.14187475784590486,0.8581252421540951
7139,1.3439176263729813e-05,0.9999865608237363
2660,0.9958089658485916,0.004191034151408445
6435,3.852710910523527e-06,0.9999961472890895
7512,4.956642376430231e-06,0.9999950433576236
919,0.9999983323744963,1.6676255037215952e-06
1982,0.9870355172190476,0.012964482780952455
1372,0.9999999365899381,6.341006183494867e-08
2742,0.9958089658485916,0.004191034151408445
2155,0.9962210483305445,0.0037789516694555214
2926,0.0029713380801268396,0.9970286619198732
4162,0.006548885559965356,0.9934511144400346
1262,0.01916140640432995,0.98083859359567
5707,1.792780452769538e-05,0.9999820721954723
7569,0.00010600906282032252,0.9998939909371797
256,0.5520844640020813,0.44791553599791867
7297,2.599454058782591e-06,0.9999974005459412
1598,0.9999921310939368,7.86890606321289e-06
2389,0.9677319564680554,0.03226804353194455
5746,0.0009280911226672295,0.9990719088773328
3761,0.9969470981652554,0.0030529018347446027
1151,0.9995173790914001,0.00048262090859986793
3357,0.0023670628988504694,0.9976329371011495
3847,0.9710004260481523,0.02899957395184768
1756,0.9999998654944344,1.3450556553379017e-07
6667,0.00012010311814647512,0.9998798968818535
44,0.9898711581196129,0.010128841880387048
4525,0.0020517673162215866,0.9979482326837784
7136,0.9932356775001228,0.006764322499877277
1267,0.31086573465753,0.68913426534247
7993,0.999487316102339,0.0005126838976609623
4572,0.017751834798046318,0.9822481652019537
1217,0.9999998258996137,1.7410038631451617e-07
1848,0.9969470981652554,0.0030529018347446027
6969,2.1086377971935022e-05,0.9999789136220281
3563,0.9737875937085239,0.02621240629147609
3913,0.00015756813160616723,0.9998424318683938
537,0.9241607045822005,0.07583929541779952
3679,1.1940292485967952e-05,0.999988059707514
7114,0.00012353165796341603,0.9998764683420366
4114,0.0029713380801268396,0.9970286619198732
4523,0.0016570093887465775,0.9983429906112534
456,0.9507954239816248,0.049204576018375225
1946,0.9999999618373216,3.816267832799483e-08
3559,0.017751834798046318,0.9822481652019537
6650,0.024676045753407094,0.9753239542465929
7670,4.020685888617148e-05,0.9999597931411138
2395,0.9982213493278194,0.0017786506721806199
6372,0.09739157096827022,0.9026084290317298
313,0.917672357792906,0.08232764220709399
4423,0.0004197928565692344,0.9995802071434308
627,0.8763981021543984,0.12360189784560162
6578,0.07316433867613881,0.9268356613238612
5060,0.10772580972127344,0.8922741902787266
38,0.9771729880417869,0.02282701195821311
6345,0.0005618578613205694,0.9994381421386794
2909,0.9962210483305445,0.0037789516694555214
5819,0.0030276573504244286,0.9969723426495756
1166,0.04494329959728327,0.9550567004027167
2364,0.9958089658485916,0.004191034151408445
4306,0.0020517673162215866,0.9979482326837784
4984,0.862289249068468,0.13771075093153193
1764,0.9999962903404187,3.7096595812486466e-06
7408,0.038757536437735274,0.9612424635622647
7420,0.09854938205300479,0.9014506179469952
6245,0.0004449663564596307,0.9995550336435404
1482,0.9999998333846005,1.6661539951446714e-07
4120,0.00033891850559342185,0.9996610814944066
6184,8.811218662141407e-06,0.9999911887813379
7555,0.9936743206698858,0.006325679330114209
3114,0.9969470981652554,0.0030529018347446027
1947,0.9677319564680554,0.03226804353194455
4924,0.00012720573025526427,0.9998727942697447
7833,0.9939275087265981,0.00607249127340191
470,0.9945017451536919,0.0054982548463080975
1645,0.9999998589430271,1.410569729190764e-07
2250,0.9677319564680554,0.03226804353194455
2657,0.9643244820054885,0.03567551799451155
4648,0.03843927706229788,0.9615607229377021
3356,0.9969470981652554,0.0030529018347446027
2593,0.9982213493278194,0.0017786506721806199
1876,0.9677319564680554,0.03226804353194455
7879,0.00020211926555224746,0.9997978807344478
3272,0.9737875937085239,0.02621240629147609
6626,0.005220433391730062,0.9947795666082699
8086,0.9915748903958407,0.008425109604159322
4561,0.0020517673162215866,0.9979482326837784
6236,0.0008481222109594233,0.9991518777890406
749,0.6684685449682495,0.3315314550317506
4664,1.4472838331891502e-05,0.9999855271616681
3510,0.9845788683563608,0.015421131643639214
6724,0.0030276573504244286,0.9969723426495756
7227,4.307314431684084e-06,0.9999956926855683
3896,0.9966139199698827,0.0033860800301173605
6970,0.736791242903686,0.2632087570963139
192,0.9689790230953097,0.031020976904690297
7668,0.00012353165796341603,0.9998764683420366
238,0.9764865493301031,0.02351345066989686
674,0.9996249809503639,0.00037501904963611893
5161,0.0019345592184305538,0.9980654407815694
436,0.9771729880417869,0.02282701195821311
7627,0.9921760379037927,0.007823962096207308
4898,0.7895387443140747,0.21046125568592527
2175,0.9982213493278194,0.0017786506721806199
2286,0.9737875937085239,0.02621240629147609
4553,0.0036578859327476287,0.9963421140672524
5501,0.0031968739833648785,0.9968031260166351
2173,0.9677319564680554,0.03226804353194455
4164,0.0036578859327476287,0.9963421140672524
2888,0.9710004260481523,0.02899957395184768
4757,0.0020517673162215866,0.9979482326837784
3509,0.9737875937085239,0.02621240629147609
792,0.9792090117731447,0.020790988226855316
1823,0.9982213493278194,0.0017786506721806199
6836,0.0001046293713936608,0.9998953706286063
7414,0.005220433391730062,0.9947795666082699
5011,7.124090150834039e-05,0.9999287590984917
6562,0.0002836381257591558,0.9997163618742408
7479,0.994482419688497,0.005517580311503003
7874,0.0028227413303318905,0.9971772586696681
1131,0.9999996293607001,3.706392999306896e-07
3562,0.9737875937085239,0.02621240629147609
728,0.9689790230953097,0.031020976904690297
3492,5.7512264940662305e-05,0.9999424877350593
3629,0.9737875937085239,0.02621240629147609
1904,0.9999998333846005,1.6661539951446714e-07
4039,0.9969470981652554,0.0030529018347446027
3508,0.014379926405435506,0.9856200735945645
1086,0.989412839044083,0.010587160955917023
4698,0.0007493650010447217,0.9992506349989553
7443,0.9882676540086017,0.011732345991398274
417,0.10851037940018926,0.8914896205998107
7680,0.9904590413400711,0.009540958659928843
6859,0.010366610768185125,0.9896333892318149
6728,0.00012010311814647512,0.9998798968818535
1801,0.9999999634780256,3.652197444015645e-08
6692,0.006458632226461147,0.9935413677735389
2564,0.9969470981652554,0.0030529018347446027
2918,0.9958089658485916,0.004191034151408445
1613,0.04809950233330462,0.9519004976666954
3780,0.9737875937085239,0.02621240629147609
3779,0.9845788683563608,0.015421131643639214
1474,0.9999998333846005,1.6661539951446714e-07
3656,0.8473927209375186,0.15260727906248137
3174,0.29739754673826646,0.7026024532617335
6094,0.0012557803072296148,0.9987442196927704
630,0.9999999217357622,7.826423773342557e-08
3465,0.0036578859327476287,0.9963421140672524
2773,0.9809675252435944,0.019032474756405623
481,0.9955161899845896,0.004483810015410389
898,0.9870355172190476,0.012964482780952455
1851,0.999983076535818,1.6923464182083494e-05
1365,0.9999998861272855,1.1387271450778937e-07
8093,1.522612123006084e-05,0.9999847738787699
1276,0.9999999787490996,2.1250900374471768e-08
4309,1.4472838331891502e-05,0.9999855271616681
2122,0.9982213493278194,0.0017786506721806199
4552,8.105035097738522e-06,0.9999918949649023
2428,0.9982213493278194,0.0017786506721806199
6809,0.0027446036403814267,0.9972553963596186
5441,1.6801148554845824e-05,0.9999831988514452
5042,0.006548885559965356,0.9934511144400346
2323,0.9962210483305445,0.0037789516694555214
4770,0.031262918747685275,0.9687370812523147
3397,0.10842342918026937,0.8915765708197306
151,0.9999943282994466,5.671700553424893e-06
3601,0.9809675252435944,0.019032474756405623
1944,0.9999954213349903,4.578665009708145e-06
396,0.9621886850237535,0.03781131497624648
290,0.3666765578513853,0.6333234421486147
7059,0.008385527962445627,0.9916144720375544
3060,0.014379926405435506,0.9856200735945645
6573,1.6311204278363078e-06,0.9999983688795722
7617,0.9939275087265981,0.00607249127340191
5902,0.0020517673162215866,0.9979482326837784
1866,0.9809675252435944,0.019032474756405623
6730,4.429946263850848e-05,0.9999557005373615
3273,0.9966139199698827,0.0033860800301173605
7211,0.9992145515787212,0.0007854484212788384
8069,0.9915748903958407,0.008425109604159322
5393,0.008765173357969336,0.9912348266420307
3537,0.9737875937085239,0.02621240629147609
7784,0.01329750981122002,0.98670249018878
4726,0.00033891850559342185,0.9996610814944066
2804,0.9962210483305445,0.0037789516694555214
4353,0.0020517673162215866,0.9979482326837784
3926,1.4472838331891502e-05,0.9999855271616681
385,0.10851037940018926,0.8914896205998107
3808,7.124090150834039e-05,0.9999287590984917
5401,0.6445635823025152,0.3554364176974848
3037,0.004102584781712548,0.9958974152182875
4040,0.014379926405435506,0.9856200735945645
388,0.9972214821902307,0.0027785178097693834
3450,0.9710004260481523,0.02899957395184768
6734,6.956311550121441e-06,0.9999930436884499
7645,6.478840996770874e-05,0.9999352115900323
1587,0.9999997843375102,2.1566248974239822e-07
7485,0.053130888451288105,0.9468691115487119
541,0.9999999705164786,2.9483521437023205e-08
110,0.9837282751601283,0.016271724839871663
1192,0.9958089658485916,0.004191034151408445
2754,0.9809675252435944,0.019032474756405623
7467,0.9939275087265981,0.00607249127340191
1092,0.9999999705164786,2.9483521437023205e-08
4875,0.017751834798046318,0.9822481652019537
4534,0.9983900024641458,0.001609997535854214
340,0.940270140061855,0.059729859938144995
827,0.932466919066166,0.06753308093383405
1357,0.9999997664692081,2.3353079188967294e-07
2045,0.9995354961181305,0.0004645038818695038
2383,0.9982213493278194,0.0017786506721806199
5329,0.0222537834236336,0.9777462165763664
4879,0.003678061754244344,0.9963219382457557
2882,0.9809675252435944,0.019032474756405623
2805,0.9710004260481523,0.02899957395184768
1125,0.999999710719589,2.892804109286661e-07
8107,0.9921760379037927,0.007823962096207308
7648,6.956311550121441e-06,0.9999930436884499
6530,0.9999611319586589,3.8868041341132796e-05
2787,0.9643244820054885,0.03567551799451155
3191,1.1940292485967952e-05,0.999988059707514
6745,0.0005618578613205694,0.9994381421386794
3408,0.9845788683563608,0.015421131643639214
5672,1.792780452769538e-05,0.9999820721954723
2136,0.9677319564680554,0.03226804353194455
8112,0.9915748903958407,0.008425109604159322
4161,0.9969470981652554,0.0030529018347446027
2723,0.9809675252435944,0.019032474756405623
2091,0.9999983323744963,1.6676255037215952e-06
2494,0.9958089658485916,0.004191034151408445
2867,0.9809675252435944,0.019032474756405623
1121,0.9999999488102175,5.1189782474240235e-08
3358,5.7512264940662305e-05,0.9999424877350593
7495,2.745203832255072e-06,0.9999972547961677
4980,8.105035097738522e-06,0.9999918949649023
5658,0.010127922515821064,0.9898720774841789
3206,0.9737875937085239,0.02621240629147609
1555,0.13102054390523765,0.8689794560947623
1134,0.9792090117731447,0.020790988226855316
5639,0.0009280911226672295,0.9990719088773328
3069,0.0029713380801268396,0.9970286619198732
5732,0.9998976279546471,0.00010237204535288207
7488,7.455458743965693e-05,0.9999254454125603
5364,0.36613084074309366,0.6338691592569063
4987,1.4472838331891502e-05,0.9999855271616681
3918,8.105035097738522e-06,0.9999918949649023
4945,0.9904009774777365,0.00959902252226355
1716,0.9792090117731447,0.020790988226855316
4939,0.9932744826915996,0.006725517308400469
7739,0.30575670464060134,0.6942432953593987
2019,0.9999999828445372,1.7155462827714272e-08
4737,0.0004197928565692344,0.9995802071434308
2068,0.9999964626353998,3.537364600198207e-06
2872,0.9809675252435944,0.019032474756405623
3602,0.9677319564680554,0.03226804353194455
7230,0.053130888451288105,0.9468691115487119
3571,0.9966139199698827,0.0033860800301173605
1903,0.9999863379526849,1.3662047315150557e-05
3504,0.9958089658485916,0.004191034151408445
1062,0.9999902526077528,9.747392247247886e-06
7396,2.599454058782591e-06,0.9999974005459412
6254,2.9593109405312568e-05,0.9999704068905947
1747,0.5520844640020813,0.44791553599791867
2146,0.9809675252435944,0.019032474756405623
7712,0.999098550288013,0.0009014497119870651
1698,0.9999998333846005,1.6661539951446714e-07
372,0.9898711581196129,0.010128841880387048
978,0.9945017451536919,0.0054982548463080975
5371,0.9904009774777365,0.00959902252226355
3107,0.9710004260481523,0.02899957395184768
7357,0.01329750981122002,0.98670249018878
7212,6.478840996770874e-05,0.9999352115900323
2945,0.9643244820054885,0.03567551799451155
3579,0.9969470981652554,0.0030529018347446027
6674,0.01856260838777124,0.9814373916122288
420,0.9792090117731447,0.020790988226855316
6904,0.9959940207946693,0.0040059792053306975
6655,0.004610577377400893,0.9953894226225991
7779,0.711876848031582,0.28812315196841803
4250,0.00012720573025526427,0.9998727942697447
765,0.9999999705164786,2.9483521437023205e-08
2866,0.9958089658485916,0.004191034151408445
4291,0.9904009774777365,0.00959902252226355
7463,0.9999654540437267,3.454595627329114e-05
4486,0.003678061754244344,0.9963219382457557
2025,0.9977976760950606,0.0022023239049392966
6156,0.11020907245526002,0.88979092754474
6171,2.745203832255072e-06,0.9999972547961677
7285,0.0433353164849144,0.9566646835150856
6015,0.0020791253249297093,0.9979208746750703
1704,0.9977976760950606,0.0022023239049392966
1114,0.9755914080977163,0.02440859190228373
4437,7.124090150834039e-05,0.9999287590984917
2584,0.9982213493278194,0.0017786506721806199
1725,0.055220389944602544,0.9447796100553975
3384,0.9966139199698827,0.0033860800301173605
4517,6.543056647267953e-06,0.9999934569433527
3020,0.9982213493278194,0.0017786506721806199
126,0.9867038828290827,0.013296117170917275
8120,0.9925563184056504,0.007443681594349555
2176,0.9982213493278194,0.0017786506721806199
7164,0.0020791253249297093,0.9979208746750703
1422,0.9977976760950606,0.0022023239049392966
5739,0.059288558489482446,0.9407114415105176
7096,0.04084189916242198,0.959158100837578
1910,0.9643244820054885,0.03567551799451155
236,0.9792090117731447,0.020790988226855316
5637,0.3526737321554091,0.6473262678445909
7149,6.956311550121441e-06,0.9999930436884499
1083,0.9999999344133038,6.55866961382382e-08
1676,0.999983076535818,1.6923464182083494e-05
2156,0.9809675252435944,0.019032474756405623
6825,2.3890111606417186e-05,0.9999761098883936
7578,0.0008951136196286846,0.9991048863803713
4657,0.031262918747685275,0.9687370812523147
7194,7.048049779578847e-06,0.9999929519502204
4547,7.124090150834039e-05,0.9999287590984917
6628,0.0010140138514241892,0.9989859861485758
580,0.9621886850237535,0.03781131497624648
1899,0.9999902526077528,9.747392247247886e-06
7723,0.9915748903958407,0.008425109604159322
6967,0.7745762722585596,0.22542372774144037
3105,0.9966139199698827,0.0033860800301173605
5268,0.025782002000290904,0.9742179979997091
646,0.989412839044083,0.010587160955917023
6584,6.956311550121441e-06,0.9999930436884499
6157,0.03975329034701869,0.9602467096529813
2140,0.9958089658485916,0.004191034151408445
3604,0.0016570093887465775,0.9983429906112534
5460,0.010834967450625177,0.9891650325493748
8059,0.014032632446932536,0.9859673675530675
6620,0.13301904601400827,0.8669809539859917
955,0.9689790230953097,0.031020976904690283
3536,0.1743309302201027,0.8256690697798973
1600,0.9677319564680554,0.03226804353194455
2518,0.9999863379526849,1.3662047315150557e-05
4929,1.4472838331891502e-05,0.9999855271616681
1896,0.9977976760950606,0.0022023239049392966
5578,0.5941491072151543,0.40585089278484565
1689,0.9977976760950606,0.0022023239049392966
7971,0.9925563184056504,0.007443681594349555
1990,0.14850233380634714,0.8514976661936529
6891,0.000695894031813804,0.9993041059681862
7989,3.852710910523527e-06,0.9999961472890895
3118,0.00015661519252951894,0.9998433848074705
5176,0.9931414116978163,0.006858588302183712
871,0.9837282751601283,0.016271724839871663
193,0.6684685449682495,0.3315314550317506
3854,5.7512264940662305e-05,0.9999424877350593
5920,0.0009280911226672295,0.9990719088773328
5034,0.0016570093887465775,0.9983429906112534
3167,0.9710004260481523,0.02899957395184768
3741,0.008099605395276765,0.9919003946047232
7050,0.8313086702559843,0.16869132974401568
5281,0.3484283473185925,0.6515716526814075
2843,0.9958089658485916,0.004191034151408445
2077,0.9845788683563608,0.015421131643639214
4450,0.006548885559965356,0.9934511144400346
6377,2.0205088433478124e-06,0.9999979794911567
5726,0.22582529984596866,0.7741747001540313
5991,4.5552816388516604e-05,0.9999544471836115
6710,3.6481610159455613e-06,0.999996351838984
1358,0.9999998258996137,1.7410038631451617e-07
4175,0.017751834798046318,0.9822481652019537
1809,0.9999996293607001,3.706392999306896e-07
3738,0.7618026442895744,0.23819735571042552
1936,0.34427088139812945,0.6557291186018706
6649,0.00031296965936222776,0.9996870303406378
7910,0.09665357493416604,0.903346425065834
4375,0.9737875937085239,0.02621240629147609
5430,0.8229160014181215,0.17708399858187854
2919,0.9845788683563608,0.015421131643639214
2042,0.9999999527269372,4.727306277007094e-08
1536,0.9999978633627225,2.136637277504561e-06
1821,0.9999999787490996,2.1250900374471768e-08
7998,0.04084189916242198,0.959158100837578
6936,0.17249912261624623,0.8275008773837538
2228,0.9677319564680554,0.03226804353194455
358,0.9995354961181305,0.0004645038818695038
7234,0.9903931016551728,0.009606898344827199
4093,0.9969470981652554,0.0030529018347446027
4410,0.9966139199698827,0.0033860800301173605
3181,0.0003139242333497494,0.9996860757666503
1713,0.9999990395054713,9.604945286357156e-07
777,0.9699396273339378,0.03006037266606223
2434,0.9962210483305445,0.0037789516694555214
4521,0.031262918747685275,0.9687370812523147
6410,5.7950867361933334e-05,0.9999420491326381
4477,0.0004197928565692344,0.9995802071434308
6681,8.811218662141407e-06,0.9999911887813379
2901,0.9845788683563608,0.015421131643639214
307,0.9898711581196129,0.010128841880387048
4711,6.543056647267953e-06,0.9999934569433527
4880,0.004527161455423645,0.9954728385445764
1361,0.31086573465753,0.68913426534247
2515,0.9982213493278194,0.0017786506721806199
1091,0.9699396273339378,0.03006037266606223
7737,0.9915748903958407,0.008425109604159322
7689,0.9915748903958407,0.008425109604159322
1719,0.9999938583843466,6.141615653410216e-06
4274,0.0020517673162215866,0.9979482326837784
1712,0.9977976760950606,0.0022023239049392966
4163,0.0036578859327476287,0.9963421140672524
1048,0.9977976760950606,0.0022023239049392966
3187,0.014379926405435506,0.9856200735945645
7132,0.0008951136196286846,0.9991048863803713
3798,0.9969470981652554,0.0030529018347446027
7010,0.007215227990423845,0.9927847720095762
22,0.9972214821902307,0.0027785178097693834
1976,0.9977976760950606,0.0022023239049392966
4436,0.0020517673162215866,0.9979482326837784
5216,0.9977419397630177,0.002258060236982265
984,0.03919315452114336,0.9608068454788566
380,0.26694900182297054,0.7330509981770295
5134,0.9995702947973875,0.00042970520261256036
6219,0.998978809277106,0.0010211907228939467
6878,1.522612123006084e-05,0.9999847738787699
517,0.9867038828290827,0.013296117170917275
5293,7.124090150834039e-05,0.9999287590984917
187,0.4176522817236257,0.5823477182763743
3247,0.9809675252435944,0.019032474756405623
7095,0.01329750981122002,0.98670249018878
6553,1.8860908260087683e-05,0.9999811390917399
1003,0.015525986180605633,0.9844740138193944
823,0.940270140061855,0.059729859938144995
3743,0.9710004260481523,0.02899957395184768
3022,0.9966139199698827,0.0033860800301173605
7480,0.07083745947852038,0.9291625405214796
3308,0.9677319564680554,0.03226804353194455
3596,0.9710004260481523,0.02899957395184768
2293,0.9643244820054885,0.03567551799451155
4381,1.4472838331891502e-05,0.9999855271616681
6795,8.811218662141407e-06,0.9999911887813379
4513,0.004527161455423645,0.9954728385445764
632,0.9977976760950606,0.0022023239049392966
3146,0.9737875937085239,0.02621240629147609
5307,0.31800951208605643,0.6819904879139436
1776,0.9999993564900171,6.435099828577816e-07
205,0.03919315452114336,0.9608068454788566
3030,0.9737875937085239,0.02621240629147609
5853,0.22582529984596866,0.7741747001540313
6717,5.7950867361933334e-05,0.9999420491326381
4076,0.862289249068468,0.13771075093153193
1622,0.9999995488267952,4.511732048491195e-07
6207,2.0811919044905203e-05,0.9999791880809551
5117,0.8549641331720133,0.1450358668279868
6874,0.008385527962445627,0.9916144720375544
4460,0.0007493650010447217,0.9992506349989553
7992,0.005085089553024114,0.9949149104469759
5984,0.18254892078642682,0.8174510792135732
2385,0.014379926405435506,0.9856200735945645
7145,0.0030276573504244286,0.9969723426495756
1688,0.9809675252435944,0.019032474756405623
2165,0.9958089658485916,0.004191034151408445
3402,5.7512264940662305e-05,0.9999424877350593
7605,0.03525223250802678,0.9647477674919732
4567,8.105035097738522e-06,0.9999918949649023
3277,0.014379926405435506,0.9856200735945645
2224,0.9982213493278194,0.0017786506721806199
7509,0.002423271863916887,0.9975767281360831
7004,0.7394712368366088,0.26052876316339124
6991,0.03844492227021068,0.9615550777297893
5571,0.46601609077480466,0.5339839092251953
2370,0.9977976760950606,0.0022023239049392966
4607,0.03843927706229788,0.9615607229377021
6031,0.0020791253249297093,0.9979208746750703
2783,0.9969470981652554,0.0030529018347446027
5033,6.543056647267953e-06,0.9999934569433527
7054,0.9939275087265981,0.00607249127340191
2055,0.9999998861272855,1.1387271450778937e-07
3878,1.1940292485967952e-05,0.999988059707514
5045,0.017751834798046318,0.9822481652019537
2002,0.9999989963565011,1.0036434988118324e-06
1119,0.9999956181817833,4.3818182167474525e-06
7975,0.9999720514328061,2.7948567193863024e-05
7701,0.9936743206698858,0.006325679330114209
958,0.932466919066166,0.06753308093383405
4798,1.4472838331891502e-05,0.9999855271616681
2612,0.9982213493278194,0.0017786506721806199
1644,0.9999994805061094,5.194938905897728e-07
6234,0.0012557803072296148,0.9987442196927704
4096,0.9966139199698827,0.0033860800301173605
6439,0.0003592439983179929,0.999640756001682
5716,0.011029654018718027,0.988970345981282
189,0.9994022342922392,0.0005977657077608512
977,0.9977976760950606,0.0022023239049392966
3901,0.0036578859327476287,0.9963421140672524
1211,0.9999979417242935,2.0582757065596758e-06
3,0.10876864302222411,0.8912313569777759
3082,0.0029713380801268396,0.9970286619198732
7060,0.03975329034701869,0.9602467096529813
8085,0.9999611319586589,3.8868041341132796e-05
355,0.8763981021543984,0.12360189784560162
2444,0.9809675252435944,0.019032474756405623
649,0.932466919066166,0.06753308093383405
1560,0.9999996293607001,3.706392999306896e-07
560,0.9867038828290827,0.013296117170917275
5715,0.9971488542785063,0.002851145721493675
5294,0.004527161455423645,0.9954728385445764
455,0.9999990395054713,9.604945286357156e-07
4697,0.017751834798046318,0.9822481652019537
6846,3.6481610159455613e-06,0.999996351838984
1023,0.9870355172190476,0.012964482780952455
5181,0.017454124657011683,0.9825458753429883
6024,0.0004449663564596307,0.9995550336435404
5748,0.9810667936607901,0.018933206339209953
938,0.9999921310939368,7.86890606321289e-06
6123,0.0019317512155140326,0.998068248784486
1337,0.9958089658485916,0.004191034151408445
7510,0.9939822194372369,0.006017780562763173
427,0.9689790230953097,0.031020976904690297
8022,6.04502538292806e-06,0.9999939549746171
7376,0.9939275087265981,0.00607249127340191
4094,8.105035097738522e-06,0.9999918949649023
820,0.9917328582733685,0.008267141726631408
2349,0.9982213493278194,0.0017786506721806199
7448,0.038757536437735274,0.9612424635622647
2645,0.9962210483305445,0.0037789516694555214
7673,0.9967635477152278,0.003236452284772178
1080,0.9999997664692081,2.3353079188967294e-07
644,0.9996249809503639,0.00037501904963611893
7746,0.762794591343811,0.237205408656189
596,0.9917328582733685,0.008267141726631408
5744,0.14298693475514723,0.8570130652448528
3493,0.9737875937085239,0.02621240629147609
7121,0.17249912261624623,0.8275008773837538
4018,0.9962210483305445,0.0037789516694555214
2930,0.9962210483305445,0.0037789516694555214
1857,0.9958089658485916,0.004191034151408445
421,0.989412839044083,0.010587160955917023
4823,0.00012720573025526427,0.9998727942697447
6811,2.0205088433478124e-06,0.9999979794911567
1578,0.9999999705164786,2.9483521437023205e-08
741,0.9689790230953097,0.031020976904690297
7740,0.9771143747971022,0.022885625202897816
916,0.9621886850237535,0.03781131497624648
5457,0.027551463650676733,0.9724485363493233
441,0.9870355172190476,0.012964482780952455
2446,0.9977976760950606,0.0022023239049392966
3401,0.9845788683563608,0.015421131643639214
7882,0.9999656934356373,3.430656436261162e-05
2763,0.9677319564680554,0.03226804353194455
7778,0.00012353165796341603,0.9998764683420366
6663,0.9939275087265981,0.00607249127340191
1552,0.9999992246102106,7.753897893499242e-07
3372,0.014379926405435506,0.9856200735945645
7628,4.129285090337387e-05,0.9999587071490966
5701,0.0009280911226672295,0.9990719088773328
4037,7.124090150834039e-05,0.9999287590984917
4873,8.105035097738522e-06,0.9999918949649023
7819,0.013668607428369506,0.9863313925716305
1004,0.9699396273339378,0.03006037266606223
5856,0.00015756813160616723,0.9998424318683938
5919,0.013626827852927348,0.9863731721470727
6675,0.006458632226461147,0.9935413677735389
4967,0.067256504518724,0.932743495481276
1510,0.9999993564900171,6.435099828577816e-07
600,0.9999990395054713,9.604945286357156e-07
7338,0.0028227413303318905,0.9971772586696681
1950,0.9962210483305445,0.0037789516694555214
3451,5.7512264940662305e-05,0.9999424877350593
2412,0.9809675252435944,0.019032474756405623
6565,9.092394645449087e-05,0.9999090760535455
5179,0.9996937811270116,0.000306218872988478
1102,0.9999998333846005,1.6661539951446714e-07
4661,0.10772580972127344,0.8922741902787266
7556,4.956642376430231e-06,0.9999950433576236
3782,0.9966139199698827,0.0033860800301173605
3324,0.9737875937085239,0.02621240629147609
7623,0.9999320477158697,6.79522841302838e-05
522,0.9996249809503639,0.00037501904963611893
6,0.9689790230953097,0.031020976904690297
4920,7.124090150834039e-05,0.9999287590984917
5133,0.0006847854586350399,0.999315214541365
6537,0.09739157096827022,0.9026084290317298
6108,0.0001046293713936608,0.9998953706286063
2102,0.9809675252435944,0.019032474756405623
812,0.10876864302222411,0.8912313569777759
7086,0.9996312989403229,0.00036870105967713924
6702,0.019077799730504053,0.980922200269496
3447,0.014379926405435506,0.9856200735945645
659,0.4176522817236257,0.5823477182763743
2291,0.9643244820054885,0.03567551799451155
3003,0.014379926405435506,0.9856200735945645
5433,0.0019345592184305538,0.9980654407815694
3728,0.9710004260481523,0.02899957395184768
5001,0.0001023901996863863,0.9998976098003136
1235,0.9999999705164786,2.9483521437023205e-08
7033,0.9915748903958407,0.008425109604159322
413,0.9764865493301031,0.02351345066989686
3243,1.4472838331891502e-05,0.9999855271616681
5120,0.059288558489482446,0.9407114415105176
564,0.9689790230953097,0.031020976904690297
769,0.9689790230953097,0.031020976904690297
1065,0.9814907456198821,0.018509254380117867
5169,0.9998731922885151,0.00012680771148483667
5036,0.0007493650010447217,0.9992506349989553
6810,5.4874270946858594e-05,0.9999451257290531
7389,0.0004959497675633973,0.9995040502324366
3960,0.0036578859327476287,0.9963421140672524
8,0.04505791513189794,0.9549420848681021
6302,0.0030276573504244286,0.9969723426495756
774,0.9999997007896584,2.992103416111664e-07
5620,0.9832516182180024,0.016748381781997546
422,0.26694900182297054,0.7330509981770295
4143,0.20613318831194183,0.7938668116880582
5650,1.792780452769538e-05,0.9999820721954723
1143,0.9999983323744963,1.6676255037215952e-06
188,0.9955161899845896,0.004483810015410389
5985,0.005757347795641854,0.9942426522043581
2708,0.9809675252435944,0.019032474756405623
7402,0.0010708082528906315,0.9989291917471094
2719,0.9643244820054885,0.03567551799451155
4432,0.008099605395276765,0.9919003946047232
3915,0.9845788683563608,0.015421131643639214
1475,0.9999999828445372,1.7155462827714272e-08
5983,0.004527161455423645,0.9954728385445764
2112,0.015525986180605633,0.9844740138193944
6283,0.05638981340615001,0.94361018659385
941,0.9999998589430271,1.410569729190764e-07
654,0.10876864302222411,0.8912313569777759
6736,2.9593109405312568e-05,0.9999704068905947
3658,0.03843927706229788,0.9615607229377021
382,0.9870355172190476,0.012964482780952455
1054,0.9999997843375102,2.1566248974239822e-07
6803,0.003747726038947685,0.9962522739610523
6839,3.6481610159455613e-06,0.999996351838984
3183,0.9966139199698827,0.0033860800301173605
6267,0.008385527962445627,0.9916144720375544
1379,0.9999999828445372,1.7155462827714272e-08
4613,0.0036578859327476287,0.9963421140672524
209,0.9829967718708861,0.017003228129113937
5945,0.09355618173184721,0.9064438182681528
227,0.9837282751601283,0.016271724839871663
2955,0.9982213493278194,0.0017786506721806199
8047,0.002423271863916887,0.9975767281360831
6284,5.4874270946858594e-05,0.9999451257290531
3618,0.9845788683563608,0.015421131643639214
7070,0.0009452547807768941,0.9990547452192231
1467,0.6194428392288667,0.38055716077113333
5996,0.9977419397630177,0.002258060236982265
2797,0.7618026442895744,0.23819735571042552
1195,0.04494329959728327,0.9550567004027167
1818,0.9999970052576048,2.9947423951767775e-06
7073,0.9903790572468675,0.009620942753132553
7895,0.8480993083708519,0.1519006916291481
1093,0.9814907456198821,0.018509254380117867
311,0.04505791513189794,0.9549420848681021
4157,0.00015756813160616723,0.9998424318683938
371,0.9755914080977163,0.02440859190228373
583,0.9764865493301031,0.02351345066989686
4406,0.0009280911226672295,0.9990719088773328
3999,0.03843927706229788,0.9615607229377021
4947,0.0016570093887465775,0.9983429906112534
3506,5.7512264940662305e-05,0.9999424877350593
6359,3.852710910523527e-06,0.9999961472890895
7082,0.00816678288567707,0.9918332171143229
150,0.9792090117731447,0.020790988226855316
1490,0.9999997007896584,2.992103416111664e-07
1381,0.9999979417242935,2.0582757065596758e-06
545,0.9621886850237535,0.03781131497624648
7808,0.014032632446932536,0.9859673675530675
5403,0.027420644463284072,0.9725793555367159
306,0.989412839044083,0.010587160955917023
3877,0.9966139199698827,0.0033860800301173605
1838,0.9809675252435944,0.019032474756405623
7128,0.9939822194372369,0.006017780562763173
7061,0.07316433867613881,0.9268356613238612
4972,0.006548885559965356,0.9934511144400346
7218,8.213180034966072e-06,0.999991786819965
803,0.9955161899845896,0.004483810015410389
6927,0.9939822194372369,0.006017780562763173
8098,7.048049779578847e-06,0.9999929519502204
5855,0.05236675048974215,0.9476332495102578
4728,0.031262918747685275,0.9687370812523147
724,0.9809316139507401,0.019068386049259842
6901,2.745203832255072e-06,0.9999972547961677
8116,0.005085089553024114,0.9949149104469759
6640,0.0001733600143174474,0.9998266399856826
4902,1.792780452769538e-05,0.9999820721954723
6102,0.13301904601400827,0.8669809539859917
1340,0.9999983323744963,1.6676255037215952e-06
780,0.9965915322212286,0.003408467778771373
6213,0.010096713315591588,0.9899032866844084
5421,0.9992770101171051,0.0007229898828948969
870,0.9995173790914001,0.00048262090859986793
5852,1.792780452769538e-05,0.9999820721954723
6397,0.22633982528650187,0.7736601747134981
653,0.1234152506581363,0.8765847493418637
7830,0.8313086702559843,0.16869132974401568
5079,0.9966139199698827,0.0033860800301173605
1660,0.9999997007896584,2.992103416111664e-07
7241,0.000695894031813804,0.9993041059681862
6437,0.08907470182936572,0.9109252981706343
6915,0.0014823406002473227,0.9985176593997527
6550,0.0004959497675633973,0.9995040502324366
1290,0.9977976760950606,0.0022023239049392966
2437,0.9958089658485916,0.004191034151408445
43,0.04505791513189794,0.9549420848681021
5200,0.017751834798046318,0.9822481652019537
3998,0.9737875937085239,0.02621240629147609
294,0.9621886850237535,0.03781131497624648
6826,0.015039053888104115,0.9849609461118959
174,0.9809316139507401,0.019068386049259842
3810,5.7512264940662305e-05,0.9999424877350593
2113,0.9958089658485916,0.004191034151408445
6557,3.852710910523527e-06,0.9999961472890895
7140,4.129285090337387e-05,0.9999587071490966
431,0.9764865493301031,0.02351345066989686
2015,0.9999921310939368,7.86890606321289e-06
221,0.015525986180605633,0.9844740138193944
7553,0.005085089553024114,0.9949149104469759
6209,2.9593109405312568e-05,0.9999704068905947
7988,0.9936168286709663,0.00638317132903363
2808,0.9643244820054885,0.03567551799451155
1621,0.9999999344133038,6.55866961382382e-08
5223,0.9915179830427062,0.008482016957293767
1847,0.9677319564680554,0.03226804353194455
4351,0.0007493650010447217,0.9992506349989553
2677,0.9958089658485916,0.004191034151408445
3063,0.9845788683563608,0.015421131643639214
1505,0.9977976760950606,0.0022023239049392966
7631,0.9904590413400711,0.009540958659928843
7905,0.9936743206698858,0.006325679330114209
3605,0.00015661519252951894,0.9998433848074705
6950,0.005085089553024114,0.9949149104469759
3476,0.9969470981652554,0.0030529018347446027
7271,0.9999974160065926,2.5839934073804568e-06
2153,0.9966139199698827,0.0033860800301173605
1983,0.999983076535818,1.6923464182083494e-05
7768,0.0014823406002473227,0.9985176593997527
7790,0.9999320477158697,6.79522841302838e-05
7126,1.4396890469781098e-06,0.999998560310953
1186,0.9999964626353998,3.537364600198207e-06
3306,0.0023670628988504694,0.9976329371011495
47,0.9621886850237535,0.03781131497624648
2532,0.9809675252435944,0.019032474756405623
3531,0.10842342918026937,0.8915765708197306
1697,0.9999997007896584,2.992103416111664e-07
7676,0.06513693348998606,0.9348630665100139
2454,0.9958089658485916,0.004191034151408445
5741,0.9995702947973875,0.00042970520261256036
4367,0.0020517673162215866,0.9979482326837784
1574,0.9837282751601283,0.016271724839871663
6526,0.0001046293713936608,0.9998953706286063
5262,9.037456074267869e-05,0.9999096254392573
1603,0.9999989963565011,1.0036434988118324e-06
6022,1.0914653760574211e-05,0.9999890853462394
3887,9.02108533656909e-05,0.9999097891466343
3776,0.9710004260481523,0.02899957395184768
5563,0.9997582301221265,0.00024176987787348516
1675,0.9999956181817833,4.3818182167474525e-06
7857,0.007408676306763229,0.9925913236932368
1152,0.04505791513189794,0.9549420848681021
6844,0.019583023214205353,0.9804169767857946
5462,0.0222537834236336,0.9777462165763664
7243,0.0017054235537657947,0.9982945764462342
7326,0.11020907245526002,0.88979092754474
115,0.9764865493301031,0.02351345066989686
129,0.9689790230953097,0.031020976904690297
5302,0.7895387443140747,0.21046125568592527
3226,0.0029713380801268396,0.9970286619198732
501,0.9955161899845896,0.004483810015410389
1724,0.9972214821902307,0.0027785178097693834
4707,0.00015756813160616723,0.9998424318683938
1912,0.9643244820054885,0.03567551799451155
5681,0.862289249068468,0.13771075093153193
4186,0.9845788683563608,0.015421131643639214
3205,5.7512264940662305e-05,0.9999424877350593
1766,0.9999992246102106,7.753897893499242e-07
2376,0.9962210483305445,0.0037789516694555214
4200,0.005757347795641854,0.9942426522043581
6761,0.13301904601400827,0.8669809539859917
7796,0.00011697380178843364,0.9998830261982116
6881,2.0811919044905203e-05,0.9999791880809551
3180,0.9845788683563608,0.015421131643639214
5236,0.36613084074309366,0.6338691592569063
4307,0.0020517673162215866,0.9979482326837784
464,0.49875344161649127,0.5012465583835087
1333,0.9999999705164786,2.9483521437023205e-08
861,0.9837282751601283,0.016271724839871663
7665,0.9936743206698858,0.006325679330114209
1324,0.9999943282994466,5.671700553424893e-06
3302,0.9737875937085239,0.02621240629147609
2806,0.9958089658485916,0.004191034151408445
831,0.9814907456198821,0.018509254380117867
3250,0.9969470981652554,0.0030529018347446027
3774,0.9982213493278194,0.0017786506721806199
246,0.29767340635022077,0.7023265936497792
2566,0.014379926405435506,0.9856200735945645
2480,0.9962210483305445,0.0037789516694555214
6661,4.6783196595123755e-05,0.9999532168034049
914,0.9999956181817833,4.3818182167474525e-06
369,0.9999998333846005,1.6661539951446714e-07
1011,0.9999923922383862,7.607761613844362e-06
2345,0.9677319564680554,0.03226804353194455
1378,0.14850233380634714,0.8514976661936529
6660,0.999983902413958,1.609758604203143e-05
6461,0.05355626995081242,0.9464437300491876
4159,0.9845788683563608,0.015421131643639214
5539,0.11396335870985641,0.8860366412901436
6598,0.010366610768185125,0.9896333892318149
5949,0.15253844436079478,0.8474615556392052
3613,0.9845788683563608,0.015421131643639214
5382,0.9983900024641458,0.001609997535854214
1472,0.04809950233330462,0.9519004976666954
930,0.9999956181817833,4.3818182167474525e-06
4821,0.03843927706229788,0.9615607229377021
3035,0.9845788683563608,0.015421131643639214
2568,0.9969470981652554,0.0030529018347446027
4917,0.006548885559965356,0.9934511144400346
3398,0.9809675252435944,0.019032474756405623
1260,0.055220389944602544,0.9447796100553975
519,0.9945017451536919,0.0054982548463080975
3403,1.1940292485967952e-05,0.999988059707514
4104,0.08012633425969085,0.9198736657403092
7291,0.00022302266642026947,0.9997769773335797
5954,0.008099605395276765,0.9919003946047232
8036,0.9915748903958407,0.008425109604159322
4953,0.0004197928565692344,0.9995802071434308
5671,0.0016570093887465775,0.9983429906112534
2209,0.9677319564680554,0.03226804353194455
4674,0.003678061754244344,0.9963219382457557
5442,0.00033891850559342185,0.9996610814944066
1141,0.9977976760950606,0.0022023239049392966
7722,5.7950867361933334e-05,0.9999420491326381
5966,9.305254975777721e-06,0.9999906947450242
8105,0.9915748903958407,0.008425109604159322
1073,0.9962210483305445,0.0037789516694555214
5073,7.124090150834039e-05,0.9999287590984917
7711,0.0017054235537657947,0.9982945764462342
2294,0.9962210483305445,0.0037789516694555214
1392,0.9999970052576048,2.9947423951767775e-06
5106,4.8800439893526e-06,0.9999951199560106
2392,0.9677319564680554,0.03226804353194455
3736,0.9845788683563608,0.015421131643639214
2729,0.9809675252435944,0.019032474756405623
5414,1.792780452769538e-05,0.9999820721954723
4467,1.792780452769538e-05,0.9999820721954723
4735,0.031262918747685275,0.9687370812523147
7093,6.956311550121441e-06,0.9999930436884499
4091,0.03843927706229788,0.9615607229377021
6542,2.0811919044905203e-05,0.9999791880809551
4425,0.03843927706229788,0.9615607229377021
943,0.9999998333846005,1.6661539951446714e-07
6456,2.0811919044905203e-05,0.9999791880809551
5974,0.005312768206995999,0.994687231793004
1863,0.9962210483305445,0.0037789516694555214
479,0.9972214821902307,0.0027785178097693834
5297,0.08012633425969085,0.9198736657403092
5065,0.025782002000290904,0.9742179979997091
2983,0.9958089658485916,0.004191034151408445
1165,0.9689790230953097,0.031020976904690297
6606,0.00012010311814647512,0.9998798968818535
4946,0.00012683019861225997,0.9998731698013877
5976,0.9991809547784232,0.0008190452215768645
7030,7.048049779578847e-06,0.9999929519502204
4702,0.0023670628988504694,0.9976329371011495
7474,0.00011697380178843364,0.9998830261982116
745,0.9792090117731447,0.020790988226855316
7540,0.9797458783283364,0.020254121671663607
2587,0.9958089658485916,0.004191034151408445
4169,8.105035097738522e-06,0.9999918949649023
6776,4.429946263850848e-05,0.9999557005373615
7996,0.9939822194372369,0.006017780562763173
3190,1.4472838331891502e-05,0.9999855271616681
4802,0.18254892078642682,0.8174510792135732
7352,0.9915748903958407,0.008425109604159322
6146,0.003747726038947685,0.9962522739610523
566,0.9945017451536919,0.0054982548463080975
2171,0.9962210483305445,0.0037789516694555214
4031,0.10842342918026937,0.8915765708197306
4380,0.9980064220489485,0.001993577951051476
4243,0.0020517673162215866,0.9979482326837784
6348,0.0027446036403814267,0.9972553963596186
5504,0.9980064220489485,0.001993577951051476
103,0.9995354961181305,0.0004645038818695038
4348,1.4472838331891502e-05,0.9999855271616681
6119,1.4396890469781098e-06,0.999998560310953
5456,0.17329167102205933,0.8267083289779407
3581,5.7512264940662305e-05,0.9999424877350593
2557,0.9982213493278194,0.0017786506721806199
1495,0.9999999217357622,7.826423773342557e-08
6510,0.00012010311814647512,0.9998798968818535
1013,0.9999995488267952,4.511732048491195e-07
6495,0.0008481222109594233,0.9991518777890406
6658,3.0392431506154338e-05,0.9999696075684938
3028,0.9966139199698827,0.0033860800301173605
768,0.9972214821902307,0.0027785178097693834
5100,0.00012720573025526427,0.9998727942697447
6997,0.9991102054823998,0.0008897945176001997
4045,0.10842342918026937,0.8915765708197306
6106,0.0030276573504244286,0.9969723426495756
390,0.9917328582733685,0.008267141726631408
5540,0.9980064220489485,0.001993577951051476
1551,0.9689790230953097,0.031020976904690297
4650,1.4472838331891502e-05,0.9999855271616681
6238,7.985203071325664e-06,0.9999920147969287
39,0.9917328582733685,0.008267141726631408
853,0.9999993564900171,6.435099828577816e-07
1794,0.9999999527269372,4.727306277007094e-08
6933,4.8800439893526e-06,0.9999951199560106
1460,0.9977976760950606,0.0022023239049392966
6251,0.0005618578613205694,0.9994381421386794
5860,0.0002526699151504941,0.9997473300848495
4421,0.031262918747685275,0.9687370812523147
1329,0.9999999344133038,6.55866961382382e-08
1499,0.9999999634780256,3.652197444015645e-08
4182,0.0036578859327476287,0.9963421140672524
1448,0.9977976760950606,0.0022023239049392966
2959,0.9958089658485916,0.004191034151408445
1657,0.9999998654944344,1.3450556553379017e-07
4615,0.0036578859327476287,0.9963421140672524
7561,0.9925563184056504,0.007443681594349555
5932,0.046022607601370114,0.9539773923986299
444,0.9898711581196129,0.010128841880387048
7806,0.05355626995081242,0.9464437300491876
3795,0.9845788683563608,0.015421131643639214
148,0.9867038828290827,0.013296117170917275
5648,0.0020517673162215866,0.9979482326837784
2359,0.9809675252435944,0.019032474756405623
32,0.9965915322212286,0.003408467778771373
6722,8.446707890263916e-05,0.9999155329210974
5451,0.1527419420735764,0.8472580579264236
1541,0.999999710719589,2.892804109286661e-07
7226,0.988233277715014,0.011766722284985933
3427,0.9737875937085239,0.02621240629147609
6286,2.9593109405312568e-05,0.9999704068905947
7257,4.020685888617148e-05,0.9999597931411138
6249,1.152662624015477e-05,0.9999884733737598
7262,0.003397582992721526,0.9966024170072785
7550,0.9834374849221453,0.016562515077854677
8115,0.9921760379037927,0.007823962096207308
4261,0.00033891850559342185,0.9996610814944066
3875,0.9962210483305445,0.0037789516694555214
6405,0.0020791253249297093,0.9979208746750703
1126,0.9999938583843466,6.141615653410216e-06
4081,0.00033891850559342185,0.9996610814944066
2619,0.9643244820054885,0.03567551799451155
1530,0.13132449133307977,0.8686755086669202
212,0.9771729880417869,0.02282701195821311
6110,6.04502538292806e-06,0.9999939549746171
6113,0.01856260838777124,0.9814373916122288
6255,0.00816678288567707,0.9918332171143229
3702,0.9710004260481523,0.02899957395184768
140,0.9994022342922392,0.0005977657077608512
3255,0.9710004260481523,0.02899957395184768
1436,0.989412839044083,0.010587160955917023
1132,0.04494329959728327,0.9550567004027167
6887,0.013668607428369506,0.9863313925716305
2495,0.13132449133307977,0.8686755086669202
7960,0.9904590413400711,0.009540958659928843
7815,0.01329750981122002,0.98670249018878
7769,0.9999981419651031,1.8580348969410288e-06
1204,0.01916140640432995,0.98083859359567
4061,0.9982213493278194,0.0017786506721806199
5892,0.13009696894634637,0.8699030310536536
4214,0.00012720573025526427,0.9998727942697447
1808,0.9677319564680554,0.03226804353194455
5935,0.00016175309575994223,0.9998382469042401
400,0.9829967718708861,0.017003228129113937
3862,0.9710004260481523,0.02899957395184768
848,0.9917328582733685,0.008267141726631408
2896,0.9809675252435944,0.019032474756405623
7451,2.745203832255072e-06,0.9999972547961677
4896,8.105035097738522e-06,0.9999918949649023
2119,0.9677319564680554,0.03226804353194455
6414,0.01856260838777124,0.9814373916122288
6951,0.030387826182561195,0.9696121738174388
857,0.9867038828290827,0.013296117170917275
7917,0.0009452547807768941,0.9990547452192231
657,0.9867038828290827,0.013296117170917275
3494,0.9966139199698827,0.0033860800301173605
4578,0.0020517673162215866,0.9979482326837784
4815,0.017751834798046318,0.9822481652019537
3674,0.9969470981652554,0.0030529018347446027
1604,0.9999997664692081,2.3353079188967294e-07
7690,3.9100589650731266e-05,0.9999608994103493
211,0.9689790230953097,0.031020976904690297
1654,0.9999990395054713,9.604945286357156e-07
6353,0.0001046293713936608,0.9998953706286063
4357,0.9992770101171051,0.0007229898828948969
2298,0.9977976760950606,0.0022023239049392966
5530,9.305254975777721e-06,0.9999906947450242
2331,0.9809675252435944,0.019032474756405623
1996,0.9999954213349903,4.578665009708145e-06
7470,4.129285090337387e-05,0.9999587071490966
1736,0.9999943282994466,5.671700553424893e-06
1568,0.13102054390523765,0.8689794560947623
6212,0.0016791126010733404,0.9983208873989267
450,0.9870355172190476,0.012964482780952455
4363,0.00012720573025526427,0.9998727942697447
1519,0.9999999527269372,4.727306277007094e-08
1331,0.9999938583843466,6.141615653410216e-06
7597,0.957857043771982,0.04214295622801797
1307,0.9999986537560333,1.3462439667369955e-06
6823,0.015868905428181534,0.9841310945718185
4271,0.0016570093887465775,0.9983429906112534
2544,0.9677319564680554,0.03226804353194455
6343,5.6426798252240395e-05,0.9999435732017478
5538,0.9996207067577896,0.00037929324221043834
6412,2.0205088433478124e-06,0.9999979794911567
3432,0.0029713380801268396,0.9970286619198732
6769,0.08907470182936572,0.9109252981706343
5158,0.0009280911226672295,0.9990719088773328
4080,0.0016570093887465775,0.9983429906112534
5784,0.0009280911226672295,0.9990719088773328
7312,0.038757536437735274,0.9612424635622647
1639,0.9999943282994466,5.671700553424893e-06
1451,0.13102054390523765,0.8689794560947623
5395,0.055597351340331724,0.9444026486596683
4278,1.4472838331891502e-05,0.9999855271616681
1948,0.9677319564680554,0.03226804353194455
1833,0.9962210483305445,0.0037789516694555214
6671,5.6157104693088655e-06,0.9999943842895307
5226,0.00013995504109676205,0.9998600449589032
3712,0.9845788683563608,0.015421131643639214
7064,0.003397582992721526,0.9966024170072785
5136,0.027420644463284072,0.9725793555367159
1696,0.9999970052576048,2.9947423951767775e-06
6009,0.003957027782699463,0.9960429722173005
8029,0.9999986863774245,1.3136225754975567e-06
6324,9.092394645449087e-05,0.9999090760535455
6067,0.0010708082528906315,0.9989291917471094
5188,0.24998371703545308,0.7500162829645469
5865,0.9983900024641458,0.001609997535854214
2362,0.9677319564680554,0.03226804353194455
5102,0.004527161455423645,0.9954728385445764
6467,3.0392431506154338e-05,0.9999696075684938
1793,0.9999999217357622,7.826423773342557e-08
817,0.9764865493301031,0.02351345066989686
4063,0.004527161455423645,0.9954728385445764
7423,0.0006044662049129457,0.999395533795087
3047,0.015839899631740817,0.9841601003682592
4550,0.0007493650010447217,0.9992506349989553
7609,0.999547458512396,0.00045254148760398967
974,0.9982213493278194,0.0017786506721806199
2196,0.9969470981652554,0.0030529018347446027
563,0.9999993564900171,6.435099828577816e-07
3529,0.9710004260481523,0.02899957395184768
6590,0.02829074008823873,0.9717092599117613
1409,0.9999979417242935,2.0582757065596758e-06
2990,0.014379926405435506,0.9856200735945645
2234,0.9737875937085239,0.02621240629147609
7529,0.9903931016551728,0.009606898344827199
1931,0.9507954239816248,0.049204576018375225
4285,0.031262918747685275,0.9687370812523147
1071,0.055220389944602544,0.9447796100553975
6034,1.522612123006084e-05,0.9999847738787699
3754,0.0023670628988504694,0.9976329371011495
515,0.9999993564900171,6.435099828577816e-07
719,0.9241607045822005,0.07583929541779952
5737,0.9980064220489485,0.001993577951051476
2551,0.9982213493278194,0.0017786506721806199
5964,0.0007938573552600525,0.99920614264474
4183,0.9969470981652554,0.0030529018347446027
2259,0.9809675252435944,0.019032474756405623
801,0.9945017451536919,0.0054982548463080975
3657,0.9966139199698827,0.0033860800301173605
5258,0.053851597100827875,0.9461484028991721
2006,0.05508141481230677,0.9449185851876932
3178,0.9737875937085239,0.02621240629147609
6454,2.9593109405312568e-05,0.9999704068905947
899,0.9837282751601283,0.016271724839871663
3227,0.10842342918026937,0.8915765708197306
8015,0.9867805338533259,0.013219466146674139
5450,0.09273331979291,0.90726668020709
4504,1.4472838331891502e-05,0.9999855271616681
2726,0.9643244820054885,0.03567551799451155
587,0.5520844640020813,0.44791553599791867
4775,0.0020517673162215866,0.9979482326837784
2999,0.9809675252435944,0.019032474756405623
6007,0.030387826182561195,0.9696121738174388
4218,0.00015756813160616723,0.9998424318683938
1781,0.9999989963565011,1.0036434988118324e-06
4926,0.9932744826915996,0.006725517308400469
3764,0.9845788683563608,0.015421131643639214
5424,0.059288558489482446,0.9407114415105176
2497,0.9958089658485916,0.004191034151408445
3533,0.0016570093887465775,0.9983429906112534
2134,0.9977976760950606,0.0022023239049392966
339,0.9699396273339378,0.03006037266606223
6629,0.005220433391730062,0.9947795666082699
5340,0.9915179830427062,0.008482016957293767
948,0.9999998258996137,1.7410038631451617e-07
3389,0.0016570093887465775,0.9983429906112534
1978,0.9999999618373216,3.816267832799483e-08
5678,0.002395280635178243,0.9976047193648218
3433,0.9737875937085239,0.02621240629147609
4973,0.017751834798046318,0.9822481652019537
4734,0.9966139199698827,0.0033860800301173605
2384,0.9977976760950606,0.0022023239049392966
6361,0.11020907245526002,0.88979092754474
3893,0.9737875937085239,0.02621240629147609
173,0.9955161899845896,0.004483810015410389
6708,5.7950867361933334e-05,0.9999420491326381
7749,0.9991102054823998,0.0008897945176001997
3062,0.0029713380801268396,0.9970286619198732
1391,0.9999923922383862,7.607761613844362e-06
6277,8.446707890263916e-05,0.9999155329210974
3655,0.9845788683563608,0.015421131643639214
1250,0.9677319564680554,0.03226804353194455
1109,0.9999987567620182,1.2432379817509288e-06
5150,0.994059114006461,0.005940885993539023
2172,0.9969470981652554,0.0030529018347446027
200,0.9945017451536919,0.0054982548463080975
5801,9.305254975777721e-06,0.9999906947450242
6376,0.0001487704679279389,0.9998512295320721
3127,0.9737875937085239,0.02621240629147609
7418,0.999487316102339,0.0005126838976609623
4447,0.0004197928565692344,0.9995802071434308
6890,0.0001046293713936608,0.9998953706286063
8065,0.9911449183171498,0.00885508168285024
6581,0.22633982528650187,0.7736601747134981
821,0.3666765578513853,0.6333234421486147
4230,0.014379926405435506,0.9856200735945645
7412,0.9911449183171498,0.00885508168285024
2162,0.9969470981652554,0.0030529018347446027
2853,0.9969470981652554,0.0030529018347446027
1658,0.9999997664692081,2.3353079188967294e-07
4262,0.0003139242333497494,0.9996860757666503
5434,0.8526134869208699,0.1473865130791301
4867,0.031262918747685275,0.9687370812523147
6694,0.0027446036403814267,0.9972553963596186
7486,0.9999986863774245,1.3136225754975567e-06
1396,0.9999983323744963,1.6676255037215952e-06
5296,0.09122950147003284,0.9087704985299672
6748,0.0010140138514241892,0.9989859861485758
3972,0.9845788683563608,0.015421131643639214
7902,0.0009452547807768941,0.9990547452192231
6409,0.00816678288567707,0.9918332171143229
6735,4.8800439893526e-06,0.9999951199560106
5148,0.9521300707754656,0.04786992922453432
120,0.015525986180605633,0.9844740138193944
2242,0.9845788683563608,0.015421131643639214
7841,4.956642376430231e-06,0.9999950433576236
5284,0.7895387443140747,0.21046125568592527
570,0.9621886850237535,0.03781131497624648
3807,0.9966139199698827,0.0033860800301173605
1096,0.9999998333846005,1.6661539951446714e-07
6161,2.945095659234731e-06,0.9999970549043408
2666,0.9809675252435944,0.019032474756405623
4442,0.0007493650010447217,0.9992506349989553
4928,0.03843927706229788,0.9615607229377021
4459,0.9977419397630177,0.002258060236982265
7079,0.9939822194372369,0.006017780562763173
301,0.9829967718708861,0.017003228129113937
18,0.10876864302222411,0.8912313569777759
99,0.9792090117731447,0.020790988226855316
282,0.9241607045822005,0.07583929541779952
762,0.940270140061855,0.059729859938144995
5064,0.010834967450625177,0.9891650325493748
6386,9.891451711929733e-06,0.9999901085482881
2391,0.9977976760950606,0.0022023239049392966
3561,0.9737875937085239,0.02621240629147609
809,0.6194428392288667,0.38055716077113333
5311,0.0001256807357945533,0.9998743192642054
5969,0.1527419420735764,0.8472580579264236
2530,0.9677319564680554,0.03226804353194455
4736,0.00033891850559342185,0.9996610814944066
4900,0.031262918747685275,0.9687370812523147
2369,0.9962210483305445,0.0037789516694555214
6243,0.05355626995081242,0.9464437300491876
5874,0.9971488542785063,0.002851145721493675
485,0.9809316139507401,0.019068386049259842
7524,0.7978707792490443,0.2021292207509557
7185,0.9999718564058816,2.8143594118392353e-05
5175,0.9915179830427062,0.008482016957293767
3281,0.0029713380801268396,0.9970286619198732
7938,0.9999320477158697,6.79522841302838e-05
3614,0.0036578859327476287,0.9963421140672524
292,0.9898711581196129,0.010128841880387048
1463,0.29767340635022077,0.7023265936497792
5304,0.005757347795641854,0.9942426522043581
6889,5.4874270946858594e-05,0.9999451257290531
5397,0.0009280911226672295,0.9990719088773328
5233,0.9996207067577896,0.00037929324221043834
6203,0.9771143747971022,0.022885625202897816
3608,0.003678061754244344,0.9963219382457557
3585,0.9737875937085239,0.02621240629147609
5970,0.7895387443140747,0.21046125568592527
3825,0.9966139199698827,0.0033860800301173605
2714,0.9643244820054885,0.03567551799451155
6198,2.4535397162184225e-05,0.9999754646028378
6104,0.019077799730504053,0.980922200269496
2791,0.9643244820054885,0.03567551799451155
6001,0.0001487704679279389,0.9998512295320721
6707,1.4829360359458477e-05,0.9999851706396405
2889,0.9677319564680554,0.03226804353194455
6611,0.0010708082528906315,0.9989291917471094
2490,0.9677319564680554,0.03226804353194455
2695,0.9958089658485916,0.004191034151408445
5288,0.0009280911226672295,0.9990719088773328
2671,0.9982213493278194,0.0017786506721806199
3765,0.9710004260481523,0.02899957395184768
5051,8.811218662141407e-06,0.9999911887813379
5980,0.2922220369816325,0.7077779630183675
4977,1.792780452769538e-05,0.9999820721954723
3828,0.9737875937085239,0.02621240629147609
5995,0.0006847854586350399,0.999315214541365
7382,0.00031709575123173295,0.9996829042487683
2476,0.9809675252435944,0.019032474756405623
5245,0.046022607601370114,0.9539773923986299
4128,0.0004197928565692344,0.9995802071434308
2686,0.9643244820054885,0.03567551799451155
7513,0.988233277715014,0.011766722284985933
6185,2.0205088433478124e-06,0.9999979794911567
3516,0.9710004260481523,0.02899957395184768
1635,0.9999995488267952,4.511732048491195e-07
6242,0.0027446036403814267,0.9972553963596186
7006,3.9100589650731266e-05,0.9999608994103493
1785,0.9999999527269372,4.727306277007094e-08
265,0.4176522817236257,0.5823477182763743
5217,0.055597351340331724,0.9444026486596683
4344,0.00015756813160616723,0.9998424318683938
2311,0.9982213493278194,0.0017786506721806199
1239,0.9999994411205381,5.588794619394809e-07
4627,0.0004197928565692344,0.9995802071434308
7339,0.048780462405668246,0.9512195375943318
5171,0.002395280635178243,0.9976047193648218
2747,0.9809675252435944,0.019032474756405623
259,0.989412839044083,0.010587160955917023
784,0.940270140061855,0.059729859938144995
7273,0.999960860737914,3.913926208599934e-05
1040,0.9995354961181305,0.0004645038818695038
5704,0.9997260914182603,0.0002739085817397325
5437,0.006548885559965356,0.9934511144400346
2264,0.9643244820054885,0.03567551799451155
7610,0.9834374849221453,0.016562515077854677
7787,0.019077799730504053,0.980922200269496
1826,0.9643244820054885,0.03567551799451155
2190,0.9977976760950606,0.0022023239049392966
7616,0.007408676306763229,0.9925913236932368
4452,6.543056647267953e-06,0.9999934569433527
1714,0.9999999488102175,5.1189782474240235e-08
859,0.04494329959728327,0.9550567004027167
6091,0.007121981956842993,0.992878018043157
6941,0.9882676540086017,0.011732345991398274
1477,0.9999998589430271,1.410569729190764e-07
6827,0.988233277715014,0.011766722284985933
2840,0.9962210483305445,0.0037789516694555214
1219,0.9999998861272855,1.1387271450778937e-07
6992,0.00011697380178843364,0.9998830261982116
814,0.10851037940018926,0.8914896205998107
1484,0.9809316139507401,0.019068386049259842
1872,0.9999999488102175,5.1189782474240235e-08
8123,0.9921760379037927,0.007823962096207308
7970,0.9925563184056504,0.007443681594349555
7197,2.745203832255072e-06,0.9999972547961677
702,0.9995354961181305,0.0004645038818695038
2682,0.9982213493278194,0.0017786506721806199
2663,0.9962210483305445,0.0037789516694555214
3522,0.017751834798046318,0.9822481652019537
7236,0.872666953022973,0.127333046977027
1395,0.9977976760950606,0.0022023239049392966
7155,7.455458743965693e-05,0.9999254454125603
5696,1.792780452769538e-05,0.9999820721954723
2238,0.0029713380801268396,0.9970286619198732
2299,0.9677319564680554,0.03226804353194455
7604,0.992343130051951,0.007656869948049075
4969,0.0007493650010447217,0.9992506349989553
2044,0.999999710719589,2.892804109286661e-07
2862,0.9643244820054885,0.03567551799451155
5014,0.0004197928565692344,0.9995802071434308
8039,0.0008951136196286846,0.9991048863803713
2313,0.9677319564680554,0.03226804353194455
4608,0.0036578859327476287,0.9963421140672524
2702,0.9643244820054885,0.03567551799451155
5589,1.6801148554845824e-05,0.9999831988514452
1035,0.9999998861272855,1.1387271450778937e-07
6555,0.0004959497675633973,0.9995040502324366
7775,0.00011697380178843364,0.9998830261982116
648,0.9945017451536919,0.0054982548463080975
6653,0.00013252544150588186,0.9998674745584941
1892,0.9999974503637058,2.549636294248426e-06
8106,0.9911449183171498,0.00885508168285024
976,0.9829967718708861,0.017003228129113937
2064,0.9999999365899381,6.341006183494867e-08
1459,0.04809950233330462,0.9519004976666954
5308,0.9998563334206466,0.0001436665793534288
2000,0.9977976760950606,0.0022023239049392966
1601,0.9999982751311386,1.7248688614557065e-06
2915,0.9677319564680554,0.03226804353194455
1646,0.9898711581196129,0.010128841880387048
335,0.9977976760950606,0.0022023239049392966
4420,1.4472838331891502e-05,0.9999855271616681
4052,0.03843927706229788,0.9615607229377021
5537,0.9980064220489485,0.001993577951051476
8024,0.0006044662049129457,0.999395533795087
6487,5.6426798252240395e-05,0.9999435732017478
4542,0.00012720573025526427,0.9998727942697447
5999,1.792780452769538e-05,0.9999820721954723
4484,8.105035097738522e-06,0.9999918949649023
7650,0.7394712368366088,0.26052876316339124
4027,7.124090150834039e-05,0.9999287590984917
6061,0.22633982528650187,0.7736601747134981
451,0.9507954239816248,0.049204576018375225
7611,0.00031709575123173295,0.9996829042487683
3507,0.9962210483305445,0.0037789516694555214
4846,0.9998563334206466,0.0001436665793534288
5454,8.105035097738522e-06,0.9999918949649023
4016,0.006548885559965356,0.9934511144400346
2942,0.9982213493278194,0.0017786506721806199
770,0.940270140061855,0.059729859938144995
3988,0.00015756813160616723,0.9998424318683938
4315,7.124090150834039e-05,0.9999287590984917
990,0.9898711581196129,0.010128841880387048
924,0.9999994805061094,5.194938905897728e-07
474,0.6684685449682495,0.3315314550317506
897,0.9621886850237535,0.03781131497624648
4237,0.03843927706229788,0.9615607229377021
6278,1.6311204278363078e-06,0.9999983688795722
8035,0.9993600287630132,0.0006399712369868106
7863,0.06513693348998606,0.9348630665100139
7795,0.998978809277106,0.0010211907228939467
1980,0.9999997664692081,2.3353079188967294e-07
3068,9.02108533656909e-05,0.9999097891466343
1935,0.9999994411205381,5.588794619394809e-07
412,0.9994022342922392,0.0005977657077608512
389,0.9898711581196129,0.010128841880387048
7625,5.6426798252240395e-05,0.9999435732017478
1228,0.015525986180605633,0.9844740138193944
2540,0.29739754673826646,0.7026024532617335
4780,0.00012720573025526427,0.9998727942697447
7468,0.9995768201590163,0.0004231798409837154
1099,0.1234152506581363,0.8765847493418637
2419,0.9982213493278194,0.0017786506721806199
3953,0.015839899631740817,0.9841601003682592
1408,0.9999964626353998,3.537364600198207e-06
6751,0.0004449663564596307,0.9995550336435404
3888,0.9845788683563608,0.015421131643639214
1300,0.9999923922383862,7.607761613844362e-06
7982,0.06513693348998606,0.9348630665100139
4704,0.0061720340697298814,0.9938279659302701
671,0.5520844640020813,0.44791553599791867
1610,0.9999997843375102,2.1566248974239822e-07
2617,0.9677319564680554,0.03226804353194455
7161,0.06513693348998606,0.9348630665100139
7017,0.030387826182561195,0.9696121738174388
5721,0.0006847854586350399,0.999315214541365
6189,4.429946263850848e-05,0.9999557005373615
3305,0.9710004260481523,0.02899957395184768
3848,0.9710004260481523,0.02899957395184768
2727,0.9677319564680554,0.03226804353194455
1117,0.9999982751311386,1.7248688614557065e-06
4144,0.0029713380801268396,0.9970286619198732
689,0.940270140061855,0.059729859938144995
3373,0.9966139199698827,0.0033860800301173605
1100,0.9999999527269372,4.727306277007094e-08
4130,1.4472838331891502e-05,0.9999855271616681
1303,0.9977976760950606,0.0022023239049392966
215,0.9689790230953097,0.031020976904690297
7629,0.07139391598277967,0.9286060840172203
6390,8.213180034966072e-06,0.999991786819965
1227,0.9999999030521349,9.694786502683558e-08
5499,0.044595351704321384,0.9554046482956786
1447,0.9999999344133038,6.55866961382382e-08
5545,0.24963493276807114,0.7503650672319289
1124,0.6684685449682495,0.3315314550317506
5598,0.869769088958263,0.13023091104173698
1537,0.03919315452114336,0.9608068454788566
1377,0.9999999217357622,7.826423773342557e-08
204,0.9995173790914001,0.00048262090859986793
6591,0.0008481222109594233,0.9991518777890406
2246,0.9677319564680554,0.03226804353194455
3298,5.7512264940662305e-05,0.9999424877350593
5138,0.0009280911226672295,0.9990719088773328
7951,6.478840996770874e-05,0.9999352115900323
688,0.9965915322212286,0.003408467778771373
2440,0.9677319564680554,0.03226804353194455
5488,0.0009280911226672295,0.9990719088773328
5950,0.006548885559965356,0.9934511144400346
3603,0.9710004260481523,0.02899957395184768
6709,0.003957027782699463,0.9960429722173005
5415,0.9951985342358425,0.0048014657641574825
6449,0.998978809277106,0.0010211907228939467
250,0.9809316139507401,0.019068386049259842
4994,0.003678061754244344,0.9963219382457557
4772,0.003678061754244344,0.9963219382457557
1636,0.01916140640432995,0.98083859359567
3866,0.9845788683563608,0.015421131643639214
1200,0.9792090117731447,0.020790988226855316
2700,0.9958089658485916,0.004191034151408445
5174,0.004527161455423645,0.9954728385445764
2281,0.9809675252435944,0.019032474756405623
7717,0.9113494837333964,0.08865051626660357
6539,0.000695894031813804,0.9993041059681862
2241,0.01916140640432995,0.98083859359567
2334,0.9643244820054885,0.03567551799451155
162,0.49875344161649127,0.5012465583835087
5068,0.00012720573025526427,0.9998727942697447
1456,0.9999923922383862,7.607761613844362e-06
3485,0.9966139199698827,0.0033860800301173605
4451,0.9845788683563608,0.015421131643639214
5003,0.03843927706229788,0.9615607229377021
2094,0.9999999618373216,3.816267832799483e-08
6806,5.6426798252240395e-05,0.9999435732017478
5915,1.792780452769538e-05,0.9999820721954723
6687,0.021843272953988246,0.9781567270460118
635,0.9972214821902307,0.0027785178097693834
7931,0.41462220978420605,0.585377790215794
5778,0.04841576576007445,0.9515842342399256
7031,0.0019317512155140326,0.998068248784486
7039,0.9999974160065926,2.5839934073804568e-06
7345,2.0811919044905203e-05,0.9999791880809551
1443,0.9999999618373216,3.816267832799483e-08
5857,0.0016570093887465775,0.9983429906112534
4851,0.0016570093887465775,0.9983429906112534
134,0.34427088139812945,0.6557291186018706
7043,0.00022302266642026947,0.9997769773335797
7961,0.04084189916242198,0.959158100837578
1237,0.9999999705164786,2.9483521437023205e-08
3377,0.9845788683563608,0.015421131643639214
4850,0.0036578859327476287,0.9963421140672524
3829,5.7512264940662305e-05,0.9999424877350593
6775,0.019583023214205353,0.9804169767857946
484,0.34427088139812945,0.6557291186018706
379,0.9955161899845896,0.004483810015410389
5782,0.03749831530044623,0.9625016846995538
7482,2.745203832255072e-06,0.9999972547961677
7084,2.599454058782591e-06,0.9999974005459412
6705,0.07316433867613881,0.9268356613238612
4855,0.006548885559965356,0.9934511144400346
5795,0.00015756813160616723,0.9998424318683938
7683,0.0026732751416493894,0.9973267248583506
6288,0.043685890124482984,0.956314109875517
5565,1.4472838331891502e-05,0.9999855271616681
6534,0.02829074008823873,0.9717092599117613
5057,8.105035097738522e-06,0.9999918949649023
1889,0.9977976760950606,0.0022023239049392966
1032,0.9999999634780256,3.652197444015645e-08
1642,0.9977976760950606,0.0022023239049392966
4485,0.0036578859327476287,0.9963421140672524
6046,0.07316433867613881,0.9268356613238612
2831,0.9958089658485916,0.004191034151408445
6513,0.03975329034701869,0.9602467096529813
7032,0.9991102054823998,0.0008897945176001997
4617,0.0020517673162215866,0.9979482326837784
5227,4.5552816388516604e-05,0.9999544471836115
3957,0.017751834798046318,0.9822481652019537
7406,0.0026732751416493894,0.9973267248583506
6639,0.0019317512155140326,0.998068248784486
6382,1.0914653760574211e-05,0.9999890853462394
1827,0.9999997664692081,2.3353079188967294e-07
5697,0.19105372742442883,0.8089462725755712
5951,0.023787009967330408,0.9762129900326696
2743,0.9845788683563608,0.015421131643639214
3081,0.9710004260481523,0.02899957395184768
6518,0.00016415738228547916,0.9998358426177145
2931,0.9982213493278194,0.0017786506721806199
6002,0.11020907245526002,0.88979092754474
5972,0.03749831530044623,0.9625016846995538
440,0.9870355172190476,0.012964482780952455
4173,0.008099605395276765,0.9919003946047232
7428,4.020685888617148e-05,0.9999597931411138
7037,0.9921760379037927,0.007823962096207308
7545,6.04502538292806e-06,0.9999939549746171
237,0.9955161899845896,0.004483810015410389
1202,0.9507954239816248,0.049204576018375225
6971,1.8860908260087683e-05,0.9999811390917399
678,0.9995354961181305,0.0004645038818695038
2588,0.9982213493278194,0.0017786506721806199
3256,0.9845788683563608,0.015421131643639214
4448,1.4472838331891502e-05,0.9999855271616681
7494,0.003747726038947685,0.9962522739610523
1906,0.9999999618373216,3.816267832799483e-08
4592,1.792780452769538e-05,0.9999820721954723
194,0.9898711581196129,0.010128841880387048
36,0.8763981021543984,0.12360189784560162
5352,0.004527161455423645,0.9954728385445764
1319,0.9999923922383862,7.607761613844362e-06
6656,0.024676045753407094,0.9753239542465929
3147,9.02108533656909e-05,0.9999097891466343
4915,0.00015756813160616723,0.9998424318683938
297,0.9999999187561219,8.124387802341043e-08
5936,0.17329167102205933,0.8267083289779407
1659,0.999999710719589,2.892804109286661e-07
3641,0.9737875937085239,0.02621240629147609
2819,0.9677319564680554,0.03226804353194455
166,0.9507954239816248,0.049204576018375225
2375,0.04809950233330462,0.9519004976666954
4320,1.792780452769538e-05,0.9999820721954723
6054,0.0030276573504244286,0.9969723426495756
3610,0.014379926405435506,0.9856200735945645
3952,7.124090150834039e-05,0.9999287590984917
394,0.9755914080977163,0.02440859190228373
4931,0.9997582301221265,0.00024176987787348516
4276,0.42021402901238336,0.5797859709876166
2085,0.9999998654944344,1.3450556553379017e-07
8091,0.0014823406002473227,0.9985176593997527
122,0.14850233380634714,0.8514976661936529
4681,6.543056647267953e-06,0.9999934569433527
4687,0.0020517673162215866,0.9979482326837784
5208,0.00013252544150588186,0.9998674745584941
3881,0.004102584781712548,0.9958974152182875
14,0.9999999787490996,2.1250900374471768e-08
3496,0.014379926405435506,0.9856200735945645
374,0.9621886850237535,0.03781131497624648
1810,0.05508141481230677,0.9449185851876932
1902,0.9999999828445372,1.7155462827714272e-08
5875,0.8348437627298133,0.16515623727018672
8007,0.002423271863916887,0.9975767281360831
6938,0.9999511376330784,4.8862366921538475e-05
5015,0.9932744826915996,0.006725517308400469
783,0.9621886850237535,0.03781131497624648
5851,0.0749659266688063,0.9250340733311937
1837,0.9999998861272855,1.1387271450778937e-07
7174,0.005085089553024114,0.9949149104469759
3662,0.9809675252435944,0.019032474756405623
4095,0.9958089658485916,0.004191034151408445
7469,0.0433353164849144,0.9566646835150856
2750,0.9809675252435944,0.019032474756405623
304,0.9792090117731447,0.020790988226855316
2850,0.9809675252435944,0.019032474756405623
1686,0.9999964626353998,3.537364600198207e-06
3886,0.9966139199698827,0.0033860800301173605
7215,6.478840996770874e-05,0.9999352115900323
1026,0.49875344161649127,0.5012465583835087
1256,0.05508141481230677,0.9449185851876932
510,0.5520844640020813,0.44791553599791867
312,0.9945017451536919,0.0054982548463080975
3860,0.9809675252435944,0.019032474756405623
2084,0.9999999705164786,2.9483521437023205e-08
5944,0.00013995504109676205,0.9998600449589032
4773,0.0007493650010447217,0.9992506349989553
3420,0.9677319564680554,0.03226804353194455
617,0.9829967718708861,0.017003228129113937
5409,0.002395280635178243,0.9976047193648218
3164,0.0029713380801268396,0.9970286619198732
5183,0.0049885037368928575,0.9950114962631071
2038,0.9999956181817833,4.3818182167474525e-06
2758,0.9982213493278194,0.0017786506721806199
7172,2.945095659234731e-06,0.9999970549043408
3457,0.7618026442895744,0.23819735571042552
4743,0.031262918747685275,0.9687370812523147
1309,0.9999964626353998,3.537364600198207e-06
5355,1.792780452769538e-05,0.9999820721954723
499,0.9917328582733685,0.008267141726631408
7755,0.0006044662049129457,0.999395533795087
3667,0.014379926405435506,0.9856200735945645
2287,0.9982213493278194,0.0017786506721806199
7793,4.129285090337387e-05,0.9999587071490966
3414,0.9969470981652554,0.0030529018347446027
4833,0.008099605395276765,0.9919003946047232
6714,0.13301904601400827,0.8669809539859917
1967,0.9999989963565011,1.0036434988118324e-06
1210,0.9999994411205381,5.588794619394809e-07
3793,0.9710004260481523,0.02899957395184768
1640,0.9999987567620182,1.2432379817509288e-06
6216,0.043685890124482984,0.956314109875517
7091,0.09665357493416604,0.903346425065834
3815,0.00033891850559342185,0.9996610814944066
2816,0.9977976760950606,0.0022023239049392966
5550,0.04841576576007445,0.9515842342399256
6062,0.015039053888104115,0.9849609461118959
597,0.989412839044083,0.010587160955917023
7608,0.07139391598277967,0.9286060840172203
1631,0.9999999488102175,5.1189782474240235e-08
1693,0.9999954213349903,4.578665009708145e-06
7445,0.9771143747971022,0.022885625202897816
7505,4.129285090337387e-05,0.9999587071490966
1308,0.9999938583843466,6.141615653410216e-06
2764,0.9982213493278194,0.0017786506721806199
577,0.9837282751601283,0.016271724839871663
5076,0.003678061754244344,0.9963219382457557
896,0.9955161899845896,0.004483810015410389
1962,0.9958089658485916,0.004191034151408445
2217,0.9982213493278194,0.0017786506721806199
983,0.9999999030521349,9.694786502683558e-08
7837,0.00010600906282032252,0.9998939909371797
5017,0.00033891850559342185,0.9996610814944066
159,0.9867038828290827,0.013296117170917275
244,0.932466919066166,0.06753308093383405
6895,0.0019317512155140326,0.998068248784486
6304,1.3439176263729813e-05,0.9999865608237363
3314,0.9737875937085239,0.02621240629147609
5717,0.18870003680210223,0.8112999631978978
5376,0.1035437781627625,0.8964562218372375
4282,0.00015756813160616723,0.9998424318683938
2788,0.9999982751311386,1.7248688614557065e-06
5929,0.15286525929085304,0.847134740709147
3374,0.9710004260481523,0.02899957395184768
4564,0.0007493650010447217,0.9992506349989553
4191,0.003678061754244344,0.9963219382457557
3099,0.9966139199698827,0.0033860800301173605
3606,5.7512264940662305e-05,0.9999424877350593
5815,1.6801148554845824e-05,0.9999831988514452
45,0.9792090117731447,0.020790988226855316
5121,0.005312768206995999,0.994687231793004
1998,0.9999987567620182,1.2432379817509288e-06
3056,0.9845788683563608,0.015421131643639214
6470,0.008385527962445627,0.9916144720375544
1063,0.9999999187561219,8.124387802341043e-08
3867,0.9966139199698827,0.0033860800301173605
7038,6.478840996770874e-05,0.9999352115900323
7696,0.09854938205300479,0.9014506179469952
4025,6.543056647267953e-06,0.9999934569433527
3785,0.9737875937085239,0.02621240629147609
6987,4.8800439893526e-06,0.9999951199560106
5112,0.0009280911226672295,0.9990719088773328
3246,0.014379926405435506,0.9856200735945645
7742,4.129285090337387e-05,0.9999587071490966
235,0.917672357792906,0.08232764220709399
2529,0.9982213493278194,0.0017786506721806199
2736,0.9643244820054885,0.03567551799451155
6011,0.015039053888104115,0.9849609461118959
8043,0.9939822194372369,0.006017780562763173
8081,0.00012353165796341603,0.9998764683420366
6193,1.6311204278363078e-06,0.9999983688795722
2874,0.9958089658485916,0.004191034151408445
3287,0.9710004260481523,0.02899957395184768
325,0.9829967718708861,0.017003228129113937
731,0.9999997843375102,2.1566248974239822e-07
3661,0.0029713380801268396,0.9970286619198732
2878,0.9969470981652554,0.0030529018347446027
7464,4.020685888617148e-05,0.9999597931411138
1240,0.04809950233330462,0.9519004976666954
1289,0.9999986537560333,1.3462439667369955e-06
1,0.9837282751601283,0.016271724839871663
7501,0.00020211926555224746,0.9997978807344478
6077,2.745203832255072e-06,0.9999972547961677
5558,0.046022607601370114,0.9539773923986299
2305,0.9677319564680554,0.03226804353194455
7978,0.0014823406002473227,0.9985176593997527
3672,0.9969470981652554,0.0030529018347446027
5344,0.8994087866840592,0.10059121331594083
1860,0.9958089658485916,0.004191034151408445
3638,0.9969470981652554,0.0030529018347446027
5305,0.08012633425969085,0.9198736657403092
655,0.9837282751601283,0.016271724839871663
1113,0.9999994805061094,5.194938905897728e-07
2455,0.9982213493278194,0.0017786506721806199
7478,0.06513693348998606,0.9348630665100139
3929,0.031262918747685275,0.9687370812523147
2011,0.9999999787490996,2.1250900374471768e-08
3711,0.9966139199698827,0.0033860800301173605
7153,0.9866895128379458,0.013310487162054145
243,0.03919315452114336,0.9608068454788566
556,0.26694900182297054,0.7330509981770295
5940,0.1035437781627625,0.8964562218372375
2103,0.9958089658485916,0.004191034151408445
1049,0.9999999187561219,8.124387802341043e-08
663,0.04494329959728327,0.9550567004027167
6122,0.08907470182936572,0.9109252981706343
599,0.10851037940018926,0.8914896205998107
591,0.9999990395054713,9.604945286357156e-07
1985,0.9962210483305445,0.0037789516694555214
1987,0.13132449133307977,0.8686755086669202
6595,5.6157104693088655e-06,0.9999943842895307
8083,0.07139391598277967,0.9286060840172203
1738,0.9999863379526849,1.3662047315150557e-05
8031,0.0014823406002473227,0.9985176593997527
4391,0.0004197928565692344,0.9995802071434308
7158,0.9995768201590163,0.0004231798409837154
613,0.03919315452114336,0.9608068454788566
5193,0.9904009774777365,0.00959902252226355
7465,0.00010600906282032252,0.9998939909371797
121,0.9870355172190476,0.012964482780952455
4323,8.105035097738522e-06,0.9999918949649023
7937,0.9939275087265981,0.00607249127340191
7685,0.9797458783283364,0.020254121671663607
6205,0.008385527962445627,0.9916144720375544
6019,0.0009452547807768941,0.9990547452192231
2324,0.9958089658485916,0.004191034151408445
7314,0.988233277715014,0.011766722284985933
6905,0.9939275087265981,0.00607249127340191
4268,0.0016570093887465775,0.9983429906112534
164,0.9792090117731447,0.020790988226855316
3109,5.7512264940662305e-05,0.9999424877350593
3367,0.9710004260481523,0.02899957395184768
2092,0.9689790230953097,0.031020976904690297
4064,0.00012720573025526427,0.9998727942697447
6779,1.522612123006084e-05,0.9999847738787699
7697,0.0026732751416493894,0.9973267248583506
4160,6.543056647267953e-06,0.9999934569433527
7430,1.4396890469781098e-06,0.999998560310953
3264,0.0029713380801268396,0.9970286619198732
6956,2.599454058782591e-06,0.9999974005459412
2507,0.9982213493278194,0.0017786506721806199
4396,0.8348437627298133,0.16515623727018672
1611,0.9999970052576048,2.9947423951767775e-06
3079,0.9737875937085239,0.02621240629147609
7520,0.00011697380178843364,0.9998830261982116
6139,0.034809354471665666,0.9651906455283343
1325,0.9999995488267952,4.511732048491195e-07
3616,0.29739754673826646,0.7026024532617335
320,0.9965915322212286,0.003408467778771373
4457,7.124090150834039e-05,0.9999287590984917
6226,0.000695894031813804,0.9993041059681862
4389,6.543056647267953e-06,0.9999934569433527
4694,0.00033891850559342185,0.9996610814944066
6872,2.9593109405312568e-05,0.9999704068905947
51,0.940270140061855,0.059729859938144995
3387,0.9966139199698827,0.0033860800301173605
3984,0.9980064220489485,0.001993577951051476
2984,0.9958089658485916,0.004191034151408445
7744,0.9999974160065926,2.5839934073804568e-06
1819,0.9977976760950606,0.0022023239049392966
863,0.9792090117731447,0.020790988226855316
6947,0.021843272953988246,0.9781567270460118
7888,0.0006044662049129457,0.999395533795087
4784,0.0036578859327476287,0.9963421140672524
5805,0.017454124657011683,0.9825458753429883
5192,0.19105372742442883,0.8089462725755712
1076,0.5520844640020813,0.44791553599791867
6327,0.015039053888104115,0.9849609461118959
5458,0.031741447564509806,0.9682585524354902
4386,8.105035097738522e-06,0.9999918949649023
1037,0.9814907456198821,0.018509254380117867
3786,0.9969470981652554,0.0030529018347446027
3316,0.9969470981652554,0.0030529018347446027
4178,0.006548885559965356,0.9934511144400346
5916,0.9983900024641458,0.001609997535854214
7134,0.8313086702559843,0.16869132974401568
1043,0.9809675252435944,0.019032474756405623
652,0.9809316139507401,0.019068386049259842
6731,8.446707890263916e-05,0.9999155329210974
1815,0.9945017451536919,0.0054982548463080975
2147,0.13102054390523765,0.8689794560947623
5521,4.5552816388516604e-05,0.9999544471836115
7433,3.0392431506154338e-05,0.9999696075684938
7309,0.9992145515787212,0.0007854484212788384
5629,0.002395280635178243,0.9976047193648218
1359,0.9999863379526849,1.3662047315150557e-05
1064,0.13132449133307977,0.8686755086669202
7002,2.1655934721365178e-05,0.9999783440652786
4771,0.0016570093887465775,0.9983429906112534
2688,0.9982213493278194,0.0017786506721806199
5080,1.4472838331891502e-05,0.9999855271616681
3734,6.543056647267953e-06,0.9999934569433527
8000,0.9936168286709663,0.00638317132903363
3436,0.9737875937085239,0.02621240629147609
2744,0.9809675252435944,0.019032474756405623
1531,0.9999938583843466,6.141615653410216e-06
5071,0.9992770101171051,0.0007229898828948969
5845,0.004527161455423645,0.9954728385445764
8070,7.777123914531892e-06,0.9999922228760855
6500,0.0002836381257591558,0.9997163618742408
8021,0.0001046293713936608,0.9998953706286063
4556,0.9969470981652554,0.0030529018347446027
5197,0.9967709690329041,0.0032290309670959007
1051,0.9977976760950606,0.0022023239049392966
3554,0.0003139242333497494,0.9996860757666503
7209,0.02829074008823873,0.9717092599117613
6514,0.005220433391730062,0.9947795666082699
3773,0.9958089658485916,0.004191034151408445
5655,0.023787009967330408,0.9762129900326696
2346,0.9999999365899381,6.341006183494867e-08
71,0.989412839044083,0.010587160955917023
392,0.9829967718708861,0.017003228129113937
4755,0.00033891850559342185,0.9996610814944066
3835,0.014379926405435506,0.9856200735945645
2253,0.9969470981652554,0.0030529018347446027
2548,0.9958089658485916,0.004191034151408445
7500,0.9883138670447833,0.01168613295521665
5794,0.693507626402591,0.30649237359740905
1822,0.03919315452114336,0.9608068454788566
5864,0.0016791126010733404,0.9983208873989267
3863,0.9677319564680554,0.03226804353194455
1773,0.9945017451536919,0.0054982548463080975
7044,0.0008481222109594233,0.9991518777890406
4377,0.0020517673162215866,0.9979482326837784
1106,0.10876864302222411,0.8912313569777759
3884,0.9845788683563608,0.015421131643639214
1743,0.9999998589430271,1.410569729190764e-07
3976,7.124090150834039e-05,0.9999287590984917
1286,0.26694900182297054,0.7330509981770295
1540,0.055220389944602544,0.9447796100553975
883,0.9792090117731447,0.020790988226855316
4033,0.9966139199698827,0.0033860800301173605
4167,7.124090150834039e-05,0.9999287590984917
348,0.9999992246102106,7.753897893499242e-07
5524,0.0009280911226672295,0.9990719088773328
2043,0.9999995488267952,4.511732048491195e-07
4480,0.9845788683563608,0.015421131643639214
1749,0.9999986537560333,1.3462439667369955e-06
3031,0.9969470981652554,0.0030529018347446027
5238,0.86433243277101,0.13566756722898998
2594,0.0029713380801268396,0.9970286619198732
4265,0.00015756813160616723,0.9998424318683938
4555,0.031262918747685275,0.9687370812523147
692,0.9994022342922392,0.0005977657077608512
6338,4.6783196595123755e-05,0.9999532168034049
825,0.9965915322212286,0.003408467778771373
3697,1.1940292485967952e-05,0.999988059707514
213,0.3666765578513853,0.6333234421486147
6766,0.09739157096827022,0.9026084290317298
4145,0.0004197928565692344,0.9995802071434308
5568,0.1527419420735764,0.8472580579264236
5653,0.9998731922885151,0.00012680771148483667
3065,0.9737875937085239,0.02621240629147609
4007,0.003678061754244344,0.9963219382457557
2961,0.9809675252435944,0.019032474756405623
253,0.9972214821902307,0.0027785178097693834
3700,0.9809675252435944,0.019032474756405623
1442,0.9999999217357622,7.826423773342557e-08
1708,0.9999998654944344,1.3450556553379017e-07
4266,6.543056647267953e-06,0.9999934569433527
1999,0.9999994411205381,5.588794619394809e-07
7570,0.33541092869352596,0.664589071306474
7440,0.9911449183171498,0.00885508168285024
2106,0.9982213493278194,0.0017786506721806199
3959,0.04392931501479824,0.9560706849852018
6215,0.0026732751416493894,0.9973267248583506
3695,0.9845788683563608,0.015421131643639214
7771,7.048049779578847e-06,0.9999929519502204
7866,0.9921760379037927,0.007823962096207308
1387,0.9962210483305445,0.0037789516694555214
5590,9.305254975777721e-06,0.9999906947450242
7508,0.004610577377400893,0.9953894226225991
1549,0.9999999030521349,9.694786502683558e-08
7767,0.00010600906282032252,0.9998939909371797
3636,0.9710004260481523,0.02899957395184768
2994,0.9958089658485916,0.004191034151408445
3234,0.9677319564680554,0.03226804353194455
2973,0.9977976760950606,0.0022023239049392966
5043,0.0007493650010447217,0.9992506349989553
7503,0.0014823406002473227,0.9985176593997527
964,0.9999982751311386,1.7248688614557065e-06
6959,0.014032632446932536,0.9859673675530675
2749,0.004102584781712548,0.9958974152182875
3155,0.9969470981652554,0.0030529018347446027
7734,1.4829360359458477e-05,0.9999851706396405
7015,0.9994115751303662,0.0005884248696338335
1072,0.9837282751601283,0.016271724839871663
7941,0.03844492227021068,0.9615550777297893
1800,0.9845788683563608,0.015421131643639214
8020,0.17249912261624623,0.8275008773837538
7730,0.007408676306763229,0.9925913236932368
5083,1.4472838331891502e-05,0.9999855271616681
4950,0.027551463650676733,0.9724485363493233
4991,0.031262918747685275,0.9687370812523147
5946,0.02236051913557935,0.9776394808644207
6739,0.09739157096827022,0.9026084290317298
2307,0.9958089658485916,0.004191034151408445
603,0.9995173790914001,0.00048262090859986793
2649,0.9962210483305445,0.0037789516694555214
4201,0.003678061754244344,0.9963219382457557
1641,0.9977976760950606,0.0022023239049392966
7146,0.28119514264619005,0.71880485735381
1527,0.9999982751311386,1.7248688614557065e-06
2496,0.9982213493278194,0.0017786506721806199
273,0.9965915322212286,0.003408467778771373
772,0.9965915322212286,0.003408467778771373
7894,0.9994805980170649,0.0005194019829350767
555,0.9996249809503639,0.00037501904963611893
4232,0.13009696894634637,0.8699030310536536
4190,0.03843927706229788,0.9615607229377021
5184,0.0222537834236336,0.9777462165763664
5837,0.046022607601370114,0.9539773923986299
7206,2.1655934721365178e-05,0.9999783440652786
5032,0.0016570093887465775,0.9983429906112534
5203,0.0036578859327476287,0.9963421140672524
4402,7.124090150834039e-05,0.9999287590984917
3286,0.9809675252435944,0.019032474756405623
6211,0.0013260979500447911,0.9986739020499552
4100,0.0003592439983179929,0.999640756001682
5221,0.9971488542785063,0.002851145721493675
4732,0.9845788683563608,0.015421131643639214
5466,0.9998563334206466,0.0001436665793534288
2841,0.29739754673826646,0.7026024532617335
4068,0.9737875937085239,0.02621240629147609
6752,0.9999989298361697,1.0701638303295035e-06
1529,0.9999962903404187,3.7096595812486466e-06
1150,0.9999970052576048,2.9947423951767775e-06
3008,0.9966139199698827,0.0033860800301173605
6270,2.4535397162184225e-05,0.9999754646028378
6659,0.010366610768185125,0.9896333892318149
489,0.9994022342922392,0.0005977657077608512
7324,0.00022302266642026947,0.9997769773335797
7862,0.07139391598277967,0.9286060840172203
7599,4.307314431684084e-06,0.9999956926855683
1787,0.9999978633627225,2.136637277504561e-06
5058,0.04841576576007445,0.9515842342399256
7213,3.9100589650731266e-05,0.9999608994103493
1786,0.31086573465753,0.68913426534247
1942,0.9977976760950606,0.0022023239049392966
524,0.4176522817236257,0.5823477182763743
4001,0.0004197928565692344,0.9995802071434308
7111,0.07083745947852038,0.9291625405214796
6618,4.429946263850848e-05,0.9999557005373615
3502,0.9966139199698827,0.0033860800301173605
4515,0.03843927706229788,0.9615607229377021
5420,0.9931414116978163,0.006858588302183712
387,0.9999974503637058,2.549636294248426e-06
1201,0.9837282751601283,0.016271724839871663
2403,0.9710004260481523,0.02899957395184768
2745,0.9958089658485916,0.004191034151408445
7601,7.777123914531892e-06,0.9999922228760855
7097,0.005085089553024114,0.9949149104469759
1774,0.9977976760950606,0.0022023239049392966
3083,0.9966139199698827,0.0033860800301173605
6862,0.019077799730504053,0.980922200269496
7892,0.014032632446932536,0.9859673675530675
406,0.9955161899845896,0.004483810015410389
4089,0.9710004260481523,0.02899957395184768
5673,0.00816678288567707,0.9918332171143229
629,0.9507954239816248,0.049204576018375225
7515,0.17249912261624623,0.8275008773837538
3048,0.9845788683563608,0.015421131643639214
2328,0.9977976760950606,0.0022023239049392966
8082,1.4396890469781098e-06,0.999998560310953
1585,0.03919315452114336,0.9608068454788566
1326,0.9867038828290827,0.013296117170917275
7906,7.340252331988761e-05,0.9999265974766801
5149,0.0031968739833648785,0.9968031260166351
3566,0.9969470981652554,0.0030529018347446027
4699,0.0749659266688063,0.9250340733311937
7356,2.0205088433478124e-06,0.9999979794911567
3412,0.9969470981652554,0.0030529018347446027
7437,0.9936743206698858,0.006325679330114209
3937,0.9966139199698827,0.0033860800301173605
1975,0.055220389944602544,0.9447796100553975
5710,0.13009696894634637,0.8699030310536536
7757,1.4396890469781098e-06,0.999998560310953
2382,0.9677319564680554,0.03226804353194455
5164,0.010834967450625177,0.9891650325493748
6509,0.9992145515787212,0.0007854484212788384
2674,0.9982213493278194,0.0017786506721806199
7792,8.213180034966072e-06,0.999991786819965
6037,0.00031296965936222776,0.9996870303406378
6362,0.0012557803072296148,0.9987442196927704
2565,0.9958089658485916,0.004191034151408445
4844,0.9976970568714509,0.002302943128549083
903,0.999983076535818,1.6923464182083494e-05
1294,0.01916140640432995,0.98083859359567
670,0.9837282751601283,0.016271724839871663
6239,0.006458632226461147,0.9935413677735389
2003,0.9977976760950606,0.0022023239049392966
7005,0.9771143747971022,0.022885625202897816
6579,0.0014823406002473227,0.9985176593997527
1662,0.9945017451536919,0.0054982548463080975
2934,0.9809675252435944,0.019032474756405623
1846,0.9999921310939368,7.86890606321289e-06
2273,0.9643244820054885,0.03567551799451155
6474,5.6157104693088655e-06,0.9999943842895307
6182,0.0002836381257591558,0.9997163618742408
4187,0.9969470981652554,0.0030529018347446027
3665,0.9966139199698827,0.0033860800301173605
5229,0.08012633425969085,0.9198736657403092
6363,0.019077799730504053,0.980922200269496
2066,0.9643244820054885,0.03567551799451155
7810,0.9999720514328061,2.7948567193863024e-05
2986,0.9962210483305445,0.0037789516694555214
8067,0.9936168286709663,0.00638317132903363
3421,0.8473927209375186,0.15260727906248137
7214,2.599454058782591e-06,0.9999974005459412
4328,0.031262918747685275,0.9687370812523147
3292,0.29739754673826646,0.7026024532617335
5968,0.017751834798046318,0.9822481652019537
3921,8.105035097738522e-06,0.9999918949649023
5743,0.9967709690329041,0.0032290309670959007
1961,0.9999999634780256,3.652197444015645e-08
6074,8.811218662141407e-06,0.9999911887813379
5768,0.01545799189006214,0.9845420081099379
6275,0.0006044662049129457,0.999395533795087
998,0.9689790230953097,0.031020976904690297
2849,0.9962210483305445,0.0037789516694555214
5368,0.06796772818845209,0.9320322718115479
2897,0.9982213493278194,0.0017786506721806199
291,0.9955161899845896,0.004483810015410389
2694,0.9969470981652554,0.0030529018347446027
5295,0.9996207067577896,0.00037929324221043834
7844,0.9915748903958407,0.008425109604159322
3713,0.004527161455423645,0.9954728385445764
5552,0.008765173357969336,0.9912348266420307
5605,0.22742116686275382,0.7725788331372462
3914,0.9962210483305445,0.0037789516694555214
4629,0.010834967450625177,0.9891650325493748
6478,0.0027446036403814267,0.9972553963596186
2215,0.9809675252435944,0.019032474756405623
4854,0.0036578859327476287,0.9963421140672524
7274,0.004610577377400893,0.9953894226225991
605,0.9507954239816248,0.049204576018375225
2756,0.9982213493278194,0.0017786506721806199
4473,0.0007493650010447217,0.9992506349989553
1628,0.13102054390523765,0.8689794560947623
6134,0.00013252544150588186,0.9998674745584941
5560,0.0222537834236336,0.9777462165763664
7422,0.5553178395244445,0.4446821604755555
6316,2.0205088433478124e-06,0.9999979794911567
7849,0.00031709575123173295,0.9996829042487683
1112,0.9699396273339378,0.03006037266606223
2652,0.9809675252435944,0.019032474756405623
5443,0.9971488542785063,0.002851145721493675
4433,0.03843927706229788,0.9615607229377021
4532,0.00012720573025526427,0.9998727942697447
2052,0.9999974503637058,2.549636294248426e-06
5404,9.305254975777721e-06,0.9999906947450242
7644,0.9992145515787212,0.0007854484212788384
963,0.9977976760950606,0.0022023239049392966
6224,6.478840996770874e-05,0.9999352115900323
6341,6.956311550121441e-06,0.9999930436884499
739,0.3666765578513853,0.6333234421486147
6819,1.8860908260087683e-05,0.9999811390917399
3663,9.02108533656909e-05,0.9999097891466343
480,0.9972214821902307,0.0027785178097693834
6268,0.0005618578613205694,0.9994381421386794
7788,0.9936743206698858,0.006325679330114209
3781,0.014379926405435506,0.9856200735945645
4963,0.36613084074309366,0.6338691592569063
7641,0.9903931016551728,0.009606898344827199
5986,1.792780452769538e-05,0.9999820721954723
5252,0.9977419397630177,0.002258060236982265
7299,0.9939275087265981,0.00607249127340191
7290,0.9915748903958407,0.008425109604159322
3872,0.004102584781712548,0.9958974152182875
4677,0.00015756813160616723,0.9998424318683938
7282,0.00020211926555224746,0.9997978807344478
2857,0.9677319564680554,0.03226804353194455
7603,0.007408676306763229,0.9925913236932368
912,0.940270140061855,0.059729859938144995
6155,0.06513693348998606,0.9348630665100139
673,0.9771729880417869,0.02282701195821311
2123,0.9977976760950606,0.0022023239049392966
2504,0.9643244820054885,0.03567551799451155
4878,0.008099605395276765,0.9919003946047232
4293,0.008099605395276765,0.9919003946047232
2070,0.9969470981652554,0.0030529018347446027
7219,0.01329750981122002,0.98670249018878
7432,0.9921760379037927,0.007823962096207308
572,0.9837282751601283,0.016271724839871663
240,0.9996249809503639,0.00037501904963611893
2939,0.9809675252435944,0.019032474756405623
1269,0.9643244820054885,0.03567551799451155
4148,0.0020517673162215866,0.9979482326837784
7539,0.0026732751416493894,0.9973267248583506
661,0.9621886850237535,0.03781131497624648
7387,0.09854938205300479,0.9014506179469952
7343,0.013668607428369506,0.9863313925716305
986,0.9999994805061094,5.194938905897728e-07
4752,1.4472838331891502e-05,0.9999855271616681
5554,0.0031968739833648785,0.9968031260166351
7407,0.9936168286709663,0.00638317132903363
4913,0.0007493650010447217,0.9992506349989553
6404,5.4874270946858594e-05,0.9999451257290531
4374,0.10772580972127344,0.8922741902787266
6078,0.0001733600143174474,0.9998266399856826
5476,6.543056647267953e-06,0.9999934569433527
3654,0.0004197928565692344,0.9995802071434308
288,0.9994022342922392,0.0005977657077608512
3859,0.7618026442895744,0.23819735571042552
7375,0.9925563184056504,0.007443681594349555
947,0.9829967718708861,0.017003228129113937
4475,1.4472838331891502e-05,0.9999855271616681
771,0.9917328582733685,0.008267141726631408
2016,0.9999994805061094,5.194938905897728e-07
7692,0.9915748903958407,0.008425109604159322
5649,0.9976970568714509,0.002302943128549083
7035,0.9999986863774245,1.3136225754975567e-06
5652,0.9991809547784232,0.0008190452215768645
6373,0.006458632226461147,0.9935413677735389
5839,0.8348437627298133,0.16515623727018672
2876,0.9969470981652554,0.0030529018347446027
2839,0.9962210483305445,0.0037789516694555214
527,0.9898711581196129,0.010128841880387048
7548,0.5553178395244445,0.4446821604755555
1771,0.9999997843375102,2.1566248974239822e-07
269,0.31086573465753,0.68913426534247
2230,0.9677319564680554,0.03226804353194455
3500,0.7618026442895744,0.23819735571042552
229,0.9867038828290827,0.013296117170917275
2335,0.9962210483305445,0.0037789516694555214
6794,1.0914653760574211e-05,0.9999890853462394
3588,0.9969470981652554,0.0030529018347446027
6945,0.053130888451288105,0.9468691115487119
7805,0.07950764327504378,0.9204923567249562
7367,0.3819900601865923,0.6180099398134077
513,0.8763981021543984,0.12360189784560162
89,0.9241607045822005,0.07583929541779952
1875,0.9958089658485916,0.004191034151408445
7298,0.0026732751416493894,0.9973267248583506
4407,0.003678061754244344,0.9963219382457557
3283,0.9677319564680554,0.03226804353194455
1415,0.9999999828445372,1.7155462827714272e-08
1403,0.9999964626353998,3.537364600198207e-06
3474,0.9809675252435944,0.019032474756405623
918,0.9999999618373216,3.816267832799483e-08
2218,0.9809675252435944,0.019032474756405623
203,0.9999993564900171,6.435099828577816e-07
223,0.932466919066166,0.06753308093383405
6759,0.09739157096827022,0.9026084290317298
7224,0.06513693348998606,0.9348630665100139
6690,1.522612123006084e-05,0.9999847738787699
1711,0.9999999187561219,8.124387802341043e-08
1779,0.9999974503637058,2.549636294248426e-06
1570,0.9999999828445372,1.7155462827714272e-08
7643,0.992343130051951,0.007656869948049075
1506,0.13102054390523765,0.8689794560947623
6142,0.9999981419651031,1.8580348969410288e-06
4715,0.006548885559965356,0.9934511144400346
1522,0.9999923922383862,7.607761613844362e-06
6483,7.985203071325664e-06,0.9999920147969287
7007,0.008385527962445627,0.9916144720375544
6718,0.0010708082528906315,0.9989291917471094
4038,0.031262918747685275,0.9687370812523147
915,0.940270140061855,0.059729859938144995
1231,0.055220389944602544,0.9447796100553975
21,0.1234152506581363,0.8765847493418637
6664,0.08907470182936572,0.9109252981706343
2904,0.9677319564680554,0.03226804353194455
5366,0.004527161455423645,0.9954728385445764
4792,0.03843927706229788,0.9615607229377021
1198,0.940270140061855,0.059729859938144995
6055,0.00012010311814647512,0.9998798968818535
5440,4.5552816388516604e-05,0.9999544471836115
1366,0.9999999634780256,3.652197444015645e-08
3254,0.9969470981652554,0.0030529018347446027
363,0.9995173790914001,0.00048262090859986793
5405,0.06668753605064093,0.9333124639493591
2554,0.9962210483305445,0.0037789516694555214
2332,0.9982213493278194,0.0017786506721806199
6200,1.0914653760574211e-05,0.9999890853462394
3192,0.9966139199698827,0.0033860800301173605
2041,0.9982213493278194,0.0017786506721806199
2798,0.9643244820054885,0.03567551799451155
1661,0.9999999634780256,3.652197444015645e-08
829,0.6684685449682495,0.3315314550317506
5885,0.0009280911226672295,0.9990719088773328
1556,0.9999994411205381,5.588794619394809e-07
6374,9.092394645449087e-05,0.9999090760535455
5215,0.10439202696854089,0.8956079730314591
6422,2.945095659234731e-06,0.9999970549043408
160,0.9917328582733685,0.008267141726631408
3144,0.9737875937085239,0.02621240629147609
446,0.940270140061855,0.059729859938144995
279,0.9898711581196129,0.010128841880387048
5353,0.053851597100827875,0.9461484028991721
7411,0.9999718564058816,2.8143594118392353e-05
1709,0.9962210483305445,0.0037789516694555214
7546,0.0008951136196286846,0.9991048863803713
1859,0.9999962903404187,3.7096595812486466e-06
4861,0.0036578859327476287,0.9963421140672524
6899,5.7950867361933334e-05,0.9999420491326381
6974,0.015868905428181534,0.9841310945718185
4501,8.105035097738522e-06,0.9999918949649023
2526,0.9962210483305445,0.0037789516694555214
2054,0.9982213493278194,0.0017786506721806199
137,0.9945017451536919,0.0054982548463080975
1332,0.05508141481230677,0.9449185851876932
5611,7.124090150834039e-05,0.9999287590984917
6331,0.9999802403337278,1.975966627218773e-05
2893,0.9643244820054885,0.03567551799451155
1437,0.055220389944602544,0.9447796100553975
6227,6.04502538292806e-06,0.9999939549746171
5198,0.006548885559965356,0.9934511144400346
6274,0.002391805500040478,0.9976081944999595
3527,0.9737875937085239,0.02621240629147609
5790,0.005757347795641854,0.9942426522043581
8037,2.1086377971935022e-05,0.9999789136220281
3441,0.0003139242333497494,0.9996860757666503
1666,0.9999999365899381,6.341006183494867e-08
1116,0.9999999344133038,6.55866961382382e-08
1937,0.999999710719589,2.892804109286661e-07
4154,0.9966139199698827,0.0033860800301173605
2762,0.9677319564680554,0.03226804353194455
6172,0.01856260838777124,0.9814373916122288
5342,0.0011571815309453504,0.9988428184690546
7823,0.9992145515787212,0.0007854484212788384
5956,0.00013995504109676205,0.9998600449589032
841,0.1234152506581363,0.8765847493418637
7457,0.0009452547807768941,0.9990547452192231
77,0.9995173790914001,0.00048262090859986793
6463,0.05638981340615001,0.94361018659385
3755,5.7512264940662305e-05,0.9999424877350593
7596,0.004610577377400893,0.9953894226225991
3725,0.10842342918026937,0.8915765708197306
4497,0.9996937811270116,0.000306218872988478
2255,0.9969470981652554,0.0030529018347446027
1594,0.9999999187561219,8.124387802341043e-08
3498,0.9962210483305445,0.0037789516694555214
4701,0.0007493650010447217,0.9992506349989553
1739,0.04809950233330462,0.9519004976666954
6996,0.007215227990423845,0.9927847720095762
4907,0.017751834798046318,0.9822481652019537
5843,0.0009280911226672295,0.9990719088773328
7455,0.9939822194372369,0.006017780562763173
3051,0.9845788683563608,0.015421131643639214
590,0.03919315452114336,0.9608068454788566
66,0.940270140061855,0.059729859938144995
4723,6.543056647267953e-06,0.9999934569433527
6721,0.0010140138514241892,0.9989859861485758
1081,0.31086573465753,0.68913426534247
7308,0.03525223250802678,0.9647477674919732
5362,0.9996937811270116,0.000306218872988478
7173,0.9936168286709663,0.00638317132903363
2254,0.9809675252435944,0.019032474756405623
3385,0.9958089658485916,0.004191034151408445
3491,0.9966139199698827,0.0033860800301173605
5766,0.031741447564509806,0.9682585524354902
5662,1.792780452769538e-05,0.9999820721954723
3417,5.7512264940662305e-05,0.9999424877350593
3375,0.9969470981652554,0.0030529018347446027
404,0.9621886850237535,0.03781131497624648
6141,0.05355626995081242,0.9464437300491876
1156,0.9999956181817833,4.3818182167474525e-06
6100,0.0010708082528906315,0.9989291917471094
4302,7.124090150834039e-05,0.9999287590984917
6504,0.13301904601400827,0.8669809539859917
3269,0.017751834798046318,0.9822481652019537
6853,9.891451711929733e-06,0.9999901085482881
3218,0.1743309302201027,0.8256690697798973
6833,0.0012557803072296148,0.9987442196927704
3925,0.014379926405435506,0.9856200735945645
6973,1.152662624015477e-05,0.9999884733737598
1589,0.9999998861272855,1.1387271450778937e-07
4139,0.0036578859327476287,0.9963421140672524
5449,0.05465947036895258,0.9453405296310474
3694,5.7512264940662305e-05,0.9999424877350593
4788,0.9845788683563608,0.015421131643639214
5758,0.0002526699151504941,0.9997473300848495
7177,4.956642376430231e-06,0.9999950433576236
3141,0.014379926405435506,0.9856200735945645
6851,0.00016415738228547916,0.9998358426177145
1419,0.9999863379526849,1.3662047315150557e-05
3599,5.7512264940662305e-05,0.9999424877350593
6519,0.003747726038947685,0.9962522739610523
5729,0.0222537834236336,0.9777462165763664
3265,0.0029713380801268396,0.9970286619198732
2355,0.9958089658485916,0.004191034151408445
7870,0.9771143747971022,0.022885625202897816
3426,0.1743309302201027,0.8256690697798973
5225,0.010834967450625177,0.9891650325493748
4373,7.124090150834039e-05,0.9999287590984917
1206,0.9999999217357622,7.826423773342557e-08
5532,0.004527161455423645,0.9954728385445764
5646,0.031741447564509806,0.9682585524354902
6458,1.4829360359458477e-05,0.9999851706396405
7069,1.152662624015477e-05,0.9999884733737598
1752,0.9999998589430271,1.410569729190764e-07
2575,0.9809675252435944,0.019032474756405623
6961,4.956642376430231e-06,0.9999950433576236
4825,0.004527161455423645,0.9954728385445764
3449,0.9737875937085239,0.02621240629147609
3732,0.9845788683563608,0.015421131643639214
6292,0.07316433867613881,0.9268356613238612
2339,0.9643244820054885,0.03567551799451155
2040,0.9969470981652554,0.0030529018347446027
1762,0.9999998654944344,1.3450556553379017e-07
1690,0.9995354961181305,0.0004645038818695038
2957,0.9977976760950606,0.0022023239049392966
1523,0.9999999527269372,4.727306277007094e-08
4624,7.124090150834039e-05,0.9999287590984917
843,0.8763981021543984,0.12360189784560162
5006,0.00012720573025526427,0.9998727942697447
7421,0.17249912261624623,0.8275008773837538
3223,0.9845788683563608,0.015421131643639214
4641,0.24963493276807114,0.7503650672319289
656,0.9999997664692081,2.3353079188967294e-07
5958,1.4472838331891502e-05,0.9999855271616681
3919,0.0020517673162215866,0.9979482326837784
2981,0.9962210483305445,0.0037789516694555214
6932,0.9992654969104108,0.0007345030895892055
2469,0.9677319564680554,0.03226804353194455
1627,0.9977976760950606,0.0022023239049392966
2461,0.9969470981652554,0.0030529018347446027
6958,0.9999974160065926,2.5839934073804568e-06
5952,1.792780452769538e-05,0.9999820721954723
1856,0.9771729880417869,0.02282701195821311
5884,2.3890111606417186e-05,0.9999761098883936
2899,0.9845788683563608,0.015421131643639214
6807,0.003747726038947685,0.9962522739610523
2631,0.9982213493278194,0.0017786506721806199
3908,0.03843927706229788,0.9615607229377021
3193,0.03843927706229788,0.9615607229377021
3939,0.0003139242333497494,0.9996860757666503
3595,0.9737875937085239,0.02621240629147609
1411,0.9999995488267952,4.511732048491195e-07
2801,0.9999997664692081,2.3353079188967294e-07
6335,2.3890111606417186e-05,0.9999761098883936
3355,0.9737875937085239,0.02621240629147609
2316,0.9643244820054885,0.03567551799451155
2527,0.9809675252435944,0.019032474756405623
2827,0.9982213493278194,0.0017786506721806199
782,0.9972214821902307,0.0027785178097693834
791,0.9995173790914001,0.00048262090859986793
7533,0.36378528755806316,0.6362147124419368
558,0.940270140061855,0.059729859938144995
6632,0.0004449663564596307,0.9995550336435404
7658,0.9936743206698858,0.006325679330114209
1955,0.015525986180605633,0.9844740138193944
2194,0.9969470981652554,0.0030529018347446027
4543,0.03843927706229788,0.9615607229377021
5374,0.044595351704321384,0.9554046482956786
1246,0.9999964626353998,3.537364600198207e-06
6429,0.00012010311814647512,0.9998798968818535
4558,0.0016570093887465775,0.9983429906112534
8079,0.038757536437735274,0.9612424635622647
7151,3.6481610159455613e-06,0.999996351838984
7058,0.010366610768185125,0.9896333892318149
2953,0.9982213493278194,0.0017786506721806199
7818,0.9999718564058816,2.8143594118392353e-05
5779,0.24998371703545308,0.7500162829645469
1605,0.9999999828445372,1.7155462827714272e-08
4122,0.017751834798046318,0.9822481652019537
7751,0.09854938205300479,0.9014506179469952
2082,0.9977976760950606,0.0022023239049392966
7102,7.777123914531892e-06,0.9999922228760855
1963,0.9999998258996137,1.7410038631451617e-07
5797,1.792780452769538e-05,0.9999820721954723
6351,0.05638981340615001,0.94361018659385
3177,0.9845788683563608,0.015421131643639214
3740,0.9809675252435944,0.019032474756405623
7049,3.9100589650731266e-05,0.9999608994103493
4990,0.03843927706229788,0.9615607229377021
2869,0.9643244820054885,0.03567551799451155
7435,0.01329750981122002,0.98670249018878
5107,0.246093577167121,0.753906422832879
2204,0.9677319564680554,0.03226804353194455
5037,7.124090150834039e-05,0.9999287590984917
5786,6.543056647267953e-06,0.9999934569433527
4727,6.543056647267953e-06,0.9999934569433527
2099,0.9999974503637058,2.549636294248426e-06
1272,0.01916140640432995,0.98083859359567
1478,0.055220389944602544,0.9447796100553975
3271,0.9710004260481523,0.02899957395184768
1254,0.14850233380634714,0.8514976661936529
108,0.989412839044083,0.010587160955917023
7371,0.0028227413303318905,0.9971772586696681
2720,0.9977976760950606,0.0022023239049392966
7270,0.9999776130013199,2.2386998680033475e-05
2547,0.9962210483305445,0.0037789516694555214
2779,0.9962210483305445,0.0037789516694555214
6087,0.015039053888104115,0.9849609461118959
2610,0.9643244820054885,0.03567551799451155
6033,0.000695894031813804,0.9993041059681862
3052,9.02108533656909e-05,0.9999097891466343
1813,0.940270140061855,0.059729859938144995
2563,0.9809675252435944,0.019032474756405623
3838,0.9710004260481523,0.02899957395184768
67,0.9809316139507401,0.019068386049259842
3698,0.9737875937085239,0.02621240629147609
3472,0.9737875937085239,0.02621240629147609
3783,0.017751834798046318,0.9822481652019537
729,0.9870355172190476,0.012964482780952455
6882,0.22633982528650187,0.7736601747134981
3584,0.9845788683563608,0.015421131643639214
3832,0.9966139199698827,0.0033860800301173605
1609,0.9999987567620182,1.2432379817509288e-06
7105,0.0005618578613205694,0.9994381421386794
7955,0.9999776130013199,2.2386998680033475e-05
3258,0.0003139242333497494,0.9996860757666503
1245,0.9999998333846005,1.6661539951446714e-07
807,0.9764865493301031,0.02351345066989686
3046,0.9643244820054885,0.03567551799451155
4647,0.862289249068468,0.13771075093153193
972,0.9982213493278194,0.0017786506721806199
6804,2.3890111606417186e-05,0.9999761098883936
2341,0.9677319564680554,0.03226804353194455
1208,0.9999863379526849,1.3662047315150557e-05
4017,0.0036578859327476287,0.9963421140672524
4188,0.0016570093887465775,0.9983429906112534
7732,7.455458743965693e-05,0.9999254454125603
7613,4.307314431684084e-06,0.9999956926855683
210,0.9837282751601283,0.016271724839871663
4082,0.008099605395276765,0.9919003946047232
128,0.940270140061855,0.059729859938144995
4832,0.008099605395276765,0.9919003946047232
6609,8.811218662141407e-06,0.9999911887813379
7943,0.00012353165796341603,0.9998764683420366
4098,0.0023670628988504694,0.9976329371011495
4596,0.0007493650010447217,0.9992506349989553
6490,2.0811919044905203e-05,0.9999791880809551
6593,2.3890111606417186e-05,0.9999761098883936
7184,0.007408676306763229,0.9925913236932368
1933,0.9999999344133038,6.55866961382382e-08
5412,0.0009280911226672295,0.9990719088773328
3575,0.9966139199698827,0.0033860800301173605
1179,0.9995173790914001,0.00048262090859986793
3556,0.0036578859327476287,0.9963421140672524
62,0.9917328582733685,0.008267141726631408
7714,0.24001019075896213,0.7599898092410379
6625,0.0016791126010733404,0.9983208873989267
3386,0.9737875937085239,0.02621240629147609
3974,0.006548885559965356,0.9934511144400346
7538,0.0008951136196286846,0.9991048863803713
5069,0.003678061754244344,0.9963219382457557
3270,0.29739754673826646,0.7026024532617335
3054,0.9737875937085239,0.02621240629147609
1921,0.9999998654944344,1.3450556553379017e-07
1638,0.9999982751311386,1.7248688614557065e-06
7949,0.01329750981122002,0.98670249018878
2967,0.9643244820054885,0.03567551799451155
6160,0.03975329034701869,0.9602467096529813
2713,0.9958089658485916,0.004191034151408445
5847,0.8229160014181215,0.17708399858187854
2423,0.9969470981652554,0.0030529018347446027
1441,0.9999943282994466,5.671700553424893e-06
6837,0.010366610768185125,0.9896333892318149
2679,0.9969470981652554,0.0030529018347446027
423,0.9755914080977163,0.02440859190228373
6732,0.0001487704679279389,0.9998512295320721
5432,0.01545799189006214,0.9845420081099379
3430,0.9737875937085239,0.02621240629147609
529,0.9996249809503639,0.00037501904963611893
2007,0.9999994805061094,5.194938905897728e-07
1597,0.9999902526077528,9.747392247247886e-06
995,0.9999970052576048,2.9947423951767775e-06
3597,5.7512264940662305e-05,0.9999424877350593
4874,0.0007493650010447217,0.9992506349989553
666,0.9755914080977163,0.02440859190228373
2997,0.9643244820054885,0.03567551799451155
574,0.9699396273339378,0.03006037266606223
2950,0.9962210483305445,0.0037789516694555214
6125,0.003747726038947685,0.9962522739610523
5840,0.1540481258450922,0.8459518741549078
5072,6.543056647267953e-06,0.9999934569433527
2211,0.9809675252435944,0.019032474756405623
5481,0.9904009774777365,0.00959902252226355
975,0.9999978633627225,2.136637277504561e-06
1532,0.04809950233330462,0.9519004976666954
4690,6.543056647267953e-06,0.9999934569433527
4074,0.9845788683563608,0.015421131643639214
2933,0.9958089658485916,0.004191034151408445
7142,0.08907470182936572,0.9109252981706343
7606,7.048049779578847e-06,0.9999929519502204
1879,0.9999923922383862,7.607761613844362e-06
4021,0.03843927706229788,0.9615607229377021
6648,0.015039053888104115,0.9849609461118959
4494,0.0014330338034920231,0.998566966196508
4151,6.543056647267953e-06,0.9999934569433527
5021,0.00015661519252951894,0.9998433848074705
2203,0.9969470981652554,0.0030529018347446027
7580,0.03525223250802678,0.9647477674919732
3969,9.02108533656909e-05,0.9999097891466343
5886,0.9980064220489485,0.001993577951051476
7220,0.9994805980170649,0.0005194019829350767
1734,0.05508141481230677,0.9449185851876932
697,0.1234152506581363,0.8765847493418637
1028,0.9965915322212286,0.003408467778771373
197,0.9621886850237535,0.03781131497624648
1336,0.9999994411205381,5.588794619394809e-07
1984,0.9677319564680554,0.03226804353194455
5774,0.02332536213407943,0.9766746378659206
2514,0.9969470981652554,0.0030529018347446027
3043,0.9845788683563608,0.015421131643639214
1105,0.9999863379526849,1.3662047315150557e-05
6481,0.0020791253249297093,0.9979208746750703
5122,0.3674348678938718,0.6325651321061282
6480,0.11020907245526002,0.88979092754474
4065,0.0016570093887465775,0.9983429906112534
988,0.9999990395054713,9.604945286357156e-07
6981,2.1655934721365178e-05,0.9999783440652786
3514,0.9710004260481523,0.02899957395184768
8056,0.9936168286709663,0.00638317132903363
3687,0.0023670628988504694,0.9976329371011495
4384,1.4472838331891502e-05,0.9999855271616681
224,0.9870355172190476,0.012964482780952455
816,0.9699396273339378,0.03006037266606223
3225,0.9969470981652554,0.0030529018347446027
7280,0.999098550288013,0.0009014497119870651
636,0.9809316139507401,0.019068386049259842
4255,0.00033891850559342185,0.9996610814944066
5270,8.105035097738522e-06,0.9999918949649023
3321,0.9982213493278194,0.0017786506721806199
261,0.04505791513189794,0.9549420848681021
2678,0.9643244820054885,0.03567551799451155
4426,0.00015756813160616723,0.9998424318683938
5231,0.9588370205654032,0.04116297943459678
3923,0.9969470981652554,0.0030529018347446027
7920,0.038757536437735274,0.9612424635622647
8078,0.9999989298361697,1.0701638303295035e-06
4506,0.0020517673162215866,0.9979482326837784
3845,0.8473927209375186,0.15260727906248137
2856,0.9643244820054885,0.03567551799451155
6149,5.7950867361933334e-05,0.9999420491326381
1031,0.1234152506581363,0.8765847493418637
2854,0.9982213493278194,0.0017786506721806199
1695,0.9999996293607001,3.706392999306896e-07
1884,0.9982213493278194,0.0017786506721806199
2322,0.9809675252435944,0.019032474756405623
6484,1.0914653760574211e-05,0.9999890853462394
5965,8.105035097738522e-06,0.9999918949649023
2297,0.9999999787490996,2.1250900374471768e-08
1110,0.9999998258996137,1.7410038631451617e-07
2026,0.9999996293607001,3.706392999306896e-07
6407,0.002391805500040478,0.9976081944999595
4134,0.9969470981652554,0.0030529018347446027
2522,0.9982213493278194,0.0017786506721806199
7710,0.9939275087265981,0.00607249127340191
7249,6.478840996770874e-05,0.9999352115900323
6773,0.0027446036403814267,0.9972553963596186
5512,0.038014575491210456,0.9619854245087895
4570,0.9966139199698827,0.0033860800301173605
6053,0.0012557803072296148,0.9987442196927704
2687,0.9982213493278194,0.0017786506721806199
4683,0.008099605395276765,0.9919003946047232
2844,0.9999989963565011,1.0036434988118324e-06
4809,0.017751834798046318,0.9822481652019537
350,0.9999982751311386,1.7248688614557065e-06
2886,0.9982213493278194,0.0017786506721806199
1986,0.9999902526077528,9.747392247247886e-06
6749,4.429946263850848e-05,0.9999557005373615
1577,0.1234152506581363,0.8765847493418637
3266,0.9845788683563608,0.015421131643639214
2922,0.9966139199698827,0.0033860800301173605
3900,0.0029713380801268396,0.9970286619198732
3930,0.0004197928565692344,0.9995802071434308
5326,0.0002526699151504941,0.9997473300848495
2774,0.9958089658485916,0.004191034151408445
4744,0.0007493650010447217,0.9992506349989553
6949,2.599454058782591e-06,0.9999974005459412
2920,0.9809675252435944,0.019032474756405623
5257,0.9995702947973875,0.00042970520261256036
6880,3.0392431506154338e-05,0.9999696075684938
2966,0.9999997007896584,2.992103416111664e-07
939,0.9643244820054885,0.03567551799451155
3819,0.9710004260481523,0.02899957395184768
5604,0.9967709690329041,0.0032290309670959007
3836,0.9737875937085239,0.02621240629147609
7046,0.9999776130013199,2.2386998680033475e-05
5882,0.15286525929085304,0.847134740709147
2812,0.9677319564680554,0.03226804353194455
2621,0.9643244820054885,0.03567551799451155
7165,0.003397582992721526,0.9966024170072785
1911,0.9677319564680554,0.03226804353194455
1855,0.9977976760950606,0.0022023239049392966
7721,0.9855074406890447,0.014492559310955305
6515,4.6783196595123755e-05,0.9999532168034049
5570,0.9998731922885151,0.00012680771148483667
6906,0.9994115751303662,0.0005884248696338335
882,0.9792090117731447,0.020790988226855316
285,0.9755914080977163,0.02440859190228373
5922,0.027420644463284072,0.9725793555367159
3368,0.9966139199698827,0.0033860800301173605
5301,0.003678061754244344,0.9963219382457557
493,0.9995173790914001,0.00048262090859986793
419,0.9999999344133038,6.55866961382382e-08
5495,0.0009280911226672295,0.9990719088773328
2667,0.9958089658485916,0.004191034151408445
3777,0.9677319564680554,0.03226804353194455
2946,0.9969470981652554,0.0030529018347446027
4118,0.00015756813160616723,0.9998424318683938
7707,2.1655934721365178e-05,0.9999783440652786
365,0.5520844640020813,0.44791553599791867
7277,7.777123914531892e-06,0.9999922228760855
5727,0.6621518915817862,0.3378481084182138
3390,0.0003139242333497494,0.9996860757666503
2517,0.9958089658485916,0.004191034151408445
3188,0.0029713380801268396,0.9970286619198732
4785,0.00012720573025526427,0.9998727942697447
3061,0.10842342918026937,0.8915765708197306
3530,0.9962210483305445,0.0037789516694555214
3400,0.00015661519252951894,0.9998433848074705
6631,0.048780462405668246,0.9512195375943318
4957,0.03843927706229788,0.9615607229377021
3363,5.7512264940662305e-05,0.9999424877350593
3239,0.014379926405435506,0.9856200735945645
6259,7.777123914531892e-06,0.9999922228760855
2463,0.9677319564680554,0.03226804353194455
274,0.9996249809503639,0.00037501904963611893
5085,0.0010215110511295755,0.9989784889488704
6893,0.08907470182936572,0.9109252981706343
6964,0.043685890124482984,0.956314109875517
2704,0.9982213493278194,0.0017786506721806199
4912,0.008099605395276765,0.9919003946047232
4102,0.0020517673162215866,0.9979482326837784
5201,0.019291252406453685,0.9807087475935463
1220,0.9764865493301031,0.02351345066989686
2838,0.9643244820054885,0.03567551799451155
4439,1.4472838331891502e-05,0.9999855271616681
5626,0.02153114573892656,0.9784688542610734
4575,0.003678061754244344,0.9963219382457557
4456,0.003678061754244344,0.9963219382457557
7527,0.0006044662049129457,0.999395533795087
3029,0.9737875937085239,0.02621240629147609
1828,0.9999902526077528,9.747392247247886e-06
6175,0.0009452547807768941,0.9990547452192231
1620,0.9999956181817833,4.3818182167474525e-06
5009,0.0036578859327476287,0.9963421140672524
3686,5.7512264940662305e-05,0.9999424877350593
6196,0.00012010311814647512,0.9998798968818535
1831,0.9962210483305445,0.0037789516694555214
7825,0.9939275087265981,0.00607249127340191
4239,6.543056647267953e-06,0.9999934569433527
650,0.9837282751601283,0.016271724839871663
1968,0.9982213493278194,0.0017786506721806199
3818,0.9737875937085239,0.02621240629147609
4659,0.006548885559965356,0.9934511144400346
375,0.9507954239816248,0.049204576018375225
887,0.9809316139507401,0.019068386049259842
2350,0.9643244820054885,0.03567551799451155
3965,6.543056647267953e-06,0.9999934569433527
4305,0.9737875937085239,0.02621240629147609
1927,0.9999999787490996,2.1250900374471768e-08
7150,9.092394645449087e-05,0.9999090760535455
855,0.9995173790914001,0.00048262090859986793
2144,0.9845788683563608,0.015421131643639214
3804,0.29739754673826646,0.7026024532617335
7803,0.999487316102339,0.0005126838976609623
2424,0.9958089658485916,0.004191034151408445
6147,0.9991102054823998,0.0008897945176001997
4733,1.4472838331891502e-05,0.9999855271616681
3670,1.1940292485967952e-05,0.999988059707514
1583,0.13102054390523765,0.8689794560947623
6942,0.06513693348998606,0.9348630665100139
6488,0.0013260979500447911,0.9986739020499552
2397,0.9969470981652554,0.0030529018347446027
6561,0.006458632226461147,0.9935413677735389
4942,0.0004197928565692344,0.9995802071434308
2712,0.9958089658485916,0.004191034151408445
7076,4.429946263850848e-05,0.9999557005373615
3343,0.9958089658485916,0.004191034151408445
4982,0.0007493650010447217,0.9992506349989553
322,0.940270140061855,0.059729859938144995
2127,0.9677319564680554,0.03226804353194455
2653,0.9845788683563608,0.015421131643639214
2274,0.9969470981652554,0.0030529018347446027
4311,0.0007493650010447217,0.9992506349989553
4978,0.0036578859327476287,0.9963421140672524
6911,7.048049779578847e-06,0.9999929519502204
4056,0.008099605395276765,0.9919003946047232
895,0.9699396273339378,0.03006037266606223
8061,2.745203832255072e-06,0.9999972547961677
3100,0.9710004260481523,0.02899957395184768
8111,0.9999320477158697,6.79522841302838e-05
4662,0.9998048145101511,0.00019518548984881747
6403,0.992343130051951,0.007656869948049075
5822,0.10772580972127344,0.8922741902787266
1271,0.9999962903404187,3.7096595812486466e-06
5209,0.17329167102205933,0.8267083289779407
6065,0.09739157096827022,0.9026084290317298
4811,0.00015756813160616723,0.9998424318683938
1317,0.9977976760950606,0.0022023239049392966
5312,0.046022607601370114,0.9539773923986299
3339,0.014379926405435506,0.9856200735945645
1159,0.9999982751311386,1.7248688614557065e-06
1834,0.9977976760950606,0.0022023239049392966
3483,9.02108533656909e-05,0.9999097891466343
1255,0.999983076535818,1.6923464182083494e-05
458,0.9996249809503639,0.00037501904963611893
7204,0.8480993083708519,0.1519006916291481
3696,0.9845788683563608,0.015421131643639214
3349,0.0029713380801268396,0.9970286619198732
4678,0.031262918747685275,0.9687370812523147
2803,0.9969470981652554,0.0030529018347446027
3892,5.7512264940662305e-05,0.9999424877350593
5275,0.012515450973503262,0.9874845490264967
81,0.04505791513189794,0.9549420848681021
4806,0.9998048145101511,0.00019518548984881747
7681,0.0008951136196286846,0.9991048863803713
2601,0.9969470981652554,0.0030529018347446027
7259,5.7950867361933334e-05,0.9999420491326381
3123,0.9643244820054885,0.03567551799451155
6081,7.985203071325664e-06,0.9999920147969287
889,0.9837282751601283,0.016271724839871663
5656,0.0016570093887465775,0.9983429906112534
5285,0.994059114006461,0.005940885993539023
3850,0.9958089658485916,0.004191034151408445
5627,0.0009280911226672295,0.9990719088773328
2501,0.9999997843375102,2.1566248974239822e-07
5872,4.5552816388516604e-05,0.9999544471836115
6857,3.6481610159455613e-06,0.999996351838984
5863,0.9996937811270116,0.000306218872988478
4427,0.0036578859327476287,0.9963421140672524
4577,7.124090150834039e-05,0.9999287590984917
6040,0.9925563184056504,0.007443681594349555
523,0.10851037940018926,0.8914896205998107
1759,0.9999978633627225,2.136637277504561e-06
3010,0.9969470981652554,0.0030529018347446027
7193,7.340252331988761e-05,0.9999265974766801
5663,0.04841576576007445,0.9515842342399256
6012,5.6157104693088655e-06,0.9999943842895307
2784,0.9969470981652554,0.0030529018347446027
759,0.9994022342922392,0.0005977657077608512
7263,0.9883138670447833,0.01168613295521665
3626,0.9969470981652554,0.0030529018347446027
5089,0.0009280911226672295,0.9990719088773328
7476,2.4535397162184225e-05,0.9999754646028378
4720,0.00015756813160616723,0.9998424318683938
8074,0.994482419688497,0.005517580311503003
5769,0.9977419397630177,0.002258060236982265
5124,0.05465947036895258,0.9453405296310474
7963,0.013668607428369506,0.9863313925716305
6499,0.0001487704679279389,0.9998512295320721
3335,0.9845788683563608,0.015421131643639214
621,0.9507954239816248,0.049204576018375225
1085,0.9999999705164786,2.9483521437023205e-08
3905,0.0036578859327476287,0.9963421140672524
6220,0.048780462405668246,0.9512195375943318
7078,0.015868905428181534,0.9841310945718185
6517,0.9999802403337278,1.975966627218773e-05
4209,6.543056647267953e-06,0.9999934569433527
6845,0.00031709575123173295,0.9996829042487683
5489,4.5552816388516604e-05,0.9999544471836115
1542,0.9999974503637058,2.549636294248426e-06
686,0.4176522817236257,0.5823477182763743
4339,6.543056647267953e-06,0.9999934569433527
4531,0.00015756813160616723,0.9998424318683938
1972,0.10851037940018926,0.8914896205998107
5202,0.046022607601370114,0.9539773923986299
904,0.9898711581196129,0.010128841880387048
2352,0.9677319564680554,0.03226804353194455
428,0.9999962903404187,3.7096595812486466e-06
740,0.49875344161649127,0.5012465583835087
2290,0.9677319564680554,0.03226804353194455
2075,0.9898711581196129,0.010128841880387048
2871,0.9677319564680554,0.03226804353194455
3520,0.9737875937085239,0.02621240629147609
7878,0.9911449183171498,0.00885508168285024
5332,0.00011631466859229889,0.9998836853314077
1285,0.9999999344133038,6.55866961382382e-08
3122,0.014379926405435506,0.9856200735945645
2560,0.0023670628988504694,0.9976329371011495
1543,0.9999998589430271,1.410569729190764e-07
6137,0.006458632226461147,0.9935413677735389
6532,0.003397582992721526,0.9966024170072785
5870,1.792780452769538e-05,0.9999820721954723
7693,0.004610577377400893,0.9953894226225991
3961,0.9969470981652554,0.0030529018347446027
5213,0.09273331979291,0.90726668020709
182,0.5520844640020813,0.44791553599791867
4975,0.004527161455423645,0.9954728385445764
1782,0.999983076535818,1.6923464182083494e-05
7962,2.1086377971935022e-05,0.9999789136220281
4876,0.9966139199698827,0.0033860800301173605
7659,0.9999611319586589,3.8868041341132796e-05
3962,0.03843927706229788,0.9615607229377021
426,0.9995173790914001,0.00048262090859986793
460,0.9621886850237535,0.03781131497624648
3139,0.9737875937085239,0.02621240629147609
2949,0.9643244820054885,0.03567551799451155
6635,0.0001046293713936608,0.9998953706286063
2116,0.9643244820054885,0.03567551799451155
1298,0.9995354961181305,0.0004645038818695038
2258,0.9643244820054885,0.03567551799451155
4140,0.017751834798046318,0.9822481652019537
7065,0.07950764327504378,0.9204923567249562
1268,0.9999962903404187,3.7096595812486466e-06
7201,0.004610577377400893,0.9953894226225991
7925,0.0004959497675633973,0.9995040502324366
3954,0.004102584781712548,0.9958974152182875
2278,0.9962210483305445,0.0037789516694555214
5093,0.004527161455423645,0.9954728385445764
818,0.29767340635022077,0.7023265936497792
2792,0.9962210483305445,0.0037789516694555214
5066,0.03843927706229788,0.9615607229377021
6455,3.1102252823211884e-06,0.9999968897747177
7045,9.092394645449087e-05,0.9999090760535455
7394,0.004610577377400893,0.9953894226225991
3293,0.9966139199698827,0.0033860800301173605
6401,0.015868905428181534,0.9841310945718185
78,0.26694900182297054,0.7330509981770295
4217,0.00012720573025526427,0.9998727942697447
4008,0.9969470981652554,0.0030529018347446027
4918,0.17329167102205933,0.8267083289779407
2697,5.7512264940662305e-05,0.9999424877350593
2613,0.9962210483305445,0.0037789516694555214
2214,0.9982213493278194,0.0017786506721806199
7239,0.9939822194372369,0.006017780562763173
923,0.6194428392288667,0.38055716077113333
4440,0.20613318831194183,0.7938668116880582
3806,1.1940292485967952e-05,0.999988059707514
232,0.9995354961181305,0.0004645038818695038
4933,0.00012720573025526427,0.9998727942697447
1907,0.9977976760950606,0.0022023239049392966
4226,0.017751834798046318,0.9822481652019537
1687,0.9999997007896584,2.992103416111664e-07
5336,0.055597351340331724,0.9444026486596683
1404,0.9999902526077528,9.747392247247886e-06
3648,0.014379926405435506,0.9856200735945645
4838,0.031262918747685275,0.9687370812523147
1498,0.9999999787490996,2.1250900374471768e-08
1067,0.9999994805061094,5.194938905897728e-07
7210,0.07139391598277967,0.9286060840172203
2505,0.9643244820054885,0.03567551799451155
2567,0.9643244820054885,0.03567551799451155
6282,0.00816678288567707,0.9918332171143229
6330,0.007215227990423845,0.9927847720095762
4830,0.00015756813160616723,0.9998424318683938
7826,4.020685888617148e-05,0.9999597931411138
262,0.940270140061855,0.059729859938144995
1453,0.14850233380634714,0.8514976661936529
3569,0.9966139199698827,0.0033860800301173605
1155,0.989412839044083,0.010587160955917023
3843,6.543056647267953e-06,0.9999934569433527
880,0.932466919066166,0.06753308093383405
6861,0.00031296965936222776,0.9996870303406378
2030,0.9643244820054885,0.03567551799451155
4524,0.0004197928565692344,0.9995802071434308
4800,0.017454124657011683,0.9825458753429883
138,0.04494329959728327,0.9550567004027167
3576,0.9710004260481523,0.02899957395184768
1843,0.31086573465753,0.68913426534247
6417,0.13301904601400827,0.8669809539859917
3156,0.10842342918026937,0.8915765708197306
5109,0.4490983717300532,0.5509016282699468
1191,0.9898711581196129,0.010128841880387048
2591,0.9809675252435944,0.019032474756405623
2235,0.9643244820054885,0.03567551799451155
3924,0.9969470981652554,0.0030529018347446027
7667,7.048049779578847e-06,0.9999929519502204
2606,0.9958089658485916,0.004191034151408445
2558,0.9677319564680554,0.03226804353194455
5609,0.02153114573892656,0.9784688542610734
3742,0.1743309302201027,0.8256690697798973
2012,0.9958089658485916,0.004191034151408445
3523,0.9969470981652554,0.0030529018347446027
5265,0.19105372742442883,0.8089462725755712
3393,0.004102584781712548,0.9958974152182875
4090,0.014379926405435506,0.9856200735945645
2722,0.9969470981652554,0.0030529018347446027
384,0.9977976760950606,0.0022023239049392966
7154,0.008385527962445627,0.9916144720375544
6133,9.092394645449087e-05,0.9999090760535455
4205,0.031262918747685275,0.9687370812523147
7419,4.129285090337387e-05,0.9999587071490966
525,0.9867038828290827,0.013296117170917275
3718,0.0020517673162215866,0.9979482326837784
5848,0.012515450973503262,0.9874845490264967
6391,3.1102252823211884e-06,0.9999968897747177
526,0.9995173790914001,0.00048262090859986793
6457,0.0019317512155140326,0.998068248784486
5475,0.0036578859327476287,0.9963421140672524
1458,0.9999943282994466,5.671700553424893e-06
5084,0.006548885559965356,0.9934511144400346
7574,1.4829360359458477e-05,0.9999851706396405
3089,5.7512264940662305e-05,0.9999424877350593
1500,0.9999999217357622,7.826423773342557e-08
2533,0.0029713380801268396,0.9970286619198732
5924,0.004527161455423645,0.9954728385445764
766,0.29767340635022077,0.7023265936497792
6206,0.00031296965936222776,0.9996870303406378
4340,6.543056647267953e-06,0.9999934569433527
8008,1.4396890469781098e-06,0.999998560310953
7305,0.9904590413400711,0.009540958659928843
2642,0.9643244820054885,0.03567551799451155
5334,0.20613318831194183,0.7938668116880582
2597,0.9962210483305445,0.0037789516694555214
6346,0.034809354471665666,0.9651906455283343
1348,0.9977976760950606,0.0022023239049392966
7320,0.0013260979500447911,0.9986739020499552
4482,0.00033891850559342185,0.9996610814944066
5168,0.0008993195652466923,0.9991006804347533
6030,3.852710910523527e-06,0.9999961472890895
6428,4.6783196595123755e-05,0.9999532168034049
3792,0.8473927209375186,0.15260727906248137
6998,0.9994805980170649,0.0005194019829350767
4666,0.006548885559965356,0.9934511144400346
3315,0.9737875937085239,0.02621240629147609
3677,0.9737875937085239,0.02621240629147609
4695,0.008099605395276765,0.9919003946047232
6464,0.09739157096827022,0.9026084290317298
7492,5.6426798252240395e-05,0.9999435732017478
6693,1.152662624015477e-05,0.9999884733737598
2620,0.9982213493278194,0.0017786506721806199
2467,0.9643244820054885,0.03567551799451155
5485,0.0004197928565692344,0.9995802071434308
6462,6.04502538292806e-06,0.9999939549746171
3049,0.9643244820054885,0.03567551799451155
4618,0.003678061754244344,0.9963219382457557
7991,0.9866895128379458,0.013310487162054145
6966,0.17249912261624623,0.8275008773837538
3958,0.9737875937085239,0.02621240629147609
1170,0.9999902526077528,9.747392247247886e-06
1930,0.13132449133307977,0.8686755086669202
4277,0.003678061754244344,0.9963219382457557
5394,0.00016175309575994223,0.9998382469042401
454,0.9689790230953097,0.031020976904690297
6233,1.4829360359458477e-05,0.9999851706396405
5498,0.09406649890226515,0.9059335010977349
512,0.917672357792906,0.08232764220709399
677,0.9699396273339378,0.03006037266606223
2336,0.9962210483305445,0.0037789516694555214
2776,0.9809675252435944,0.019032474756405623
3304,5.7512264940662305e-05,0.9999424877350593
1133,0.9999970052576048,2.9947423951767775e-06
1094,0.9999978633627225,2.136637277504561e-06
2681,0.9809675252435944,0.019032474756405623
141,0.9972214821902307,0.0027785178097693834
4869,1.6801148554845824e-05,0.9999831988514452
220,0.9621886850237535,0.03781131497624648
4028,0.023787009967330408,0.9762129900326696
4663,0.8348437627298133,0.16515623727018672
2048,0.9809675252435944,0.019032474756405623
6871,0.0010140138514241892,0.9989859861485758
3963,0.00033891850559342185,0.9996610814944066
2877,0.9966139199698827,0.0033860800301173605
7729,0.9925563184056504,0.007443681594349555
2508,0.9962210483305445,0.0037789516694555214
6596,3.852710910523527e-06,0.9999961472890895
7208,0.992343130051951,0.007656869948049075
6318,0.05638981340615001,0.94361018659385
5614,0.0002526699151504941,0.9997473300848495
1327,0.9999982751311386,1.7248688614557065e-06
5351,0.7895387443140747,0.21046125568592527
979,0.9999999344133038,6.55866961382382e-08
867,0.9996249809503639,0.00037501904963611893
5594,9.305254975777721e-06,0.9999906947450242
7081,0.0016791126010733404,0.9983208873989267
4589,0.0020517673162215866,0.9979482326837784
7417,7.455458743965693e-05,0.9999254454125603
191,0.29767340635022077,0.7023265936497792
4057,0.004102584781712548,0.9958974152182875
2958,0.9958089658485916,0.004191034151408445
4754,0.0009280911226672295,0.9990719088773328
3676,0.9845788683563608,0.015421131643639214
3102,5.7512264940662305e-05,0.9999424877350593
2546,0.9969470981652554,0.0030529018347446027
5829,0.004527161455423645,0.9954728385445764
1471,0.9999982751311386,1.7248688614557065e-06
4609,1.4472838331891502e-05,0.9999855271616681
6451,0.0010140138514241892,0.9989859861485758
6767,5.4874270946858594e-05,0.9999451257290531
2321,0.9643244820054885,0.03567551799451155
8084,0.994482419688497,0.005517580311503003
3633,5.7512264940662305e-05,0.9999424877350593
1178,0.9999999365899381,6.341006183494867e-08
7638,1.522612123006084e-05,0.9999847738787699
5817,0.0002526699151504941,0.9997473300848495
4761,0.0016570093887465775,0.9983429906112534
1082,0.9917328582733685,0.008267141726631408
1462,0.9999863379526849,1.3662047315150557e-05
2013,0.9999999217357622,7.826423773342557e-08
4760,0.03843927706229788,0.9615607229377021
813,0.04505791513189794,0.9549420848681021
575,0.9837282751601283,0.016271724839871663
1792,0.9999997843375102,2.1566248974239822e-07
277,0.9870355172190476,0.012964482780952455
2108,0.9962210483305445,0.0037789516694555214
2848,0.9969470981652554,0.0030529018347446027
4153,0.00033891850559342185,0.9996610814944066
4528,0.00012720573025526427,0.9998727942697447
3021,0.9969470981652554,0.0030529018347446027
1007,0.9999994805061094,5.194938905897728e-07
7311,0.9999977192686951,2.280731304902736e-06
6228,0.00816678288567707,0.9918332171143229
6744,0.9932356775001228,0.006764322499877277
5388,0.11238316864397868,0.8876168313560213
3448,0.9977976760950606,0.0022023239049392966
4797,0.0004197928565692344,0.9995802071434308
7040,0.999547458512396,0.00045254148760398967
362,0.9999954213349903,4.578665009708145e-06
7156,0.00011697380178843364,0.9998830261982116
6032,2.945095659234731e-06,0.9999970549043408
2426,1.1940292485967952e-05,0.999988059707514
6563,0.015868905428181534,0.9841310945718185
5359,0.0009280911226672295,0.9990719088773328
3619,0.9809675252435944,0.019032474756405623
7192,0.030387826182561195,0.9696121738174388
5455,1.4472838331891502e-05,0.9999855271616681
4511,0.003678061754244344,0.9963219382457557
2627,0.004102584781712548,0.9958974152182875
5047,0.006548885559965356,0.9934511144400346
3721,0.9845788683563608,0.015421131643639214
722,0.6684685449682495,0.3315314550317506
700,0.04494329959728327,0.9550567004027167
2326,0.9982213493278194,0.0017786506721806199
1981,0.9999998589430271,1.410569729190764e-07
680,0.29767340635022077,0.7023265936497792
6758,0.0003592439983179929,0.999640756001682
3737,0.014379926405435506,0.9856200735945645
6247,0.006458632226461147,0.9935413677735389
8072,4.307314431684084e-06,0.9999956926855683
7708,0.007215227990423845,0.9927847720095762
578,0.9764865493301031,0.02351345066989686
4949,0.00033891850559342185,0.9996610814944066
3197,0.9966139199698827,0.0033860800301173605
5480,0.010127922515821064,0.9898720774841789
1895,0.9809675252435944,0.019032474756405623
3310,0.9710004260481523,0.02899957395184768
755,0.9867038828290827,0.013296117170917275
2081,0.9999863379526849,1.3662047315150557e-05
399,0.10851037940018926,0.8914896205998107
837,0.10876864302222411,0.8912313569777759
2724,0.9710004260481523,0.02899957395184768
3997,6.543056647267953e-06,0.9999934569433527
5760,0.023533699396288243,0.9764663006037118
4487,0.0016570093887465775,0.9983429906112534
3643,0.9845788683563608,0.015421131643639214
5363,0.004527161455423645,0.9954728385445764
2438,0.9845788683563608,0.015421131643639214
5688,0.31800951208605643,0.6819904879139436
1959,0.14850233380634714,0.8514976661936529
5757,0.994059114006461,0.005940885993539023
98,0.9507954239816248,0.049204576018375225
7525,4.956642376430231e-06,0.9999950433576236
6531,0.013668607428369506,0.9863313925716305
845,0.9999999634780256,3.652197444015645e-08
104,0.9829967718708861,0.017003228129113937
6402,0.0030276573504244286,0.9969723426495756
7674,0.9939275087265981,0.00607249127340191
333,0.9955161899845896,0.004483810015410389
4713,0.003678061754244344,0.9963219382457557
242,0.9621886850237535,0.03781131497624648
2195,0.9643244820054885,0.03567551799451155
5151,0.9998976279546471,0.00010237204535288207
7575,4.129285090337387e-05,0.9999587071490966
1957,0.9809675252435944,0.019032474756405623
2300,0.9643244820054885,0.03567551799451155
3598,0.9845788683563608,0.015421131643639214
4820,0.05465947036895258,0.9453405296310474
4138,0.9845788683563608,0.015421131643639214
952,0.9999992246102106,7.753897893499242e-07
1252,0.9999986537560333,1.3462439667369955e-06
804,0.9829967718708861,0.017003228129113937
1804,0.9982213493278194,0.0017786506721806199
2735,0.9958089658485916,0.004191034151408445
1563,0.9977976760950606,0.0022023239049392966
5520,0.31800951208605643,0.6819904879139436
2240,0.9643244820054885,0.03567551799451155
3990,0.031262918747685275,0.9687370812523147
4903,4.8800439893526e-06,0.9999951199560106
3553,0.9845788683563608,0.015421131643639214
2770,0.014379926405435506,0.9856200735945645
2347,0.9737875937085239,0.02621240629147609
5963,0.09355618173184721,0.9064438182681528
7640,0.9999511376330784,4.8862366921538475e-05
1993,0.9962210483305445,0.0037789516694555214
326,0.9898711581196129,0.010128841880387048
4658,0.0007493650010447217,0.9992506349989553
5372,0.004293296261428936,0.9957067037385711
6165,0.08907470182936572,0.9109252981706343
5199,8.105035097738522e-06,0.9999918949649023
4626,0.017751834798046318,0.9822481652019537
2014,0.999999710719589,2.892804109286661e-07
1534,0.9999999344133038,6.55866961382382e-08
7473,1.3439176263729813e-05,0.9999865608237363
6894,0.0020791253249297093,0.9979208746750703
4107,0.9969470981652554,0.0030529018347446027
844,0.9837282751601283,0.016271724839871663
5641,0.00016323241873628103,0.9998367675812637
5012,1.4472838331891502e-05,0.9999855271616681
3431,0.9737875937085239,0.02621240629147609
8114,0.28119514264619005,0.71880485735381
1769,0.9764865493301031,0.02351345066989686
6017,0.0001733600143174474,0.9998266399856826
1780,0.3666765578513853,0.6333234421486147
1293,0.01916140640432995,0.98083859359567
2785,0.9982213493278194,0.0017786506721806199
6328,0.02829074008823873,0.9717092599117613
6486,0.0012557803072296148,0.9987442196927704
2938,0.9977976760950606,0.0022023239049392966
7366,0.9911449183171498,0.00885508168285024
4499,0.1743309302201027,0.8256690697798973
6586,8.213180034966072e-06,0.999991786819965
6471,1.8860908260087683e-05,0.9999811390917399
4886,1.4472838331891502e-05,0.9999855271616681
5756,6.543056647267953e-06,0.9999934569433527
109,0.9898711581196129,0.010128841880387048
4538,0.017751834798046318,0.9822481652019537
6757,0.019077799730504053,0.980922200269496
4009,0.9710004260481523,0.02899957395184768
849,0.29767340635022077,0.7023265936497792
180,0.10876864302222411,0.8912313569777759
3285,0.9845788683563608,0.015421131643639214
4142,0.9710004260481523,0.02899957395184768
508,0.917672357792906,0.08232764220709399
5960,0.01545799189006214,0.9845420081099379
1663,0.9837282751601283,0.016271724839871663
7781,0.038757536437735274,0.9612424635622647
6907,0.9999802403337278,1.975966627218773e-05
5196,0.027551463650676733,0.9724485363493233
3348,0.9966139199698827,0.0033860800301173605
1684,0.9999970052576048,2.9947423951767775e-06
607,0.9755914080977163,0.02440859190228373
2270,0.9969470981652554,0.0030529018347446027
4887,0.0009280911226672295,0.9990719088773328
5997,0.24998371703545308,0.7500162829645469
7166,0.09665357493416604,0.903346425065834
502,0.9621886850237535,0.03781131497624648
2131,0.999999710719589,2.892804109286661e-07
5370,1.792780452769538e-05,0.9999820721954723
4646,0.031262918747685275,0.9687370812523147
5698,0.9996937811270116,0.000306218872988478
1247,0.9999956181817833,4.3818182167474525e-06
5643,1.792780452769538e-05,0.9999820721954723
336,0.9699396273339378,0.03006037266606223
5030,0.008099605395276765,0.9919003946047232
1853,0.9977976760950606,0.0022023239049392966
1977,0.9962210483305445,0.0037789516694555214
4176,0.9969470981652554,0.0030529018347446027
2879,0.9643244820054885,0.03567551799451155
6195,4.8800439893526e-06,0.9999951199560106
3085,5.7512264940662305e-05,0.9999424877350593
1388,0.9977976760950606,0.0022023239049392966
3705,0.9966139199698827,0.0033860800301173605
6935,5.4874270946858594e-05,0.9999451257290531
1077,0.055220389944602544,0.9447796100553975
6199,0.010096713315591588,0.9899032866844084
7127,0.003747726038947685,0.9962522739610523
7763,0.7978707792490443,0.2021292207509557
29,0.6194428392288667,0.38055716077113333
7401,0.26515926562579206,0.7348407343742079
6169,0.13301904601400827,0.8669809539859917
2049,0.9969470981652554,0.0030529018347446027
4224,0.9710004260481523,0.02899957395184768
5580,0.055597351340331724,0.9444026486596683
2583,0.9982213493278194,0.0017786506721806199
411,0.9999987567620182,1.2432379817509288e-06
6937,0.9999977192686951,2.280731304902736e-06
272,0.9792090117731447,0.020790988226855316
4508,0.00015756813160616723,0.9998424318683938
7313,0.0028227413303318905,0.9971772586696681
660,0.9507954239816248,0.049204576018375225
3410,0.9982213493278194,0.0017786506721806199
113,0.9898711581196129,0.010128841880387048
1233,0.9999998589430271,1.410569729190764e-07
2873,0.9958089658485916,0.004191034151408445
2353,0.9982213493278194,0.0017786506721806199
7801,0.28119514264619005,0.71880485735381
7304,0.038757536437735274,0.9612424635622647
3261,0.9969470981652554,0.0030529018347446027
4424,0.9966139199698827,0.0033860800301173605
6099,0.00016415738228547916,0.9998358426177145
1481,0.9999943282994466,5.671700553424893e-06
579,0.04494329959728327,0.9550567004027167
7099,4.307314431684084e-06,0.9999956926855683
6594,3.0392431506154338e-05,0.9999696075684938
3756,0.9737875937085239,0.02621240629147609
1468,0.9999998654944344,1.3450556553379017e-07
1138,0.9999997664692081,2.3353079188967294e-07
935,0.9999986537560333,1.3462439667369955e-06
74,0.9867038828290827,0.013296117170917275
5380,0.0007493650010447217,0.9992506349989553
6425,0.019077799730504053,0.980922200269496
5588,0.9915179830427062,0.008482016957293767
7036,0.9921760379037927,0.007823962096207308
7754,0.014032632446932536,0.9859673675530675
3865,0.7618026442895744,0.23819735571042552
3645,0.9969470981652554,0.0030529018347446027
890,0.9977976760950606,0.0022023239049392966
7090,0.9939822194372369,0.006017780562763173
685,0.9870355172190476,0.012964482780952455
4137,0.0004197928565692344,0.9995802071434308
2330,0.9982213493278194,0.0017786506721806199
6158,2.3890111606417186e-05,0.9999761098883936
6266,0.0001733600143174474,0.9998266399856826
4036,0.006548885559965356,0.9934511144400346
3088,0.9710004260481523,0.02899957395184768
4213,0.00012720573025526427,0.9998727942697447
4758,8.105035097738522e-06,0.9999918949649023
2333,0.9643244820054885,0.03567551799451155
6186,2.1086377971935022e-05,0.9999789136220281
52,0.9689790230953097,0.031020976904690297
5636,0.008099605395276765,0.9919003946047232
3166,0.0029713380801268396,0.9970286619198732
8014,0.999960860737914,3.913926208599934e-05
6560,0.025053665171777206,0.9749463348282228
4334,6.543056647267953e-06,0.9999934569433527
8028,0.025053665171777206,0.9749463348282228
7003,0.762794591343811,0.237205408656189
7292,0.9120823794366358,0.0879176205633642
2777,0.9982213493278194,0.0017786506721806199
6043,0.0020791253249297093,0.9979208746750703
4768,7.124090150834039e-05,0.9999287590984917
4049,0.031262918747685275,0.9687370812523147
4916,0.0036578859327476287,0.9963421140672524
3564,0.9809675252435944,0.019032474756405623
443,0.9870355172190476,0.012964482780952455
7700,7.048049779578847e-06,0.9999929519502204
4889,0.0222537834236336,0.9777462165763664
6816,2.9593109405312568e-05,0.9999704068905947
4249,0.0016570093887465775,0.9983429906112534
3746,0.031262918747685275,0.9687370812523147
2818,0.9958089658485916,0.004191034151408445
1185,0.9999970052576048,2.9947423951767775e-06
2468,0.9977976760950606,0.0022023239049392966
1440,0.9977976760950606,0.0022023239049392966
7783,0.999983902413958,1.609758604203143e-05
7522,0.9939275087265981,0.00607249127340191
6528,5.6426798252240395e-05,0.9999435732017478
2732,0.9677319564680554,0.03226804353194455
5633,0.09278685882824922,0.9072131411717508
6466,0.00012353165796341603,0.9998764683420366
5883,0.9998563334206466,0.0001436665793534288
6587,0.003747726038947685,0.9962522739610523
6183,4.8800439893526e-06,0.9999951199560106
6554,0.000695894031813804,0.9993041059681862
3501,0.9966139199698827,0.0033860800301173605
361,0.9999999527269372,4.727306277007094e-08
910,0.9507954239816248,0.049204576018375225
922,0.9945017451536919,0.0054982548463080975
6427,0.05355626995081242,0.9464437300491876
633,0.9699396273339378,0.03006037266606223
6805,0.05355626995081242,0.9464437300491876
1439,0.999983076535818,1.6923464182083494e-05
2257,0.9962210483305445,0.0037789516694555214
4067,0.008099605395276765,0.9919003946047232
2186,0.9969470981652554,0.0030529018347446027
2972,0.9677319564680554,0.03226804353194455
3327,0.29739754673826646,0.7026024532617335
1504,0.9999998861272855,1.1387271450778937e-07
6116,0.0030276573504244286,0.9969723426495756
4966,0.9995702947973875,0.00042970520261256036
2416,0.9982213493278194,0.0017786506721806199
5661,0.9998048145101511,0.00019518548984881747
8104,0.9911449183171498,0.00885508168285024
1222,0.9999999187561219,8.124387802341043e-08
7716,0.9911449183171498,0.00885508168285024
4881,0.0016570093887465775,0.9983429906112534
1120,0.9999993564900171,6.435099828577816e-07
1683,0.055220389944602544,0.9447796100553975
5335,0.3969004167404443,0.6030995832595557
449,0.9977976760950606,0.0022023239049392966
3911,6.543056647267953e-06,0.9999934569433527
5597,0.013626827852927348,0.9863731721470727
5063,0.211710959955963,0.788289040044037
3201,0.003678061754244344,0.9963219382457557
5240,0.05465947036895258,0.9453405296310474
7119,0.9867805338533259,0.013219466146674139
3871,0.014379926405435506,0.9856200735945645
3462,0.9710004260481523,0.02899957395184768
7516,0.9925563184056504,0.007443681594349555
90,0.49875344161649127,0.5012465583835087
5622,0.9904009774777365,0.00959902252226355
1158,0.9999999488102175,5.1189782474240235e-08
716,0.9689790230953097,0.031020976904690297
2860,0.015839899631740817,0.9841601003682592
3080,0.9737875937085239,0.02621240629147609
5529,0.08012633425969085,0.9198736657403092
195,0.4176522817236257,0.5823477182763743
3012,0.9710004260481523,0.02899957395184768
6676,1.8860908260087683e-05,0.9999811390917399
3724,0.014379926405435506,0.9856200735945645
6393,0.0008481222109594233,0.9991518777890406
3361,0.9710004260481523,0.02899957395184768
4281,0.0029713380801268396,0.9970286619198732
795,0.26694900182297054,0.7330509981770295
6357,4.6783196595123755e-05,0.9999532168034049
7135,0.9921760379037927,0.007823962096207308
4643,0.00012720573025526427,0.9998727942697447
342,0.9898711581196129,0.010128841880387048
7129,5.6426798252240395e-05,0.9999435732017478
2205,0.9958089658485916,0.004191034151408445
3407,0.9677319564680554,0.03226804353194455
7748,0.9999656934356373,3.430656436261162e-05
907,0.9999999187561219,8.124387802341043e-08
4044,0.017751834798046318,0.9822481652019537
5705,0.02236051913557935,0.9776394808644207
7001,0.00022302266642026947,0.9997769773335797
6166,7.985203071325664e-06,0.9999920147969287
5894,0.9992770101171051,0.0007229898828948969
2814,0.9962210483305445,0.0037789516694555214
5527,0.0004197928565692344,0.9995802071434308
6269,0.03975329034701869,0.9602467096529813
3110,0.004102584781712548,0.9958974152182875
7354,0.9992654969104108,0.0007345030895892055
2417,0.9809675252435944,0.019032474756405623
4843,0.22582529984596866,0.7741747001540313
7564,0.99994002225772,5.997774227994496e-05
6754,0.010096713315591588,0.9899032866844084
1196,0.9999996293607001,3.706392999306896e-07
1135,0.9999999030521349,9.694786502683558e-08
521,0.9507954239816248,0.049204576018375225
2360,0.9809675252435944,0.019032474756405623
1369,0.9999994805061094,5.194938905897728e-07
7115,2.945095659234731e-06,0.9999970549043408
3583,0.004102584781712548,0.9958974152182875
7453,0.013668607428369506,0.9863313925716305
3683,9.02108533656909e-05,0.9999097891466343
8033,0.07139391598277967,0.9286060840172203
6008,0.0010140138514241892,0.9989859861485758
3134,0.9977976760950606,0.0022023239049392966
5703,0.09278685882824922,0.9072131411717508
8009,0.9939275087265981,0.00607249127340191
3131,0.9845788683563608,0.015421131643639214
4228,0.00012720573025526427,0.9998727942697447
438,0.9972214821902307,0.0027785178097693834
7268,0.0003592439983179929,0.999640756001682
3186,0.9737875937085239,0.02621240629147609
2101,0.9969470981652554,0.0030529018347446027
7986,0.6774101418633871,0.32258985813661295
4576,0.017751834798046318,0.9822481652019537
5446,0.00013995504109676205,0.9998600449589032
5029,0.0020517673162215866,0.9979482326837784
5319,0.0009280911226672295,0.9990719088773328
1160,0.9829967718708861,0.017003228129113937
1571,0.9999999365899381,6.341006183494867e-08
3468,0.8473927209375186,0.15260727906248137
4807,0.0004197928565692344,0.9995802071434308
1789,0.999983076535818,1.6923464182083494e-05
7052,1.4829360359458477e-05,0.9999851706396405
6287,0.08907470182936572,0.9109252981706343
7062,0.013668607428369506,0.9863313925716305
619,0.8763981021543984,0.12360189784560162
8096,0.9991102054823998,0.0008897945176001997
5155,0.005757347795641854,0.9942426522043581
1778,0.04809950233330462,0.9519004976666954
2707,0.9643244820054885,0.03567551799451155
5553,0.862289249068468,0.13771075093153193
6977,0.0005618578613205694,0.9994381421386794
7199,0.0001487704679279389,0.9998512295320721
218,0.9792090117731447,0.020790988226855316
2050,0.9999993564900171,6.435099828577816e-07
5771,1.6801148554845824e-05,0.9999831988514452
6379,0.007121981956842993,0.992878018043157
5024,0.031262918747685275,0.9687370812523147
2093,0.9999962903404187,3.7096595812486466e-06
4940,0.03843927706229788,0.9615607229377021
8012,0.025053665171777206,0.9749463348282228
3023,0.9710004260481523,0.02899957395184768
6931,0.034809354471665666,0.9651906455283343
7664,0.9936168286709663,0.00638317132903363
6044,0.0001046293713936608,0.9998953706286063
2430,0.9966139199698827,0.0033860800301173605
6867,0.00012010311814647512,0.9998798968818535
1494,0.9999998333846005,1.6661539951446714e-07
1052,0.9999999634780256,3.652197444015645e-08
196,0.9867038828290827,0.013296117170917275
1362,0.9999997664692081,2.3353079188967294e-07
2615,0.9809675252435944,0.019032474756405623
3249,0.9845788683563608,0.015421131643639214
7336,0.053130888451288105,0.9468691115487119
3446,0.015839899631740817,0.9841601003682592
6746,0.002391805500040478,0.9976081944999595
1398,0.9999992246102106,7.753897893499242e-07
6469,7.455458743965693e-05,0.9999254454125603
6101,0.05638981340615001,0.94361018659385
1956,0.9999999030521349,9.694786502683558e-08
7459,0.9936168286709663,0.00638317132903363
3565,0.00012720573025526427,0.9998727942697447
5477,0.4682826290590909,0.5317173709409091
4964,0.9951985342358425,0.0048014657641574825
672,0.9999999217357622,7.826423773342557e-08
4000,0.9966139199698827,0.0033860800301173605
4490,0.03843927706229788,0.9615607229377021
4015,0.004527161455423645,0.9954728385445764
875,0.9995354961181305,0.0004645038818695038
4041,0.9845788683563608,0.015421131643639214
2180,0.9958089658485916,0.004191034151408445
2343,0.9982213493278194,0.0017786506721806199
7607,0.025053665171777206,0.9749463348282228
7251,0.9936743206698858,0.006325679330114209
3750,0.006548885559965356,0.9934511144400346
4514,0.008099605395276765,0.9919003946047232
4827,0.004527161455423645,0.9954728385445764
4580,0.031262918747685275,0.9687370812523147
5331,0.211710959955963,0.788289040044037
2992,0.9677319564680554,0.03226804353194455
5407,0.019291252406453685,0.9807087475935463
2648,0.9809675252435944,0.019032474756405623
7322,0.025053665171777206,0.9749463348282228
1798,0.13132449133307977,0.8686755086669202
5338,0.067256504518724,0.932743495481276
3071,0.9809675252435944,0.019032474756405623
3778,0.9845788683563608,0.015421131643639214
3752,0.9966139199698827,0.0033860800301173605
4971,0.017751834798046318,0.9822481652019537
5917,0.9992770101171051,0.0007229898828948969
4620,0.00015756813160616723,0.9998424318683938
3454,0.7618026442895744,0.23819735571042552
63,0.9972214821902307,0.0027785178097693834
6923,5.4874270946858594e-05,0.9999451257290531
8034,0.9911449183171498,0.00885508168285024
3521,0.015839899631740817,0.9841601003682592
3733,0.9710004260481523,0.02899957395184768
4066,0.017751834798046318,0.9822481652019537
6624,3.0392431506154338e-05,0.9999696075684938
3445,0.9737875937085239,0.02621240629147609
5147,0.0006847854586350399,0.999315214541365
2047,0.9999997843375102,2.1566248974239822e-07
7956,0.9936743206698858,0.006325679330114209
810,0.9917328582733685,0.008267141726631408
4856,0.00033891850559342185,0.9996610814944066
8121,0.9936743206698858,0.006325679330114209
850,0.9507954239816248,0.049204576018375225
7660,0.00020211926555224746,0.9997978807344478
542,0.04505791513189794,0.9549420848681021
1664,0.9999983323744963,1.6676255037215952e-06
6525,5.6157104693088655e-06,0.9999943842895307
2520,0.9958089658485916,0.004191034151408445
2130,0.9958089658485916,0.004191034151408445
4210,7.124090150834039e-05,0.9999287590984917
6305,2.4535397162184225e-05,0.9999754646028378
2721,0.9643244820054885,0.03567551799451155
5092,0.00015756813160616723,0.9998424318683938
1243,0.04809950233330462,0.9519004976666954
1890,0.9999962903404187,3.7096595812486466e-06
4342,0.008099605395276765,0.9919003946047232
3518,0.9958089658485916,0.004191034151408445
3097,1.1940292485967952e-05,0.999988059707514
6221,4.6783196595123755e-05,0.9999532168034049
839,0.9792090117731447,0.020790988226855316
8017,0.9904590413400711,0.009540958659928843
3947,8.105035097738522e-06,0.9999918949649023
6310,0.0001046293713936608,0.9998953706286063
295,0.9917328582733685,0.008267141726631408
787,0.9945017451536919,0.0054982548463080975
2906,0.9962210483305445,0.0037789516694555214
8027,0.00022302266642026947,0.9997769773335797
4220,0.03843927706229788,0.9615607229377021
7600,0.37984281973887013,0.6201571802611299
2689,0.9677319564680554,0.03226804353194455
3291,0.9969470981652554,0.0030529018347446027
4022,0.00033891850559342185,0.9996610814944066
1727,0.9999954213349903,4.578665009708145e-06
6812,0.008385527962445627,0.9916144720375544
520,0.9621886850237535,0.03781131497624648
4283,0.9931414116978163,0.006858588302183712
2765,0.9962210483305445,0.0037789516694555214
1314,0.9955161899845896,0.004483810015410389
2381,0.9958089658485916,0.004191034151408445
8023,0.0004959497675633973,0.9995040502324366
3416,0.9845788683563608,0.015421131643639214
1382,0.13132449133307977,0.8686755086669202
6697,5.6426798252240395e-05,0.9999435732017478
6177,0.010366610768185125,0.9896333892318149
2207,0.9977976760950606,0.0022023239049392966
5879,0.36613084074309366,0.6338691592569063
2739,0.9643244820054885,0.03567551799451155
5211,0.00033891850559342185,0.9996610814944066
6892,2.4535397162184225e-05,0.9999754646028378
5249,1.792780452769538e-05,0.9999820721954723
6420,6.04502538292806e-06,0.9999939549746171
1050,0.9958089658485916,0.004191034151408445
3560,0.8473927209375186,0.15260727906248137
7229,0.7394712368366088,0.26052876316339124
8041,6.478840996770874e-05,0.9999352115900323
3568,0.9710004260481523,0.02899957395184768
4652,0.9845788683563608,0.015421131643639214
6715,1.6311204278363078e-06,0.9999983688795722
1652,0.9999987567620182,1.2432379817509288e-06
1147,0.9999998333846005,1.6661539951446714e-07
6018,0.0003592439983179929,0.999640756001682
370,0.9764865493301031,0.02351345066989686
3490,0.0029713380801268396,0.9970286619198732
3567,0.0029713380801268396,0.9970286619198732
391,0.9898711581196129,0.010128841880387048
3945,0.9737875937085239,0.02621240629147609
6138,1.6311204278363078e-06,0.9999983688795722
2991,0.9977976760950606,0.0022023239049392966
7653,0.09854938205300479,0.9014506179469952
1432,0.055220389944602544,0.9447796100553975
1958,0.9962210483305445,0.0037789516694555214
4988,0.0007493650010447217,0.9992506349989553
463,0.9965915322212286,0.003408467778771373
7385,0.9834374849221453,0.016562515077854677
7756,8.213180034966072e-06,0.999991786819965
4131,0.0020517673162215866,0.9979482326837784
6489,0.0005618578613205694,0.9994381421386794
2129,0.01916140640432995,0.98083859359567
7572,4.129285090337387e-05,0.9999587071490966
1461,0.9999962903404187,3.7096595812486466e-06
2199,0.9969470981652554,0.0030529018347446027
2097,0.9999996293607001,3.706392999306896e-07
7864,7.340252331988761e-05,0.9999265974766801
6599,0.9994805980170649,0.0005194019829350767
3032,0.9966139199698827,0.0033860800301173605
1446,0.9999994411205381,5.588794619394809e-07
1517,0.9999999828445372,1.7155462827714272e-08
1012,0.9996249809503639,0.00037501904963611893
6383,5.7950867361933334e-05,0.9999420491326381
6173,5.4874270946858594e-05,0.9999451257290531
4891,0.00033891850559342185,0.9996610814944066
3693,0.9966139199698827,0.0033860800301173605
962,0.9977976760950606,0.0022023239049392966
452,0.9917328582733685,0.008267141726631408
3338,0.9845788683563608,0.015421131643639214
7287,4.956642376430231e-06,0.9999950433576236
2,0.9689790230953097,0.031020976904690297
838,0.9945017451536919,0.0054982548463080975
5248,0.3505977973429011,0.6494022026570989
4352,0.003678061754244344,0.9963219382457557
6886,0.013668607428369506,0.9863313925716305
2550,0.9809675252435944,0.019032474756405623
3726,0.008099605395276765,0.9919003946047232
1360,0.9999998258996137,1.7410038631451617e-07
507,0.9999954213349903,4.578665009708145e-06
337,0.9867038828290827,0.013296117170917275
7413,0.9939275087265981,0.00607249127340191
2282,0.9958089658485916,0.004191034151408445
8051,0.9999656934356373,3.430656436261162e-05
466,0.9621886850237535,0.03781131497624648
5665,1.792780452769538e-05,0.9999820721954723
2900,0.9677319564680554,0.03226804353194455
1692,0.9999999344133038,6.55866961382382e-08
5734,0.9932744826915996,0.006725517308400469
2809,0.9958089658485916,0.004191034151408445
735,0.9829967718708861,0.017003228129113937
602,0.9999998861272855,1.1387271450778937e-07
2213,0.9643244820054885,0.03567551799451155
3632,0.1743309302201027,0.8256690697798973
6538,0.043685890124482984,0.956314109875517
1869,0.9999923922383862,7.607761613844362e-06
1164,0.9999962903404187,3.7096595812486466e-06
5948,0.2922220369816325,0.7077779630183675
5052,0.9977419397630177,0.002258060236982265
3189,0.9966139199698827,0.0033860800301173605
1399,0.055220389944602544,0.9447796100553975
1068,0.9977976760950606,0.0022023239049392966
494,0.9764865493301031,0.02351345066989686
1090,0.9241607045822005,0.07583929541779952
4347,7.124090150834039e-05,0.9999287590984917
638,0.9999974503637058,2.549636294248426e-06
6791,0.0010140138514241892,0.9989859861485758
6975,0.9999974160065926,2.5839934073804568e-06
4133,0.00015661519252951894,0.9998433848074705
2616,0.9677319564680554,0.03226804353194455
143,0.9995173790914001,0.00048262090859986793
1525,0.9999987567620182,1.2432379817509288e-06
3943,0.9966139199698827,0.0033860800301173605
2379,0.9962210483305445,0.0037789516694555214
402,0.26694900182297054,0.7330509981770295
546,0.9972214821902307,0.0027785178097693834
2905,0.9677319564680554,0.03226804353194455
3682,0.9710004260481523,0.02899957395184768
1722,0.9999999787490996,2.1250900374471768e-08
275,0.9994022342922392,0.0005977657077608512
1213,0.9999999187561219,8.124387802341043e-08
5901,0.1540481258450922,0.8459518741549078
7424,0.021843272953988246,0.9781567270460118
6333,4.429946263850848e-05,0.9999557005373615
4796,1.4472838331891502e-05,0.9999855271616681
2072,0.9962210483305445,0.0037789516694555214
5644,7.340252331988761e-05,0.9999265974766801
5642,0.0004197928565692344,0.9995802071434308
7053,4.6783196595123755e-05,0.9999532168034049
15,0.8763981021543984,0.12360189784560162
7217,0.8313086702559843,0.16869132974401568
4533,0.8348437627298133,0.16515623727018672
1015,0.9814907456198821,0.018509254380117867
6073,0.002391805500040478,0.9976081944999595
2017,0.6684685449682495,0.3315314550317506
5110,6.543056647267953e-06,0.9999934569433527
506,0.9999956181817833,4.3818182167474525e-06
873,0.9977976760950606,0.0022023239049392966
4510,0.008099605395276765,0.9919003946047232
8044,0.9939822194372369,0.006017780562763173
3198,0.9969470981652554,0.0030529018347446027
7839,0.17249912261624623,0.8275008773837538
7395,0.021843272953988246,0.9781567270460118
5031,0.03843927706229788,0.9615607229377021
3145,0.9710004260481523,0.02899957395184768
5387,0.9931414116978163,0.006858588302183712
1066,0.9792090117731447,0.020790988226855316
4639,0.031262918747685275,0.9687370812523147
2452,0.9999999634780256,3.652197444015645e-08
3631,0.9958089658485916,0.004191034151408445
3526,0.9982213493278194,0.0017786506721806199
6050,0.0013260979500447911,0.9986739020499552
6824,8.213180034966072e-06,0.999991786819965
6924,0.994482419688497,0.005517580311503003
950,0.10876864302222411,0.8912313569777759
528,0.49875344161649127,0.5012465583835087
7733,2.1086377971935022e-05,0.9999789136220281
7731,4.429946263850848e-05,0.9999557005373615
5861,0.9992770101171051,0.0007229898828948969
432,0.9867038828290827,0.013296117170917275
1397,0.9999943282994466,5.671700553424893e-06
2271,0.9999999828445372,1.7155462827714272e-08
6912,0.37984281973887013,0.6201571802611299
2675,0.9982213493278194,0.0017786506721806199
5459,7.124090150834039e-05,0.9999287590984917
5788,0.03334746834538593,0.9666525316546141
1014,0.9999999344133038,6.55866961382382e-08
6506,0.030387826182561195,0.9696121738174388
4676,0.00033891850559342185,0.9996610814944066
5912,0.06796772818845209,0.9320322718115479
5713,4.8800439893526e-06,0.9999951199560106
6071,0.03975329034701869,0.9602467096529813
6908,0.005220433391730062,0.9947795666082699
5104,9.305254975777721e-06,0.9999906947450242
1108,0.9955161899845896,0.004483810015410389
5165,0.012515450973503262,0.9874845490264967
3242,9.02108533656909e-05,0.9999097891466343
5647,0.044595351704321384,0.9554046482956786
1258,0.9999863379526849,1.3662047315150557e-05
2411,0.9982213493278194,0.0017786506721806199
3092,0.9710004260481523,0.02899957395184768
1021,0.9917328582733685,0.008267141726631408
4595,0.00015756813160616723,0.9998424318683938
6713,0.0027446036403814267,0.9972553963596186
6344,0.00013252544150588186,0.9998674745584941
862,0.9809316139507401,0.019068386049259842
6834,1.0914653760574211e-05,0.9999890853462394
7752,0.9999985117087208,1.4882912792371633e-06
6378,2.945095659234731e-06,0.9999970549043408
5263,0.059288558489482446,0.9407114415105176
249,0.9999943282994466,5.671700553424893e-06
7403,7.777123914531892e-06,0.9999922228760855
477,0.9829967718708861,0.017003228129113937
3917,1.4472838331891502e-05,0.9999855271616681
3627,0.0003139242333497494,0.9996860757666503
27,0.9870355172190476,0.012964482780952455
4865,0.0749659266688063,0.9250340733311937
330,0.26694900182297054,0.7330509981770295
6354,3.852710910523527e-06,0.9999961472890895
5582,0.1823142565462511,0.8176857434537489
5316,0.9998976279546471,0.00010237204535288207
3369,0.9710004260481523,0.02899957395184768
3170,0.9737875937085239,0.02621240629147609
7369,0.07316433867613881,0.9268356613238612
2448,0.9982213493278194,0.0017786506721806199
981,0.9898711581196129,0.010128841880387048
207,0.9689790230953097,0.031020976904690297
5699,0.004527161455423645,0.9954728385445764
6389,2.4535397162184225e-05,0.9999754646028378
2923,0.9962210483305445,0.0037789516694555214
5365,0.0002526699151504941,0.9997473300848495
1450,0.9999998258996137,1.7410038631451617e-07
3983,0.0007493650010447217,0.9992506349989553
4905,0.0016570093887465775,0.9983429906112534
433,0.9867038828290827,0.013296117170917275
5099,0.0007493650010447217,0.9992506349989553
4883,0.008099605395276765,0.9919003946047232
628,0.9829967718708861,0.017003228129113937
571,0.9814907456198821,0.018509254380117867
5869,0.00013252544150588186,0.9998674745584941
2545,0.9677319564680554,0.03226804353194455
6408,0.00013252544150588186,0.9998674745584941
2361,0.9982213493278194,0.0017786506721806199
2143,0.9643244820054885,0.03567551799451155
5747,0.02236051913557935,0.9776394808644207
5988,0.24963493276807114,0.7503650672319289
2541,0.9962210483305445,0.0037789516694555214
1496,0.9999992246102106,7.753897893499242e-07
7907,0.9999981419651031,1.8580348969410288e-06
6980,4.956642376430231e-06,0.9999950433576236
6701,4.429946263850848e-05,0.9999557005373615
7283,0.0014823406002473227,0.9985176593997527
53,0.26694900182297054,0.7330509981770295
3116,0.9845788683563608,0.015421131643639214
4857,0.003678061754244344,0.9963219382457557
4877,0.0007493650010447217,0.9992506349989553
7349,0.9866895128379458,0.013310487162054145
6056,0.048780462405668246,0.9512195375943318
7562,0.014032632446932536,0.9859673675530675
2506,0.9643244820054885,0.03567551799451155
3981,0.29739754673826646,0.7026024532617335
1445,0.055220389944602544,0.9447796100553975
8071,0.9911449183171498,0.00885508168285024
3473,0.0029713380801268396,0.9970286619198732
4496,0.017454124657011683,0.9825458753429883
3546,0.9737875937085239,0.02621240629147609
6317,0.06513693348998606,0.9348630665100139
708,0.9621886850237535,0.03781131497624648
482,0.34427088139812945,0.6557291186018706
5730,1.792780452769538e-05,0.9999820721954723
3041,0.03843927706229788,0.9615607229377021
2656,0.9643244820054885,0.03567551799451155
634,0.9699396273339378,0.03006037266606223
3458,0.9677319564680554,0.03226804353194455
8087,2.4535397162184225e-05,0.9999754646028378
4799,0.9969470981652554,0.0030529018347446027
4789,0.0007493650010447217,0.9992506349989553
2479,0.9999902526077528,9.747392247247886e-06
797,0.999983076535818,1.6923464182083494e-05
6835,6.04502538292806e-06,0.9999939549746171
1130,0.13102054390523765,0.8689794560947623
2962,0.9643244820054885,0.03567551799451155
2740,0.9809675252435944,0.019032474756405623
4670,0.00015756813160616723,0.9998424318683938
7163,3.1102252823211884e-06,0.9999968897747177
6497,0.003397582992721526,0.9966024170072785
953,0.9999999634780256,3.652197444015645e-08
1974,0.9999954213349903,4.578665009708145e-06
6419,0.010366610768185125,0.9896333892318149
6689,0.03975329034701869,0.9602467096529813
2079,0.9643244820054885,0.03567551799451155
7831,0.9936743206698858,0.006325679330114209
4507,8.105035097738522e-06,0.9999918949649023
2236,0.9677319564680554,0.03226804353194455
2881,0.9999983323744963,1.6676255037215952e-06
7449,0.6015860026209434,0.39841399737905664
7415,0.9297016967370538,0.07029830326294613
6368,0.0002836381257591558,0.9997163618742408
1282,0.9999999365899381,6.341006183494867e-08
4660,8.105035097738522e-06,0.9999918949649023
3278,0.9966139199698827,0.0033860800301173605
4379,0.9710004260481523,0.02899957395184768
2368,0.9809675252435944,0.019032474756405623
6144,4.8800439893526e-06,0.9999951199560106
5385,0.9931414116978163,0.006858588302183712
6168,0.0019317512155140326,0.998068248784486
2121,0.9710004260481523,0.02899957395184768
4779,0.015839899631740817,0.9841601003682592
808,0.9917328582733685,0.008267141726631408
7359,0.9883138670447833,0.01168613295521665
7581,0.9999611319586589,3.8868041341132796e-05
6572,0.00016415738228547916,0.9998358426177145
2834,0.9677319564680554,0.03226804353194455
3856,0.9737875937085239,0.02621240629147609
5172,0.002395280635178243,0.9976047193648218
1763,0.9977976760950606,0.0022023239049392966
6229,0.22633982528650187,0.7736601747134981
6876,5.6157104693088655e-06,0.9999943842895307
1723,0.9999994411205381,5.588794619394809e-07
2269,0.9962210483305445,0.0037789516694555214
3233,0.0029713380801268396,0.9970286619198732
3784,0.9737875937085239,0.02621240629147609
604,0.989412839044083,0.010587160955917023
5119,0.09406649890226515,0.9059335010977349
2662,0.9982213493278194,0.0017786506721806199
6048,0.010096713315591588,0.9899032866844084
6132,0.002391805500040478,0.9976081944999595
2139,0.9962210483305445,0.0037789516694555214
5276,0.09273331979291,0.90726668020709
7216,0.04084189916242198,0.959158100837578
4582,0.00033891850559342185,0.9996610814944066
3129,0.9845788683563608,0.015421131643639214
7260,0.9999654540437267,3.454595627329114e-05
5959,0.017454124657011683,0.9825458753429883
7872,0.7394712368366088,0.26052876316339124
6605,0.07139391598277967,0.9286060840172203
2654,0.9677319564680554,0.03226804353194455
2536,0.014379926405435506,0.9856200735945645
4199,0.29739754673826646,0.7026024532617335
2036,0.9999943282994466,5.671700553424893e-06
7101,4.307314431684084e-06,0.9999956926855683
834,0.9995354961181305,0.0004645038818695038
2561,0.9982213493278194,0.0017786506721806199
5218,0.19105372742442883,0.8089462725755712
5776,0.7880915405676526,0.2119084594323474
1553,0.9999998861272855,1.1387271450778937e-07
7624,0.0017054235537657947,0.9982945764462342
7595,3.9100589650731266e-05,0.9999608994103493
7042,4.020685888617148e-05,0.9999597931411138
3276,0.7618026442895744,0.23819735571042552
959,0.9965915322212286,0.003408467778771373
6370,0.0002836381257591558,0.9997163618742408
4996,0.9996207067577896,0.00037929324221043834
2661,0.9958089658485916,0.004191034151408445
8109,0.9999511376330784,4.8862366921538475e-05
2486,0.9643244820054885,0.03567551799451155
3251,0.9737875937085239,0.02621240629147609
6670,3.852710910523527e-06,0.9999961472890895
6492,0.00031296965936222776,0.9996870303406378
6753,0.0008481222109594233,0.9991518777890406
5838,0.053851597100827875,0.9461484028991721
4390,1.4472838331891502e-05,0.9999855271616681
1189,0.9999999030521349,9.694786502683558e-08
3800,0.9710004260481523,0.02899957395184768
2924,0.9677319564680554,0.03226804353194455
1466,0.9977976760950606,0.0022023239049392966
4696,0.9845788683563608,0.015421131643639214
5452,0.0009280911226672295,0.9990719088773328
5463,0.9991809547784232,0.0008190452215768645
3313,0.014379926405435506,0.9856200735945645
2151,0.9982213493278194,0.0017786506721806199
4428,0.00012720573025526427,0.9998727942697447
5145,1.6801148554845824e-05,0.9999831988514452
3796,9.02108533656909e-05,0.9999097891466343
4461,0.01545799189006214,0.9845420081099379
6112,1.6311204278363078e-06,0.9999983688795722
5808,0.011029654018718027,0.988970345981282
4208,0.0020517673162215866,0.9979482326837784
5556,0.9992770101171051,0.0007229898828948969
4430,0.008099605395276765,0.9919003946047232
7487,0.013668607428369506,0.9863313925716305
6972,0.025053665171777206,0.9749463348282228
7255,0.9999320477158697,6.79522841302838e-05
4225,0.03843927706229788,0.9615607229377021
7063,0.5020245486338004,0.4979754513661996
6388,6.956311550121441e-06,0.9999930436884499
2703,0.9982213493278194,0.0017786506721806199
6493,3.6481610159455613e-06,0.999996351838984
1596,0.9962210483305445,0.0037789516694555214
4993,0.9951985342358425,0.0048014657641574825
4310,6.543056647267953e-06,0.9999934569433527
1678,0.9999979417242935,2.0582757065596758e-06
8058,0.0008951136196286846,0.9991048863803713
1681,0.9999956181817833,4.3818182167474525e-06
4495,0.008099605395276765,0.9919003946047232
7348,2.599454058782591e-06,0.9999974005459412
4445,0.017751834798046318,0.9822481652019537
5787,0.9998048145101511,0.00019518548984881747
3831,0.10842342918026937,0.8915765708197306
4837,0.006548885559965356,0.9934511144400346
945,0.9999999618373216,3.816267832799483e-08
2166,0.9643244820054885,0.03567551799451155
4449,0.0016570093887465775,0.9983429906112534
3478,0.9845788683563608,0.015421131643639214
2985,0.9737875937085239,0.02621240629147609
5607,1.792780452769538e-05,0.9999820721954723
6322,2.0811919044905203e-05,0.9999791880809551
2635,0.9710004260481523,0.02899957395184768
2870,0.9809675252435944,0.019032474756405623
1469,0.9999974503637058,2.549636294248426e-06
608,0.9621886850237535,0.03781131497624648
1868,0.9999994411205381,5.588794619394809e-07
3673,0.9969470981652554,0.0030529018347446027
1680,0.9507954239816248,0.049204576018375225
1184,0.9792090117731447,0.020790988226855316
4181,0.017751834798046318,0.9822481652019537
255,0.989412839044083,0.010587160955917023
3168,0.00033891850559342185,0.9996610814944066
2202,0.9982213493278194,0.0017786506721806199
4847,0.0007493650010447217,0.9992506349989553
316,0.6194428392288667,0.38055716077113333
2629,0.9977976760950606,0.0022023239049392966
25,0.01916140640432995,0.98083859359567
4565,0.00015756813160616723,0.9998424318683938
2823,0.9982213493278194,0.0017786506721806199
1751,0.9996249809503639,0.00037501904963611893
3640,0.9710004260481523,0.02899957395184768
1058,0.9945017451536919,0.0054982548463080975
2056,0.9962210483305445,0.0037789516694555214
2705,0.9809675252435944,0.019032474756405623
5278,0.22742116686275382,0.7725788331372462
4020,8.105035097738522e-06,0.9999918949649023
4600,0.017751834798046318,0.9822481652019537
4247,0.0019345592184305538,0.9980654407815694
3625,0.014379926405435506,0.9856200735945645
7361,0.9999985117087208,1.4882912792371633e-06
6960,0.00022302266642026947,0.9997769773335797
2141,0.9643244820054885,0.03567551799451155
606,0.9999990395054713,9.604945286357156e-07
4059,0.9958089658485916,0.004191034151408445
2789,0.9643244820054885,0.03567551799451155
6312,0.003747726038947685,0.9962522739610523
1265,0.9999970052576048,2.9947423951767775e-06
1491,0.04809950233330462,0.9519004976666954
7846,0.09854938205300479,0.9014506179469952
5899,1.792780452769538e-05,0.9999820721954723
7899,0.03525223250802678,0.9647477674919732
3456,0.9737875937085239,0.02621240629147609
3982,0.012515450973503262,0.9874845490264967
7434,0.999960860737914,3.913926208599934e-05
5583,0.0031968739833648785,0.9968031260166351
6934,0.00016415738228547916,0.9998358426177145
956,0.03919315452114336,0.9608068454788566
1753,0.9999998589430271,1.410569729190764e-07
3176,0.9966139199698827,0.0033860800301173605
64,0.9829967718708861,0.017003228129113937
4870,0.003678061754244344,0.9963219382457557
7386,0.07083745947852038,0.9291625405214796
1581,0.9977976760950606,0.0022023239049392966
7074,0.007121981956842993,0.992878018043157
72,0.9814907456198821,0.018509254380117867
2659,0.9958089658485916,0.004191034151408445
7384,2.1655934721365178e-05,0.9999783440652786
679,0.9689790230953097,0.031020976904690297
5618,0.04841576576007445,0.9515842342399256
3803,0.9710004260481523,0.02899957395184768
5325,0.2922220369816325,0.7077779630183675
1264,0.9977976760950606,0.0022023239049392966
4078,1.792780452769538e-05,0.9999820721954723
7871,0.9936168286709663,0.00638317132903363
475,0.4176522817236257,0.5823477182763743
2317,0.9845788683563608,0.015421131643639214
1162,0.9958089658485916,0.004191034151408445
505,0.04494329959728327,0.9550567004027167
6831,0.019583023214205353,0.9804169767857946
2780,0.9982213493278194,0.0017786506721806199
5428,0.027420644463284072,0.9725793555367159
2393,0.9677319564680554,0.03226804353194455
7425,0.9939822194372369,0.006017780562763173
4222,0.00033891850559342185,0.9996610814944066
1757,0.9999999030521349,9.694786502683558e-08
3642,0.9710004260481523,0.02899957395184768
687,0.989412839044083,0.010587160955917023
5750,0.012515450973503262,0.9874845490264967
5567,0.008099605395276765,0.9919003946047232
1214,0.9999999030521349,9.694786502683558e-08
4864,8.105035097738522e-06,0.9999918949649023
4116,0.031262918747685275,0.9687370812523147
5373,0.010127922515821064,0.9898720774841789
5868,0.005757347795641854,0.9942426522043581
1524,0.9999994411205381,5.588794619394809e-07
6832,1.6311204278363078e-06,0.9999983688795722
1612,0.49875344161649127,0.5012465583835087
6868,0.0001733600143174474,0.9998266399856826
7958,0.9999974160065926,2.5839934073804568e-06
888,0.9995354961181305,0.0004645038818695038
155,0.9699396273339378,0.03006037266606223
5224,0.0001256807357945533,0.9998743192642054
7957,0.9915748903958407,0.008425109604159322
6673,7.985203071325664e-06,0.9999920147969287
4431,1.4472838331891502e-05,0.9999855271616681
6201,1.522612123006084e-05,0.9999847738787699
1812,0.04494329959728327,0.9550567004027167
7800,0.0006044662049129457,0.999395533795087
144,0.9945017451536919,0.0054982548463080975
7228,0.9936743206698858,0.006325679330114209
3208,5.7512264940662305e-05,0.9999424877350593
2562,0.9643244820054885,0.03567551799451155
6818,2.599454058782591e-06,0.9999974005459412
1136,0.9977976760950606,0.0022023239049392966
5511,8.811218662141407e-06,0.9999911887813379
7642,0.999487316102339,0.0005126838976609623
7785,0.025053665171777206,0.9749463348282228
2510,0.9966139199698827,0.0033860800301173605
4474,1.792780452769538e-05,0.9999820721954723
3769,0.9969470981652554,0.0030529018347446027
4539,8.105035097738522e-06,0.9999918949649023
5587,0.1035437781627625,0.8964562218372375
5616,1.792780452769538e-05,0.9999820721954723
3378,0.9710004260481523,0.02899957395184768
6725,0.0010708082528906315,0.9989291917471094
7922,0.9911449183171498,0.00885508168285024
8053,4.020685888617148e-05,0.9999597931411138
7029,0.0002289883823886063,0.9997710116176114
727,0.9999993564900171,6.435099828577816e-07
7446,0.9939275087265981,0.00607249127340191
2148,0.9966139199698827,0.0033860800301173605
7893,0.9921760379037927,0.007823962096207308
4571,0.0036578859327476287,0.9963421140672524
3383,0.9969470981652554,0.0030529018347446027
4087,0.9962210483305445,0.0037789516694555214
1249,0.9999997007896584,2.992103416111664e-07
4321,7.124090150834039e-05,0.9999287590984917
2060,0.9999921310939368,7.86890606321289e-06
1788,0.9999990395054713,9.604945286357156e-07
3690,0.9737875937085239,0.02621240629147609
3216,0.9737875937085239,0.02621240629147609
3444,9.02108533656909e-05,0.9999097891466343
1830,0.9677319564680554,0.03226804353194455
4909,0.0036578859327476287,0.9963421140672524
4481,0.0036578859327476287,0.9963421140672524
7122,0.03975329034701869,0.9602467096529813
5306,0.9998048145101511,0.00019518548984881747
901,0.9999998589430271,1.410569729190764e-07
7812,0.005085089553024114,0.9949149104469759
1538,0.9999978633627225,2.136637277504561e-06
7932,0.0004959497675633973,0.9995040502324366
6733,0.0027446036403814267,0.9972553963596186
5467,0.06796772818845209,0.9320322718115479
7014,0.019077799730504053,0.980922200269496
4958,0.011029654018718027,0.988970345981282
6548,0.00016415738228547916,0.9998358426177145
3470,0.9966139199698827,0.0033860800301173605
8097,1.4829360359458477e-05,0.9999851706396405
2528,0.9809675252435944,0.019032474756405623
7110,0.9999981419651031,1.8580348969410288e-06
7764,2.1655934721365178e-05,0.9999783440652786
1512,0.9999979417242935,2.0582757065596758e-06
6413,0.0012557803072296148,0.9987442196927704
2104,0.9982213493278194,0.0017786506721806199
3552,0.9809675252435944,0.019032474756405623
298,0.6684685449682495,0.3315314550317506
4959,0.003678061754244344,0.9963219382457557
6630,8.446707890263916e-05,0.9999155329210974
7130,0.09854938205300479,0.9014506179469952
6939,2.599454058782591e-06,0.9999974005459412
386,0.9994022342922392,0.0005977657077608512
3885,0.8473927209375186,0.15260727906248137
7942,0.11020907245526002,0.88979092754474
6607,0.005220433391730062,0.9947795666082699
344,0.9955161899845896,0.004483810015410389
6299,3.1102252823211884e-06,0.9999968897747177
7928,0.00012353165796341603,0.9998764683420366
3388,0.10842342918026937,0.8915765708197306
7891,0.04084189916242198,0.959158100837578
4101,0.006548885559965356,0.9934511144400346
3967,0.0009280911226672295,0.9990719088773328
6522,2.1655934721365178e-05,0.9999783440652786
7554,0.025053665171777206,0.9749463348282228
6070,0.005220433391730062,0.9947795666082699
6875,0.0001046293713936608,0.9998953706286063
2658,0.9643244820054885,0.03567551799451155
5000,0.03843927706229788,0.9615607229377021
1592,0.9999999344133038,6.55866961382382e-08
612,0.9999986537560333,1.3462439667369955e-06
3353,0.9966139199698827,0.0033860800301173605
1177,0.5520844640020813,0.44791553599791867
5082,0.003678061754244344,0.9963219382457557
92,0.9945017451536919,0.0054982548463080975
136,0.932466919066166,0.06753308093383405
4888,0.9976970568714509,0.002302943128549083
3735,0.9710004260481523,0.02899957395184768
4219,0.0020517673162215866,0.9979482326837784
3586,0.9958089658485916,0.004191034151408445
4671,0.00033891850559342185,0.9996610814944066
7183,0.7978707792490443,0.2021292207509557
3235,5.7512264940662305e-05,0.9999424877350593
1232,0.9999997007896584,2.992103416111664e-07
2731,0.9982213493278194,0.0017786506721806199
5439,0.4682826290590909,0.5317173709409091
4115,0.00015756813160616723,0.9998424318683938
2761,0.9962210483305445,0.0037789516694555214
4544,0.017751834798046318,0.9822481652019537
6577,0.002391805500040478,0.9976081944999595
4400,0.00012720573025526427,0.9998727942697447
4741,0.0004197928565692344,0.9995802071434308
2475,0.9643244820054885,0.03567551799451155
4665,0.0016570093887465775,0.9983429906112534
7865,0.00031709575123173295,0.9996829042487683
5472,0.02332536213407943,0.9766746378659206
5526,0.14187475784590486,0.8581252421540951
5559,0.0031968739833648785,0.9968031260166351
4882,0.46601609077480466,0.5339839092251953
7189,2.4535397162184225e-05,0.9999754646028378
5431,1.792780452769538e-05,0.9999820721954723
980,0.9982213493278194,0.0017786506721806199
2169,0.9643244820054885,0.03567551799451155
6079,8.446707890263916e-05,0.9999155329210974
3267,0.9845788683563608,0.015421131643639214
8101,0.007408676306763229,0.9925913236932368
7959,0.00011697380178843364,0.9998830261982116
3902,0.0004197928565692344,0.9995802071434308
5177,0.3505977973429011,0.6494022026570989
6445,0.034809354471665666,0.9651906455283343
5191,0.053851597100827875,0.9461484028991721
6294,0.024676045753407094,0.9753239542465929
6738,1.4829360359458477e-05,0.9999851706396405
7113,0.0009452547807768941,0.9990547452192231
2212,0.9969470981652554,0.0030529018347446027
2086,0.9999999618373216,3.816267832799483e-08
4693,0.00012720573025526427,0.9998727942697447
1218,0.9999998861272855,1.1387271450778937e-07
1030,0.9962210483305445,0.0037789516694555214
1546,0.13102054390523765,0.8689794560947623
7195,0.8808398305816821,0.11916016941831786
124,0.9898711581196129,0.010128841880387048
5690,0.0030276573504244286,0.9969723426495756
7381,0.00031296965936222776,0.9996870303406378
7939,0.9936168286709663,0.00638317132903363
3466,0.9969470981652554,0.0030529018347446027
6946,0.0027446036403814267,0.9972553963596186
4286,0.0016570093887465775,0.9983429906112534
5135,0.9977419397630177,0.002258060236982265
6990,0.8313086702559843,0.16869132974401568
5891,0.046022607601370114,0.9539773923986299
6041,0.13301904601400827,0.8669809539859917
430,0.9792090117731447,0.020790988226855316
2636,0.9677319564680554,0.03226804353194455
5686,0.9951985342358425,0.0048014657641574825
1991,0.9962210483305445,0.0037789516694555214
2265,0.9809675252435944,0.019032474756405623
2061,0.14850233380634714,0.8514976661936529
7822,0.0028227413303318905,0.9971772586696681
111,0.8763981021543984,0.12360189784560162
3263,0.9677319564680554,0.03226804353194455
4822,6.543056647267953e-06,0.9999934569433527
4904,8.811218662141407e-06,0.9999911887813379
1111,0.01916140640432995,0.98083859359567
6777,0.0002289883823886063,0.9997710116176114
4826,0.0014200630229335154,0.9985799369770665
4839,0.0009280911226672295,0.9990719088773328
1342,0.04809950233330462,0.9519004976666954
6910,0.9925563184056504,0.007443681594349555
860,0.9995173790914001,0.00048262090859986793
4284,0.008099605395276765,0.9919003946047232
5738,0.3526737321554091,0.6473262678445909
5509,0.05465947036895258,0.9453405296310474
4236,0.03843927706229788,0.9615607229377021
4729,0.00015756813160616723,0.9998424318683938
8102,0.9925563184056504,0.007443681594349555
7776,0.99994002225772,5.997774227994496e-05
6411,1.522612123006084e-05,0.9999847738787699
2198,0.9962210483305445,0.0037789516694555214
6503,9.891451711929733e-06,0.9999901085482881
2223,0.9643244820054885,0.03567551799451155
4574,0.0004197928565692344,0.9995802071434308
4409,0.03843927706229788,0.9615607229377021
969,0.9999999365899381,6.341006183494867e-08
105,0.9965915322212286,0.003408467778771373
3841,0.9966139199698827,0.0033860800301173605
1343,0.9969470981652554,0.0030529018347446027
1988,0.9958089658485916,0.004191034151408445
6257,0.13301904601400827,0.8669809539859917
6815,6.956311550121441e-06,0.9999930436884499
4003,0.9966139199698827,0.0033860800301173605
7240,1.4396890469781098e-06,0.999998560310953
3699,1.1940292485967952e-05,0.999988059707514
4455,1.4472838331891502e-05,0.9999855271616681
1019,0.9977976760950606,0.0022023239049392966
2185,0.9845788683563608,0.015421131643639214
2413,0.9677319564680554,0.03226804353194455
4300,0.017751834798046318,0.9822481652019537
5062,0.00033891850559342185,0.9996610814944066
7694,0.03525223250802678,0.9647477674919732
1626,0.9999997843375102,2.1566248974239822e-07
135,0.10876864302222411,0.8912313569777759
1881,0.999999710719589,2.892804109286661e-07
6279,0.7978707792490443,0.2021292207509557
2940,0.9958089658485916,0.004191034151408445
2396,0.9962210483305445,0.0037789516694555214
7302,0.0020791253249297093,0.9979208746750703
1891,0.9999998589430271,1.410569729190764e-07
5389,0.9991809547784232,0.0008190452215768645
7008,0.9994115751303662,0.0005884248696338335
5101,0.9977419397630177,0.002258060236982265
6580,2.945095659234731e-06,0.9999970549043408
7933,0.9932356775001228,0.006764322499877277
6665,5.6426798252240395e-05,0.9999435732017478
4649,8.105035097738522e-06,0.9999918949649023
2401,0.9969470981652554,0.0030529018347446027
7363,0.021843272953988246,0.9781567270460118
2553,0.9969470981652554,0.0030529018347446027
6696,0.08907470182936572,0.9109252981706343
909,0.04494329959728327,0.9550567004027167
5140,0.03334746834538593,0.9666525316546141
2552,0.9982213493278194,0.0017786506721806199
2296,0.9677319564680554,0.03226804353194455
2028,0.9999987567620182,1.2432379817509288e-06
2233,0.9710004260481523,0.02899957395184768
5731,0.994059114006461,0.005940885993539023
3005,0.9969470981652554,0.0030529018347446027
2351,0.13132449133307977,0.8686755086669202
4408,8.105035097738522e-06,0.9999918949649023
2691,0.9677319564680554,0.03226804353194455
2160,0.9977976760950606,0.0022023239049392966
7514,0.9999977192686951,2.280731304902736e-06
1624,0.9958089658485916,0.004191034151408445
2734,0.9977976760950606,0.0022023239049392966
961,0.9999994805061094,5.194938905897728e-07
658,0.9995354961181305,0.0004645038818695038
341,0.9829967718708861,0.017003228129113937
1513,0.9965915322212286,0.003408467778771373
2969,0.9982213493278194,0.0017786506721806199
1393,0.999983076535818,1.6923464182083494e-05
4594,0.031262918747685275,0.9687370812523147
4070,0.0007493650010447217,0.9992506349989553
6601,7.340252331988761e-05,0.9999265974766801
4747,0.008099605395276765,0.9919003946047232
3580,0.9966139199698827,0.0033860800301173605
2570,0.9958089658485916,0.004191034151408445
6468,7.985203071325664e-06,0.9999920147969287
778,0.9837282751601283,0.016271724839871663
1599,0.9699396273339378,0.03006037266606223
4824,0.9997582301221265,0.00024176987787348516
2902,0.9962210483305445,0.0037789516694555214
3775,0.0029713380801268396,0.9970286619198732
1754,0.14850233380634714,0.8514976661936529
1355,0.9999998861272855,1.1387271450778937e-07
2641,0.9643244820054885,0.03567551799451155
1653,0.9999902526077528,9.747392247247886e-06
7567,4.956642376430231e-06,0.9999950433576236
6097,0.0013260979500447911,0.9986739020499552
886,0.9837282751601283,0.016271724839871663
5898,0.9994162621716838,0.0005837378283162355
4751,0.0016570093887465775,0.9983429906112534
1845,0.9999999488102175,5.1189782474240235e-08
4206,0.0004197928565692344,0.9995802071434308
1805,0.9710004260481523,0.02899957395184768
1464,0.9999999527269372,4.727306277007094e-08
6300,0.048780462405668246,0.9512195375943318
5791,0.0049885037368928575,0.9950114962631071
5330,0.0020517673162215866,0.9979482326837784
289,0.4176522817236257,0.5823477182763743
1900,0.9969470981652554,0.0030529018347446027
4146,0.00033891850559342185,0.9996610814944066
